# Blender 4.3.2
# www.blender.org
o city_house_2
v -0.237420 -0.306221 0.105902
v -0.189108 -0.305938 0.105055
v -0.237480 -0.272877 0.105258
v -0.285886 -0.305886 0.105212
v -0.237514 -0.338946 0.105010
v -0.283363 -0.305774 0.108849
v -0.237602 -0.336085 0.108472
v -0.191810 -0.305822 0.108551
v -0.237570 -0.275511 0.108928
v -0.194339 -0.306069 0.107613
v -0.237488 -0.278507 0.107961
v -0.280667 -0.306024 0.107894
v -0.237517 -0.333586 0.107547
v 0.274583 -0.306221 0.105902
v 0.322895 -0.305938 0.105055
v 0.274523 -0.272877 0.105258
v 0.226117 -0.305886 0.105212
v 0.274489 -0.338946 0.105010
v 0.228641 -0.305774 0.108849
v 0.274401 -0.336085 0.108472
v 0.320194 -0.305822 0.108551
v 0.274433 -0.275511 0.108928
v 0.317664 -0.306069 0.107613
v 0.274515 -0.278507 0.107961
v 0.231336 -0.306024 0.107894
v 0.274486 -0.333586 0.107547
v 0.130111 0.245863 0.243871
v 0.161478 0.246071 0.243570
v 0.130061 0.268085 0.243483
v 0.098641 0.246072 0.243503
v 0.130058 0.224059 0.243591
v 0.100285 0.246136 0.245082
v 0.130005 0.225954 0.245082
v 0.159729 0.246136 0.245082
v 0.130008 0.266317 0.245082
v 0.158085 0.245973 0.244672
v 0.130061 0.264325 0.244673
v 0.102033 0.245973 0.244673
v 0.130058 0.227622 0.244673
v -0.082345 0.245863 0.243871
v -0.050978 0.246056 0.243571
v -0.082384 0.268085 0.243483
v -0.113815 0.246087 0.243503
v -0.082409 0.224059 0.243590
v -0.112171 0.246150 0.245082
v -0.082461 0.225954 0.245082
v -0.052727 0.246121 0.245082
v -0.082438 0.266317 0.245082
v -0.054371 0.245960 0.244673
v -0.082386 0.264325 0.244673
v -0.110423 0.245987 0.244673
v -0.082407 0.227622 0.244673
v -0.173546 -0.036374 0.180103
v -0.173546 0.039142 0.147732
v -0.173546 0.114627 0.180147
v -0.173546 0.039111 0.212518
v -0.175993 0.116841 0.180109
v -0.175993 0.039241 0.214417
v -0.175993 -0.038326 0.180020
v -0.175993 0.039274 0.145711
v -0.171615 -0.040540 0.180080
v -0.171615 0.039144 0.143811
v -0.171615 0.118794 0.180170
v -0.171615 0.039109 0.216439
v -0.171099 0.038999 0.180184
v 0.210590 -0.036374 0.180272
v 0.210590 0.039142 0.212643
v 0.210590 0.114627 0.180228
v 0.210590 0.039111 0.147857
v 0.213037 0.116841 0.180267
v 0.213037 0.039241 0.145958
v 0.213037 -0.038326 0.180355
v 0.213037 0.039274 0.214664
v 0.208659 -0.040540 0.180295
v 0.208659 0.039144 0.216564
v 0.208659 0.118794 0.180204
v 0.208659 0.039109 0.143936
v 0.208143 0.038999 0.180191
v 0.381428 -0.036374 0.010675
v 0.381428 0.039142 0.043046
v 0.381428 0.114627 0.010632
v 0.381428 0.039111 -0.021739
v 0.383875 0.116841 0.010670
v 0.383875 0.039241 -0.023639
v 0.383875 -0.038326 0.010758
v 0.383875 0.039274 0.045067
v 0.379497 -0.040540 0.010699
v 0.379497 0.039144 0.046967
v 0.379497 0.118794 0.010608
v 0.379497 0.039109 -0.025660
v 0.378981 0.038999 0.010594
v 0.381428 -0.036374 -0.108688
v 0.381428 0.039142 -0.076317
v 0.381428 0.114627 -0.108731
v 0.381428 0.039111 -0.141102
v 0.383875 0.116841 -0.108693
v 0.383875 0.039241 -0.143002
v 0.383875 -0.038326 -0.108605
v 0.383875 0.039274 -0.074296
v 0.379497 -0.040540 -0.108664
v 0.379497 0.039144 -0.072396
v 0.379497 0.118794 -0.108755
v 0.379497 0.039109 -0.145023
v 0.378981 0.038999 -0.108769
v -0.338416 -0.036374 0.010507
v -0.338416 0.039142 -0.021864
v -0.338416 0.114627 0.010550
v -0.338416 0.039111 0.042921
v -0.340863 0.116841 0.010512
v -0.340863 0.039241 0.044820
v -0.340863 -0.038326 0.010423
v -0.340863 0.039274 -0.023886
v -0.336485 -0.040540 0.010483
v -0.336485 0.039144 -0.025785
v -0.336485 0.118794 0.010574
v -0.336485 0.039109 0.046842
v -0.335969 0.038999 0.010587
v -0.338416 -0.036374 -0.108856
v -0.338416 0.039142 -0.141227
v -0.338416 0.114627 -0.108813
v -0.338416 0.039111 -0.076442
v -0.340863 0.116841 -0.108851
v -0.340863 0.039241 -0.074543
v -0.340863 -0.038326 -0.108940
v -0.340863 0.039274 -0.143249
v -0.336485 -0.040540 -0.108880
v -0.336485 0.039144 -0.145149
v -0.336485 0.118794 -0.108789
v -0.336485 0.039109 -0.072521
v -0.335969 0.038999 -0.108776
v 0.293923 -0.036374 0.098786
v 0.261552 0.039142 0.098786
v 0.293967 0.114627 0.098786
v 0.326338 0.039111 0.098786
v 0.293928 0.116841 0.101233
v 0.328237 0.039241 0.101233
v 0.293840 -0.038326 0.101233
v 0.259531 0.039274 0.101233
v 0.293899 -0.040540 0.096855
v 0.257631 0.039144 0.096855
v 0.293990 0.118794 0.096855
v 0.330259 0.039109 0.096855
v 0.294004 0.038999 0.096339
v -0.258131 -0.036374 0.098786
v -0.290502 0.039142 0.098786
v -0.258088 0.114627 0.098786
v -0.225717 0.039111 0.098786
v -0.258126 0.116841 0.101233
v -0.223817 0.039241 0.101233
v -0.258215 -0.038326 0.101233
v -0.292523 0.039274 0.101233
v -0.258155 -0.040540 0.096855
v -0.294423 0.039144 0.096855
v -0.258064 0.118794 0.096855
v -0.221796 0.039109 0.096855
v -0.258050 0.038999 0.096339
v -0.079086 -0.036374 0.248693
v -0.111457 0.039142 0.248693
v -0.079043 0.114627 0.248693
v -0.046672 0.039111 0.248693
v -0.079081 0.116841 0.251140
v -0.044773 0.039241 0.251140
v -0.079170 -0.038326 0.251140
v -0.113479 0.039274 0.251140
v -0.079110 -0.040540 0.246762
v -0.115378 0.039144 0.246762
v -0.079019 0.118794 0.246762
v -0.042751 0.039109 0.246762
v -0.079006 0.038999 0.246246
v 0.129799 -0.036374 0.248693
v 0.097428 0.039142 0.248693
v 0.129842 0.114627 0.248693
v 0.162213 0.039111 0.248693
v 0.129804 0.116841 0.251140
v 0.164113 0.039241 0.251140
v 0.129716 -0.038326 0.251140
v 0.095407 0.039274 0.251140
v 0.129775 -0.040540 0.246762
v 0.093507 0.039144 0.246762
v 0.129866 0.118794 0.246762
v 0.166134 0.039109 0.246762
v 0.129880 0.038999 0.246246
v 0.025356 -0.036374 0.248693
v -0.007015 0.039142 0.248693
v 0.025400 0.114627 0.248693
v 0.057771 0.039111 0.248693
v 0.025362 0.116841 0.251140
v 0.059670 0.039241 0.251140
v 0.025273 -0.038326 0.251140
v -0.009036 0.039274 0.251140
v 0.025332 -0.040540 0.246762
v -0.010936 0.039144 0.246762
v 0.025424 0.118794 0.246762
v 0.061692 0.039109 0.246762
v 0.025437 0.038999 0.246246
v 0.139154 0.405792 -0.304507
v 0.175168 0.405792 -0.268493
v 0.139154 0.405792 -0.232480
v 0.103140 0.405792 -0.268493
v 0.099374 0.451981 -0.268493
v 0.139154 0.451981 -0.228714
v 0.178934 0.451981 -0.268493
v 0.139154 0.451981 -0.308273
v 0.139154 0.464509 -0.312039
v 0.182700 0.464509 -0.268493
v 0.139154 0.464508 -0.224948
v 0.095608 0.464509 -0.268493
v 0.102091 0.469243 -0.268493
v 0.139154 0.469243 -0.231430
v 0.176217 0.469243 -0.268493
v 0.139154 0.469243 -0.305556
v 0.139154 0.418319 -0.299073
v 0.169734 0.418319 -0.268493
v 0.139154 0.418319 -0.237914
v 0.108574 0.418320 -0.268493
v -0.024167 -0.387037 0.031502
v -0.024167 -0.390199 0.031502
v -0.025262 -0.388618 0.031502
v -0.023073 -0.388618 0.031502
v -0.024412 -0.388618 0.034899
v -0.023966 -0.389971 0.034533
v -0.023966 -0.387265 0.034533
v -0.018183 -0.387265 0.035252
v -0.018183 -0.389971 0.035252
v -0.018301 -0.388618 0.036382
v -0.008390 -0.387265 0.035184
v -0.008389 -0.389971 0.035184
v -0.008094 -0.388618 0.036152
v -0.002942 -0.388618 0.035118
v -0.003331 -0.389520 0.034602
v -0.003331 -0.387716 0.034602
v -0.022013 -0.388618 0.028099
v -0.025736 -0.388618 0.028099
v -0.023874 -0.390937 0.028099
v -0.023874 -0.386299 0.028099
v 0.262476 -0.400244 -0.496184
v 0.263881 -0.400244 -0.494688
v 0.261138 -0.400244 -0.494522
v 0.216006 -0.400244 -0.496184
v 0.217411 -0.400244 -0.494688
v 0.214668 -0.400244 -0.494522
v 0.238893 -0.400244 -0.496184
v 0.240299 -0.400244 -0.494688
v 0.237555 -0.400244 -0.494522
v 0.192140 -0.400244 -0.496184
v 0.193546 -0.400244 -0.494688
v 0.190802 -0.400244 -0.494522
v 0.169402 -0.400244 -0.496184
v 0.170733 -0.400244 -0.494688
v 0.167990 -0.400244 -0.494522
v 0.146820 -0.400244 -0.496184
v 0.148225 -0.400244 -0.494688
v 0.145482 -0.400244 -0.494522
v -0.349786 -0.118531 0.106295
v -0.344867 -0.118958 0.107102
v -0.342431 -0.118936 0.111451
v -0.344312 -0.118683 0.116067
v -0.349094 -0.117987 0.117475
v -0.353176 -0.117435 0.114614
v -0.353484 -0.117707 0.109638
v -0.358358 0.285505 0.109634
v -0.358307 0.285780 0.114089
v -0.354794 0.284959 0.116826
v -0.350463 0.283997 0.115785
v -0.350555 0.283715 0.107758
v -0.354908 0.284406 0.106817
v -0.354828 0.281908 0.107448
v -0.350999 0.281674 0.108276
v -0.349259 0.281709 0.111786
v -0.350918 0.281687 0.115335
v -0.354727 0.281924 0.116251
v -0.357817 0.282167 0.113843
v -0.357862 0.282160 0.109926
v -0.275394 0.300105 0.117876
v 0.125644 -0.335156 0.111300
v 0.109790 -0.348363 0.115622
v 0.094041 -0.335151 0.111232
v 0.093941 -0.266483 0.133724
v 0.109658 -0.265733 0.146502
v 0.125544 -0.266494 0.133878
v 0.109827 -0.267244 0.121100
v 0.109583 -0.187828 0.160641
v 0.125297 -0.187746 0.174218
v 0.109407 -0.187655 0.187589
v 0.093693 -0.187738 0.174012
v -0.087333 -0.187695 0.172832
v -0.071619 -0.187612 0.186409
v -0.055730 -0.187702 0.173038
v -0.071444 -0.187785 0.159461
v -0.071199 -0.267201 0.120510
v -0.055482 -0.266429 0.132993
v -0.071368 -0.265646 0.145322
v -0.087085 -0.266418 0.132839
v -0.086986 -0.335122 0.110838
v -0.071236 -0.348320 0.115032
v -0.055383 -0.335127 0.110907
v 0.021011 -0.351087 -0.491296
v 0.383974 -0.349112 -0.194396
v -0.341953 -0.348955 -0.194396
v 0.021064 -0.171591 -0.494102
v -0.344592 -0.171591 -0.194397
v 0.386719 -0.171591 -0.194397
v 0.021064 -0.171591 0.105308
v 0.021117 -0.161213 0.108113
v 0.389463 -0.161213 -0.194398
v -0.347230 -0.161213 -0.194398
v 0.021117 -0.161213 -0.496909
v 0.022103 -0.150836 -0.494989
v -0.344193 -0.150836 -0.195200
v 0.387435 -0.150836 -0.195200
v 0.021138 -0.150836 0.104588
v 0.017556 -0.150369 0.177506
v -0.172003 0.069460 0.253948
v 0.017421 0.281219 0.253948
v 0.206728 0.069460 0.253948
v 0.017304 -0.142299 0.253948
v 0.017089 -0.134695 0.248166
v 0.200079 0.070290 0.248166
v 0.017323 0.275276 0.248166
v -0.165667 0.070290 0.248166
v 0.017243 0.070290 0.242384
v -0.178301 0.069460 0.248172
v -0.178301 0.281219 0.177270
v -0.178301 -0.142532 0.177270
v -0.178301 0.069227 0.106368
v -0.172525 0.070290 0.111673
v -0.172821 -0.134695 0.177034
v -0.172704 0.275276 0.177034
v -0.172999 0.070290 0.242395
v -0.167223 0.070290 0.177034
v 0.213414 0.069460 0.248172
v 0.213414 0.281219 0.177270
v 0.213414 -0.142532 0.177270
v 0.213414 0.069227 0.106368
v 0.208836 0.070290 0.111673
v 0.208836 -0.134695 0.177034
v 0.208836 0.275276 0.177034
v 0.208836 0.070290 0.242395
v 0.204259 0.070290 0.177034
v -0.259870 0.281219 0.101064
v -0.182665 0.069227 0.101064
v -0.259987 -0.142766 0.101064
v -0.337192 0.069227 0.101064
v -0.333154 0.070290 0.096796
v -0.260171 -0.134695 0.096796
v -0.186954 0.070290 0.096796
v -0.259937 0.275276 0.096796
v -0.259980 0.070290 0.092528
v 0.297479 -0.142766 0.101064
v 0.217558 0.069227 0.101064
v 0.297601 0.281219 0.101064
v 0.377523 0.069227 0.101064
v 0.371492 0.070290 0.096796
v 0.296655 0.275276 0.096796
v 0.221702 0.070290 0.096796
v 0.296538 -0.134695 0.096796
v 0.296621 0.070290 0.092528
v 0.385653 0.281219 -0.196773
v 0.387418 0.069227 -0.486981
v 0.383644 0.069227 0.093436
v 0.385410 -0.142766 -0.196773
v 0.380243 -0.134695 -0.197543
v 0.379379 0.070290 0.085808
v 0.381224 0.070290 -0.480894
v 0.380360 0.275276 -0.197543
v 0.375072 0.070290 -0.197543
v 0.023254 0.281219 -0.493068
v -0.331525 0.069227 -0.493068
v 0.377852 0.069227 -0.493068
v 0.023074 -0.142766 -0.493068
v 0.023027 -0.134695 -0.489656
v 0.368213 0.070290 -0.489657
v -0.321925 0.070290 -0.489657
v 0.023261 0.275276 -0.489657
v 0.023112 0.070290 -0.486245
v -0.341156 0.069227 -0.486981
v -0.341156 0.281219 -0.196773
v -0.341156 0.069227 0.093436
v -0.341157 -0.142766 -0.196773
v -0.336659 -0.134695 -0.197543
v -0.336659 0.070290 0.085808
v -0.336659 0.275276 -0.197543
v -0.336659 0.070290 -0.480894
v -0.332162 0.070290 -0.197543
v 0.017292 0.302173 0.267899
v -0.190307 0.302173 0.185051
v 0.225463 0.302173 0.186485
v 0.022411 0.302173 -0.512921
v -0.364287 0.302173 -0.205307
v 0.408144 0.302173 -0.203974
v 0.397767 0.342289 -0.211049
v -0.354834 0.342289 -0.212382
v 0.021466 0.342289 -0.506566
v -0.194590 -0.370950 0.102503
v 0.020016 -0.219669 0.102503
v 0.234622 -0.371053 0.102503
v 0.085269 -0.395013 0.107989
v 0.019021 -0.267747 0.107989
v -0.047227 -0.394963 0.107989
v -0.043667 -0.395785 0.113475
v 0.019098 -0.272257 0.113475
v 0.019063 -0.519329 0.113475
v 0.081828 -0.395801 0.113475
v 0.078704 -0.396633 0.064834
v 0.019264 -0.516500 0.064834
v 0.019333 -0.276766 0.064834
v -0.040106 -0.396633 0.064834
v -0.133990 -0.335115 0.110736
v -0.149843 -0.348301 0.114776
v -0.165593 -0.335110 0.110667
v -0.165692 -0.266389 0.132454
v -0.149975 -0.265608 0.144809
v -0.134089 -0.266401 0.132609
v -0.149806 -0.267182 0.120254
v -0.150051 -0.187766 0.158948
v -0.134337 -0.187683 0.172525
v -0.150226 -0.187593 0.185896
v -0.165940 -0.187676 0.172319
v 0.169059 -0.187756 0.174503
v 0.184773 -0.187673 0.188080
v 0.200662 -0.187764 0.174709
v 0.184949 -0.187847 0.161132
v 0.185193 -0.267262 0.121346
v 0.200910 -0.266521 0.134247
v 0.185024 -0.265769 0.146993
v 0.169307 -0.266510 0.134092
v 0.169406 -0.335163 0.111396
v 0.185156 -0.348381 0.115868
v 0.201009 -0.335168 0.111464
v 0.121380 -0.400155 -0.495778
v 0.204615 -0.351120 -0.495858
v 0.287917 -0.400072 -0.495509
v 0.204682 -0.449108 -0.495429
v 0.283561 -0.400211 -0.499449
v 0.204819 -0.445170 -0.499311
v 0.126015 -0.400315 -0.499958
v 0.204757 -0.355356 -0.500096
v 0.130371 -0.400369 -0.496342
v 0.204621 -0.359487 -0.496400
v 0.278926 -0.400270 -0.496102
v 0.204676 -0.441152 -0.496043
v -0.277154 0.302173 0.102613
v 0.316464 0.302173 0.104664
v 0.073157 -0.396633 0.021593
v 0.019427 -0.511049 0.021593
v 0.019489 -0.282217 0.021593
v -0.034242 -0.396633 0.021593
v 0.019458 -0.396633 0.026993
v 0.019458 -0.396633 0.016192
v -0.349047 0.286233 0.116456
v -0.349047 0.286233 0.107033
v -0.283140 0.306826 0.122374
v -0.283140 0.306826 0.112951
v -0.349047 0.283772 0.111744
v -0.283140 0.303837 0.121561
v -0.283140 0.303837 0.113764
v -0.283140 0.300849 0.117663
v -0.147756 0.342289 0.168100
v 0.186682 0.342289 0.170158
v 0.019177 0.342289 0.255127
v 0.021326 0.367396 0.144229
v 0.021326 0.367396 -0.210153
v -0.245900 0.367396 -0.120084
v 0.288552 0.367396 -0.120084
v 0.292367 0.342289 0.084158
v -0.251152 0.342289 0.082108
v -0.305109 0.296301 0.110166
v -0.261171 0.310278 0.114111
v -0.256007 0.305797 0.115452
v -0.305109 0.296302 0.121214
v -0.256007 0.305797 0.124104
v -0.261171 0.310278 0.125160
v -0.348576 0.283754 0.111749
v -0.335969 0.038999 -0.347502
v -0.336485 0.039109 -0.311247
v -0.336485 0.118794 -0.347515
v -0.336485 0.039144 -0.383875
v -0.336485 -0.040540 -0.347607
v -0.340863 0.039274 -0.381975
v -0.340863 -0.038326 -0.347666
v -0.340863 0.039241 -0.313269
v -0.340863 0.116841 -0.347578
v -0.338416 0.039111 -0.315168
v -0.338416 0.114627 -0.347539
v -0.338416 0.039142 -0.379954
v -0.338416 -0.036374 -0.347583
v -0.335969 0.038999 -0.228139
v -0.336485 0.039109 -0.191884
v -0.336485 0.118794 -0.228152
v -0.336485 0.039144 -0.264512
v -0.336485 -0.040540 -0.228243
v -0.340863 0.039274 -0.262612
v -0.340863 -0.038326 -0.228303
v -0.340863 0.039241 -0.193906
v -0.340863 0.116841 -0.228214
v -0.338416 0.039111 -0.195805
v -0.338416 0.114627 -0.228176
v -0.338416 0.039142 -0.260591
v -0.338416 -0.036374 -0.228219
v 0.378981 0.038999 -0.228132
v 0.379497 0.039109 -0.264387
v 0.379497 0.118794 -0.228118
v 0.379497 0.039144 -0.191759
v 0.379497 -0.040540 -0.228027
v 0.383875 0.039274 -0.193659
v 0.383875 -0.038326 -0.227968
v 0.383875 0.039241 -0.262365
v 0.383875 0.116841 -0.228056
v 0.381428 0.039111 -0.260466
v 0.381428 0.114627 -0.228095
v 0.381428 0.039142 -0.195680
v 0.381428 -0.036374 -0.228051
v -0.214804 0.324957 0.116135
v -0.215186 0.324957 0.210290
v -0.217233 0.321069 0.117253
v -0.217233 0.321069 0.211408
v -0.212450 0.317182 0.234411
v -0.212069 0.317182 0.113094
v -0.209773 0.317182 0.158089
v 0.021606 0.324957 -0.545455
v 0.443312 0.324957 -0.211943
v 0.250193 0.324957 0.208148
v -0.307404 0.324957 0.112587
v 0.017170 0.324957 0.294535
v 0.347038 0.324957 0.120948
v -0.400100 0.324957 -0.216434
v -0.309786 0.321069 0.114823
v -0.402338 0.321069 -0.216436
v 0.445552 0.321069 -0.211945
v 0.017314 0.321069 0.296770
v 0.349279 0.321069 0.123184
v 0.021607 0.321070 -0.547695
v 0.252433 0.321069 0.210384
v 0.021607 0.317182 -0.540235
v 0.438092 0.317182 -0.211945
v 0.244973 0.317182 0.202923
v 0.341818 0.317182 0.115724
v -0.302182 0.317182 0.109493
v 0.017171 0.317182 0.289310
v -0.394878 0.317182 -0.215524
v -0.237569 -0.272690 0.108043
v -0.189197 -0.305750 0.107637
v -0.237604 -0.338758 0.107546
v -0.285975 -0.305699 0.107951
v -0.189019 -0.306125 0.102473
v -0.237391 -0.273064 0.102473
v -0.285797 -0.306073 0.102473
v -0.237425 -0.339134 0.102473
v -0.189091 -0.272903 0.105180
v -0.189125 -0.338972 0.104931
v -0.285869 -0.272851 0.105337
v -0.285903 -0.338920 0.105088
v -0.237435 -0.333760 0.105695
v -0.280584 -0.306198 0.106042
v -0.237406 -0.278681 0.106109
v -0.194256 -0.306244 0.105761
v -0.283378 -0.336061 0.108621
v -0.280750 -0.305849 0.109746
v -0.283347 -0.275487 0.109076
v -0.191826 -0.336109 0.108324
v -0.237600 -0.333412 0.109399
v -0.191794 -0.275536 0.108779
v -0.194422 -0.305895 0.109465
v -0.237572 -0.278332 0.109813
v -0.194353 -0.333609 0.107407
v -0.194324 -0.278529 0.107820
v -0.280652 -0.278484 0.108101
v -0.280681 -0.333563 0.107687
v 0.274434 -0.272690 0.108043
v 0.322806 -0.305750 0.107637
v 0.274400 -0.338758 0.107546
v 0.226028 -0.305699 0.107951
v 0.322985 -0.306125 0.102473
v 0.274612 -0.273064 0.102473
v 0.226206 -0.306073 0.102473
v 0.274578 -0.339134 0.102473
v 0.322912 -0.272903 0.105180
v 0.322878 -0.338972 0.104931
v 0.226134 -0.272851 0.105337
v 0.226100 -0.338920 0.105088
v 0.274569 -0.333760 0.105695
v 0.231419 -0.306198 0.106042
v 0.274598 -0.278681 0.106109
v 0.317747 -0.306244 0.105761
v 0.228625 -0.336061 0.108621
v 0.231254 -0.305849 0.109746
v 0.228657 -0.275487 0.109076
v 0.320178 -0.336109 0.108324
v 0.274403 -0.333412 0.109399
v 0.320210 -0.275536 0.108779
v 0.317582 -0.305895 0.109465
v 0.274432 -0.278332 0.109813
v 0.317650 -0.333609 0.107407
v 0.317679 -0.278529 0.107820
v 0.231351 -0.278484 0.108101
v 0.231322 -0.333563 0.107687
v 0.130007 0.268200 0.244689
v 0.161423 0.246188 0.244689
v 0.130003 0.224176 0.244689
v 0.098587 0.246188 0.244689
v 0.161532 0.245955 0.242452
v 0.130115 0.267969 0.242276
v 0.098695 0.245956 0.242316
v 0.130112 0.223942 0.242492
v 0.161479 0.268084 0.243516
v 0.161476 0.224058 0.243624
v 0.098643 0.268085 0.243449
v 0.098639 0.224059 0.243557
v 0.130109 0.227512 0.243871
v 0.102085 0.245863 0.243871
v 0.130112 0.264214 0.243871
v 0.158136 0.245863 0.243870
v 0.100283 0.225954 0.245082
v 0.101982 0.246083 0.245475
v 0.100286 0.266317 0.245082
v 0.159727 0.225954 0.245082
v 0.130006 0.227732 0.245475
v 0.159730 0.266317 0.245082
v 0.158034 0.246083 0.245475
v 0.130010 0.264434 0.245475
v 0.158083 0.227622 0.244673
v 0.158087 0.264324 0.244672
v 0.102035 0.264324 0.244673
v 0.102032 0.227622 0.244673
v -0.082438 0.268200 0.244689
v -0.051033 0.246173 0.244689
v -0.082463 0.224176 0.244689
v -0.113869 0.246203 0.244689
v -0.050924 0.245939 0.242452
v -0.082331 0.267969 0.242276
v -0.113761 0.245971 0.242316
v -0.082354 0.223942 0.242492
v -0.050966 0.268069 0.243517
v -0.050990 0.224043 0.243624
v -0.113803 0.268100 0.243449
v -0.113827 0.224074 0.243556
v -0.082356 0.227512 0.243871
v -0.110371 0.245877 0.243871
v -0.082335 0.264214 0.243871
v -0.054320 0.245850 0.243871
v -0.112183 0.225968 0.245082
v -0.110474 0.246097 0.245475
v -0.112160 0.266332 0.245082
v -0.052739 0.225940 0.245082
v -0.082458 0.227732 0.245475
v -0.052716 0.266303 0.245082
v -0.054422 0.246070 0.245475
v -0.082437 0.264435 0.245475
v -0.054381 0.227609 0.244673
v -0.054360 0.264311 0.244673
v -0.110412 0.264338 0.244673
v -0.110433 0.227636 0.244673
v -0.173546 -0.036358 0.147711
v -0.173546 0.114643 0.147754
v -0.173546 0.114612 0.212539
v -0.173546 -0.036389 0.212496
v -0.175993 0.114754 0.180109
v -0.175993 0.039239 0.212459
v -0.175993 0.116825 0.214462
v -0.175993 -0.036246 0.180023
v -0.175993 -0.038343 0.214373
v -0.175993 0.116858 0.145755
v -0.175993 0.039270 0.147673
v -0.175993 -0.038310 0.145667
v -0.171099 0.038984 0.212577
v -0.171099 0.114500 0.180184
v -0.171099 0.039015 0.147792
v -0.171099 -0.036501 0.180184
v -0.171615 -0.040523 0.143766
v -0.171615 0.118811 0.143857
v -0.171615 -0.040558 0.216393
v -0.171615 0.118776 0.216484
v -0.167237 -0.040674 0.180142
v -0.167237 0.039010 0.143874
v -0.167237 0.118659 0.180233
v -0.167237 0.038975 0.216501
v -0.175993 0.039278 0.143749
v -0.175993 -0.040406 0.180017
v -0.175993 0.039244 0.216376
v -0.175993 0.118928 0.180108
v 0.210590 -0.036358 0.212664
v 0.210590 0.114643 0.212621
v 0.210590 0.114612 0.147836
v 0.210590 -0.036389 0.147879
v 0.213037 0.114754 0.180266
v 0.213037 0.039239 0.147917
v 0.213037 0.116825 0.145913
v 0.213037 -0.036246 0.180352
v 0.213037 -0.038343 0.146002
v 0.213037 0.116858 0.214620
v 0.213037 0.039270 0.212702
v 0.213037 -0.038310 0.214708
v 0.208143 0.038984 0.147798
v 0.208143 0.114500 0.180191
v 0.208143 0.039015 0.212583
v 0.208143 -0.036501 0.180191
v 0.208659 -0.040523 0.216609
v 0.208659 0.118811 0.216518
v 0.208659 -0.040558 0.143982
v 0.208659 0.118776 0.143891
v 0.204281 -0.040674 0.180233
v 0.204281 0.039010 0.216501
v 0.204281 0.118660 0.180142
v 0.204281 0.038975 0.143874
v 0.213037 0.039278 0.216626
v 0.213037 -0.040406 0.180358
v 0.213037 0.039244 0.143999
v 0.213037 0.118928 0.180267
v 0.381428 -0.036358 0.043068
v 0.381428 0.114643 0.043024
v 0.381428 0.114612 -0.021761
v 0.381428 -0.036389 -0.021718
v 0.383875 0.114754 0.010669
v 0.383875 0.039239 -0.021680
v 0.383875 0.116825 -0.023683
v 0.383875 -0.036246 0.010756
v 0.383875 -0.038343 -0.023595
v 0.383875 0.116858 0.045023
v 0.383875 0.039270 0.043105
v 0.383875 -0.038310 0.045112
v 0.378981 0.038984 -0.021799
v 0.378981 0.114500 0.010594
v 0.378981 0.039015 0.042987
v 0.378981 -0.036501 0.010594
v 0.379497 -0.040523 0.047012
v 0.379497 0.118811 0.046921
v 0.379497 -0.040558 -0.025615
v 0.379497 0.118776 -0.025706
v 0.375119 -0.040674 0.010636
v 0.375119 0.039010 0.046904
v 0.375119 0.118659 0.010545
v 0.375119 0.038975 -0.025723
v 0.383875 0.039278 0.047029
v 0.383875 -0.040406 0.010761
v 0.383875 0.039244 -0.025598
v 0.383875 0.118928 0.010670
v 0.381428 -0.036358 -0.076296
v 0.381428 0.114643 -0.076339
v 0.381428 0.114612 -0.141124
v 0.381428 -0.036389 -0.141081
v 0.383875 0.114754 -0.108694
v 0.383875 0.039239 -0.141043
v 0.383875 0.116825 -0.143046
v 0.383875 -0.036246 -0.108607
v 0.383875 -0.038343 -0.142958
v 0.383875 0.116858 -0.074340
v 0.383875 0.039270 -0.076258
v 0.383875 -0.038310 -0.074251
v 0.378981 0.038984 -0.141162
v 0.378981 0.114500 -0.108769
v 0.378981 0.039015 -0.076377
v 0.378981 -0.036501 -0.108769
v 0.379497 -0.040523 -0.072351
v 0.379497 0.118811 -0.072442
v 0.379497 -0.040558 -0.144978
v 0.379497 0.118776 -0.145069
v 0.375119 -0.040674 -0.108727
v 0.375119 0.039010 -0.072459
v 0.375119 0.118659 -0.108818
v 0.375119 0.038975 -0.145086
v 0.383875 0.039278 -0.072334
v 0.383875 -0.040406 -0.108602
v 0.383875 0.039244 -0.144961
v 0.383875 0.118928 -0.108693
v -0.338416 -0.036358 -0.021886
v -0.338416 0.114643 -0.021843
v -0.338416 0.114612 0.042943
v -0.338416 -0.036389 0.042899
v -0.340863 0.114754 0.010512
v -0.340863 0.039239 0.042862
v -0.340863 0.116825 0.044865
v -0.340863 -0.036246 0.010426
v -0.340863 -0.038343 0.044776
v -0.340863 0.116858 -0.023841
v -0.340863 0.039270 -0.021924
v -0.340863 -0.038310 -0.023930
v -0.335969 0.038984 0.042980
v -0.335969 0.114500 0.010587
v -0.335969 0.039015 -0.021805
v -0.335969 -0.036501 0.010587
v -0.336485 -0.040523 -0.025831
v -0.336485 0.118811 -0.025740
v -0.336485 -0.040558 0.046796
v -0.336485 0.118776 0.046887
v -0.332107 -0.040674 0.010545
v -0.332107 0.039010 -0.025723
v -0.332107 0.118659 0.010636
v -0.332107 0.038975 0.046904
v -0.340863 0.039278 -0.025848
v -0.340863 -0.040406 0.010420
v -0.340863 0.039244 0.046779
v -0.340863 0.118928 0.010511
v -0.338416 -0.036358 -0.141249
v -0.338416 0.114643 -0.141206
v -0.338416 0.114612 -0.076421
v -0.338416 -0.036389 -0.076464
v -0.340863 0.114754 -0.108851
v -0.340863 0.039239 -0.076501
v -0.340863 0.116825 -0.074498
v -0.340863 -0.036246 -0.108937
v -0.340863 -0.038343 -0.074587
v -0.340863 0.116858 -0.143205
v -0.340863 0.039270 -0.141287
v -0.340863 -0.038310 -0.143293
v -0.335969 0.038984 -0.076383
v -0.335969 0.114500 -0.108776
v -0.335969 0.039015 -0.141168
v -0.335969 -0.036501 -0.108776
v -0.336485 -0.040523 -0.145194
v -0.336485 0.118811 -0.145103
v -0.336485 -0.040558 -0.072567
v -0.336485 0.118776 -0.072476
v -0.332107 -0.040674 -0.108818
v -0.332107 0.039010 -0.145086
v -0.332107 0.118659 -0.108727
v -0.332107 0.038975 -0.072459
v -0.340863 0.039278 -0.145211
v -0.340863 -0.040406 -0.108943
v -0.340863 0.039244 -0.072584
v -0.340863 0.118928 -0.108852
v 0.261531 -0.036358 0.098786
v 0.261574 0.114643 0.098786
v 0.326359 0.114612 0.098786
v 0.326316 -0.036389 0.098786
v 0.293929 0.114754 0.101233
v 0.326278 0.039239 0.101233
v 0.328282 0.116825 0.101233
v 0.293843 -0.036246 0.101233
v 0.328193 -0.038343 0.101233
v 0.259575 0.116858 0.101233
v 0.261493 0.039270 0.101233
v 0.259487 -0.038310 0.101233
v 0.326397 0.038984 0.096339
v 0.294004 0.114500 0.096339
v 0.261612 0.039015 0.096339
v 0.294004 -0.036501 0.096339
v 0.257586 -0.040523 0.096855
v 0.257677 0.118811 0.096855
v 0.330213 -0.040558 0.096855
v 0.330304 0.118776 0.096855
v 0.293962 -0.040674 0.092477
v 0.257694 0.039010 0.092477
v 0.294053 0.118659 0.092477
v 0.330321 0.038975 0.092477
v 0.257569 0.039278 0.101233
v 0.293837 -0.040406 0.101233
v 0.330196 0.039244 0.101233
v 0.293928 0.118928 0.101233
v -0.290524 -0.036358 0.098786
v -0.290480 0.114643 0.098786
v -0.225695 0.114612 0.098786
v -0.225738 -0.036389 0.098786
v -0.258126 0.114754 0.101233
v -0.225776 0.039239 0.101233
v -0.223773 0.116825 0.101233
v -0.258212 -0.036246 0.101233
v -0.223861 -0.038343 0.101233
v -0.292479 0.116858 0.101233
v -0.290561 0.039270 0.101233
v -0.292568 -0.038310 0.101233
v -0.225658 0.038984 0.096339
v -0.258050 0.114500 0.096339
v -0.290443 0.039015 0.096339
v -0.258050 -0.036501 0.096339
v -0.294469 -0.040523 0.096855
v -0.294378 0.118811 0.096855
v -0.221841 -0.040558 0.096855
v -0.221750 0.118776 0.096855
v -0.258092 -0.040674 0.092477
v -0.294360 0.039010 0.092477
v -0.258001 0.118659 0.092477
v -0.221733 0.038975 0.092477
v -0.294485 0.039278 0.101233
v -0.258217 -0.040406 0.101233
v -0.221858 0.039244 0.101233
v -0.258126 0.118928 0.101233
v -0.111479 -0.036358 0.248693
v -0.111436 0.114643 0.248693
v -0.046650 0.114612 0.248693
v -0.046694 -0.036389 0.248693
v -0.079081 0.114754 0.251140
v -0.046731 0.039239 0.251140
v -0.044728 0.116825 0.251140
v -0.079167 -0.036246 0.251140
v -0.044817 -0.038343 0.251140
v -0.113434 0.116858 0.251140
v -0.111517 0.039270 0.251140
v -0.113523 -0.038310 0.251140
v -0.046613 0.038984 0.246246
v -0.079006 0.114500 0.246246
v -0.111398 0.039015 0.246246
v -0.079006 -0.036501 0.246246
v -0.115424 -0.040523 0.246762
v -0.115333 0.118811 0.246762
v -0.042797 -0.040558 0.246762
v -0.042706 0.118776 0.246762
v -0.079048 -0.040674 0.242384
v -0.115316 0.039010 0.242384
v -0.078957 0.118659 0.242384
v -0.042689 0.038975 0.242384
v -0.115441 0.039278 0.251140
v -0.079173 -0.040406 0.251140
v -0.042814 0.039244 0.251140
v -0.079082 0.118928 0.251140
v 0.097407 -0.036358 0.248693
v 0.097450 0.114643 0.248693
v 0.162235 0.114612 0.248693
v 0.162192 -0.036389 0.248693
v 0.129805 0.114754 0.251140
v 0.162154 0.039239 0.251140
v 0.164157 0.116825 0.251140
v 0.129718 -0.036246 0.251140
v 0.164069 -0.038343 0.251140
v 0.095451 0.116858 0.251140
v 0.097369 0.039270 0.251140
v 0.095362 -0.038310 0.251140
v 0.162273 0.038984 0.246246
v 0.129880 0.114500 0.246246
v 0.097487 0.039015 0.246246
v 0.129880 -0.036501 0.246246
v 0.093462 -0.040523 0.246762
v 0.093553 0.118811 0.246762
v 0.166089 -0.040558 0.246762
v 0.166180 0.118776 0.246762
v 0.129838 -0.040674 0.242384
v 0.093570 0.039010 0.242384
v 0.129929 0.118659 0.242384
v 0.166197 0.038975 0.242384
v 0.093445 0.039278 0.251140
v 0.129713 -0.040406 0.251140
v 0.166072 0.039244 0.251140
v 0.129804 0.118928 0.251140
v -0.007036 -0.036358 0.248693
v -0.006993 0.114643 0.248693
v 0.057792 0.114612 0.248693
v 0.057749 -0.036389 0.248693
v 0.025362 0.114754 0.251140
v 0.057711 0.039239 0.251140
v 0.059715 0.116825 0.251140
v 0.025276 -0.036246 0.251140
v 0.059626 -0.038343 0.251140
v -0.008992 0.116858 0.251140
v -0.007074 0.039270 0.251140
v -0.009080 -0.038310 0.251140
v 0.057830 0.038984 0.246246
v 0.025437 0.114500 0.246246
v -0.006955 0.039015 0.246246
v 0.025437 -0.036501 0.246246
v -0.010981 -0.040523 0.246762
v -0.010890 0.118811 0.246762
v 0.061646 -0.040558 0.246762
v 0.061737 0.118776 0.246762
v 0.025395 -0.040674 0.242384
v -0.010873 0.039010 0.242384
v 0.025486 0.118659 0.242384
v 0.061754 0.038975 0.242384
v -0.010998 0.039278 0.251140
v 0.025270 -0.040406 0.251140
v 0.061629 0.039244 0.251140
v 0.025361 0.118928 0.251140
v 0.175168 0.367396 -0.268493
v 0.139154 0.367396 -0.304507
v 0.103140 0.367396 -0.268493
v 0.139154 0.367396 -0.232480
v 0.139154 0.444187 -0.304507
v 0.175168 0.444187 -0.268493
v 0.139154 0.444187 -0.232480
v 0.103140 0.444187 -0.268493
v 0.175168 0.405792 -0.304507
v 0.103140 0.405792 -0.304507
v 0.175168 0.405792 -0.232480
v 0.103140 0.405792 -0.232480
v 0.099374 0.451981 -0.228714
v 0.095608 0.459774 -0.268493
v 0.099374 0.451981 -0.308273
v 0.178934 0.451981 -0.228714
v 0.139154 0.459774 -0.224948
v 0.178934 0.451981 -0.308273
v 0.182700 0.459774 -0.268493
v 0.139154 0.459774 -0.312039
v 0.095608 0.464509 -0.312039
v 0.139154 0.469243 -0.312039
v 0.182700 0.464509 -0.312039
v 0.182700 0.469243 -0.268493
v 0.182700 0.464509 -0.224948
v 0.139154 0.469243 -0.224948
v 0.095608 0.464508 -0.224948
v 0.095608 0.469243 -0.268494
v 0.102091 0.469243 -0.231430
v 0.108574 0.469243 -0.268493
v 0.102091 0.469243 -0.305556
v 0.176217 0.469243 -0.231430
v 0.139154 0.469243 -0.237914
v 0.176217 0.469243 -0.305556
v 0.169734 0.469243 -0.268493
v 0.139154 0.469243 -0.299073
v 0.108574 0.418320 -0.299073
v 0.139154 0.367396 -0.299073
v 0.169734 0.418319 -0.299073
v 0.169734 0.367396 -0.268493
v 0.169734 0.418319 -0.237914
v 0.139154 0.367396 -0.237914
v 0.108574 0.418319 -0.237914
v 0.108574 0.367396 -0.268493
v -0.025262 -0.387037 0.031502
v -0.024167 -0.386808 0.029204
v -0.024167 -0.390427 0.029204
v -0.025262 -0.390199 0.031502
v -0.025262 -0.388618 0.029204
v -0.023073 -0.388618 0.029204
v -0.025262 -0.388618 0.033800
v -0.023073 -0.388618 0.033800
v -0.024412 -0.389971 0.034899
v -0.023562 -0.388618 0.035997
v -0.024412 -0.387265 0.034899
v -0.023317 -0.389971 0.034899
v -0.023317 -0.387265 0.034899
v -0.018301 -0.387265 0.036382
v -0.018301 -0.389971 0.036382
v -0.013040 -0.388618 0.036767
v -0.003731 -0.387265 0.034764
v -0.008685 -0.387265 0.034216
v -0.008685 -0.389971 0.034216
v -0.003731 -0.389971 0.034764
v -0.003147 -0.388618 0.035537
v -0.003423 -0.387941 0.034135
v -0.022013 -0.390937 0.028099
v -0.020954 -0.388618 0.026993
v -0.022013 -0.386299 0.028099
v -0.025736 -0.386299 0.028099
v -0.026209 -0.388618 0.026993
v -0.025736 -0.390937 0.028099
v -0.023581 -0.391447 0.026993
v -0.023581 -0.385789 0.026993
v 0.262476 -0.441090 -0.496184
v 0.262476 -0.359399 -0.496184
v 0.263881 -0.441090 -0.494688
v 0.263881 -0.359399 -0.494688
v 0.261138 -0.441090 -0.494522
v 0.261138 -0.359399 -0.494522
v 0.263523 -0.400244 -0.496350
v 0.261428 -0.400244 -0.496018
v 0.264239 -0.400244 -0.493027
v 0.260847 -0.400244 -0.493027
v 0.216006 -0.441090 -0.496184
v 0.216006 -0.359399 -0.496184
v 0.217411 -0.441090 -0.494688
v 0.217411 -0.359399 -0.494688
v 0.214668 -0.441090 -0.494522
v 0.214668 -0.359399 -0.494522
v 0.217054 -0.400244 -0.496350
v 0.214958 -0.400244 -0.496018
v 0.217769 -0.400244 -0.493027
v 0.214378 -0.400244 -0.493027
v 0.238893 -0.441090 -0.496184
v 0.238893 -0.359399 -0.496184
v 0.240299 -0.441090 -0.494688
v 0.240299 -0.359399 -0.494688
v 0.237555 -0.441090 -0.494522
v 0.237555 -0.359399 -0.494522
v 0.239941 -0.400244 -0.496350
v 0.237845 -0.400244 -0.496018
v 0.240656 -0.400244 -0.493027
v 0.237265 -0.400244 -0.493027
v 0.192140 -0.441090 -0.496184
v 0.192140 -0.359399 -0.496184
v 0.193546 -0.441090 -0.494688
v 0.193546 -0.359399 -0.494688
v 0.190802 -0.441090 -0.494522
v 0.190802 -0.359399 -0.494522
v 0.193188 -0.400244 -0.496350
v 0.191092 -0.400244 -0.496018
v 0.193903 -0.400244 -0.493027
v 0.190512 -0.400244 -0.493027
v 0.169402 -0.441090 -0.496184
v 0.169402 -0.359399 -0.496184
v 0.170733 -0.441090 -0.494688
v 0.170733 -0.359399 -0.494688
v 0.167990 -0.441090 -0.494522
v 0.167990 -0.359399 -0.494522
v 0.170450 -0.400244 -0.496350
v 0.168354 -0.400244 -0.496018
v 0.171016 -0.400244 -0.493027
v 0.167625 -0.400244 -0.493027
v 0.146820 -0.441090 -0.496184
v 0.146820 -0.359399 -0.496184
v 0.148225 -0.441090 -0.494688
v 0.148225 -0.359399 -0.494688
v 0.145482 -0.441090 -0.494522
v 0.145482 -0.359399 -0.494522
v 0.147868 -0.400244 -0.496350
v 0.145772 -0.400244 -0.496018
v 0.148583 -0.400244 -0.493027
v 0.145192 -0.400244 -0.493027
v -0.344520 -0.522230 0.106375
v -0.355053 0.285167 0.106216
v -0.339560 -0.522230 0.106934
v -0.350175 0.284314 0.107270
v -0.336905 -0.522230 0.111160
v -0.347958 0.284357 0.111742
v -0.338553 -0.522230 0.115871
v -0.350072 0.284865 0.116264
v -0.343264 -0.522230 0.117520
v -0.354924 0.286256 0.117430
v -0.347490 -0.522230 0.114864
v -0.358861 0.287359 0.114363
v -0.348049 -0.522230 0.109904
v -0.358919 0.286816 0.109372
v -0.347132 -0.118977 0.105514
v -0.352440 -0.118086 0.107076
v -0.342602 -0.118939 0.108690
v -0.342261 -0.118934 0.114212
v -0.346364 -0.118431 0.117923
v -0.351824 -0.117543 0.117027
v -0.354527 -0.117329 0.112200
v -0.359405 0.285878 0.111874
v -0.357798 0.284195 0.109896
v -0.357311 0.285132 0.107395
v -0.357210 0.285683 0.116303
v -0.357753 0.284202 0.113814
v -0.352378 0.284235 0.117348
v -0.354663 0.283662 0.116221
v -0.348548 0.283758 0.114221
v -0.350854 0.283128 0.115306
v -0.348605 0.283749 0.109277
v -0.349195 0.283149 0.111756
v -0.352505 0.283681 0.106239
v -0.350935 0.283115 0.108246
v -0.354764 0.283646 0.107418
v -0.356942 0.282171 0.107956
v -0.354892 0.280170 0.107478
v -0.352714 0.281644 0.106940
v -0.351063 0.280234 0.108305
v -0.349284 0.281705 0.109612
v -0.349323 0.280268 0.111816
v -0.349234 0.281713 0.113960
v -0.350982 0.280247 0.115365
v -0.352602 0.281662 0.116710
v -0.354791 0.280186 0.116280
v -0.356852 0.282186 0.115791
v -0.357881 0.280132 0.113873
v -0.358783 0.282148 0.111895
v -0.357926 0.280125 0.109955
v -0.201741 0.317182 0.124008
v -0.275394 0.300105 0.114150
v -0.349047 0.283028 0.111744
v -0.275394 0.300105 0.121603
v -0.283140 0.306826 0.112138
v -0.283140 0.306826 0.123187
v -0.349047 0.285861 0.106220
v -0.349047 0.285861 0.117269
v 0.109811 -0.390669 0.102617
v 0.109946 -0.308734 0.102554
v 0.125659 -0.307400 0.115642
v 0.109769 -0.306058 0.128628
v 0.094056 -0.307393 0.115539
v 0.125592 -0.348367 0.115674
v 0.093989 -0.348359 0.115571
v 0.093857 -0.265726 0.146399
v 0.093826 -0.225573 0.151908
v 0.094026 -0.267240 0.121049
v 0.125460 -0.265741 0.146605
v 0.109547 -0.225408 0.164376
v 0.125629 -0.267248 0.121152
v 0.125429 -0.225589 0.152114
v 0.109708 -0.225754 0.139647
v 0.093781 -0.187825 0.160538
v 0.109457 -0.149903 0.181635
v 0.125384 -0.187832 0.160744
v 0.125163 -0.149903 0.196322
v 0.125209 -0.187659 0.187692
v 0.109267 -0.149903 0.210802
v 0.093606 -0.187652 0.187486
v 0.093560 -0.149903 0.196116
v -0.087466 -0.149903 0.194936
v -0.087421 -0.187608 0.186306
v -0.071759 -0.149903 0.209622
v -0.055818 -0.187616 0.186512
v -0.055863 -0.149903 0.195142
v -0.055642 -0.187789 0.159564
v -0.071569 -0.149903 0.180455
v -0.087245 -0.187781 0.159358
v -0.071318 -0.225667 0.138467
v -0.055597 -0.225502 0.150934
v -0.071479 -0.225321 0.163195
v -0.055567 -0.265654 0.145425
v -0.087200 -0.225487 0.150728
v -0.087170 -0.265638 0.145218
v -0.087038 -0.348316 0.114981
v -0.055435 -0.348324 0.115084
v -0.071257 -0.305971 0.127448
v -0.071215 -0.390669 0.102617
v -0.086949 -0.349701 0.102585
v -0.071081 -0.308734 0.102554
v -0.055346 -0.349701 0.102585
v 0.383974 -0.347049 0.102503
v 0.383974 -0.526632 -0.194397
v 0.021011 -0.171591 0.102503
v 0.383974 -0.171591 -0.194396
v -0.341953 -0.346911 0.102503
v -0.341953 -0.171591 -0.194396
v -0.341953 -0.526319 -0.194397
v 0.383974 -0.351174 -0.491296
v 0.021011 -0.530582 -0.491296
v 0.021010 -0.171591 -0.491296
v -0.341953 -0.351000 -0.491296
v -0.344592 -0.171591 -0.494102
v 0.021117 -0.171591 -0.496909
v 0.386719 -0.171591 -0.494102
v -0.344592 -0.171591 0.105308
v -0.347230 -0.171591 -0.194398
v 0.389463 -0.171591 -0.194398
v 0.386719 -0.171591 0.105308
v 0.021117 -0.171591 0.108113
v 0.389463 -0.161213 0.108113
v 0.021116 -0.150836 0.108113
v -0.347230 -0.161213 0.108113
v 0.389463 -0.161213 -0.496909
v 0.389463 -0.150836 -0.194398
v -0.347230 -0.150836 -0.194398
v -0.347230 -0.161213 -0.496909
v 0.021117 -0.150836 -0.496909
v -0.344193 -0.150836 -0.494989
v 0.023089 -0.150836 -0.493068
v 0.388399 -0.150836 -0.494989
v -0.344193 -0.150836 0.104588
v -0.341156 -0.150836 -0.196002
v 0.385405 -0.150836 -0.196002
v 0.386470 -0.150836 0.104588
v 0.021160 -0.150836 0.101064
v 0.383602 0.068163 0.101064
v -0.341156 0.068163 0.101064
v 0.387460 0.068164 -0.493068
v 0.385657 0.287163 -0.196002
v -0.341156 0.287163 -0.196002
v -0.341157 0.068164 -0.493068
v 0.023215 0.287163 -0.493068
v -0.259729 -0.150836 0.101064
v -0.178301 0.068164 0.101064
v -0.259729 0.287163 0.101064
v 0.298571 0.287163 0.101064
v 0.213414 0.068163 0.101064
v 0.298445 -0.150836 0.101064
v 0.017556 -0.150836 0.101064
v 0.213414 -0.150369 0.177506
v 0.017556 -0.149903 0.253948
v -0.178301 -0.150369 0.177506
v 0.213414 0.287163 0.177506
v 0.213414 0.068630 0.253948
v -0.178301 0.287163 0.177506
v 0.017556 0.287163 0.253948
v -0.178301 0.068630 0.253948
v -0.172061 -0.142299 0.253948
v -0.165704 0.070290 0.253948
v -0.171944 0.281219 0.253948
v 0.017286 0.275276 0.253948
v 0.206786 0.281219 0.253948
v 0.200042 0.070290 0.253948
v 0.206669 -0.142299 0.253948
v 0.017052 -0.134695 0.253948
v 0.199962 -0.134695 0.248166
v 0.017126 -0.134695 0.242384
v -0.165784 -0.134695 0.248166
v 0.200196 0.275276 0.248166
v 0.200116 0.070290 0.242384
v -0.165549 0.275276 0.248166
v 0.017361 0.275276 0.242384
v -0.165630 0.070290 0.242384
v -0.178301 0.281219 0.248172
v -0.178301 0.070290 0.242395
v -0.178301 -0.142299 0.248172
v -0.178301 0.281219 0.106368
v -0.178301 0.275276 0.177034
v -0.178301 -0.134695 0.177034
v -0.178301 -0.142766 0.106368
v -0.178301 0.070290 0.111673
v -0.172584 -0.134695 0.111673
v -0.166749 0.070290 0.111673
v -0.172466 0.275276 0.111673
v -0.173058 -0.134695 0.242395
v -0.167340 -0.134695 0.177034
v -0.167106 0.275276 0.177034
v -0.172941 0.275276 0.242395
v -0.167697 0.070290 0.242395
v 0.213414 -0.142299 0.248172
v 0.213414 0.070290 0.242395
v 0.213414 0.281219 0.248172
v 0.213414 0.275276 0.177034
v 0.213414 0.281219 0.106368
v 0.213414 -0.142766 0.106368
v 0.213414 -0.134695 0.177034
v 0.213414 0.070290 0.111673
v 0.208836 0.275276 0.111673
v 0.204259 0.070290 0.111673
v 0.208836 -0.134695 0.111673
v 0.204259 -0.134695 0.177034
v 0.208836 -0.134695 0.242395
v 0.208836 0.275276 0.242395
v 0.204259 0.275276 0.177034
v 0.204259 0.070290 0.242395
v -0.337134 0.281219 0.101064
v -0.260011 0.275276 0.101064
v -0.182606 0.281219 0.101064
v -0.187028 0.070290 0.101064
v -0.182723 -0.142766 0.101064
v -0.260245 -0.134695 0.101064
v -0.337251 -0.142766 0.101064
v -0.333228 0.070290 0.101064
v -0.333271 -0.134695 0.096796
v -0.333080 0.070290 0.092528
v -0.333037 0.275276 0.096796
v -0.187071 -0.134695 0.096796
v -0.260097 -0.134695 0.092528
v -0.186837 0.275276 0.096796
v -0.186880 0.070290 0.092528
v -0.259863 0.275276 0.092528
v 0.377401 -0.142766 0.101064
v 0.296514 -0.134695 0.101064
v 0.217558 -0.142766 0.101064
v 0.221702 0.070290 0.101064
v 0.217558 0.281219 0.101064
v 0.296631 0.275276 0.101064
v 0.377644 0.281219 0.101064
v 0.371443 0.070290 0.101064
v 0.371609 0.275276 0.096796
v 0.371541 0.070290 0.092528
v 0.371375 -0.134695 0.096796
v 0.221702 0.275276 0.096796
v 0.296680 0.275276 0.092528
v 0.221702 -0.134695 0.096796
v 0.221702 0.070290 0.092528
v 0.296563 -0.134695 0.092528
v 0.383765 0.281219 0.093436
v 0.385648 0.275276 -0.197543
v 0.387540 0.281220 -0.486981
v 0.387376 0.070290 -0.480894
v 0.387297 -0.142766 -0.486981
v 0.383523 -0.142766 0.093436
v 0.383686 0.070290 0.085808
v 0.385414 -0.134695 -0.197543
v 0.381166 -0.134695 -0.480894
v 0.375072 -0.134695 -0.197543
v 0.379320 -0.134695 0.085808
v 0.375072 0.070290 0.085808
v 0.379437 0.275276 0.085808
v 0.381283 0.275276 -0.480894
v 0.375072 0.070290 -0.480894
v 0.375072 0.275276 -0.197543
v 0.377974 0.281220 -0.493068
v 0.023293 0.275276 -0.493068
v -0.331467 0.281220 -0.493068
v -0.321894 0.070290 -0.493068
v -0.331584 -0.142766 -0.493068
v 0.377731 -0.142766 -0.493068
v 0.368245 0.070290 -0.493068
v 0.023059 -0.134695 -0.493068
v -0.322042 -0.134695 -0.489656
v 0.022995 -0.134695 -0.486245
v 0.368096 -0.134695 -0.489656
v 0.368181 0.070290 -0.486245
v 0.368330 0.275276 -0.489657
v -0.321808 0.275276 -0.489657
v -0.321957 0.070290 -0.486245
v 0.023229 0.275276 -0.486245
v -0.341157 -0.142766 -0.486981
v -0.341156 0.070290 -0.480894
v -0.341156 0.281220 -0.486981
v -0.341156 0.275276 -0.197543
v -0.341156 0.281219 0.093436
v -0.341156 0.070290 0.085808
v -0.341156 -0.142766 0.093436
v -0.341157 -0.134695 -0.197543
v -0.336659 -0.134695 0.085808
v -0.332162 -0.134695 -0.197543
v -0.336659 -0.134695 -0.480894
v -0.336659 0.275276 0.085808
v -0.332162 0.070290 0.085808
v -0.336659 0.275276 -0.480894
v -0.332162 0.275276 -0.197543
v -0.332162 0.070290 -0.480894
v 0.225177 0.302173 0.268616
v 0.017028 0.317182 0.281850
v -0.190593 0.302173 0.267182
v -0.364287 0.302173 -0.512921
v 0.021607 0.317182 -0.532774
v 0.409109 0.302173 -0.512921
v -0.364287 0.302173 0.102307
v -0.387417 0.317182 -0.214612
v 0.430632 0.317182 -0.211945
v 0.407180 0.302173 0.104974
v 0.397767 0.342289 0.084469
v -0.354834 0.342289 0.081802
v 0.397767 0.342289 -0.506566
v 0.364902 0.367396 -0.210153
v -0.322251 0.367396 -0.210153
v -0.354834 0.342289 -0.506566
v 0.021326 0.367396 -0.480358
v -0.194590 -0.522230 0.102503
v -0.047227 -0.394989 0.102503
v -0.194590 -0.219669 0.102503
v 0.019021 -0.267747 0.102503
v 0.234622 -0.219669 0.102503
v 0.234622 -0.522436 0.102503
v 0.085269 -0.395056 0.102503
v 0.085269 -0.267747 0.107989
v 0.085269 -0.394969 0.113475
v 0.085269 -0.522278 0.107989
v 0.019021 -0.522159 0.113475
v -0.047227 -0.522179 0.107989
v -0.047227 -0.267747 0.107989
v 0.019021 -0.267747 0.113475
v -0.047227 -0.394937 0.113475
v -0.043667 -0.519314 0.113475
v -0.040106 -0.396633 0.113475
v -0.043667 -0.272257 0.113475
v 0.019174 -0.276766 0.113475
v 0.081862 -0.272257 0.113475
v 0.081793 -0.519345 0.113475
v 0.019105 -0.516500 0.113475
v 0.078386 -0.396633 0.113475
v 0.078773 -0.276766 0.064834
v 0.079022 -0.396633 0.016192
v 0.078635 -0.516500 0.064834
v 0.019423 -0.516500 0.016192
v -0.040106 -0.516500 0.064834
v -0.040106 -0.276766 0.064834
v 0.019492 -0.276766 0.016192
v -0.040106 -0.396633 0.016192
v -0.149822 -0.390669 0.102617
v -0.149688 -0.308734 0.102554
v -0.133974 -0.307338 0.114796
v -0.149864 -0.305933 0.126935
v -0.165578 -0.307330 0.114693
v -0.134042 -0.348305 0.114828
v -0.165645 -0.348297 0.114724
v -0.165777 -0.265601 0.144706
v -0.165807 -0.225449 0.150215
v -0.165608 -0.267178 0.120202
v -0.134174 -0.265616 0.144912
v -0.150086 -0.225283 0.162683
v -0.134005 -0.267186 0.120305
v -0.134204 -0.225464 0.150421
v -0.149925 -0.225629 0.137954
v -0.165852 -0.187762 0.158845
v -0.150176 -0.149903 0.179942
v -0.134249 -0.187770 0.159051
v -0.134470 -0.149903 0.194629
v -0.134425 -0.187597 0.185999
v -0.150366 -0.149903 0.209110
v -0.166028 -0.187589 0.185793
v -0.166073 -0.149903 0.194423
v 0.168926 -0.149903 0.196607
v 0.168971 -0.187670 0.187977
v 0.184633 -0.149903 0.211294
v 0.200575 -0.187677 0.188183
v 0.200529 -0.149903 0.196813
v 0.200750 -0.187850 0.161235
v 0.184823 -0.149903 0.182126
v 0.169147 -0.187843 0.161029
v 0.185074 -0.225790 0.140138
v 0.200795 -0.225625 0.152605
v 0.184913 -0.225444 0.164867
v 0.200826 -0.265777 0.147096
v 0.169192 -0.225610 0.152399
v 0.169223 -0.265762 0.146890
v 0.169354 -0.348378 0.115817
v 0.200958 -0.348385 0.115920
v 0.185135 -0.306094 0.129119
v 0.185177 -0.390669 0.102617
v 0.169443 -0.349701 0.102585
v 0.185312 -0.308734 0.102554
v 0.201046 -0.349701 0.102585
v 0.204758 -0.351174 -0.500419
v 0.121523 -0.400209 -0.500260
v 0.204825 -0.449162 -0.499562
v 0.288060 -0.400127 -0.499722
v 0.121237 -0.400101 -0.491296
v 0.204472 -0.351065 -0.491296
v 0.287774 -0.400018 -0.491296
v 0.204538 -0.449053 -0.491296
v 0.121347 -0.351161 -0.495992
v 0.121413 -0.449149 -0.495564
v 0.287884 -0.351078 -0.495723
v 0.287950 -0.449067 -0.495295
v 0.204541 -0.441127 -0.493027
v 0.278790 -0.400244 -0.493027
v 0.204485 -0.359436 -0.493027
v 0.130235 -0.400318 -0.493027
v 0.283592 -0.445105 -0.499057
v 0.279062 -0.400296 -0.499177
v 0.283531 -0.355317 -0.499842
v 0.126046 -0.445235 -0.499566
v 0.204812 -0.441178 -0.499060
v 0.125985 -0.355395 -0.500351
v 0.130507 -0.400421 -0.499657
v 0.204757 -0.359539 -0.499774
v 0.130399 -0.441215 -0.496163
v 0.130343 -0.359524 -0.496520
v 0.278898 -0.359450 -0.496280
v 0.278954 -0.441090 -0.495923
v -0.002839 -0.387941 0.034908
v -0.002839 -0.389294 0.034908
v -0.003423 -0.389294 0.034135
v -0.165557 -0.349701 0.102585
v -0.133953 -0.349701 0.102585
v -0.086970 -0.307349 0.114949
v -0.087001 -0.267197 0.120459
v -0.055367 -0.307357 0.115052
v -0.055398 -0.267205 0.120562
v 0.094077 -0.349701 0.102585
v 0.125680 -0.349701 0.102585
v 0.169422 -0.307411 0.115785
v 0.169391 -0.267259 0.121294
v 0.201025 -0.307418 0.115888
v 0.200994 -0.267266 0.121397
v -0.294579 0.317182 0.104163
v 0.334358 0.317182 0.108263
v 0.237513 0.317182 0.195463
v 0.225749 0.302173 0.104353
v -0.190021 0.302173 0.102920
v -0.202313 0.317182 0.192596
v -0.034242 -0.396633 0.016192
v 0.019489 -0.282217 0.016192
v 0.019427 -0.511049 0.016192
v 0.073157 -0.396633 0.016192
v 0.073095 -0.511049 0.021593
v 0.073157 -0.396633 0.026993
v 0.073220 -0.282217 0.021593
v -0.034242 -0.511049 0.021593
v 0.019427 -0.511049 0.026993
v 0.019489 -0.282217 0.026993
v -0.034242 -0.282217 0.021593
v -0.034242 -0.396633 0.026993
v -0.008094 -0.389971 0.036152
v -0.008094 -0.387265 0.036152
v -0.013048 -0.387265 0.035605
v -0.013048 -0.389971 0.035605
v -0.018064 -0.389971 0.034122
v -0.018064 -0.387265 0.034122
v -0.023073 -0.390199 0.031502
v -0.024167 -0.389971 0.033800
v -0.024167 -0.387265 0.033800
v -0.023073 -0.387037 0.031502
v -0.349047 0.288694 0.116456
v -0.349047 0.286605 0.115643
v -0.349047 0.283772 0.116456
v -0.217233 0.321069 0.127480
v -0.217233 0.324957 0.128293
v -0.349047 0.283772 0.107033
v -0.349047 0.286605 0.107846
v -0.349047 0.288694 0.107033
v -0.217233 0.324957 0.118870
v -0.217233 0.321069 0.119683
v -0.283140 0.306826 0.121561
v -0.283140 0.306826 0.113764
v -0.349047 0.284516 0.111744
v -0.217233 0.317182 0.123581
v -0.283140 0.300849 0.121561
v -0.283140 0.300849 0.113764
v -0.148042 0.342289 0.253786
v 0.186396 0.342289 0.256468
v 0.021326 0.367396 0.228404
v -0.207725 0.367396 0.060053
v 0.021326 0.367396 0.060053
v 0.250377 0.367396 0.060053
v 0.250377 0.367396 -0.210153
v -0.207725 0.367396 -0.210153
v -0.147470 0.342289 0.082414
v 0.186968 0.342289 0.083848
v -0.093200 0.367396 0.143605
v 0.135851 0.367396 0.144853
v -0.209487 0.317182 0.120068
v -0.217233 0.321069 0.118057
v -0.209487 0.317182 0.127521
v -0.217233 0.321069 0.129106
v -0.283140 0.300105 0.112138
v -0.283140 0.302938 0.112138
v -0.283140 0.302938 0.123187
v -0.283140 0.300105 0.123187
v -0.340863 0.118928 -0.347578
v -0.340863 0.039244 -0.311310
v -0.340863 -0.040406 -0.347669
v -0.340863 0.039278 -0.383937
v -0.332107 0.038975 -0.311185
v -0.332107 0.118659 -0.347453
v -0.332107 0.039010 -0.383812
v -0.332107 -0.040674 -0.347544
v -0.336485 0.118776 -0.311202
v -0.336485 -0.040558 -0.311293
v -0.336485 0.118811 -0.383829
v -0.336485 -0.040523 -0.383920
v -0.335969 -0.036501 -0.347502
v -0.335969 0.039015 -0.379894
v -0.335969 0.114500 -0.347502
v -0.335969 0.038984 -0.315109
v -0.340863 -0.038310 -0.382019
v -0.340863 0.039270 -0.380013
v -0.340863 0.116858 -0.381931
v -0.340863 -0.038343 -0.313313
v -0.340863 -0.036246 -0.347663
v -0.340863 0.116825 -0.313224
v -0.340863 0.039239 -0.315228
v -0.340863 0.114754 -0.347577
v -0.338416 -0.036389 -0.315190
v -0.338416 0.114612 -0.315147
v -0.338416 0.114643 -0.379932
v -0.338416 -0.036358 -0.379975
v -0.340863 0.118928 -0.228215
v -0.340863 0.039244 -0.191947
v -0.340863 -0.040406 -0.228306
v -0.340863 0.039278 -0.264574
v -0.332107 0.038975 -0.191822
v -0.332107 0.118659 -0.228090
v -0.332107 0.039010 -0.264449
v -0.332107 -0.040674 -0.228181
v -0.336485 0.118776 -0.191839
v -0.336485 -0.040558 -0.191930
v -0.336485 0.118811 -0.264466
v -0.336485 -0.040523 -0.264557
v -0.335969 -0.036501 -0.228139
v -0.335969 0.039015 -0.260531
v -0.335969 0.114500 -0.228139
v -0.335969 0.038984 -0.195746
v -0.340863 -0.038310 -0.262656
v -0.340863 0.039270 -0.260650
v -0.340863 0.116858 -0.262568
v -0.340863 -0.038343 -0.193950
v -0.340863 -0.036246 -0.228300
v -0.340863 0.116825 -0.193861
v -0.340863 0.039239 -0.195865
v -0.340863 0.114754 -0.228214
v -0.338416 -0.036389 -0.195827
v -0.338416 0.114612 -0.195784
v -0.338416 0.114643 -0.260569
v -0.338416 -0.036358 -0.260612
v 0.383875 0.118928 -0.228056
v 0.383875 0.039244 -0.264324
v 0.383875 -0.040406 -0.227965
v 0.383875 0.039278 -0.191697
v 0.375119 0.038975 -0.264449
v 0.375119 0.118659 -0.228181
v 0.375119 0.039010 -0.191822
v 0.375119 -0.040674 -0.228090
v 0.379497 0.118776 -0.264432
v 0.379497 -0.040558 -0.264341
v 0.379497 0.118811 -0.191805
v 0.379497 -0.040523 -0.191714
v 0.378981 -0.036501 -0.228132
v 0.378981 0.039015 -0.195740
v 0.378981 0.114500 -0.228132
v 0.378981 0.038984 -0.260525
v 0.383875 -0.038310 -0.193615
v 0.383875 0.039270 -0.195621
v 0.383875 0.116858 -0.193703
v 0.383875 -0.038343 -0.262321
v 0.383875 -0.036246 -0.227971
v 0.383875 0.116825 -0.262409
v 0.383875 0.039238 -0.260406
v 0.383875 0.114754 -0.228057
v 0.381428 -0.036389 -0.260444
v 0.381428 0.114612 -0.260487
v 0.381428 0.114643 -0.195702
v 0.381428 -0.036358 -0.195659
v -0.397862 0.324957 -0.216432
v -0.214900 0.324957 0.119683
v -0.215091 0.324957 0.127480
v -0.217233 0.321069 0.119683
v -0.217233 0.321069 0.127480
v -0.209487 0.317182 0.112229
v -0.210059 0.317182 0.203948
v -0.212376 0.324957 0.115017
v -0.213138 0.324957 0.209172
v -0.217233 0.324957 0.117253
v -0.217233 0.324957 0.211408
v -0.217233 0.317182 0.211408
v -0.217233 0.317182 0.123581
v -0.217233 0.317182 0.117253
v 0.017026 0.324957 0.292299
v 0.344798 0.324957 0.118712
v 0.441072 0.324957 -0.211941
v -0.400100 0.324957 -0.545455
v 0.021605 0.324957 -0.543215
v 0.443312 0.324957 -0.545455
v 0.443312 0.324957 0.121569
v 0.250765 0.324957 0.120327
v 0.247953 0.324957 0.205912
v 0.249621 0.324957 0.295968
v -0.214709 0.324957 0.112587
v -0.305023 0.324957 0.110351
v -0.400100 0.324957 0.112587
v -0.215281 0.324957 0.293101
v -0.309786 0.324957 0.114823
v -0.217233 0.321069 0.114823
v -0.402338 0.321069 0.114823
v -0.402338 0.324957 -0.216436
v 0.445552 0.324957 -0.211945
v 0.017314 0.324957 0.296770
v -0.217233 0.321069 0.295337
v 0.445552 0.321069 0.123805
v 0.349279 0.324957 0.123184
v -0.402338 0.321070 -0.547695
v 0.021607 0.324957 -0.547695
v 0.445552 0.321070 -0.547695
v 0.253005 0.321069 0.122563
v 0.252433 0.324957 0.210384
v 0.251861 0.321069 0.298204
v -0.309786 0.317182 0.114823
v -0.402338 0.317182 -0.216436
v 0.445552 0.317182 -0.211945
v 0.017314 0.317182 0.296770
v 0.349279 0.317182 0.123184
v -0.394878 0.317182 -0.540235
v 0.021607 0.317182 -0.547695
v 0.438092 0.317182 -0.540235
v 0.438092 0.317182 0.116344
v 0.245545 0.317182 0.115103
v 0.252433 0.317182 0.210384
v 0.244401 0.317182 0.290744
v -0.210059 0.317182 0.287876
v -0.209487 0.317182 0.109799
v -0.394878 0.317182 0.109187
v -0.202313 0.317182 0.192596
v 0.237513 0.317182 0.195463
v 0.334358 0.317182 0.108263
v -0.294579 0.317182 0.104163
v 0.430632 0.317182 -0.211945
v -0.387417 0.317182 -0.214612
v 0.021607 0.317182 -0.532774
v 0.017028 0.317182 0.281850
v -0.237569 -0.272690 0.108043
v -0.189197 -0.305750 0.107637
v -0.237604 -0.338758 0.107546
v -0.285975 -0.305699 0.107951
v -0.189091 -0.272903 0.105180
v -0.189125 -0.338972 0.104931
v -0.285869 -0.272851 0.105337
v -0.285903 -0.338920 0.105088
v -0.237435 -0.333760 0.105695
v -0.280584 -0.306198 0.106042
v -0.237406 -0.278681 0.106109
v -0.194256 -0.306244 0.105761
v -0.280750 -0.305849 0.109746
v -0.237600 -0.333412 0.109399
v -0.194422 -0.305895 0.109465
v -0.237572 -0.278332 0.109813
v -0.194353 -0.333609 0.107407
v -0.194324 -0.278529 0.107820
v -0.280652 -0.278484 0.108101
v -0.280681 -0.333563 0.107687
v 0.274434 -0.272690 0.108043
v 0.322806 -0.305750 0.107637
v 0.274400 -0.338758 0.107546
v 0.226028 -0.305699 0.107951
v 0.322912 -0.272903 0.105180
v 0.322878 -0.338972 0.104931
v 0.226134 -0.272851 0.105337
v 0.226100 -0.338920 0.105088
v 0.274569 -0.333760 0.105695
v 0.231419 -0.306198 0.106042
v 0.274598 -0.278681 0.106109
v 0.317747 -0.306244 0.105761
v 0.231254 -0.305849 0.109746
v 0.274403 -0.333412 0.109399
v 0.317582 -0.305895 0.109465
v 0.274432 -0.278332 0.109813
v 0.317650 -0.333609 0.107407
v 0.317679 -0.278529 0.107820
v 0.231351 -0.278484 0.108101
v 0.231322 -0.333563 0.107687
v 0.130007 0.268200 0.244689
v 0.161423 0.246188 0.244689
v 0.130003 0.224176 0.244689
v 0.098587 0.246188 0.244689
v 0.161479 0.268084 0.243516
v 0.161476 0.224058 0.243624
v 0.098643 0.268085 0.243449
v 0.098639 0.224059 0.243557
v 0.130109 0.227512 0.243871
v 0.102085 0.245863 0.243871
v 0.130112 0.264214 0.243871
v 0.158136 0.245863 0.243870
v 0.101982 0.246083 0.245475
v 0.130006 0.227732 0.245475
v 0.158034 0.246083 0.245475
v 0.130010 0.264434 0.245475
v 0.158083 0.227622 0.244673
v 0.158087 0.264324 0.244672
v 0.102035 0.264324 0.244673
v 0.102032 0.227622 0.244673
v -0.082438 0.268200 0.244689
v -0.051033 0.246173 0.244689
v -0.082463 0.224176 0.244689
v -0.113869 0.246203 0.244689
v -0.050966 0.268069 0.243517
v -0.050990 0.224043 0.243624
v -0.113803 0.268100 0.243449
v -0.113827 0.224074 0.243556
v -0.082356 0.227512 0.243871
v -0.110371 0.245877 0.243871
v -0.082335 0.264214 0.243871
v -0.054320 0.245850 0.243871
v -0.110474 0.246097 0.245475
v -0.082458 0.227732 0.245475
v -0.054422 0.246070 0.245475
v -0.082437 0.264435 0.245475
v -0.054381 0.227609 0.244673
v -0.054360 0.264311 0.244673
v -0.110412 0.264338 0.244673
v -0.110433 0.227636 0.244673
v -0.173546 -0.036358 0.147711
v -0.173546 0.114643 0.147754
v -0.173546 0.114612 0.212539
v -0.173546 -0.036389 0.212496
v -0.175993 0.114754 0.180109
v -0.175993 0.039239 0.212459
v -0.175993 -0.036246 0.180023
v -0.175993 0.039270 0.147673
v -0.171099 0.038984 0.212577
v -0.171099 0.114500 0.180184
v -0.171099 0.039015 0.147792
v -0.171099 -0.036501 0.180184
v -0.171615 -0.040523 0.143766
v -0.171615 0.118811 0.143857
v -0.171615 -0.040558 0.216393
v -0.171615 0.118776 0.216484
v -0.175993 0.039278 0.143749
v -0.175993 -0.040406 0.180017
v -0.175993 0.039244 0.216376
v -0.175993 0.118928 0.180108
v 0.210590 -0.036358 0.212664
v 0.210590 0.114643 0.212621
v 0.210590 0.114612 0.147836
v 0.210590 -0.036389 0.147879
v 0.213037 0.114754 0.180266
v 0.213037 0.039239 0.147917
v 0.213037 -0.036246 0.180352
v 0.213037 0.039270 0.212702
v 0.208143 0.038984 0.147798
v 0.208143 0.114500 0.180191
v 0.208143 0.039015 0.212583
v 0.208143 -0.036501 0.180191
v 0.208659 -0.040523 0.216609
v 0.208659 0.118811 0.216518
v 0.208659 -0.040558 0.143982
v 0.208659 0.118776 0.143891
v 0.213037 0.039278 0.216626
v 0.213037 -0.040406 0.180358
v 0.213037 0.039244 0.143999
v 0.213037 0.118928 0.180267
v 0.381428 -0.036358 0.043068
v 0.381428 0.114643 0.043024
v 0.381428 0.114612 -0.021761
v 0.381428 -0.036389 -0.021718
v 0.383875 0.114754 0.010669
v 0.383875 0.039239 -0.021680
v 0.383875 -0.036246 0.010756
v 0.383875 0.039270 0.043105
v 0.378981 0.038984 -0.021799
v 0.378981 0.114500 0.010594
v 0.378981 0.039015 0.042987
v 0.378981 -0.036501 0.010594
v 0.379497 -0.040523 0.047012
v 0.379497 0.118811 0.046921
v 0.379497 -0.040558 -0.025615
v 0.379497 0.118776 -0.025706
v 0.383875 0.039278 0.047029
v 0.383875 -0.040406 0.010761
v 0.383875 0.039244 -0.025598
v 0.383875 0.118928 0.010670
v 0.381428 -0.036358 -0.076296
v 0.381428 0.114643 -0.076339
v 0.381428 0.114612 -0.141124
v 0.381428 -0.036389 -0.141081
v 0.383875 0.114754 -0.108694
v 0.383875 0.039239 -0.141043
v 0.383875 -0.036246 -0.108607
v 0.383875 0.039270 -0.076258
v 0.378981 0.038984 -0.141162
v 0.378981 0.114500 -0.108769
v 0.378981 0.039015 -0.076377
v 0.378981 -0.036501 -0.108769
v 0.379497 -0.040523 -0.072351
v 0.379497 0.118811 -0.072442
v 0.379497 -0.040558 -0.144978
v 0.379497 0.118776 -0.145069
v 0.383875 0.039278 -0.072334
v 0.383875 -0.040406 -0.108602
v 0.383875 0.039244 -0.144961
v 0.383875 0.118928 -0.108693
v -0.338416 -0.036358 -0.021886
v -0.338416 0.114643 -0.021843
v -0.338416 0.114612 0.042943
v -0.338416 -0.036389 0.042899
v -0.340863 0.114754 0.010512
v -0.340863 0.039239 0.042862
v -0.340863 -0.036246 0.010426
v -0.340863 0.039270 -0.021924
v -0.335969 0.038984 0.042980
v -0.335969 0.114500 0.010587
v -0.335969 0.039015 -0.021805
v -0.335969 -0.036501 0.010587
v -0.336485 -0.040523 -0.025831
v -0.336485 0.118811 -0.025740
v -0.336485 -0.040558 0.046796
v -0.336485 0.118776 0.046887
v -0.340863 0.039278 -0.025848
v -0.340863 -0.040406 0.010420
v -0.340863 0.039244 0.046779
v -0.340863 0.118928 0.010511
v -0.338416 -0.036358 -0.141249
v -0.338416 0.114643 -0.141206
v -0.338416 0.114612 -0.076421
v -0.338416 -0.036389 -0.076464
v -0.340863 0.114754 -0.108851
v -0.340863 0.039239 -0.076501
v -0.340863 -0.036246 -0.108937
v -0.340863 0.039270 -0.141287
v -0.335969 0.038984 -0.076383
v -0.335969 0.114500 -0.108776
v -0.335969 0.039015 -0.141168
v -0.335969 -0.036501 -0.108776
v -0.336485 -0.040523 -0.145194
v -0.336485 0.118811 -0.145103
v -0.336485 -0.040558 -0.072567
v -0.336485 0.118776 -0.072476
v -0.340863 0.039278 -0.145211
v -0.340863 -0.040406 -0.108943
v -0.340863 0.039244 -0.072584
v -0.340863 0.118928 -0.108852
v 0.261531 -0.036358 0.098786
v 0.261574 0.114643 0.098786
v 0.326359 0.114612 0.098786
v 0.326316 -0.036389 0.098786
v 0.293929 0.114754 0.101233
v 0.326278 0.039239 0.101233
v 0.293843 -0.036246 0.101233
v 0.261493 0.039270 0.101233
v 0.326397 0.038984 0.096339
v 0.294004 0.114500 0.096339
v 0.261612 0.039015 0.096339
v 0.294004 -0.036501 0.096339
v 0.257586 -0.040523 0.096855
v 0.257677 0.118811 0.096855
v 0.330213 -0.040558 0.096855
v 0.330304 0.118776 0.096855
v 0.257569 0.039278 0.101233
v 0.293837 -0.040406 0.101233
v 0.330196 0.039244 0.101233
v 0.293928 0.118928 0.101233
v -0.290524 -0.036358 0.098786
v -0.290480 0.114643 0.098786
v -0.225695 0.114612 0.098786
v -0.225738 -0.036389 0.098786
v -0.258126 0.114754 0.101233
v -0.225776 0.039239 0.101233
v -0.258212 -0.036246 0.101233
v -0.290561 0.039270 0.101233
v -0.225658 0.038984 0.096339
v -0.258050 0.114500 0.096339
v -0.290443 0.039015 0.096339
v -0.258050 -0.036501 0.096339
v -0.294469 -0.040523 0.096855
v -0.294378 0.118811 0.096855
v -0.221841 -0.040558 0.096855
v -0.221750 0.118776 0.096855
v -0.294485 0.039278 0.101233
v -0.258217 -0.040406 0.101233
v -0.221858 0.039244 0.101233
v -0.258126 0.118928 0.101233
v -0.111479 -0.036358 0.248693
v -0.111436 0.114643 0.248693
v -0.046650 0.114612 0.248693
v -0.046694 -0.036389 0.248693
v -0.079081 0.114754 0.251140
v -0.046731 0.039239 0.251140
v -0.079167 -0.036246 0.251140
v -0.111517 0.039270 0.251140
v -0.046613 0.038984 0.246246
v -0.079006 0.114500 0.246246
v -0.111398 0.039015 0.246246
v -0.079006 -0.036501 0.246246
v -0.115424 -0.040523 0.246762
v -0.115333 0.118811 0.246762
v -0.042797 -0.040558 0.246762
v -0.042706 0.118776 0.246762
v -0.115441 0.039278 0.251140
v -0.079173 -0.040406 0.251140
v -0.042814 0.039244 0.251140
v -0.079082 0.118928 0.251140
v 0.097407 -0.036358 0.248693
v 0.097450 0.114643 0.248693
v 0.162235 0.114612 0.248693
v 0.162192 -0.036389 0.248693
v 0.129805 0.114754 0.251140
v 0.162154 0.039239 0.251140
v 0.129718 -0.036246 0.251140
v 0.097369 0.039270 0.251140
v 0.162273 0.038984 0.246246
v 0.129880 0.114500 0.246246
v 0.097487 0.039015 0.246246
v 0.129880 -0.036501 0.246246
v 0.093462 -0.040523 0.246762
v 0.093553 0.118811 0.246762
v 0.166089 -0.040558 0.246762
v 0.166180 0.118776 0.246762
v 0.093445 0.039278 0.251140
v 0.129713 -0.040406 0.251140
v 0.166072 0.039244 0.251140
v 0.129804 0.118928 0.251140
v -0.007036 -0.036358 0.248693
v -0.006993 0.114643 0.248693
v 0.057792 0.114612 0.248693
v 0.057749 -0.036389 0.248693
v 0.025362 0.114754 0.251140
v 0.057711 0.039239 0.251140
v 0.025276 -0.036246 0.251140
v -0.007074 0.039270 0.251140
v 0.057830 0.038984 0.246246
v 0.025437 0.114500 0.246246
v -0.006955 0.039015 0.246246
v 0.025437 -0.036501 0.246246
v -0.010981 -0.040523 0.246762
v -0.010890 0.118811 0.246762
v 0.061646 -0.040558 0.246762
v 0.061737 0.118776 0.246762
v -0.010998 0.039278 0.251140
v 0.025270 -0.040406 0.251140
v 0.061629 0.039244 0.251140
v 0.025361 0.118928 0.251140
v 0.175168 0.405792 -0.304507
v 0.103140 0.405792 -0.304507
v 0.175168 0.405792 -0.232480
v 0.103140 0.405792 -0.232480
v 0.099374 0.451981 -0.228714
v 0.099374 0.451981 -0.308273
v 0.178934 0.451981 -0.228714
v 0.178934 0.451981 -0.308273
v 0.095608 0.464509 -0.312039
v 0.139154 0.469243 -0.312039
v 0.182700 0.464509 -0.312039
v 0.182700 0.469243 -0.268493
v 0.182700 0.464509 -0.224948
v 0.139154 0.469243 -0.224948
v 0.095608 0.464508 -0.224948
v 0.095608 0.469243 -0.268494
v 0.108574 0.469243 -0.268493
v 0.139154 0.469243 -0.237914
v 0.169734 0.469243 -0.268493
v 0.139154 0.469243 -0.299073
v 0.108574 0.418320 -0.299073
v 0.169734 0.418319 -0.299073
v 0.169734 0.418319 -0.237914
v 0.108574 0.418319 -0.237914
v -0.025262 -0.387037 0.031502
v -0.025262 -0.390199 0.031502
v -0.023073 -0.388618 0.029204
v -0.025262 -0.388618 0.033800
v -0.024412 -0.389971 0.034899
v -0.023562 -0.388618 0.035997
v -0.024412 -0.387265 0.034899
v -0.018301 -0.387265 0.036382
v -0.018301 -0.389971 0.036382
v -0.003731 -0.387265 0.034764
v -0.003731 -0.389971 0.034764
v -0.003147 -0.388618 0.035537
v -0.022013 -0.390937 0.028099
v -0.022013 -0.386299 0.028099
v -0.025736 -0.386299 0.028099
v -0.025736 -0.390937 0.028099
v 0.263523 -0.400244 -0.496350
v 0.261428 -0.400244 -0.496018
v 0.217054 -0.400244 -0.496350
v 0.214958 -0.400244 -0.496018
v 0.239941 -0.400244 -0.496350
v 0.237845 -0.400244 -0.496018
v 0.193188 -0.400244 -0.496350
v 0.191092 -0.400244 -0.496018
v 0.170450 -0.400244 -0.496350
v 0.168354 -0.400244 -0.496018
v 0.147868 -0.400244 -0.496350
v 0.145772 -0.400244 -0.496018
v -0.355053 0.285167 0.106216
v -0.350175 0.284314 0.107270
v -0.347958 0.284357 0.111742
v -0.350072 0.284865 0.116264
v -0.354924 0.286256 0.117430
v -0.358861 0.287359 0.114363
v -0.358919 0.286816 0.109372
v -0.347132 -0.118977 0.105514
v -0.352440 -0.118086 0.107076
v -0.342602 -0.118939 0.108690
v -0.342261 -0.118934 0.114212
v -0.346364 -0.118431 0.117923
v -0.351824 -0.117543 0.117027
v -0.354527 -0.117329 0.112200
v -0.359405 0.285878 0.111874
v -0.357311 0.285132 0.107395
v -0.357210 0.285683 0.116303
v -0.352378 0.284235 0.117348
v -0.348548 0.283758 0.114221
v -0.350854 0.283128 0.115306
v -0.348605 0.283749 0.109277
v -0.349195 0.283149 0.111756
v -0.352505 0.283681 0.106239
v -0.350935 0.283115 0.108246
v -0.354764 0.283646 0.107418
v -0.356942 0.282171 0.107956
v -0.352714 0.281644 0.106940
v -0.349284 0.281705 0.109612
v -0.349234 0.281713 0.113960
v -0.352602 0.281662 0.116710
v -0.356852 0.282186 0.115791
v -0.358783 0.282148 0.111895
v -0.275394 0.300105 0.114150
v -0.349047 0.283028 0.111744
v -0.275394 0.300105 0.121603
v -0.283140 0.306826 0.112138
v -0.283140 0.306826 0.123187
v -0.349047 0.285861 0.106220
v -0.349047 0.285861 0.117269
v 0.125592 -0.348367 0.115674
v 0.093989 -0.348359 0.115571
v 0.093857 -0.265726 0.146399
v 0.094026 -0.267240 0.121049
v 0.125460 -0.265741 0.146605
v 0.125629 -0.267248 0.121152
v 0.093781 -0.187825 0.160538
v 0.125384 -0.187832 0.160744
v 0.125209 -0.187659 0.187692
v 0.093606 -0.187652 0.187486
v -0.087421 -0.187608 0.186306
v -0.055818 -0.187616 0.186512
v -0.055642 -0.187789 0.159564
v -0.087245 -0.187781 0.159358
v -0.055567 -0.265654 0.145425
v -0.087170 -0.265638 0.145218
v -0.087038 -0.348316 0.114981
v -0.055435 -0.348324 0.115084
v 0.383974 -0.347049 0.102503
v 0.021011 -0.171591 0.102503
v 0.383974 -0.171591 -0.194396
v -0.341953 -0.346911 0.102503
v -0.341953 -0.171591 -0.194396
v 0.383974 -0.351174 -0.491296
v 0.021010 -0.171591 -0.491296
v -0.341953 -0.351000 -0.491296
v 0.021117 -0.171591 -0.496909
v -0.347230 -0.171591 -0.194398
v 0.389463 -0.171591 -0.194398
v 0.021117 -0.171591 0.108113
v 0.389463 -0.161213 0.108113
v 0.021116 -0.150836 0.108113
v -0.347230 -0.161213 0.108113
v 0.389463 -0.161213 -0.496909
v 0.389463 -0.150836 -0.194398
v -0.347230 -0.150836 -0.194398
v -0.347230 -0.161213 -0.496909
v 0.021117 -0.150836 -0.496909
v 0.023089 -0.150836 -0.493068
v -0.341156 -0.150836 -0.196002
v 0.385405 -0.150836 -0.196002
v 0.383602 0.068163 0.101064
v -0.341156 0.068163 0.101064
v 0.387460 0.068164 -0.493068
v 0.385657 0.287163 -0.196002
v -0.341156 0.287163 -0.196002
v -0.341157 0.068164 -0.493068
v 0.023215 0.287163 -0.493068
v -0.178301 0.068164 0.101064
v 0.213414 0.068163 0.101064
v 0.213414 -0.150369 0.177506
v 0.017556 -0.149903 0.253948
v -0.178301 -0.150369 0.177506
v 0.213414 0.287163 0.177506
v 0.213414 0.068630 0.253948
v -0.178301 0.287163 0.177506
v 0.017556 0.287163 0.253948
v -0.178301 0.068630 0.253948
v -0.165704 0.070290 0.253948
v 0.017286 0.275276 0.253948
v 0.200042 0.070290 0.253948
v 0.017052 -0.134695 0.253948
v 0.199962 -0.134695 0.248166
v 0.017126 -0.134695 0.242384
v -0.165784 -0.134695 0.248166
v 0.200196 0.275276 0.248166
v 0.200116 0.070290 0.242384
v -0.165549 0.275276 0.248166
v 0.017361 0.275276 0.242384
v -0.165630 0.070290 0.242384
v -0.178301 0.070290 0.242395
v -0.178301 0.275276 0.177034
v -0.178301 -0.134695 0.177034
v -0.178301 0.070290 0.111673
v -0.172584 -0.134695 0.111673
v -0.166749 0.070290 0.111673
v -0.172466 0.275276 0.111673
v -0.173058 -0.134695 0.242395
v -0.167340 -0.134695 0.177034
v -0.167106 0.275276 0.177034
v -0.172941 0.275276 0.242395
v -0.167697 0.070290 0.242395
v 0.213414 0.070290 0.242395
v 0.213414 0.275276 0.177034
v 0.213414 -0.134695 0.177034
v 0.213414 0.070290 0.111673
v 0.208836 0.275276 0.111673
v 0.204259 0.070290 0.111673
v 0.208836 -0.134695 0.111673
v 0.204259 -0.134695 0.177034
v 0.208836 -0.134695 0.242395
v 0.208836 0.275276 0.242395
v 0.204259 0.275276 0.177034
v 0.204259 0.070290 0.242395
v -0.260011 0.275276 0.101064
v -0.187028 0.070290 0.101064
v -0.260245 -0.134695 0.101064
v -0.333228 0.070290 0.101064
v -0.333271 -0.134695 0.096796
v -0.333080 0.070290 0.092528
v -0.333037 0.275276 0.096796
v -0.187071 -0.134695 0.096796
v -0.260097 -0.134695 0.092528
v -0.186837 0.275276 0.096796
v -0.186880 0.070290 0.092528
v -0.259863 0.275276 0.092528
v 0.296514 -0.134695 0.101064
v 0.221702 0.070290 0.101064
v 0.296631 0.275276 0.101064
v 0.371443 0.070290 0.101064
v 0.371609 0.275276 0.096796
v 0.371541 0.070290 0.092528
v 0.371375 -0.134695 0.096796
v 0.221702 0.275276 0.096796
v 0.296680 0.275276 0.092528
v 0.221702 -0.134695 0.096796
v 0.221702 0.070290 0.092528
v 0.296563 -0.134695 0.092528
v 0.385648 0.275276 -0.197543
v 0.387376 0.070290 -0.480894
v 0.383686 0.070290 0.085808
v 0.385414 -0.134695 -0.197543
v 0.381166 -0.134695 -0.480894
v 0.375072 -0.134695 -0.197543
v 0.379320 -0.134695 0.085808
v 0.375072 0.070290 0.085808
v 0.379437 0.275276 0.085808
v 0.381283 0.275276 -0.480894
v 0.375072 0.070290 -0.480894
v 0.375072 0.275276 -0.197543
v 0.023293 0.275276 -0.493068
v -0.321894 0.070290 -0.493068
v 0.368245 0.070290 -0.493068
v 0.023059 -0.134695 -0.493068
v -0.322042 -0.134695 -0.489656
v 0.022995 -0.134695 -0.486245
v 0.368096 -0.134695 -0.489656
v 0.368181 0.070290 -0.486245
v 0.368330 0.275276 -0.489657
v -0.321808 0.275276 -0.489657
v -0.321957 0.070290 -0.486245
v 0.023229 0.275276 -0.486245
v -0.341156 0.070290 -0.480894
v -0.341156 0.275276 -0.197543
v -0.341156 0.070290 0.085808
v -0.341157 -0.134695 -0.197543
v -0.336659 -0.134695 0.085808
v -0.332162 -0.134695 -0.197543
v -0.336659 -0.134695 -0.480894
v -0.336659 0.275276 0.085808
v -0.332162 0.070290 0.085808
v -0.336659 0.275276 -0.480894
v -0.332162 0.275276 -0.197543
v -0.332162 0.070290 -0.480894
v 0.225177 0.302173 0.268616
v 0.017028 0.317182 0.281850
v -0.190593 0.302173 0.267182
v -0.364287 0.302173 -0.512921
v 0.021607 0.317182 -0.532774
v 0.409109 0.302173 -0.512921
v -0.364287 0.302173 0.102307
v -0.387417 0.317182 -0.214612
v 0.430632 0.317182 -0.211945
v 0.407180 0.302173 0.104974
v 0.397767 0.342289 0.084469
v -0.354834 0.342289 0.081802
v 0.397767 0.342289 -0.506566
v 0.364902 0.367396 -0.210153
v -0.322251 0.367396 -0.210153
v -0.354834 0.342289 -0.506566
v 0.021326 0.367396 -0.480358
v -0.047227 -0.394989 0.102503
v 0.019021 -0.267747 0.102503
v 0.085269 -0.395056 0.102503
v 0.085269 -0.267747 0.107989
v 0.085269 -0.394969 0.113475
v -0.047227 -0.267747 0.107989
v 0.019021 -0.267747 0.113475
v -0.047227 -0.394937 0.113475
v -0.040106 -0.396633 0.113475
v 0.019174 -0.276766 0.113475
v 0.019105 -0.516500 0.113475
v 0.078386 -0.396633 0.113475
v 0.078773 -0.276766 0.064834
v 0.079022 -0.396633 0.016192
v 0.078635 -0.516500 0.064834
v 0.019423 -0.516500 0.016192
v -0.040106 -0.516500 0.064834
v -0.040106 -0.276766 0.064834
v 0.019492 -0.276766 0.016192
v -0.040106 -0.396633 0.016192
v -0.134042 -0.348305 0.114828
v -0.165645 -0.348297 0.114724
v -0.165777 -0.265601 0.144706
v -0.165608 -0.267178 0.120202
v -0.134174 -0.265616 0.144912
v -0.134005 -0.267186 0.120305
v -0.165852 -0.187762 0.158845
v -0.134249 -0.187770 0.159051
v -0.134425 -0.187597 0.185999
v -0.166028 -0.187589 0.185793
v 0.168971 -0.187670 0.187977
v 0.200575 -0.187677 0.188183
v 0.200750 -0.187850 0.161235
v 0.169147 -0.187843 0.161029
v 0.200826 -0.265777 0.147096
v 0.169223 -0.265762 0.146890
v 0.169354 -0.348378 0.115817
v 0.200958 -0.348385 0.115920
v 0.204758 -0.351174 -0.500419
v 0.121523 -0.400209 -0.500260
v 0.204825 -0.449162 -0.499562
v 0.288060 -0.400127 -0.499722
v 0.121347 -0.351161 -0.495992
v 0.121413 -0.449149 -0.495564
v 0.287884 -0.351078 -0.495723
v 0.287950 -0.449067 -0.495295
v 0.279062 -0.400296 -0.499177
v 0.204812 -0.441178 -0.499060
v 0.130507 -0.400421 -0.499657
v 0.204757 -0.359539 -0.499774
v 0.130399 -0.441215 -0.496163
v 0.130343 -0.359524 -0.496520
v 0.278898 -0.359450 -0.496280
v 0.278954 -0.441090 -0.495923
v -0.002839 -0.387941 0.034908
v -0.002839 -0.389294 0.034908
v -0.087001 -0.267197 0.120459
v -0.055398 -0.267205 0.120562
v 0.169391 -0.267259 0.121294
v 0.200994 -0.267266 0.121397
v -0.294579 0.317182 0.104163
v 0.334358 0.317182 0.108263
v 0.237513 0.317182 0.195463
v 0.225749 0.302173 0.104353
v -0.190021 0.302173 0.102920
v -0.202313 0.317182 0.192596
v 0.073095 -0.511049 0.021593
v 0.073157 -0.396633 0.026993
v 0.073220 -0.282217 0.021593
v -0.034242 -0.511049 0.021593
v 0.019427 -0.511049 0.026993
v 0.019489 -0.282217 0.026993
v -0.034242 -0.282217 0.021593
v -0.034242 -0.396633 0.026993
v -0.008094 -0.389971 0.036152
v -0.008094 -0.387265 0.036152
v -0.023073 -0.390199 0.031502
v -0.023073 -0.387037 0.031502
v -0.349047 0.288694 0.116456
v -0.349047 0.286605 0.115643
v -0.349047 0.286605 0.107846
v -0.349047 0.288694 0.107033
v -0.283140 0.306826 0.121561
v -0.283140 0.306826 0.113764
v -0.349047 0.284516 0.111744
v -0.283140 0.300849 0.121561
v -0.283140 0.300849 0.113764
v -0.148042 0.342289 0.253786
v 0.186396 0.342289 0.256468
v 0.021326 0.367396 0.228404
v -0.207725 0.367396 0.060053
v 0.250377 0.367396 0.060053
v -0.147470 0.342289 0.082414
v 0.186968 0.342289 0.083848
v -0.283140 0.300105 0.112138
v -0.283140 0.300105 0.123187
v -0.340863 0.118928 -0.347578
v -0.340863 0.039244 -0.311310
v -0.340863 -0.040406 -0.347669
v -0.340863 0.039278 -0.383937
v -0.336485 0.118776 -0.311202
v -0.336485 -0.040558 -0.311293
v -0.336485 0.118811 -0.383829
v -0.336485 -0.040523 -0.383920
v -0.335969 -0.036501 -0.347502
v -0.335969 0.039015 -0.379894
v -0.335969 0.114500 -0.347502
v -0.335969 0.038984 -0.315109
v -0.340863 0.039270 -0.380013
v -0.340863 -0.036246 -0.347663
v -0.340863 0.039239 -0.315228
v -0.340863 0.114754 -0.347577
v -0.338416 -0.036389 -0.315190
v -0.338416 0.114612 -0.315147
v -0.338416 0.114643 -0.379932
v -0.338416 -0.036358 -0.379975
v -0.340863 0.118928 -0.228215
v -0.340863 0.039244 -0.191947
v -0.340863 -0.040406 -0.228306
v -0.340863 0.039278 -0.264574
v -0.336485 0.118776 -0.191839
v -0.336485 -0.040558 -0.191930
v -0.336485 0.118811 -0.264466
v -0.336485 -0.040523 -0.264557
v -0.335969 -0.036501 -0.228139
v -0.335969 0.039015 -0.260531
v -0.335969 0.114500 -0.228139
v -0.335969 0.038984 -0.195746
v -0.340863 0.039270 -0.260650
v -0.340863 -0.036246 -0.228300
v -0.340863 0.039239 -0.195865
v -0.340863 0.114754 -0.228214
v -0.338416 -0.036389 -0.195827
v -0.338416 0.114612 -0.195784
v -0.338416 0.114643 -0.260569
v -0.338416 -0.036358 -0.260612
v 0.383875 0.118928 -0.228056
v 0.383875 0.039244 -0.264324
v 0.383875 -0.040406 -0.227965
v 0.383875 0.039278 -0.191697
v 0.379497 0.118776 -0.264432
v 0.379497 -0.040558 -0.264341
v 0.379497 0.118811 -0.191805
v 0.379497 -0.040523 -0.191714
v 0.378981 -0.036501 -0.228132
v 0.378981 0.039015 -0.195740
v 0.378981 0.114500 -0.228132
v 0.378981 0.038984 -0.260525
v 0.383875 0.039270 -0.195621
v 0.383875 -0.036246 -0.227971
v 0.383875 0.039238 -0.260406
v 0.383875 0.114754 -0.228057
v 0.381428 -0.036389 -0.260444
v 0.381428 0.114612 -0.260487
v 0.381428 0.114643 -0.195702
v 0.381428 -0.036358 -0.195659
v -0.217233 0.324957 0.117253
v -0.217233 0.324957 0.211408
v -0.217233 0.317182 0.211408
v -0.217233 0.317182 0.117253
v -0.309786 0.324957 0.114823
v -0.217233 0.321069 0.114823
v -0.402338 0.321069 0.114823
v -0.402338 0.324957 -0.216436
v 0.445552 0.324957 -0.211945
v 0.017314 0.324957 0.296770
v -0.217233 0.321069 0.295337
v 0.445552 0.321069 0.123805
v 0.349279 0.324957 0.123184
v -0.402338 0.321070 -0.547695
v 0.021607 0.324957 -0.547695
v 0.445552 0.321070 -0.547695
v 0.253005 0.321069 0.122563
v 0.252433 0.324957 0.210384
v 0.251861 0.321069 0.298204
v -0.309786 0.317182 0.114823
v -0.402338 0.317182 -0.216436
v 0.445552 0.317182 -0.211945
v 0.017314 0.317182 0.296770
v 0.349279 0.317182 0.123184
v 0.021607 0.317182 -0.547695
v 0.252433 0.317182 0.210384
v -0.189215 -0.338784 0.107389
v -0.189180 -0.272716 0.107886
v -0.285958 -0.272665 0.108200
v -0.285992 -0.338733 0.107703
v -0.189036 -0.339160 0.102473
v -0.189002 -0.273090 0.102473
v -0.285781 -0.273037 0.102473
v -0.285814 -0.339108 0.102473
v -0.194270 -0.333783 0.105555
v -0.280598 -0.333738 0.105835
v -0.280570 -0.278658 0.106249
v -0.194241 -0.278704 0.105968
v -0.280736 -0.278310 0.109953
v -0.280764 -0.333389 0.109539
v -0.194436 -0.333435 0.109259
v -0.194407 -0.278355 0.109673
v 0.322789 -0.338784 0.107389
v 0.322823 -0.272716 0.107886
v 0.226046 -0.272665 0.108200
v 0.226011 -0.338733 0.107703
v 0.322968 -0.339160 0.102473
v 0.323001 -0.273090 0.102473
v 0.226223 -0.273037 0.102473
v 0.226189 -0.339108 0.102473
v 0.317733 -0.333783 0.105555
v 0.231405 -0.333738 0.105835
v 0.231434 -0.278658 0.106249
v 0.317762 -0.278704 0.105968
v 0.231268 -0.278310 0.109953
v 0.231239 -0.333389 0.109539
v 0.317567 -0.333435 0.109259
v 0.317596 -0.278355 0.109673
v 0.161421 0.224176 0.244689
v 0.161425 0.268200 0.244689
v 0.098589 0.268200 0.244689
v 0.098585 0.224175 0.244689
v 0.161531 0.223941 0.242560
v 0.161533 0.267968 0.242344
v 0.098696 0.267970 0.242208
v 0.098693 0.223943 0.242424
v 0.158135 0.227512 0.243870
v 0.102083 0.227512 0.243871
v 0.102086 0.264214 0.243871
v 0.158138 0.264214 0.243870
v 0.101984 0.264434 0.245475
v 0.101981 0.227732 0.245475
v 0.158032 0.227732 0.245475
v 0.158036 0.264434 0.245475
v -0.051045 0.224160 0.244689
v -0.051020 0.268185 0.244689
v -0.113856 0.268215 0.244689
v -0.113882 0.224191 0.244689
v -0.050936 0.223926 0.242560
v -0.050912 0.267953 0.242344
v -0.113749 0.267985 0.242208
v -0.113773 0.223958 0.242424
v -0.054330 0.227498 0.243871
v -0.110382 0.227526 0.243871
v -0.110361 0.264228 0.243871
v -0.054309 0.264201 0.243871
v -0.110463 0.264448 0.245475
v -0.110484 0.227746 0.245475
v -0.054433 0.227719 0.245475
v -0.054412 0.264421 0.245475
v -0.175993 0.114739 0.212502
v -0.175993 -0.036262 0.212415
v -0.175993 -0.036231 0.147630
v -0.175993 0.114770 0.147716
v -0.171099 0.114484 0.212577
v -0.171099 0.114515 0.147792
v -0.171099 -0.036485 0.147792
v -0.171099 -0.036516 0.212577
v -0.167237 -0.040657 0.143828
v -0.167237 0.118677 0.143919
v -0.167237 0.118642 0.216547
v -0.167237 -0.040692 0.216456
v -0.175993 -0.040389 0.143703
v -0.175993 0.118945 0.143794
v -0.175993 0.118911 0.216422
v -0.175993 -0.040423 0.216331
v 0.213037 0.114739 0.147873
v 0.213037 -0.036262 0.147960
v 0.213037 -0.036231 0.212745
v 0.213037 0.114770 0.212659
v 0.208143 0.114484 0.147798
v 0.208143 0.114515 0.212584
v 0.208143 -0.036485 0.212583
v 0.208143 -0.036516 0.147798
v 0.204281 -0.040657 0.216547
v 0.204281 0.118677 0.216456
v 0.204281 0.118642 0.143828
v 0.204281 -0.040692 0.143919
v 0.213037 -0.040389 0.216672
v 0.213037 0.118945 0.216581
v 0.213037 0.118911 0.143953
v 0.213037 -0.040423 0.144045
v 0.383875 0.114739 -0.021723
v 0.383875 -0.036262 -0.021637
v 0.383875 -0.036231 0.043148
v 0.383875 0.114770 0.043062
v 0.378981 0.114484 -0.021799
v 0.378981 0.114515 0.042987
v 0.378981 -0.036485 0.042987
v 0.378981 -0.036516 -0.021799
v 0.375119 -0.040657 0.046950
v 0.375119 0.118677 0.046859
v 0.375119 0.118642 -0.025768
v 0.375119 -0.040692 -0.025677
v 0.383875 -0.040389 0.047075
v 0.383875 0.118945 0.046984
v 0.383875 0.118911 -0.025643
v 0.383875 -0.040423 -0.025552
v 0.383875 0.114739 -0.141086
v 0.383875 -0.036262 -0.141000
v 0.383875 -0.036231 -0.076215
v 0.383875 0.114770 -0.076301
v 0.378981 0.114484 -0.141162
v 0.378981 0.114515 -0.076376
v 0.378981 -0.036485 -0.076377
v 0.378981 -0.036516 -0.141162
v 0.375119 -0.040657 -0.072413
v 0.375119 0.118677 -0.072504
v 0.375119 0.118642 -0.145132
v 0.375119 -0.040692 -0.145041
v 0.383875 -0.040389 -0.072288
v 0.383875 0.118945 -0.072379
v 0.383875 0.118911 -0.145007
v 0.383875 -0.040423 -0.144916
v -0.340863 0.114739 0.042905
v -0.340863 -0.036262 0.042819
v -0.340863 -0.036231 -0.021967
v -0.340863 0.114770 -0.021880
v -0.335969 0.114484 0.042980
v -0.335969 0.114515 -0.021805
v -0.335969 -0.036485 -0.021805
v -0.335969 -0.036516 0.042980
v -0.332107 -0.040657 -0.025768
v -0.332107 0.118677 -0.025677
v -0.332107 0.118642 0.046950
v -0.332107 -0.040692 0.046859
v -0.340863 -0.040389 -0.025893
v -0.340863 0.118945 -0.025802
v -0.340863 0.118911 0.046825
v -0.340863 -0.040423 0.046734
v -0.340863 0.114739 -0.076458
v -0.340863 -0.036262 -0.076545
v -0.340863 -0.036231 -0.141330
v -0.340863 0.114770 -0.141244
v -0.335969 0.114484 -0.076383
v -0.335969 0.114515 -0.141168
v -0.335969 -0.036485 -0.141168
v -0.335969 -0.036516 -0.076383
v -0.332107 -0.040657 -0.145132
v -0.332107 0.118677 -0.145041
v -0.332107 0.118642 -0.072413
v -0.332107 -0.040692 -0.072504
v -0.340863 -0.040389 -0.145256
v -0.340863 0.118945 -0.145165
v -0.340863 0.118911 -0.072538
v -0.340863 -0.040423 -0.072629
v 0.326321 0.114739 0.101233
v 0.326235 -0.036262 0.101233
v 0.261450 -0.036231 0.101233
v 0.261536 0.114770 0.101233
v 0.326397 0.114484 0.096339
v 0.261612 0.114515 0.096339
v 0.261612 -0.036485 0.096339
v 0.326397 -0.036516 0.096339
v 0.257648 -0.040657 0.092477
v 0.257740 0.118677 0.092477
v 0.330367 0.118642 0.092477
v 0.330276 -0.040692 0.092477
v 0.257523 -0.040389 0.101233
v 0.257614 0.118945 0.101233
v 0.330242 0.118911 0.101233
v 0.330151 -0.040423 0.101233
v -0.225733 0.114739 0.101233
v -0.225819 -0.036262 0.101233
v -0.290604 -0.036231 0.101233
v -0.290518 0.114770 0.101233
v -0.225658 0.114484 0.096339
v -0.290443 0.114515 0.096339
v -0.290443 -0.036485 0.096339
v -0.225658 -0.036516 0.096339
v -0.294406 -0.040657 0.092477
v -0.294315 0.118677 0.092477
v -0.221688 0.118642 0.092477
v -0.221779 -0.040692 0.092477
v -0.294531 -0.040389 0.101233
v -0.294440 0.118945 0.101233
v -0.221813 0.118911 0.101233
v -0.221904 -0.040423 0.101233
v -0.046688 0.114739 0.251140
v -0.046774 -0.036262 0.251140
v -0.111560 -0.036231 0.251140
v -0.111473 0.114770 0.251140
v -0.046613 0.114484 0.246246
v -0.111398 0.114515 0.246246
v -0.111398 -0.036485 0.246246
v -0.046613 -0.036516 0.246246
v -0.115361 -0.040657 0.242384
v -0.115270 0.118677 0.242384
v -0.042643 0.118642 0.242384
v -0.042734 -0.040692 0.242384
v -0.115486 -0.040389 0.251140
v -0.115395 0.118945 0.251140
v -0.042768 0.118911 0.251140
v -0.042859 -0.040423 0.251140
v 0.162197 0.114739 0.251140
v 0.162111 -0.036262 0.251140
v 0.097326 -0.036231 0.251140
v 0.097412 0.114770 0.251140
v 0.162273 0.114484 0.246246
v 0.097487 0.114515 0.246246
v 0.097487 -0.036485 0.246246
v 0.162273 -0.036516 0.246246
v 0.093524 -0.040657 0.242384
v 0.093615 0.118677 0.242384
v 0.166242 0.118642 0.242384
v 0.166151 -0.040692 0.242384
v 0.093399 -0.040389 0.251140
v 0.093490 0.118945 0.251140
v 0.166117 0.118911 0.251140
v 0.166026 -0.040423 0.251140
v 0.057755 0.114739 0.251140
v 0.057668 -0.036262 0.251140
v -0.007117 -0.036231 0.251140
v -0.007031 0.114770 0.251140
v 0.057830 0.114484 0.246246
v -0.006955 0.114515 0.246246
v -0.006955 -0.036485 0.246246
v 0.057830 -0.036516 0.246246
v -0.010919 -0.040657 0.242384
v -0.010828 0.118677 0.242384
v 0.061800 0.118642 0.242384
v 0.061709 -0.040692 0.242384
v -0.011044 -0.040389 0.251140
v -0.010952 0.118945 0.251140
v 0.061675 0.118911 0.251140
v 0.061584 -0.040423 0.251140
v 0.103140 0.367396 -0.304507
v 0.175168 0.367396 -0.304507
v 0.175168 0.367396 -0.232479
v 0.103140 0.367396 -0.232480
v 0.103140 0.444187 -0.304507
v 0.175168 0.444187 -0.304507
v 0.175168 0.444187 -0.232480
v 0.103140 0.444187 -0.232480
v 0.095608 0.459774 -0.312039
v 0.095608 0.459774 -0.224948
v 0.182700 0.459774 -0.224948
v 0.182700 0.459774 -0.312039
v 0.182700 0.469243 -0.312039
v 0.095608 0.469243 -0.312039
v 0.182700 0.469243 -0.224948
v 0.095608 0.469243 -0.224948
v 0.108574 0.469243 -0.299073
v 0.108574 0.469243 -0.237914
v 0.169734 0.469243 -0.237914
v 0.169734 0.469243 -0.299073
v 0.169734 0.367396 -0.299073
v 0.108574 0.367396 -0.299073
v 0.169734 0.367396 -0.237914
v 0.108574 0.367396 -0.237914
v -0.023073 -0.386808 0.029204
v -0.025262 -0.386808 0.029204
v -0.025262 -0.387265 0.033800
v -0.023073 -0.390427 0.029204
v -0.025262 -0.390427 0.029204
v -0.025262 -0.389971 0.033800
v -0.023073 -0.387265 0.033800
v -0.023073 -0.389971 0.033800
v -0.023562 -0.387265 0.035997
v -0.023562 -0.389971 0.035997
v -0.013040 -0.387265 0.036767
v -0.013040 -0.389971 0.036767
v -0.013056 -0.389971 0.034443
v -0.013056 -0.387265 0.034443
v -0.003147 -0.387265 0.035537
v -0.004314 -0.387265 0.033990
v -0.004314 -0.389971 0.033990
v -0.003147 -0.389971 0.035537
v -0.002531 -0.388618 0.034279
v -0.020954 -0.385789 0.026993
v -0.020954 -0.391447 0.026993
v -0.026209 -0.385789 0.026993
v -0.026209 -0.391447 0.026993
v 0.261428 -0.441090 -0.496018
v 0.263523 -0.441090 -0.496350
v 0.264239 -0.441090 -0.493027
v 0.260847 -0.441090 -0.493027
v 0.261428 -0.359399 -0.496018
v 0.263523 -0.359399 -0.496350
v 0.264239 -0.359399 -0.493027
v 0.260847 -0.359399 -0.493027
v 0.214958 -0.441090 -0.496018
v 0.217054 -0.441090 -0.496350
v 0.217769 -0.441090 -0.493027
v 0.214378 -0.441090 -0.493027
v 0.214958 -0.359399 -0.496018
v 0.217054 -0.359399 -0.496350
v 0.217769 -0.359399 -0.493027
v 0.214378 -0.359399 -0.493027
v 0.237845 -0.441090 -0.496018
v 0.239941 -0.441090 -0.496350
v 0.240656 -0.441090 -0.493027
v 0.237265 -0.441090 -0.493027
v 0.237845 -0.359399 -0.496018
v 0.239941 -0.359399 -0.496350
v 0.240656 -0.359399 -0.493027
v 0.237265 -0.359399 -0.493027
v 0.191092 -0.441090 -0.496018
v 0.193188 -0.441090 -0.496350
v 0.193903 -0.441090 -0.493027
v 0.190512 -0.441090 -0.493027
v 0.191092 -0.359399 -0.496018
v 0.193188 -0.359399 -0.496350
v 0.193903 -0.359399 -0.493027
v 0.190512 -0.359399 -0.493027
v 0.168354 -0.441090 -0.496018
v 0.170450 -0.441090 -0.496350
v 0.171016 -0.441090 -0.493027
v 0.167625 -0.441090 -0.493027
v 0.168354 -0.359399 -0.496018
v 0.170450 -0.359399 -0.496350
v 0.171016 -0.359399 -0.493027
v 0.167625 -0.359399 -0.493027
v 0.145772 -0.441090 -0.496018
v 0.147868 -0.441090 -0.496350
v 0.148583 -0.441090 -0.493027
v 0.145192 -0.441090 -0.493027
v 0.145772 -0.359399 -0.496018
v 0.147868 -0.359399 -0.496350
v 0.148583 -0.359399 -0.493027
v 0.145192 -0.359399 -0.493027
v -0.347134 -0.522230 0.107290
v -0.341905 -0.522230 0.105460
v -0.337215 -0.522230 0.108407
v -0.336595 -0.522230 0.113913
v -0.340512 -0.522230 0.117830
v -0.346016 -0.522230 0.117210
v -0.348963 -0.522230 0.112519
v -0.357746 0.286058 0.106863
v -0.352360 0.284276 0.105568
v -0.347990 0.284352 0.108972
v -0.347926 0.284363 0.114512
v -0.352217 0.285367 0.118016
v -0.357631 0.287145 0.116845
v -0.360092 0.287573 0.111882
v -0.356877 0.284206 0.107927
v -0.358719 0.284183 0.111866
v -0.356788 0.284221 0.115762
v -0.352538 0.283103 0.116681
v -0.349170 0.283153 0.113930
v -0.349220 0.283145 0.109582
v -0.352650 0.283085 0.106910
v -0.352778 0.280204 0.106970
v -0.357006 0.280137 0.107986
v -0.349348 0.280264 0.109642
v -0.349298 0.280272 0.113990
v -0.352666 0.280222 0.116740
v -0.356916 0.280151 0.115821
v -0.358847 0.280113 0.111925
v -0.349047 0.283028 0.106220
v -0.201741 0.317182 0.122079
v -0.201741 0.317182 0.125937
v -0.349047 0.283028 0.117269
v -0.349047 0.288694 0.106220
v -0.217233 0.324957 0.118057
v -0.217233 0.324957 0.129105
v -0.349047 0.288694 0.117269
v 0.125613 -0.390669 0.102617
v 0.094010 -0.390669 0.102617
v 0.094144 -0.308734 0.102554
v 0.125747 -0.308734 0.102554
v 0.125571 -0.306066 0.128731
v 0.093967 -0.306051 0.128525
v 0.093907 -0.225746 0.139544
v 0.093746 -0.225401 0.164273
v 0.125349 -0.225416 0.164479
v 0.125510 -0.225762 0.139750
v 0.093655 -0.149903 0.181532
v 0.125259 -0.149903 0.181738
v 0.125069 -0.149903 0.210905
v 0.093465 -0.149903 0.210699
v -0.087561 -0.149903 0.209519
v -0.055958 -0.149903 0.209725
v -0.055768 -0.149903 0.180558
v -0.087371 -0.149903 0.180352
v -0.055516 -0.225675 0.138570
v -0.055677 -0.225329 0.163298
v -0.087281 -0.225313 0.163092
v -0.087119 -0.225659 0.138364
v -0.087059 -0.305964 0.127345
v -0.055456 -0.305979 0.127551
v -0.087017 -0.390669 0.102617
v -0.055413 -0.390669 0.102617
v -0.055279 -0.308734 0.102554
v -0.086882 -0.308734 0.102554
v 0.383974 -0.522507 0.102503
v 0.383974 -0.171591 0.102503
v -0.341953 -0.171591 0.102503
v -0.341953 -0.522230 0.102503
v 0.383974 -0.530757 -0.491296
v 0.383974 -0.171591 -0.491296
v -0.341953 -0.171591 -0.491296
v -0.341953 -0.530408 -0.491296
v 0.389463 -0.171591 -0.496909
v -0.347230 -0.171591 -0.496909
v -0.347230 -0.171591 0.108113
v 0.389463 -0.171591 0.108113
v 0.389463 -0.150836 0.108113
v -0.347230 -0.150836 0.108113
v 0.389463 -0.150836 -0.496909
v -0.347230 -0.150836 -0.496909
v 0.387334 -0.150836 -0.493068
v -0.341157 -0.150836 -0.493068
v -0.341156 -0.150836 0.101064
v 0.383477 -0.150836 0.101064
v -0.341156 0.287163 0.101064
v 0.383728 0.287163 0.101064
v 0.387586 0.287163 -0.493068
v -0.341157 0.287163 -0.493068
v -0.178301 -0.150836 0.101064
v -0.178301 0.287163 0.101064
v 0.213414 0.287163 0.101064
v 0.213414 -0.150836 0.101064
v -0.178301 -0.149903 0.253948
v 0.213414 -0.149903 0.253948
v 0.213414 0.287163 0.253948
v -0.178301 0.287163 0.253948
v -0.165587 0.275276 0.253948
v -0.165821 -0.134695 0.253948
v 0.200159 0.275276 0.253948
v 0.199925 -0.134695 0.253948
v -0.165747 -0.134695 0.242384
v 0.199999 -0.134695 0.242384
v 0.200234 0.275276 0.242384
v -0.165512 0.275276 0.242384
v -0.178301 0.275276 0.242395
v -0.178301 -0.134695 0.242395
v -0.178301 0.275276 0.111673
v -0.178301 -0.134695 0.111673
v -0.166632 0.275276 0.111673
v -0.166866 -0.134695 0.111673
v -0.167815 -0.134695 0.242395
v -0.167580 0.275276 0.242395
v 0.213414 -0.134695 0.242395
v 0.213414 0.275276 0.242395
v 0.213414 0.275276 0.111673
v 0.213414 -0.134695 0.111673
v 0.204259 0.275276 0.111673
v 0.204259 -0.134695 0.111673
v 0.204259 -0.134695 0.242395
v 0.204259 0.275276 0.242395
v -0.186911 0.275276 0.101064
v -0.333111 0.275276 0.101064
v -0.187145 -0.134695 0.101064
v -0.333345 -0.134695 0.101064
v -0.332963 0.275276 0.092528
v -0.333197 -0.134695 0.092528
v -0.186997 -0.134695 0.092528
v -0.186763 0.275276 0.092528
v 0.371326 -0.134695 0.101064
v 0.221702 -0.134695 0.101064
v 0.221702 0.275276 0.101064
v 0.371560 0.275276 0.101064
v 0.371423 -0.134695 0.092528
v 0.371658 0.275276 0.092528
v 0.221702 0.275276 0.092528
v 0.221702 -0.134695 0.092528
v 0.383803 0.275276 0.085808
v 0.387494 0.275276 -0.480894
v 0.387259 -0.134695 -0.480894
v 0.383569 -0.134695 0.085808
v 0.375072 -0.134695 0.085808
v 0.375072 -0.134695 -0.480894
v 0.375072 0.275276 0.085808
v 0.375072 0.275276 -0.480894
v 0.368362 0.275276 -0.493068
v -0.321777 0.275276 -0.493068
v -0.322011 -0.134695 -0.493068
v 0.368128 -0.134695 -0.493068
v 0.368064 -0.134695 -0.486245
v -0.322074 -0.134695 -0.486245
v 0.368298 0.275276 -0.486245
v -0.321840 0.275276 -0.486245
v -0.341157 -0.134695 -0.480894
v -0.341156 0.275276 -0.480894
v -0.341156 0.275276 0.085808
v -0.341157 -0.134695 0.085808
v -0.332162 -0.134695 0.085808
v -0.332162 -0.134695 -0.480894
v -0.332162 0.275276 0.085808
v -0.332162 0.275276 -0.480894
v 0.236941 0.317182 0.283284
v -0.202885 0.317182 0.280416
v 0.430632 0.317182 -0.532774
v -0.387417 0.317182 -0.532774
v -0.387417 0.317182 0.103551
v 0.430632 0.317182 0.108884
v -0.322251 0.367396 0.060053
v 0.364902 0.367396 0.060053
v 0.364902 0.367396 -0.480358
v -0.322251 0.367396 -0.480358
v -0.047227 -0.267747 0.102503
v -0.047227 -0.522230 0.102503
v 0.085269 -0.267747 0.102503
v 0.085269 -0.522365 0.102503
v 0.085269 -0.522191 0.113475
v 0.085269 -0.267747 0.113475
v -0.047227 -0.522127 0.113475
v -0.047227 -0.267747 0.113475
v -0.040106 -0.516500 0.113475
v -0.040106 -0.276766 0.113475
v 0.078455 -0.276766 0.113475
v 0.078317 -0.516500 0.113475
v 0.079091 -0.276766 0.016192
v 0.078953 -0.516500 0.016192
v -0.040106 -0.516500 0.016192
v -0.040106 -0.276766 0.016192
v -0.134021 -0.390669 0.102617
v -0.165624 -0.390669 0.102617
v -0.165489 -0.308734 0.102554
v -0.133886 -0.308734 0.102554
v -0.134063 -0.305941 0.127038
v -0.165666 -0.305926 0.126832
v -0.165727 -0.225622 0.137851
v -0.165888 -0.225276 0.162580
v -0.134285 -0.225291 0.162786
v -0.134124 -0.225637 0.138057
v -0.165978 -0.149903 0.179839
v -0.134375 -0.149903 0.180045
v -0.134565 -0.149903 0.209213
v -0.166168 -0.149903 0.209007
v 0.168831 -0.149903 0.211191
v 0.200434 -0.149903 0.211397
v 0.200624 -0.149903 0.182230
v 0.169021 -0.149903 0.182024
v 0.200876 -0.225798 0.140241
v 0.200715 -0.225452 0.164970
v 0.169112 -0.225437 0.164764
v 0.169273 -0.225783 0.140035
v 0.169333 -0.306087 0.129016
v 0.200936 -0.306102 0.129222
v 0.169376 -0.390669 0.102617
v 0.200979 -0.390669 0.102617
v 0.201113 -0.308734 0.102554
v 0.169510 -0.308734 0.102554
v 0.121557 -0.449203 -0.499832
v 0.121490 -0.351215 -0.500688
v 0.288027 -0.351132 -0.500150
v 0.288094 -0.449121 -0.499293
v 0.121270 -0.449095 -0.491296
v 0.121203 -0.351107 -0.491296
v 0.287740 -0.351024 -0.491296
v 0.287807 -0.449012 -0.491296
v 0.130263 -0.441163 -0.493027
v 0.278818 -0.441090 -0.493027
v 0.278763 -0.359399 -0.493027
v 0.130207 -0.359473 -0.493027
v 0.279034 -0.359502 -0.499534
v 0.279090 -0.441090 -0.498820
v 0.130535 -0.441266 -0.499300
v 0.130479 -0.359575 -0.500014
v -0.201741 0.317182 0.104775
v 0.238085 0.317182 0.107643
v -0.034242 -0.282217 0.016192
v -0.034242 -0.511049 0.016192
v 0.073095 -0.511049 0.016192
v 0.073220 -0.282217 0.016192
v 0.073220 -0.282217 0.026993
v 0.073095 -0.511049 0.026993
v -0.034242 -0.511049 0.026993
v -0.034242 -0.282217 0.026993
v -0.349047 0.284516 0.115643
v -0.349047 0.288694 0.115643
v -0.217233 0.317182 0.127480
v -0.217233 0.324957 0.127480
v -0.349047 0.284516 0.107846
v -0.349047 0.288694 0.107846
v -0.217233 0.317182 0.119683
v -0.217233 0.324957 0.119683
v -0.093200 0.367396 0.227156
v 0.135851 0.367396 0.229653
v -0.093200 0.367396 0.060053
v 0.135851 0.367396 0.060053
v -0.217233 0.317182 0.118057
v -0.217233 0.317182 0.129106
v -0.340863 -0.040423 -0.311356
v -0.340863 0.118911 -0.311264
v -0.340863 0.118945 -0.383892
v -0.340863 -0.040389 -0.383983
v -0.332107 -0.040692 -0.311231
v -0.332107 0.118642 -0.311139
v -0.332107 0.118677 -0.383767
v -0.332107 -0.040657 -0.383858
v -0.335969 -0.036516 -0.315109
v -0.335969 -0.036485 -0.379894
v -0.335969 0.114515 -0.379894
v -0.335969 0.114484 -0.315109
v -0.340863 0.114770 -0.379970
v -0.340863 -0.036231 -0.380056
v -0.340863 -0.036262 -0.315271
v -0.340863 0.114739 -0.315184
v -0.340863 -0.040423 -0.191992
v -0.340863 0.118911 -0.191901
v -0.340863 0.118945 -0.264529
v -0.340863 -0.040389 -0.264620
v -0.332107 -0.040692 -0.191867
v -0.332107 0.118642 -0.191776
v -0.332107 0.118677 -0.264404
v -0.332107 -0.040657 -0.264495
v -0.335969 -0.036516 -0.195746
v -0.335969 -0.036485 -0.260531
v -0.335969 0.114515 -0.260531
v -0.335969 0.114484 -0.195746
v -0.340863 0.114770 -0.260607
v -0.340863 -0.036231 -0.260693
v -0.340863 -0.036262 -0.195908
v -0.340863 0.114739 -0.195821
v 0.383875 -0.040423 -0.264279
v 0.383875 0.118911 -0.264370
v 0.383875 0.118945 -0.191742
v 0.383875 -0.040389 -0.191651
v 0.375119 -0.040692 -0.264404
v 0.375119 0.118642 -0.264495
v 0.375119 0.118677 -0.191867
v 0.375119 -0.040657 -0.191776
v 0.378981 -0.036516 -0.260525
v 0.378981 -0.036485 -0.195740
v 0.378981 0.114515 -0.195740
v 0.378981 0.114484 -0.260525
v 0.383875 0.114770 -0.195664
v 0.383875 -0.036231 -0.195578
v 0.383875 -0.036262 -0.260363
v 0.383875 0.114739 -0.260449
v -0.212566 0.324957 0.119683
v -0.212948 0.324957 0.127480
v -0.217233 0.324957 0.119683
v -0.217233 0.324957 0.127480
v -0.217233 0.317182 0.127480
v -0.217233 0.317182 0.119683
v -0.397862 0.324957 -0.543215
v 0.441072 0.324957 -0.543215
v 0.441072 0.324957 0.119333
v 0.248525 0.324957 0.118092
v 0.247381 0.324957 0.293732
v -0.212185 0.324957 0.110351
v -0.397862 0.324957 0.110351
v -0.213329 0.324957 0.290865
v -0.217233 0.324957 0.114823
v -0.402338 0.324957 0.114823
v -0.217233 0.324957 0.295337
v 0.445552 0.324957 0.123805
v -0.402338 0.324957 -0.547695
v 0.445552 0.324957 -0.547695
v 0.253005 0.324957 0.122563
v 0.251861 0.324957 0.298204
v -0.402338 0.317182 -0.547695
v 0.445552 0.317182 -0.547695
v 0.445552 0.317182 0.123805
v 0.253005 0.317182 0.122563
v 0.251861 0.317182 0.298204
v -0.217233 0.317182 0.295337
v -0.217233 0.317182 0.114823
v -0.402338 0.317182 0.114823
v 0.238085 0.317182 0.107643
v -0.201741 0.317182 0.104775
v 0.430632 0.317182 0.108884
v -0.387417 0.317182 0.103551
v -0.387417 0.317182 -0.532774
v 0.430632 0.317182 -0.532774
v -0.202885 0.317182 0.280416
v 0.236941 0.317182 0.283284
v -0.189180 -0.272716 0.107886
v -0.189180 -0.272716 0.107886
v -0.285958 -0.272665 0.108200
v -0.285958 -0.272665 0.108200
v -0.189215 -0.338784 0.107389
v -0.189215 -0.338784 0.107389
v -0.285992 -0.338733 0.107703
v -0.285992 -0.338733 0.107703
v -0.189002 -0.273090 0.102473
v -0.189036 -0.339160 0.102473
v -0.285781 -0.273037 0.102473
v -0.285814 -0.339108 0.102473
v -0.194270 -0.333783 0.105555
v -0.194270 -0.333783 0.105555
v -0.280598 -0.333738 0.105835
v -0.280598 -0.333738 0.105835
v -0.280570 -0.278658 0.106249
v -0.280570 -0.278658 0.106249
v -0.194241 -0.278704 0.105968
v -0.194241 -0.278704 0.105968
v -0.280736 -0.278310 0.109953
v -0.280736 -0.278310 0.109953
v -0.280764 -0.333389 0.109539
v -0.280764 -0.333389 0.109539
v -0.194436 -0.333435 0.109259
v -0.194436 -0.333435 0.109259
v -0.194407 -0.278355 0.109673
v -0.194407 -0.278355 0.109673
v 0.322823 -0.272716 0.107886
v 0.322823 -0.272716 0.107886
v 0.226046 -0.272665 0.108200
v 0.226046 -0.272665 0.108200
v 0.322789 -0.338784 0.107389
v 0.322789 -0.338784 0.107389
v 0.226011 -0.338733 0.107703
v 0.226011 -0.338733 0.107703
v 0.323001 -0.273090 0.102473
v 0.322968 -0.339160 0.102473
v 0.226223 -0.273037 0.102473
v 0.226189 -0.339108 0.102473
v 0.317733 -0.333783 0.105555
v 0.317733 -0.333783 0.105555
v 0.231405 -0.333738 0.105835
v 0.231405 -0.333738 0.105835
v 0.231434 -0.278658 0.106249
v 0.231434 -0.278658 0.106249
v 0.317762 -0.278704 0.105968
v 0.317762 -0.278704 0.105968
v 0.231268 -0.278310 0.109953
v 0.231268 -0.278310 0.109953
v 0.231239 -0.333389 0.109539
v 0.231239 -0.333389 0.109539
v 0.317567 -0.333435 0.109259
v 0.317567 -0.333435 0.109259
v 0.317596 -0.278355 0.109673
v 0.317596 -0.278355 0.109673
v 0.161425 0.268200 0.244689
v 0.161425 0.268200 0.244689
v 0.098589 0.268200 0.244689
v 0.098589 0.268200 0.244689
v 0.161421 0.224176 0.244689
v 0.161421 0.224176 0.244689
v 0.098585 0.224175 0.244689
v 0.098585 0.224175 0.244689
v 0.161533 0.267968 0.242344
v 0.161531 0.223941 0.242560
v 0.098696 0.267970 0.242208
v 0.098693 0.223943 0.242424
v 0.158135 0.227512 0.243870
v 0.158135 0.227512 0.243870
v 0.102083 0.227512 0.243871
v 0.102083 0.227512 0.243871
v 0.102086 0.264214 0.243871
v 0.102086 0.264214 0.243871
v 0.158138 0.264214 0.243870
v 0.158138 0.264214 0.243870
v 0.101984 0.264434 0.245475
v 0.101984 0.264434 0.245475
v 0.101981 0.227732 0.245475
v 0.101981 0.227732 0.245475
v 0.158032 0.227732 0.245475
v 0.158032 0.227732 0.245475
v 0.158036 0.264434 0.245475
v 0.158036 0.264434 0.245475
v -0.051020 0.268185 0.244689
v -0.051020 0.268185 0.244689
v -0.113856 0.268215 0.244689
v -0.113856 0.268215 0.244689
v -0.051045 0.224160 0.244689
v -0.051045 0.224160 0.244689
v -0.113882 0.224191 0.244689
v -0.113882 0.224191 0.244689
v -0.050912 0.267953 0.242344
v -0.050936 0.223926 0.242560
v -0.113749 0.267985 0.242208
v -0.113773 0.223958 0.242424
v -0.054330 0.227498 0.243871
v -0.054330 0.227498 0.243871
v -0.110382 0.227526 0.243871
v -0.110382 0.227526 0.243871
v -0.110361 0.264228 0.243871
v -0.110361 0.264228 0.243871
v -0.054309 0.264201 0.243871
v -0.054309 0.264201 0.243871
v -0.110463 0.264448 0.245475
v -0.110463 0.264448 0.245475
v -0.110484 0.227746 0.245475
v -0.110484 0.227746 0.245475
v -0.054433 0.227719 0.245475
v -0.054433 0.227719 0.245475
v -0.054412 0.264421 0.245475
v -0.054412 0.264421 0.245475
v -0.175993 -0.036231 0.147630
v -0.175993 -0.036231 0.147630
v -0.171099 -0.036485 0.147792
v -0.171099 -0.036485 0.147792
v -0.175993 0.114770 0.147716
v -0.175993 0.114770 0.147716
v -0.171099 0.114515 0.147792
v -0.171099 0.114515 0.147792
v -0.175993 0.114739 0.212502
v -0.175993 0.114739 0.212502
v -0.171099 0.114484 0.212577
v -0.171099 0.114484 0.212577
v -0.175993 -0.036262 0.212415
v -0.175993 -0.036262 0.212415
v -0.171099 -0.036516 0.212577
v -0.171099 -0.036516 0.212577
v -0.167237 -0.040657 0.143828
v -0.175993 -0.040389 0.143703
v -0.175993 -0.040389 0.143703
v -0.167237 0.118677 0.143919
v -0.175993 0.118945 0.143794
v -0.175993 0.118945 0.143794
v -0.167237 -0.040692 0.216456
v -0.175993 -0.040423 0.216331
v -0.175993 -0.040423 0.216331
v -0.167237 0.118642 0.216547
v -0.175993 0.118911 0.216422
v -0.175993 0.118911 0.216422
v 0.213037 -0.036231 0.212745
v 0.213037 -0.036231 0.212745
v 0.208143 -0.036485 0.212583
v 0.208143 -0.036485 0.212583
v 0.213037 0.114770 0.212659
v 0.213037 0.114770 0.212659
v 0.208143 0.114515 0.212584
v 0.208143 0.114515 0.212584
v 0.213037 0.114739 0.147873
v 0.213037 0.114739 0.147873
v 0.208143 0.114484 0.147798
v 0.208143 0.114484 0.147798
v 0.213037 -0.036262 0.147960
v 0.213037 -0.036262 0.147960
v 0.208143 -0.036516 0.147798
v 0.208143 -0.036516 0.147798
v 0.204281 -0.040657 0.216547
v 0.213037 -0.040389 0.216672
v 0.213037 -0.040389 0.216672
v 0.204281 0.118677 0.216456
v 0.213037 0.118945 0.216581
v 0.213037 0.118945 0.216581
v 0.204281 -0.040692 0.143919
v 0.213037 -0.040423 0.144045
v 0.213037 -0.040423 0.144045
v 0.204281 0.118642 0.143828
v 0.213037 0.118911 0.143953
v 0.213037 0.118911 0.143953
v 0.383875 -0.036231 0.043148
v 0.383875 -0.036231 0.043148
v 0.378981 -0.036485 0.042987
v 0.378981 -0.036485 0.042987
v 0.383875 0.114770 0.043062
v 0.383875 0.114770 0.043062
v 0.378981 0.114515 0.042987
v 0.378981 0.114515 0.042987
v 0.383875 0.114739 -0.021723
v 0.383875 0.114739 -0.021723
v 0.378981 0.114484 -0.021799
v 0.378981 0.114484 -0.021799
v 0.383875 -0.036262 -0.021637
v 0.383875 -0.036262 -0.021637
v 0.378981 -0.036516 -0.021799
v 0.378981 -0.036516 -0.021799
v 0.375119 -0.040657 0.046950
v 0.383875 -0.040389 0.047075
v 0.383875 -0.040389 0.047075
v 0.375119 0.118677 0.046859
v 0.383875 0.118945 0.046984
v 0.383875 0.118945 0.046984
v 0.375119 -0.040692 -0.025677
v 0.383875 -0.040423 -0.025552
v 0.383875 -0.040423 -0.025552
v 0.375119 0.118642 -0.025768
v 0.383875 0.118911 -0.025643
v 0.383875 0.118911 -0.025643
v 0.383875 -0.036231 -0.076215
v 0.383875 -0.036231 -0.076215
v 0.378981 -0.036485 -0.076377
v 0.378981 -0.036485 -0.076377
v 0.383875 0.114770 -0.076301
v 0.383875 0.114770 -0.076301
v 0.378981 0.114515 -0.076376
v 0.378981 0.114515 -0.076376
v 0.383875 0.114739 -0.141086
v 0.383875 0.114739 -0.141086
v 0.378981 0.114484 -0.141162
v 0.378981 0.114484 -0.141162
v 0.383875 -0.036262 -0.141000
v 0.383875 -0.036262 -0.141000
v 0.378981 -0.036516 -0.141162
v 0.378981 -0.036516 -0.141162
v 0.375119 -0.040657 -0.072413
v 0.383875 -0.040389 -0.072288
v 0.383875 -0.040389 -0.072288
v 0.375119 0.118677 -0.072504
v 0.383875 0.118945 -0.072379
v 0.383875 0.118945 -0.072379
v 0.375119 -0.040692 -0.145041
v 0.383875 -0.040423 -0.144916
v 0.383875 -0.040423 -0.144916
v 0.375119 0.118642 -0.145132
v 0.383875 0.118911 -0.145007
v 0.383875 0.118911 -0.145007
v -0.340863 -0.036231 -0.021967
v -0.340863 -0.036231 -0.021967
v -0.335969 -0.036485 -0.021805
v -0.335969 -0.036485 -0.021805
v -0.340863 0.114770 -0.021880
v -0.340863 0.114770 -0.021880
v -0.335969 0.114515 -0.021805
v -0.335969 0.114515 -0.021805
v -0.340863 0.114739 0.042905
v -0.340863 0.114739 0.042905
v -0.335969 0.114484 0.042980
v -0.335969 0.114484 0.042980
v -0.340863 -0.036262 0.042819
v -0.340863 -0.036262 0.042819
v -0.335969 -0.036516 0.042980
v -0.335969 -0.036516 0.042980
v -0.332107 -0.040657 -0.025768
v -0.340863 -0.040389 -0.025893
v -0.340863 -0.040389 -0.025893
v -0.332107 0.118677 -0.025677
v -0.340863 0.118945 -0.025802
v -0.340863 0.118945 -0.025802
v -0.332107 -0.040692 0.046859
v -0.340863 -0.040423 0.046734
v -0.340863 -0.040423 0.046734
v -0.332107 0.118642 0.046950
v -0.340863 0.118911 0.046825
v -0.340863 0.118911 0.046825
v -0.340863 -0.036231 -0.141330
v -0.340863 -0.036231 -0.141330
v -0.335969 -0.036485 -0.141168
v -0.335969 -0.036485 -0.141168
v -0.340863 0.114770 -0.141244
v -0.340863 0.114770 -0.141244
v -0.335969 0.114515 -0.141168
v -0.335969 0.114515 -0.141168
v -0.340863 0.114739 -0.076458
v -0.340863 0.114739 -0.076458
v -0.335969 0.114484 -0.076383
v -0.335969 0.114484 -0.076383
v -0.340863 -0.036262 -0.076545
v -0.340863 -0.036262 -0.076545
v -0.335969 -0.036516 -0.076383
v -0.335969 -0.036516 -0.076383
v -0.332107 -0.040657 -0.145132
v -0.340863 -0.040389 -0.145256
v -0.340863 -0.040389 -0.145256
v -0.332107 0.118677 -0.145041
v -0.340863 0.118945 -0.145165
v -0.340863 0.118945 -0.145165
v -0.332107 -0.040692 -0.072504
v -0.340863 -0.040423 -0.072629
v -0.340863 -0.040423 -0.072629
v -0.332107 0.118642 -0.072413
v -0.340863 0.118911 -0.072538
v -0.340863 0.118911 -0.072538
v 0.261450 -0.036231 0.101233
v 0.261450 -0.036231 0.101233
v 0.261612 -0.036485 0.096339
v 0.261612 -0.036485 0.096339
v 0.261536 0.114770 0.101233
v 0.261536 0.114770 0.101233
v 0.261612 0.114515 0.096339
v 0.261612 0.114515 0.096339
v 0.326321 0.114739 0.101233
v 0.326321 0.114739 0.101233
v 0.326397 0.114484 0.096339
v 0.326397 0.114484 0.096339
v 0.326235 -0.036262 0.101233
v 0.326235 -0.036262 0.101233
v 0.326397 -0.036516 0.096339
v 0.326397 -0.036516 0.096339
v 0.257648 -0.040657 0.092477
v 0.257523 -0.040389 0.101233
v 0.257523 -0.040389 0.101233
v 0.257740 0.118677 0.092477
v 0.257614 0.118945 0.101233
v 0.257614 0.118945 0.101233
v 0.330276 -0.040692 0.092477
v 0.330151 -0.040423 0.101233
v 0.330151 -0.040423 0.101233
v 0.330367 0.118642 0.092477
v 0.330242 0.118911 0.101233
v 0.330242 0.118911 0.101233
v -0.290604 -0.036231 0.101233
v -0.290604 -0.036231 0.101233
v -0.290443 -0.036485 0.096339
v -0.290443 -0.036485 0.096339
v -0.290518 0.114770 0.101233
v -0.290518 0.114770 0.101233
v -0.290443 0.114515 0.096339
v -0.290443 0.114515 0.096339
v -0.225733 0.114739 0.101233
v -0.225733 0.114739 0.101233
v -0.225658 0.114484 0.096339
v -0.225658 0.114484 0.096339
v -0.225819 -0.036262 0.101233
v -0.225819 -0.036262 0.101233
v -0.225658 -0.036516 0.096339
v -0.225658 -0.036516 0.096339
v -0.294406 -0.040657 0.092477
v -0.294531 -0.040389 0.101233
v -0.294531 -0.040389 0.101233
v -0.294315 0.118677 0.092477
v -0.294440 0.118945 0.101233
v -0.294440 0.118945 0.101233
v -0.221779 -0.040692 0.092477
v -0.221904 -0.040423 0.101233
v -0.221904 -0.040423 0.101233
v -0.221688 0.118642 0.092477
v -0.221813 0.118911 0.101233
v -0.221813 0.118911 0.101233
v -0.111560 -0.036231 0.251140
v -0.111560 -0.036231 0.251140
v -0.111398 -0.036485 0.246246
v -0.111398 -0.036485 0.246246
v -0.111473 0.114770 0.251140
v -0.111473 0.114770 0.251140
v -0.111398 0.114515 0.246246
v -0.111398 0.114515 0.246246
v -0.046688 0.114739 0.251140
v -0.046688 0.114739 0.251140
v -0.046613 0.114484 0.246246
v -0.046613 0.114484 0.246246
v -0.046774 -0.036262 0.251140
v -0.046774 -0.036262 0.251140
v -0.046613 -0.036516 0.246246
v -0.046613 -0.036516 0.246246
v -0.115361 -0.040657 0.242384
v -0.115486 -0.040389 0.251140
v -0.115486 -0.040389 0.251140
v -0.115270 0.118677 0.242384
v -0.115395 0.118945 0.251140
v -0.115395 0.118945 0.251140
v -0.042734 -0.040692 0.242384
v -0.042859 -0.040423 0.251140
v -0.042859 -0.040423 0.251140
v -0.042643 0.118642 0.242384
v -0.042768 0.118911 0.251140
v -0.042768 0.118911 0.251140
v 0.097326 -0.036231 0.251140
v 0.097326 -0.036231 0.251140
v 0.097487 -0.036485 0.246246
v 0.097487 -0.036485 0.246246
v 0.097412 0.114770 0.251140
v 0.097412 0.114770 0.251140
v 0.097487 0.114515 0.246246
v 0.097487 0.114515 0.246246
v 0.162197 0.114739 0.251140
v 0.162197 0.114739 0.251140
v 0.162273 0.114484 0.246246
v 0.162273 0.114484 0.246246
v 0.162111 -0.036262 0.251140
v 0.162111 -0.036262 0.251140
v 0.162273 -0.036516 0.246246
v 0.162273 -0.036516 0.246246
v 0.093524 -0.040657 0.242384
v 0.093399 -0.040389 0.251140
v 0.093399 -0.040389 0.251140
v 0.093615 0.118677 0.242384
v 0.093490 0.118945 0.251140
v 0.093490 0.118945 0.251140
v 0.166151 -0.040692 0.242384
v 0.166026 -0.040423 0.251140
v 0.166026 -0.040423 0.251140
v 0.166242 0.118642 0.242384
v 0.166117 0.118911 0.251140
v 0.166117 0.118911 0.251140
v -0.007117 -0.036231 0.251140
v -0.007117 -0.036231 0.251140
v -0.006955 -0.036485 0.246246
v -0.006955 -0.036485 0.246246
v -0.007031 0.114770 0.251140
v -0.007031 0.114770 0.251140
v -0.006955 0.114515 0.246246
v -0.006955 0.114515 0.246246
v 0.057755 0.114739 0.251140
v 0.057755 0.114739 0.251140
v 0.057830 0.114484 0.246246
v 0.057830 0.114484 0.246246
v 0.057668 -0.036262 0.251140
v 0.057668 -0.036262 0.251140
v 0.057830 -0.036516 0.246246
v 0.057830 -0.036516 0.246246
v -0.010919 -0.040657 0.242384
v -0.011044 -0.040389 0.251140
v -0.011044 -0.040389 0.251140
v -0.010828 0.118677 0.242384
v -0.010952 0.118945 0.251140
v -0.010952 0.118945 0.251140
v 0.061709 -0.040692 0.242384
v 0.061584 -0.040423 0.251140
v 0.061584 -0.040423 0.251140
v 0.061800 0.118642 0.242384
v 0.061675 0.118911 0.251140
v 0.061675 0.118911 0.251140
v 0.175168 0.367396 -0.304507
v 0.175168 0.444187 -0.304507
v 0.103140 0.367396 -0.304507
v 0.103140 0.444187 -0.304507
v 0.175168 0.367396 -0.232479
v 0.175168 0.444187 -0.232480
v 0.103140 0.367396 -0.232480
v 0.103140 0.444187 -0.232480
v 0.095608 0.459774 -0.224948
v 0.095608 0.459774 -0.312039
v 0.182700 0.459774 -0.224948
v 0.182700 0.459774 -0.312039
v 0.095608 0.469243 -0.312039
v 0.095608 0.469243 -0.312039
v 0.182700 0.469243 -0.312039
v 0.182700 0.469243 -0.312039
v 0.182700 0.469243 -0.224948
v 0.182700 0.469243 -0.224948
v 0.095608 0.469243 -0.224948
v 0.095608 0.469243 -0.224948
v 0.108574 0.469243 -0.299073
v 0.108574 0.469243 -0.299073
v 0.108574 0.469243 -0.237914
v 0.108574 0.469243 -0.237914
v 0.169734 0.469243 -0.237914
v 0.169734 0.469243 -0.237914
v 0.169734 0.469243 -0.299073
v 0.169734 0.469243 -0.299073
v 0.108574 0.367396 -0.299073
v 0.169734 0.367396 -0.299073
v 0.169734 0.367396 -0.237914
v 0.108574 0.367396 -0.237914
v -0.025262 -0.386808 0.029204
v -0.025262 -0.387265 0.033800
v -0.025262 -0.387265 0.033800
v -0.025262 -0.390427 0.029204
v -0.025262 -0.389971 0.033800
v -0.025262 -0.389971 0.033800
v -0.023073 -0.386808 0.029204
v -0.023073 -0.386808 0.029204
v -0.023073 -0.390427 0.029204
v -0.023073 -0.390427 0.029204
v -0.023562 -0.389971 0.035997
v -0.023562 -0.389971 0.035997
v -0.023562 -0.387265 0.035997
v -0.023562 -0.387265 0.035997
v -0.013040 -0.387265 0.036767
v -0.013040 -0.389971 0.036767
v -0.003147 -0.387265 0.035537
v -0.003147 -0.387265 0.035537
v -0.003147 -0.387265 0.035537
v -0.004314 -0.387265 0.033990
v -0.004314 -0.389971 0.033990
v -0.003147 -0.389971 0.035537
v -0.003147 -0.389971 0.035537
v -0.003147 -0.389971 0.035537
v -0.020954 -0.391447 0.026993
v -0.020954 -0.385789 0.026993
v -0.026209 -0.385789 0.026993
v -0.026209 -0.391447 0.026993
v 0.263523 -0.441090 -0.496350
v 0.263523 -0.359399 -0.496350
v 0.261428 -0.441090 -0.496018
v 0.261428 -0.359399 -0.496018
v 0.217054 -0.441090 -0.496350
v 0.217054 -0.359399 -0.496350
v 0.214958 -0.441090 -0.496018
v 0.214958 -0.359399 -0.496018
v 0.239941 -0.441090 -0.496350
v 0.239941 -0.359399 -0.496350
v 0.237845 -0.441090 -0.496018
v 0.237845 -0.359399 -0.496018
v 0.193188 -0.441090 -0.496350
v 0.193188 -0.359399 -0.496350
v 0.191092 -0.441090 -0.496018
v 0.191092 -0.359399 -0.496018
v 0.170450 -0.441090 -0.496350
v 0.170450 -0.359399 -0.496350
v 0.168354 -0.441090 -0.496018
v 0.168354 -0.359399 -0.496018
v 0.147868 -0.441090 -0.496350
v 0.147868 -0.359399 -0.496350
v 0.145772 -0.441090 -0.496018
v 0.145772 -0.359399 -0.496018
v -0.357746 0.286058 0.106863
v -0.357746 0.286058 0.106863
v -0.357746 0.286058 0.106863
v -0.352360 0.284276 0.105568
v -0.352360 0.284276 0.105568
v -0.352360 0.284276 0.105568
v -0.347990 0.284352 0.108972
v -0.347990 0.284352 0.108972
v -0.347990 0.284352 0.108972
v -0.347926 0.284363 0.114512
v -0.347926 0.284363 0.114512
v -0.347926 0.284363 0.114512
v -0.352217 0.285367 0.118016
v -0.352217 0.285367 0.118016
v -0.352217 0.285367 0.118016
v -0.357631 0.287145 0.116845
v -0.357631 0.287145 0.116845
v -0.357631 0.287145 0.116845
v -0.360092 0.287573 0.111882
v -0.360092 0.287573 0.111882
v -0.360092 0.287573 0.111882
v -0.341905 -0.522230 0.105460
v -0.347134 -0.522230 0.107290
v -0.337215 -0.522230 0.108407
v -0.336595 -0.522230 0.113913
v -0.340512 -0.522230 0.117830
v -0.346016 -0.522230 0.117210
v -0.348963 -0.522230 0.112519
v -0.358719 0.284183 0.111866
v -0.356877 0.284206 0.107927
v -0.356877 0.284206 0.107927
v -0.356788 0.284221 0.115762
v -0.352538 0.283103 0.116681
v -0.352538 0.283103 0.116681
v -0.349170 0.283153 0.113930
v -0.349170 0.283153 0.113930
v -0.349170 0.283153 0.113930
v -0.349220 0.283145 0.109582
v -0.349220 0.283145 0.109582
v -0.349220 0.283145 0.109582
v -0.352650 0.283085 0.106910
v -0.352650 0.283085 0.106910
v -0.352650 0.283085 0.106910
v -0.357006 0.280137 0.107986
v -0.352778 0.280204 0.106970
v -0.349348 0.280264 0.109642
v -0.349298 0.280272 0.113990
v -0.352666 0.280222 0.116740
v -0.356916 0.280151 0.115821
v -0.358847 0.280113 0.111925
v -0.349047 0.283028 0.106220
v -0.349047 0.283028 0.106220
v -0.349047 0.283028 0.106220
v -0.201741 0.317182 0.122079
v -0.349047 0.283028 0.117269
v -0.349047 0.283028 0.117269
v -0.349047 0.283028 0.117269
v -0.201741 0.317182 0.125937
v -0.349047 0.288694 0.106220
v -0.349047 0.288694 0.106220
v -0.217233 0.324957 0.118057
v -0.217233 0.324957 0.129105
v -0.349047 0.288694 0.117269
v -0.349047 0.288694 0.117269
v 0.125613 -0.390669 0.102617
v 0.125571 -0.306066 0.128731
v 0.094010 -0.390669 0.102617
v 0.093967 -0.306051 0.128525
v 0.093746 -0.225401 0.164273
v 0.094144 -0.308734 0.102554
v 0.093907 -0.225746 0.139544
v 0.125349 -0.225416 0.164479
v 0.125747 -0.308734 0.102554
v 0.125510 -0.225762 0.139750
v 0.093655 -0.149903 0.181532
v 0.125259 -0.149903 0.181738
v 0.125069 -0.149903 0.210905
v 0.093465 -0.149903 0.210699
v -0.087561 -0.149903 0.209519
v -0.087281 -0.225313 0.163092
v -0.055958 -0.149903 0.209725
v -0.055677 -0.225329 0.163298
v -0.055768 -0.149903 0.180558
v -0.055516 -0.225675 0.138570
v -0.087371 -0.149903 0.180352
v -0.087119 -0.225659 0.138364
v -0.055456 -0.305979 0.127551
v -0.087059 -0.305964 0.127345
v -0.087017 -0.390669 0.102617
v -0.055413 -0.390669 0.102617
v 0.383974 -0.522507 0.102503
v 0.383974 -0.171591 0.102503
v 0.383974 -0.171591 0.102503
v -0.341953 -0.171591 0.102503
v -0.341953 -0.171591 0.102503
v 0.383974 -0.171591 -0.491296
v 0.383974 -0.171591 -0.491296
v -0.341953 -0.522230 0.102503
v -0.341953 -0.171591 -0.491296
v -0.341953 -0.171591 -0.491296
v 0.383974 -0.530757 -0.491296
v -0.341953 -0.530408 -0.491296
v 0.389463 -0.171591 -0.496909
v 0.389463 -0.171591 -0.496909
v -0.347230 -0.171591 -0.496909
v -0.347230 -0.171591 -0.496909
v -0.347230 -0.171591 0.108113
v -0.347230 -0.171591 0.108113
v 0.389463 -0.171591 0.108113
v 0.389463 -0.171591 0.108113
v 0.389463 -0.150836 0.108113
v 0.389463 -0.150836 0.108113
v -0.347230 -0.150836 0.108113
v -0.347230 -0.150836 0.108113
v 0.389463 -0.150836 -0.496909
v 0.389463 -0.150836 -0.496909
v -0.347230 -0.150836 -0.496909
v -0.347230 -0.150836 -0.496909
v 0.387334 -0.150836 -0.493068
v 0.387334 -0.150836 -0.493068
v -0.341157 -0.150836 -0.493068
v -0.341157 -0.150836 -0.493068
v -0.341156 -0.150836 0.101064
v -0.341156 -0.150836 0.101064
v 0.383477 -0.150836 0.101064
v 0.383477 -0.150836 0.101064
v 0.383728 0.287163 0.101064
v 0.383728 0.287163 0.101064
v -0.341156 0.287163 0.101064
v -0.341156 0.287163 0.101064
v 0.387586 0.287163 -0.493068
v 0.387586 0.287163 -0.493068
v 0.387586 0.287163 -0.493068
v -0.341157 0.287163 -0.493068
v -0.341157 0.287163 -0.493068
v -0.341157 0.287163 -0.493068
v -0.178301 -0.150836 0.101064
v -0.178301 -0.150836 0.101064
v -0.178301 0.287163 0.101064
v -0.178301 0.287163 0.101064
v 0.213414 0.287163 0.101064
v 0.213414 0.287163 0.101064
v 0.213414 -0.150836 0.101064
v 0.213414 -0.150836 0.101064
v 0.213414 -0.149903 0.253948
v 0.213414 -0.149903 0.253948
v -0.178301 -0.149903 0.253948
v -0.178301 -0.149903 0.253948
v 0.213414 0.287163 0.253948
v 0.213414 0.287163 0.253948
v 0.213414 0.287163 0.253948
v -0.178301 0.287163 0.253948
v -0.178301 0.287163 0.253948
v -0.178301 0.287163 0.253948
v -0.165587 0.275276 0.253948
v -0.165587 0.275276 0.253948
v -0.165821 -0.134695 0.253948
v -0.165821 -0.134695 0.253948
v 0.200159 0.275276 0.253948
v 0.200159 0.275276 0.253948
v 0.199925 -0.134695 0.253948
v 0.199925 -0.134695 0.253948
v 0.199999 -0.134695 0.242384
v 0.199999 -0.134695 0.242384
v -0.165747 -0.134695 0.242384
v -0.165747 -0.134695 0.242384
v 0.200234 0.275276 0.242384
v 0.200234 0.275276 0.242384
v -0.165512 0.275276 0.242384
v -0.165512 0.275276 0.242384
v -0.178301 0.275276 0.242395
v -0.178301 0.275276 0.242395
v -0.178301 -0.134695 0.242395
v -0.178301 -0.134695 0.242395
v -0.178301 0.275276 0.111673
v -0.178301 0.275276 0.111673
v -0.178301 -0.134695 0.111673
v -0.178301 -0.134695 0.111673
v -0.166866 -0.134695 0.111673
v -0.166866 -0.134695 0.111673
v -0.166632 0.275276 0.111673
v -0.166632 0.275276 0.111673
v -0.167815 -0.134695 0.242395
v -0.167815 -0.134695 0.242395
v -0.167580 0.275276 0.242395
v -0.167580 0.275276 0.242395
v 0.213414 -0.134695 0.242395
v 0.213414 -0.134695 0.242395
v 0.213414 0.275276 0.242395
v 0.213414 0.275276 0.242395
v 0.213414 0.275276 0.111673
v 0.213414 0.275276 0.111673
v 0.213414 -0.134695 0.111673
v 0.213414 -0.134695 0.111673
v 0.204259 0.275276 0.111673
v 0.204259 0.275276 0.111673
v 0.204259 -0.134695 0.111673
v 0.204259 -0.134695 0.111673
v 0.204259 -0.134695 0.242395
v 0.204259 -0.134695 0.242395
v 0.204259 0.275276 0.242395
v 0.204259 0.275276 0.242395
v -0.186911 0.275276 0.101064
v -0.186911 0.275276 0.101064
v -0.333111 0.275276 0.101064
v -0.333111 0.275276 0.101064
v -0.187145 -0.134695 0.101064
v -0.187145 -0.134695 0.101064
v -0.333345 -0.134695 0.101064
v -0.333345 -0.134695 0.101064
v -0.333197 -0.134695 0.092528
v -0.333197 -0.134695 0.092528
v -0.332963 0.275276 0.092528
v -0.332963 0.275276 0.092528
v -0.186997 -0.134695 0.092528
v -0.186997 -0.134695 0.092528
v -0.186763 0.275276 0.092528
v -0.186763 0.275276 0.092528
v 0.371326 -0.134695 0.101064
v 0.371326 -0.134695 0.101064
v 0.221702 -0.134695 0.101064
v 0.221702 -0.134695 0.101064
v 0.221702 0.275276 0.101064
v 0.221702 0.275276 0.101064
v 0.371560 0.275276 0.101064
v 0.371560 0.275276 0.101064
v 0.371658 0.275276 0.092528
v 0.371658 0.275276 0.092528
v 0.371423 -0.134695 0.092528
v 0.371423 -0.134695 0.092528
v 0.221702 0.275276 0.092528
v 0.221702 0.275276 0.092528
v 0.221702 -0.134695 0.092528
v 0.221702 -0.134695 0.092528
v 0.383803 0.275276 0.085808
v 0.383803 0.275276 0.085808
v 0.387494 0.275276 -0.480894
v 0.387494 0.275276 -0.480894
v 0.387259 -0.134695 -0.480894
v 0.387259 -0.134695 -0.480894
v 0.383569 -0.134695 0.085808
v 0.383569 -0.134695 0.085808
v 0.375072 -0.134695 -0.480894
v 0.375072 -0.134695 -0.480894
v 0.375072 -0.134695 0.085808
v 0.375072 -0.134695 0.085808
v 0.375072 0.275276 0.085808
v 0.375072 0.275276 0.085808
v 0.375072 0.275276 -0.480894
v 0.375072 0.275276 -0.480894
v 0.368362 0.275276 -0.493068
v 0.368362 0.275276 -0.493068
v -0.321777 0.275276 -0.493068
v -0.321777 0.275276 -0.493068
v -0.322011 -0.134695 -0.493068
v -0.322011 -0.134695 -0.493068
v 0.368128 -0.134695 -0.493068
v 0.368128 -0.134695 -0.493068
v -0.322074 -0.134695 -0.486245
v -0.322074 -0.134695 -0.486245
v 0.368064 -0.134695 -0.486245
v 0.368064 -0.134695 -0.486245
v 0.368298 0.275276 -0.486245
v 0.368298 0.275276 -0.486245
v -0.321840 0.275276 -0.486245
v -0.321840 0.275276 -0.486245
v -0.341157 -0.134695 -0.480894
v -0.341157 -0.134695 -0.480894
v -0.341156 0.275276 -0.480894
v -0.341156 0.275276 -0.480894
v -0.341156 0.275276 0.085808
v -0.341156 0.275276 0.085808
v -0.341157 -0.134695 0.085808
v -0.341157 -0.134695 0.085808
v -0.332162 -0.134695 0.085808
v -0.332162 -0.134695 0.085808
v -0.332162 -0.134695 -0.480894
v -0.332162 -0.134695 -0.480894
v -0.332162 0.275276 0.085808
v -0.332162 0.275276 0.085808
v -0.332162 0.275276 -0.480894
v -0.332162 0.275276 -0.480894
v 0.236941 0.317182 0.283284
v 0.236941 0.317182 0.283284
v 0.236941 0.317182 0.283284
v -0.202885 0.317182 0.280416
v -0.202885 0.317182 0.280416
v -0.202885 0.317182 0.280416
v -0.387417 0.317182 -0.532774
v -0.387417 0.317182 -0.532774
v -0.387417 0.317182 -0.532774
v 0.430632 0.317182 -0.532774
v 0.430632 0.317182 -0.532774
v 0.430632 0.317182 -0.532774
v -0.387417 0.317182 0.103551
v -0.387417 0.317182 0.103551
v -0.387417 0.317182 0.103551
v 0.430632 0.317182 0.108884
v 0.430632 0.317182 0.108884
v 0.430632 0.317182 0.108884
v 0.364902 0.367396 0.060053
v 0.364902 0.367396 0.060053
v -0.322251 0.367396 0.060053
v -0.322251 0.367396 0.060053
v 0.364902 0.367396 -0.480358
v 0.364902 0.367396 -0.480358
v -0.322251 0.367396 -0.480358
v -0.322251 0.367396 -0.480358
v -0.047227 -0.267747 0.102503
v -0.047227 -0.267747 0.102503
v -0.047227 -0.522230 0.102503
v 0.085269 -0.267747 0.102503
v 0.085269 -0.267747 0.102503
v 0.085269 -0.522365 0.102503
v 0.085269 -0.267747 0.113475
v 0.085269 -0.267747 0.113475
v 0.085269 -0.522191 0.113475
v -0.047227 -0.267747 0.113475
v -0.047227 -0.267747 0.113475
v -0.047227 -0.522127 0.113475
v -0.040106 -0.516500 0.113475
v -0.040106 -0.516500 0.113475
v -0.040106 -0.276766 0.113475
v -0.040106 -0.276766 0.113475
v 0.078455 -0.276766 0.113475
v 0.078455 -0.276766 0.113475
v 0.078317 -0.516500 0.113475
v 0.078317 -0.516500 0.113475
v 0.079091 -0.276766 0.016192
v 0.079091 -0.276766 0.016192
v 0.078953 -0.516500 0.016192
v 0.078953 -0.516500 0.016192
v -0.040106 -0.516500 0.016192
v -0.040106 -0.516500 0.016192
v -0.040106 -0.276766 0.016192
v -0.040106 -0.276766 0.016192
v -0.134021 -0.390669 0.102617
v -0.134063 -0.305941 0.127038
v -0.165624 -0.390669 0.102617
v -0.165666 -0.305926 0.126832
v -0.165888 -0.225276 0.162580
v -0.165489 -0.308734 0.102554
v -0.165727 -0.225622 0.137851
v -0.134285 -0.225291 0.162786
v -0.133886 -0.308734 0.102554
v -0.134124 -0.225637 0.138057
v -0.165978 -0.149903 0.179839
v -0.134375 -0.149903 0.180045
v -0.134565 -0.149903 0.209213
v -0.166168 -0.149903 0.209007
v 0.168831 -0.149903 0.211191
v 0.169112 -0.225437 0.164764
v 0.200434 -0.149903 0.211397
v 0.200715 -0.225452 0.164970
v 0.200624 -0.149903 0.182230
v 0.200876 -0.225798 0.140241
v 0.169021 -0.149903 0.182024
v 0.169273 -0.225783 0.140035
v 0.200936 -0.306102 0.129222
v 0.169333 -0.306087 0.129016
v 0.169376 -0.390669 0.102617
v 0.200979 -0.390669 0.102617
v 0.121490 -0.351215 -0.500688
v 0.121490 -0.351215 -0.500688
v 0.288027 -0.351132 -0.500150
v 0.288027 -0.351132 -0.500150
v 0.121557 -0.449203 -0.499832
v 0.121557 -0.449203 -0.499832
v 0.288094 -0.449121 -0.499293
v 0.288094 -0.449121 -0.499293
v 0.121203 -0.351107 -0.491296
v 0.121270 -0.449095 -0.491296
v 0.287740 -0.351024 -0.491296
v 0.287807 -0.449012 -0.491296
v 0.279034 -0.359502 -0.499534
v 0.279034 -0.359502 -0.499534
v 0.279090 -0.441090 -0.498820
v 0.279090 -0.441090 -0.498820
v 0.130535 -0.441266 -0.499300
v 0.130535 -0.441266 -0.499300
v 0.130479 -0.359575 -0.500014
v 0.130479 -0.359575 -0.500014
v 0.130263 -0.441163 -0.493027
v 0.130207 -0.359473 -0.493027
v 0.278763 -0.359399 -0.493027
v 0.278818 -0.441090 -0.493027
v -0.002531 -0.388618 0.034279
v -0.002531 -0.388618 0.034279
v -0.086882 -0.308734 0.102554
v -0.055279 -0.308734 0.102554
v 0.169510 -0.308734 0.102554
v 0.201113 -0.308734 0.102554
v -0.201741 0.317182 0.104775
v -0.201741 0.317182 0.104775
v -0.201741 0.317182 0.104775
v 0.238085 0.317182 0.107643
v 0.238085 0.317182 0.107643
v 0.238085 0.317182 0.107643
v 0.073095 -0.511049 0.016192
v 0.073095 -0.511049 0.026993
v 0.073095 -0.511049 0.026993
v 0.073220 -0.282217 0.026993
v 0.073220 -0.282217 0.026993
v 0.073220 -0.282217 0.016192
v -0.034242 -0.511049 0.016192
v -0.034242 -0.511049 0.026993
v -0.034242 -0.511049 0.026993
v -0.034242 -0.282217 0.026993
v -0.034242 -0.282217 0.026993
v -0.034242 -0.282217 0.016192
v -0.023073 -0.389971 0.033800
v -0.023073 -0.387265 0.033800
v -0.349047 0.288694 0.115643
v -0.349047 0.288694 0.115643
v -0.349047 0.284516 0.115643
v -0.349047 0.284516 0.115643
v -0.349047 0.284516 0.107846
v -0.349047 0.284516 0.107846
v -0.349047 0.288694 0.107846
v -0.349047 0.288694 0.107846
v -0.217233 0.324957 0.127480
v -0.217233 0.324957 0.119683
v -0.217233 0.317182 0.127480
v -0.217233 0.317182 0.119683
v -0.093200 0.367396 0.227156
v 0.135851 0.367396 0.229653
v -0.093200 0.367396 0.060053
v 0.135851 0.367396 0.060053
v -0.217233 0.317182 0.118057
v -0.217233 0.317182 0.129106
v -0.340863 0.118911 -0.311264
v -0.340863 0.118911 -0.311264
v -0.340863 0.118945 -0.383892
v -0.340863 0.118945 -0.383892
v -0.340863 -0.040423 -0.311356
v -0.340863 -0.040423 -0.311356
v -0.340863 -0.040389 -0.383983
v -0.340863 -0.040389 -0.383983
v -0.332107 0.118642 -0.311139
v -0.332107 -0.040692 -0.311231
v -0.332107 0.118677 -0.383767
v -0.332107 -0.040657 -0.383858
v -0.335969 -0.036516 -0.315109
v -0.335969 -0.036516 -0.315109
v -0.335969 -0.036485 -0.379894
v -0.335969 -0.036485 -0.379894
v -0.335969 0.114515 -0.379894
v -0.335969 0.114515 -0.379894
v -0.335969 0.114484 -0.315109
v -0.335969 0.114484 -0.315109
v -0.340863 0.114770 -0.379970
v -0.340863 0.114770 -0.379970
v -0.340863 -0.036231 -0.380056
v -0.340863 -0.036231 -0.380056
v -0.340863 -0.036262 -0.315271
v -0.340863 -0.036262 -0.315271
v -0.340863 0.114739 -0.315184
v -0.340863 0.114739 -0.315184
v -0.340863 0.118911 -0.191901
v -0.340863 0.118911 -0.191901
v -0.340863 0.118945 -0.264529
v -0.340863 0.118945 -0.264529
v -0.340863 -0.040423 -0.191992
v -0.340863 -0.040423 -0.191992
v -0.340863 -0.040389 -0.264620
v -0.340863 -0.040389 -0.264620
v -0.332107 0.118642 -0.191776
v -0.332107 -0.040692 -0.191867
v -0.332107 0.118677 -0.264404
v -0.332107 -0.040657 -0.264495
v -0.335969 -0.036516 -0.195746
v -0.335969 -0.036516 -0.195746
v -0.335969 -0.036485 -0.260531
v -0.335969 -0.036485 -0.260531
v -0.335969 0.114515 -0.260531
v -0.335969 0.114515 -0.260531
v -0.335969 0.114484 -0.195746
v -0.335969 0.114484 -0.195746
v -0.340863 0.114770 -0.260607
v -0.340863 0.114770 -0.260607
v -0.340863 -0.036231 -0.260693
v -0.340863 -0.036231 -0.260693
v -0.340863 -0.036262 -0.195908
v -0.340863 -0.036262 -0.195908
v -0.340863 0.114739 -0.195821
v -0.340863 0.114739 -0.195821
v 0.383875 0.118911 -0.264370
v 0.383875 0.118911 -0.264370
v 0.383875 0.118945 -0.191742
v 0.383875 0.118945 -0.191742
v 0.383875 -0.040423 -0.264279
v 0.383875 -0.040423 -0.264279
v 0.383875 -0.040389 -0.191651
v 0.383875 -0.040389 -0.191651
v 0.375119 0.118642 -0.264495
v 0.375119 -0.040692 -0.264404
v 0.375119 0.118677 -0.191867
v 0.375119 -0.040657 -0.191776
v 0.378981 -0.036516 -0.260525
v 0.378981 -0.036516 -0.260525
v 0.378981 -0.036485 -0.195740
v 0.378981 -0.036485 -0.195740
v 0.378981 0.114515 -0.195740
v 0.378981 0.114515 -0.195740
v 0.378981 0.114484 -0.260525
v 0.378981 0.114484 -0.260525
v 0.383875 0.114770 -0.195664
v 0.383875 0.114770 -0.195664
v 0.383875 -0.036231 -0.195578
v 0.383875 -0.036231 -0.195578
v 0.383875 -0.036262 -0.260363
v 0.383875 -0.036262 -0.260363
v 0.383875 0.114739 -0.260449
v 0.383875 0.114739 -0.260449
v -0.217233 0.324957 0.119683
v -0.217233 0.324957 0.114823
v -0.217233 0.324957 0.114823
v -0.217233 0.324957 0.127480
v -0.217233 0.324957 0.295337
v -0.217233 0.324957 0.295337
v -0.217233 0.317182 0.127480
v -0.217233 0.317182 0.295337
v -0.217233 0.317182 0.295337
v -0.217233 0.317182 0.119683
v -0.217233 0.317182 0.114823
v -0.217233 0.317182 0.114823
v -0.402338 0.324957 0.114823
v -0.402338 0.324957 0.114823
v -0.402338 0.317182 0.114823
v -0.402338 0.317182 0.114823
v -0.402338 0.324957 -0.547695
v -0.402338 0.324957 -0.547695
v 0.445552 0.324957 0.123805
v 0.445552 0.324957 0.123805
v 0.445552 0.324957 -0.547695
v 0.445552 0.324957 -0.547695
v 0.251861 0.324957 0.298204
v 0.251861 0.324957 0.298204
v 0.445552 0.317182 0.123805
v 0.445552 0.317182 0.123805
v 0.253005 0.324957 0.122563
v 0.253005 0.324957 0.122563
v -0.402338 0.317182 -0.547695
v -0.402338 0.317182 -0.547695
v 0.445552 0.317182 -0.547695
v 0.445552 0.317182 -0.547695
v 0.253005 0.317182 0.122563
v 0.253005 0.317182 0.122563
v 0.251861 0.317182 0.298204
v 0.251861 0.317182 0.298204
vn 0.0032 -0.0075 1.0000
vn -0.9994 0.0006 -0.0346
vn -0.9993 0.0006 -0.0364
vn -0.9993 0.0007 -0.0364
vn -0.9994 0.0007 -0.0346
vn -0.9995 0.0008 -0.0329
vn -0.9995 0.0007 -0.0330
vn -0.9995 0.0006 -0.0330
vn -0.9993 0.0005 -0.0364
vn 0.0004 0.9978 -0.0669
vn 0.0004 0.9976 -0.0689
vn 0.0005 0.9976 -0.0690
vn 0.0005 0.9978 -0.0670
vn 0.0004 0.9979 -0.0650
vn 0.0003 0.9979 -0.0649
vn -0.9995 0.0007 -0.0325
vn -0.9995 0.0008 -0.0310
vn -0.9995 0.0007 -0.0310
vn -0.9995 0.0006 -0.0325
vn -0.9995 0.0006 -0.0310
vn -0.9994 0.0005 -0.0341
vn -0.9994 0.0006 -0.0341
vn -0.9994 0.0007 -0.0340
vn 0.0005 0.9971 -0.0763
vn 0.0005 0.9973 -0.0739
vn 0.0004 0.9973 -0.0738
vn 0.0004 0.9974 -0.0716
vn 0.0004 0.9974 -0.0715
vn 0.0003 0.9974 -0.0715
vn 0.0003 0.9973 -0.0738
vn 0.0004 0.9971 -0.0763
vn -0.3249 -0.0069 0.9457
vn -0.3250 -0.0069 0.9457
vn 0.0029 -0.3274 0.9449
vn 0.0029 -0.3275 0.9449
vn 0.3304 -0.0073 0.9438
vn 0.3305 -0.0073 0.9438
vn 0.0033 0.2993 0.9541
vn 0.0033 0.2993 0.9542
vn 0.0033 0.2994 0.9541
vn -0.9990 0.0009 -0.0448
vn -0.9990 0.0009 -0.0449
vn 0.0002 0.9956 -0.0937
vn 0.0002 0.9956 -0.0936
vn 0.0002 0.9956 -0.0938
vn 0.9994 -0.0006 0.0346
vn 0.9994 -0.0007 0.0346
vn 0.9993 -0.0007 0.0364
vn 0.9993 -0.0006 0.0364
vn 0.9993 -0.0005 0.0364
vn 0.9995 -0.0006 0.0331
vn 0.9995 -0.0007 0.0330
vn 0.9995 -0.0008 0.0329
vn 0.0005 0.9978 -0.0669
vn 0.9995 -0.0007 0.0310
vn 0.9995 -0.0008 0.0310
vn 0.9995 -0.0007 0.0325
vn 0.9995 -0.0006 0.0325
vn 0.9994 -0.0007 0.0341
vn 0.9994 -0.0006 0.0341
vn 0.9994 -0.0005 0.0341
vn 0.9995 -0.0006 0.0310
vn 0.9990 -0.0009 0.0448
vn 0.9990 -0.0009 0.0449
vn -0.0000 -0.0000 1.0000
vn 0.9988 -0.0000 0.0486
vn 0.9988 -0.0000 0.0485
vn 0.9987 -0.0000 0.0511
vn 0.9987 0.0001 0.0513
vn 0.9987 0.0002 0.0514
vn 0.9988 0.0001 0.0486
vn 0.9989 -0.0000 0.0461
vn 0.9989 -0.0001 0.0460
vn 0.0001 0.9955 -0.0952
vn 0.0001 0.9955 -0.0951
vn 0.0001 0.9952 -0.0984
vn 0.0002 0.9952 -0.0983
vn 0.0002 0.9952 -0.0982
vn 0.0002 0.9955 -0.0952
vn 0.0001 0.9957 -0.0923
vn -0.0000 0.9957 -0.0922
vn 0.9991 -0.0000 0.0432
vn 0.9991 -0.0001 0.0431
vn 0.9990 -0.0000 0.0454
vn 0.9989 -0.0000 0.0477
vn 0.9989 0.0001 0.0477
vn 0.9989 0.0002 0.0478
vn 0.9990 0.0001 0.0454
vn 0.0002 0.9940 -0.1097
vn 0.0003 0.9940 -0.1098
vn 0.0002 0.9944 -0.1060
vn 0.0001 0.9944 -0.1059
vn 0.0001 0.9948 -0.1023
vn 0.0001 0.9948 -0.1022
vn -0.0000 0.9948 -0.1022
vn 0.0001 0.9940 -0.1096
vn -0.2254 -0.0000 0.9743
vn -0.0000 -0.2157 0.9765
vn 0.2258 -0.0000 0.9742
vn 0.2259 -0.0000 0.9741
vn 0.2259 -0.0000 0.9742
vn -0.0000 0.2043 0.9789
vn -0.0000 0.2042 0.9789
vn 0.9980 -0.0001 0.0639
vn 0.9979 -0.0001 0.0640
vn 0.9980 -0.0001 0.0637
vn 0.9980 -0.0001 0.0638
vn -0.0000 0.9907 -0.1360
vn -0.0000 0.9907 -0.1359
vn -0.0000 0.9908 -0.1355
vn -0.0000 0.9907 -0.1357
vn -0.0000 0.9907 -0.1358
vn 0.9979 -0.0001 0.0641
vn -0.0000 0.9907 -0.1362
vn -0.0000 0.9907 -0.1361
vn -0.9988 0.0004 -0.0486
vn -0.9987 0.0004 -0.0513
vn -0.9987 0.0004 -0.0514
vn -0.9988 0.0005 -0.0486
vn -0.9989 0.0006 -0.0460
vn -0.9989 0.0005 -0.0461
vn -0.9989 0.0004 -0.0461
vn -0.9988 0.0004 -0.0487
vn -0.9987 0.0003 -0.0512
vn 0.0006 0.9955 -0.0952
vn 0.0004 0.9954 -0.0954
vn 0.0006 0.9952 -0.0984
vn 0.0007 0.9951 -0.0984
vn 0.0007 0.9954 -0.0953
vn 0.0006 0.9957 -0.0924
vn 0.0005 0.9957 -0.0923
vn 0.0005 0.9957 -0.0922
vn -0.9990 0.0005 -0.0454
vn -0.9991 0.0006 -0.0432
vn -0.9991 0.0005 -0.0431
vn -0.9990 0.0004 -0.0454
vn -0.9991 0.0004 -0.0431
vn -0.9990 0.0004 -0.0453
vn -0.9989 0.0003 -0.0478
vn -0.9989 0.0004 -0.0479
vn 0.0007 0.9940 -0.1096
vn 0.0007 0.9944 -0.1056
vn 0.0006 0.9944 -0.1059
vn 0.0006 0.9948 -0.1022
vn 0.0005 0.9948 -0.1022
vn 0.0005 0.9944 -0.1058
vn 0.0006 0.9940 -0.1096
vn -0.2254 0.0001 0.9743
vn -0.2255 0.0001 0.9742
vn -0.2256 0.0001 0.9742
vn -0.0001 -0.2157 0.9765
vn -0.0001 -0.2158 0.9764
vn 0.2258 -0.0001 0.9742
vn 0.2259 -0.0001 0.9742
vn 0.0001 0.2042 0.9789
vn -0.9980 0.0006 -0.0638
vn -0.9980 0.0006 -0.0640
vn -0.9979 0.0006 -0.0641
vn 0.0005 0.9907 -0.1360
vn 0.0005 0.9907 -0.1362
vn 0.0005 0.9907 -0.1359
vn 0.0005 0.9907 -0.1358
vn -0.9980 0.0006 -0.0639
vn 0.0005 0.9908 -0.1357
vn 0.0519 0.9987 0.0005
vn 0.0520 0.9986 0.0005
vn 0.0519 0.9986 0.0005
vn -0.0329 -0.0001 0.9995
vn -0.0330 -0.0000 0.9995
vn -0.0243 -0.0001 0.9997
vn -0.0242 -0.0003 0.9997
vn -0.0155 -0.0003 0.9999
vn -0.0155 -0.0004 0.9999
vn -0.0155 -0.0006 0.9999
vn -0.0242 -0.0004 0.9997
vn -0.0328 -0.0003 0.9995
vn -0.0331 -0.0000 0.9995
vn -0.0156 -0.0003 0.9999
vn -0.0241 -0.0004 0.9997
vn -1.0000 -0.0000 -0.0000
vn 0.0307 0.9995 0.0005
vn 0.0306 0.9995 0.0005
vn -0.0143 -0.0006 0.9999
vn -0.0519 0.9987 -0.0005
vn -0.0519 0.9986 -0.0005
vn -0.0520 0.9986 -0.0005
vn -0.0244 0.0001 0.9997
vn -0.0329 0.0001 0.9995
vn -0.0242 0.0003 0.9997
vn -0.0328 0.0003 0.9995
vn -0.0241 0.0004 0.9997
vn -0.0154 0.0006 0.9999
vn -0.0155 0.0004 0.9999
vn -0.0155 0.0003 0.9999
vn -0.0243 0.0001 0.9997
vn -0.0242 0.0004 0.9997
vn -0.0151 0.0003 0.9999
vn 1.0000 -0.0000 -0.0000
vn -0.0307 0.9995 -0.0005
vn -0.0306 0.9995 -0.0005
vn -0.0143 0.0006 0.9999
vn -0.0155 0.0006 0.9999
vn -0.0156 0.0003 0.9999
vn -0.0329 0.0003 0.9995
vn -0.0330 0.0001 0.9995
vn -0.0154 -0.0006 0.9999
vn -0.0329 -0.0003 0.9995
vn 0.0005 0.9987 -0.0519
vn 0.0005 0.9986 -0.0520
vn 0.0005 0.9986 -0.0519
vn 0.9995 -0.0001 0.0329
vn 0.9995 -0.0000 0.0330
vn 0.9997 -0.0001 0.0243
vn 0.9997 -0.0003 0.0242
vn 0.9999 -0.0003 0.0155
vn 0.9999 -0.0004 0.0155
vn 0.9999 -0.0006 0.0155
vn 0.9997 -0.0004 0.0241
vn 0.9995 -0.0003 0.0328
vn 0.9997 -0.0004 0.0242
vn 0.0005 0.9995 -0.0307
vn 0.0005 0.9995 -0.0306
vn 0.9999 -0.0006 0.0143
vn -0.9997 0.0001 -0.0243
vn -0.9995 -0.0000 -0.0330
vn -0.9995 0.0001 -0.0329
vn -0.9997 0.0003 -0.0242
vn -0.9995 0.0003 -0.0328
vn -0.9997 0.0004 -0.0241
vn -0.9999 0.0006 -0.0155
vn -0.9999 0.0004 -0.0155
vn -0.9999 0.0003 -0.0155
vn -0.9999 0.0006 -0.0154
vn -0.9999 0.0006 -0.0143
vn 0.0005 0.9995 -0.0309
vn -0.9997 0.0004 -0.0240
vn 0.9995 -0.0001 0.0330
vn 0.9999 -0.0003 0.0156
vn 0.9999 -0.0006 0.0154
vn 0.9995 -0.0003 0.0326
vn -0.9995 0.0003 -0.0326
vn -0.9999 0.0003 -0.0156
vn -0.0000 -0.0000 -1.0000
vn -0.0000 -0.2489 -0.9685
vn -0.0000 -0.2232 -0.9748
vn 0.9685 -0.2489 -0.0000
vn 0.9748 -0.2232 -0.0000
vn -0.0000 0.2489 -0.9685
vn -0.0000 0.2232 -0.9748
vn 0.9685 0.2489 -0.0000
vn 0.9748 0.2232 -0.0000
vn 0.9004 0.4351 -0.0000
vn 0.9819 0.1895 -0.0000
vn 0.9819 0.1896 -0.0000
vn -0.0000 0.4351 -0.9004
vn -0.0000 0.1896 -0.9819
vn 0.9004 -0.4351 -0.0000
vn 0.9819 -0.1896 -0.0000
vn 0.9819 -0.1895 -0.0000
vn -0.0000 -0.4351 -0.9004
vn -0.0000 -0.1896 -0.9819
vn -0.0000 -0.1895 -0.9819
vn -0.0000 1.0000 -0.0000
vn -0.0000 0.9951 0.0988
vn -0.0000 0.9951 -0.0988
vn -0.0000 0.9951 -0.0987
vn -0.7909 -0.0000 0.6119
vn -0.7910 -0.0000 0.6119
vn -0.7908 -0.0000 0.6120
vn -0.0729 -0.0000 0.9973
vn 0.1233 -0.0000 0.9924
vn 0.8980 -0.0001 0.4401
vn 0.8979 -0.0000 0.4401
vn 0.8980 -0.0000 0.4400
vn 0.8980 0.0001 0.4401
vn 0.8980 -0.0000 0.4399
vn 0.8979 -0.0000 0.4402
vn -0.5864 0.6787 0.4422
vn -0.5864 0.6786 0.4422
vn -0.5867 0.6784 0.4423
vn -0.5865 0.6785 0.4423
vn -0.5866 0.6785 0.4422
vn -0.5865 0.6786 0.4421
vn -0.5867 -0.6784 0.4423
vn -0.5865 -0.6786 0.4422
vn -0.5865 -0.6785 0.4422
vn -0.5866 -0.6785 0.4422
vn -0.5866 -0.6784 0.4423
vn -0.5865 -0.6785 0.4423
vn 0.7219 -0.0000 0.6920
vn 0.7218 -0.0000 0.6921
vn -0.9192 -0.0000 0.3939
vn -0.9192 -0.0000 0.3938
vn -0.0000 0.9080 -0.4189
vn -0.0000 0.9080 -0.4190
vn -0.0000 0.9081 -0.4189
vn -0.0000 0.9082 -0.4186
vn -0.0000 0.9081 0.4188
vn -0.0000 0.9080 0.4189
vn -0.0000 0.9081 0.4187
vn -0.1564 -0.0000 -0.9877
vn -0.1565 -0.0000 -0.9877
vn -0.1566 -0.0000 -0.9877
vn -0.1563 -0.0000 -0.9877
vn 0.9776 -0.0000 -0.2104
vn 0.9776 -0.0000 -0.2105
vn 0.9817 -0.0000 0.1904
vn 0.9817 -0.0000 0.1903
vn 0.9817 -0.0000 0.1905
vn 0.9817 -0.0000 0.1906
vn 0.9858 -0.0000 -0.1680
vn 0.9716 -0.0000 0.2368
vn 0.2829 0.0039 0.9591
vn 0.2829 0.0040 0.9591
vn 0.3301 0.0045 0.9439
vn 0.3302 0.0043 0.9439
vn 0.3303 0.0042 0.9439
vn 0.2830 0.0037 0.9591
vn 0.2350 0.0033 0.9720
vn 0.2349 0.0035 0.9720
vn 0.2348 0.0036 0.9720
vn -0.5740 -0.0077 0.8189
vn -0.5740 -0.0075 0.8189
vn -0.5322 -0.0074 0.8466
vn -0.5322 -0.0075 0.8466
vn -0.5321 -0.0077 0.8466
vn -0.5740 -0.0079 0.8188
vn -0.6144 -0.0088 0.7889
vn -0.6143 -0.0086 0.7890
vn -0.6143 -0.0084 0.7891
vn -0.9980 -0.0135 0.0618
vn -0.9980 -0.0134 0.0618
vn -0.9936 -0.0137 0.1117
vn -0.9936 -0.0139 0.1118
vn -0.9936 -0.0140 0.1119
vn -0.9980 -0.0137 0.0617
vn -0.9998 -0.0141 0.0115
vn -0.9998 -0.0139 0.0116
vn -0.9998 -0.0137 0.0117
vn -0.6713 -0.0091 -0.7411
vn -0.7071 -0.0094 -0.7070
vn -0.7071 -0.0096 -0.7071
vn -0.6713 -0.0092 -0.7412
vn -0.7070 -0.0097 -0.7072
vn -0.6712 -0.0094 -0.7412
vn -0.6337 -0.0090 -0.7735
vn -0.6338 -0.0089 -0.7735
vn -0.6338 -0.0087 -0.7734
vn -0.1121 -0.0017 0.9937
vn -0.1120 -0.0019 0.9937
vn -0.1621 -0.0024 0.9868
vn -0.1622 -0.0022 0.9868
vn -0.2121 -0.0030 0.9772
vn -0.2121 -0.0027 0.9772
vn -0.2121 -0.0026 0.9772
vn -0.1623 -0.0021 0.9867
vn -0.1122 -0.0015 0.9937
vn -0.8468 -0.0117 0.5318
vn -0.8467 -0.0119 0.5319
vn -0.8726 -0.0121 0.4883
vn -0.8726 -0.0120 0.4882
vn -0.8962 -0.0123 0.4434
vn -0.8963 -0.0121 0.4434
vn -0.8963 -0.0120 0.4433
vn -0.8727 -0.0118 0.4881
vn -0.8468 -0.0116 0.5318
vn -0.9267 -0.0127 -0.3757
vn -0.9073 -0.0127 -0.4202
vn -0.9074 -0.0125 -0.4201
vn -0.9267 -0.0125 -0.3756
vn -0.9438 -0.0126 -0.3302
vn -0.9438 -0.0127 -0.3303
vn -0.9437 -0.0129 -0.3304
vn -0.9266 -0.0128 -0.3757
vn -0.9073 -0.0128 -0.4203
vn 0.8384 0.4331 0.3310
vn 0.7957 0.5356 0.2829
vn 0.8194 0.4996 0.2809
vn 0.8612 0.4106 0.2997
vn 0.8831 0.3563 0.3053
vn 0.8714 0.3665 0.3261
vn 0.8972 0.1887 0.3993
vn 0.8857 0.2078 0.4152
vn 0.8840 0.2733 0.3793
vn -0.8429 -0.3645 0.3959
vn -0.8519 -0.3468 0.3924
vn -0.8476 -0.3495 0.3993
vn -0.8383 -0.3648 0.4051
vn -0.8846 -0.1707 0.4340
vn -0.8825 -0.1686 0.4391
vn -0.8819 -0.1888 0.4320
vn -0.8369 -0.3818 0.3922
vn -0.8400 -0.3841 0.3833
vn -0.3175 -0.4234 0.8485
vn -0.3191 -0.4087 0.8551
vn -0.3137 -0.4115 0.8557
vn -0.3111 -0.4267 0.8492
vn -0.2718 -0.2446 0.9308
vn -0.2627 -0.2104 0.9417
vn -0.2592 -0.2046 0.9439
vn -0.3097 -0.4460 0.8397
vn -0.3176 -0.4417 0.8391
vn -0.4915 0.5043 -0.7100
vn -0.4768 0.4957 -0.7260
vn -0.4615 0.5779 -0.6731
vn -0.3621 0.6794 -0.6382
vn -0.3918 0.6753 -0.6248
vn -0.4888 0.5797 -0.6519
vn -0.4294 0.6709 -0.6045
vn -0.5203 0.5802 -0.6266
vn -0.5167 0.5125 -0.6859
vn -0.4354 0.7181 0.5429
vn -0.4355 0.7181 0.5429
vn -0.4355 0.7182 0.5428
vn -0.4355 0.7181 0.5428
vn -0.4354 0.7183 0.5427
vn -0.4354 0.7182 0.5428
vn 0.3548 0.6199 0.6999
vn 0.3506 0.6570 0.6674
vn 0.3612 0.6495 0.6691
vn 0.3637 0.6152 0.6995
vn 0.3676 0.5867 0.7215
vn 0.3609 0.5903 0.7220
vn 0.3487 0.5931 0.7257
vn 0.3444 0.6270 0.6987
vn 0.3367 0.6670 0.6646
vn 0.2347 0.0079 0.9720
vn 0.2344 0.0092 0.9721
vn 0.2352 0.0088 0.9719
vn 0.2353 0.0075 0.9719
vn 0.2354 0.0067 0.9719
vn 0.2349 0.0070 0.9720
vn 0.2342 0.0073 0.9722
vn 0.2339 0.0083 0.9722
vn 0.2336 0.0097 0.9723
vn -0.6145 0.0435 0.7877
vn -0.6145 0.0436 0.7877
vn -0.6144 0.0436 0.7878
vn -0.6145 0.0435 0.7878
vn -0.9989 0.0447 0.0114
vn -0.9989 0.0448 0.0114
vn -0.9989 0.0447 0.0113
vn -0.9989 0.0444 0.0115
vn -0.6325 0.0123 -0.7745
vn -0.6326 0.0122 -0.7744
vn -0.6325 0.0123 -0.7744
vn -0.6325 0.0122 -0.7744
vn -0.2079 0.0215 0.9779
vn -0.2083 0.0243 0.9778
vn -0.2100 0.0223 0.9774
vn -0.2107 0.0253 0.9772
vn -0.2118 0.0296 0.9769
vn -0.2091 0.0283 0.9775
vn -0.8956 0.0346 0.4436
vn -0.8955 0.0347 0.4436
vn -0.8955 0.0346 0.4436
vn 0.9057 -0.0224 0.4233
vn 0.9057 -0.0225 0.4233
vn -0.2259 0.9742 -0.0000
vn 1.0000 -0.0016 0.0069
vn 1.0000 -0.0011 0.0069
vn 1.0000 -0.0002 0.0067
vn 1.0000 -0.0014 0.0068
vn -0.0003 -0.2943 0.9557
vn -0.0000 -0.2949 0.9555
vn -0.0032 -0.2941 0.9558
vn -0.0063 -0.3507 0.9365
vn -0.0061 -0.3504 0.9366
vn -0.0032 -0.2934 0.9560
vn -0.0059 -0.3500 0.9367
vn -0.0032 -0.2928 0.9562
vn -0.0007 -0.2936 0.9559
vn 1.0000 -0.0016 0.0070
vn 1.0000 -0.0004 0.0068
vn 1.0000 -0.0014 0.0069
vn 1.0000 -0.0002 0.0065
vn -0.0062 -0.4052 0.9142
vn -0.0061 -0.4052 0.9142
vn -0.0060 -0.4655 0.8850
vn -0.0060 -0.4656 0.8850
vn 1.0000 -0.0002 0.0066
vn 1.0000 -0.0001 0.0067
vn -0.0020 -0.4084 0.9128
vn -0.0000 -0.4091 0.9125
vn -0.0011 -0.4089 0.9126
vn -0.0031 -0.4081 0.9129
vn -0.0031 -0.4091 0.9125
vn -0.0043 -0.4078 0.9130
vn -0.0062 -0.4071 0.9134
vn -0.0050 -0.4073 0.9133
vn -0.0024 -0.4073 0.9133
vn -0.0059 -0.4843 0.8749
vn -0.0058 -0.4843 0.8749
vn -0.0057 -0.4843 0.8749
vn -0.0058 -0.4844 0.8749
vn 1.0000 -0.0003 0.0065
vn -0.0057 -0.5238 0.8518
vn -0.0056 -0.5238 0.8518
vn -1.0000 0.0003 -0.0065
vn -1.0000 0.0001 -0.0065
vn -1.0000 0.0002 -0.0065
vn -0.0057 -0.5242 0.8515
vn -0.0057 -0.5243 0.8515
vn -0.0060 -0.4658 0.8849
vn -0.0057 -0.5242 0.8516
vn -0.0056 -0.5242 0.8516
vn -0.0059 -0.4847 0.8746
vn -0.0059 -0.4847 0.8747
vn -0.0058 -0.4847 0.8746
vn -0.0057 -0.4847 0.8747
vn -0.0057 -0.4847 0.8746
vn -0.0058 -0.4848 0.8746
vn -0.0019 -0.3970 0.9178
vn -0.0000 -0.3978 0.9175
vn -0.0011 -0.3975 0.9176
vn -0.0031 -0.3968 0.9179
vn -0.0031 -0.3978 0.9175
vn -0.0042 -0.3966 0.9180
vn -0.0062 -0.3959 0.9183
vn -0.0050 -0.3961 0.9182
vn -0.0024 -0.3961 0.9182
vn -1.0000 0.0002 -0.0068
vn -1.0000 0.0004 -0.0070
vn -1.0000 0.0016 -0.0071
vn -1.0000 0.0011 -0.0072
vn -0.0059 -0.3439 0.9390
vn -0.0061 -0.3442 0.9389
vn -0.0063 -0.3446 0.9387
vn -1.0000 0.0001 -0.0068
vn -1.0000 0.0014 -0.0070
vn -1.0000 0.0016 -0.0073
vn -0.0003 -0.2818 0.9595
vn -0.0000 -0.2824 0.9593
vn -0.0032 -0.2816 0.9595
vn -0.0032 -0.2809 0.9597
vn -0.0032 -0.2802 0.9599
vn -0.0007 -0.2811 0.9597
vn -0.0000 1.0000 -0.0001
vn -0.0000 1.0000 -0.0061
vn 1.0000 -0.0006 0.0064
vn 1.0000 -0.0006 0.0065
vn -1.0000 0.0006 -0.0065
vn -1.0000 0.0006 -0.0064
vn -1.0000 0.0006 -0.0073
vn -0.9998 0.0006 -0.0173
vn -0.9999 0.0006 -0.0173
vn 0.9999 -0.0006 0.0115
vn 0.9999 -0.0006 0.0114
vn 1.0000 -0.0008 0.0067
vn 1.0000 -0.0016 0.0065
vn 1.0000 -0.0018 0.0065
vn 1.0000 -0.0013 0.0059
vn 1.0000 -0.0004 0.0059
vn 1.0000 -0.0015 0.0068
vn 1.0000 -0.0004 0.0067
vn 1.0000 -0.0006 0.0070
vn 1.0000 -0.0006 0.0054
vn 1.0000 -0.0000 0.0060
vn 1.0000 -0.0001 0.0060
vn 1.0000 0.0001 0.0065
vn 1.0000 -0.0006 0.0094
vn 1.0000 -0.0006 0.0093
vn -1.0000 0.0006 -0.0093
vn 0.0013 0.6808 -0.7325
vn -0.0000 0.6808 -0.7325
vn 0.0025 0.6634 -0.7482
vn 0.0041 0.6638 -0.7479
vn 0.0049 0.6636 -0.7481
vn 0.0027 0.6808 -0.7324
vn 0.0047 0.6970 -0.7170
vn 0.0039 0.6968 -0.7172
vn 0.0023 0.6971 -0.7170
vn 0.7819 0.6235 0.0015
vn 0.7882 0.6154 -0.0000
vn 0.7877 0.6160 0.0015
vn 0.7815 0.6239 0.0026
vn 0.7875 0.6163 0.0031
vn 0.7813 0.6241 0.0038
vn 0.7758 0.6309 0.0051
vn 0.7760 0.6307 0.0041
vn 0.7756 0.6312 0.0024
vn -0.7791 0.6269 -0.0026
vn -0.7788 0.6273 -0.0015
vn -0.7850 0.6194 -0.0024
vn -0.7845 0.6201 -0.0042
vn -0.7846 0.6199 -0.0051
vn -0.7792 0.6267 -0.0038
vn -0.7731 0.6343 -0.0030
vn -0.7730 0.6344 -0.0014
vn -0.7726 0.6349 -0.0000
vn -0.0000 0.7977 0.6031
vn 0.5443 0.8389 -0.0000
vn 0.5444 0.8389 -0.0000
vn -0.5553 0.8317 -0.0025
vn -0.5386 0.8425 -0.0035
vn -0.5393 0.8421 -0.0025
vn -0.5556 0.8314 -0.0018
vn -0.5399 0.8418 -0.0016
vn -0.5559 0.8313 -0.0010
vn -0.5720 0.8202 -0.0000
vn -0.5719 0.8203 -0.0006
vn -0.5724 0.8200 -0.0019
vn 0.6071 0.7947 -0.0000
vn 0.6071 0.7946 -0.0000
vn -0.6104 0.7921 -0.0000
vn -0.0000 0.7221 -0.6918
vn -1.0000 0.0016 -0.0074
vn -1.0000 0.0005 -0.0071
vn -1.0000 0.0011 -0.0073
vn -1.0000 0.0014 -0.0071
vn -0.0004 -0.2763 0.9611
vn -0.0000 -0.2770 0.9609
vn -0.0032 -0.2761 0.9611
vn -0.0063 -0.3419 0.9397
vn -0.0061 -0.3416 0.9398
vn -0.0032 -0.2754 0.9613
vn -0.0059 -0.3412 0.9400
vn -0.0032 -0.2748 0.9615
vn -0.0007 -0.2756 0.9613
vn -1.0000 0.0016 -0.0075
vn -1.0000 0.0004 -0.0071
vn -1.0000 0.0011 -0.0074
vn -1.0000 0.0015 -0.0072
vn -1.0000 0.0002 -0.0073
vn -1.0000 0.0002 -0.0069
vn -0.0060 -0.4659 0.8848
vn -0.0020 -0.3922 0.9199
vn -0.0000 -0.3929 0.9196
vn -0.0011 -0.3926 0.9197
vn -0.0031 -0.3919 0.9200
vn -0.0031 -0.3929 0.9196
vn -0.0041 -0.3916 0.9201
vn -0.0062 -0.3909 0.9204
vn -0.0051 -0.3912 0.9203
vn -0.0024 -0.3911 0.9203
vn -0.0059 -0.4849 0.8745
vn -0.0059 -0.4849 0.8746
vn -0.0058 -0.4849 0.8745
vn -0.0057 -0.4849 0.8746
vn -0.0057 -0.4849 0.8745
vn -0.0058 -0.4850 0.8745
vn -0.0057 -0.5244 0.8514
vn -0.0057 -0.5245 0.8514
vn -0.0055 -0.5244 0.8515
vn -0.0056 -0.5244 0.8514
vn -0.0057 -0.5236 0.8519
vn -0.0060 -0.4655 0.8851
vn -0.0060 -0.4654 0.8851
vn -0.0055 -0.5236 0.8520
vn -0.0056 -0.5236 0.8519
vn -0.0059 -0.4841 0.8750
vn -0.0058 -0.4841 0.8750
vn -0.0057 -0.4841 0.8750
vn -0.0058 -0.4842 0.8750
vn -0.0019 -0.4129 0.9108
vn -0.0000 -0.4137 0.9104
vn -0.0011 -0.4135 0.9105
vn -0.0031 -0.4127 0.9108
vn -0.0031 -0.4137 0.9104
vn -0.0042 -0.4125 0.9110
vn -0.0061 -0.4118 0.9113
vn -0.0050 -0.4120 0.9112
vn -0.0024 -0.4120 0.9112
vn 1.0000 -0.0001 0.0066
vn 1.0000 -0.0014 0.0067
vn 1.0000 -0.0011 0.0067
vn -0.0059 -0.3526 0.9358
vn -0.0061 -0.3529 0.9356
vn -0.0063 -0.3532 0.9355
vn 1.0000 -0.0004 0.0066
vn 1.0000 -0.0011 0.0068
vn 1.0000 -0.0015 0.0067
vn 1.0000 -0.0016 0.0068
vn -0.0003 -0.2994 0.9541
vn -0.0000 -0.3001 0.9539
vn -0.0032 -0.2993 0.9542
vn -0.0032 -0.2986 0.9544
vn -0.0032 -0.2979 0.9546
vn -0.0007 -0.2988 0.9543
vn 0.9995 0.0008 0.0326
vn 0.9994 0.0010 0.0336
vn 0.9995 0.0010 0.0328
vn 0.9995 0.0008 0.0319
vn 0.9995 0.0009 0.0314
vn 0.9995 0.0008 0.0312
vn 0.9995 0.0007 0.0305
vn 0.9995 0.0007 0.0313
vn 0.9995 0.0007 0.0324
vn -0.0005 0.9999 -0.0119
vn -0.0005 0.9999 -0.0116
vn -0.0005 0.9999 -0.0115
vn -0.0005 0.9999 -0.0122
vn 0.9994 0.0008 0.0340
vn 0.9994 0.0009 0.0350
vn 0.9994 0.0009 0.0335
vn 0.9994 0.0008 0.0332
vn 0.9995 0.0007 0.0330
vn 0.9994 0.0007 0.0345
vn 0.9994 0.0008 0.0348
vn 0.9994 0.0010 0.0358
vn -0.0005 0.9999 -0.0127
vn -0.0005 0.9999 -0.0132
vn -0.0005 0.9999 -0.0131
vn -0.0006 0.9999 -0.0132
vn -0.0005 0.9999 -0.0136
vn -0.0005 0.9999 -0.0135
vn -0.0005 0.9999 -0.0128
vn -0.0602 -0.0088 -0.9981
vn -0.0603 -0.0088 -0.9981
vn 0.0032 0.0627 -0.9980
vn 0.0032 0.0624 -0.9980
vn 0.0032 0.0628 -0.9980
vn 0.0032 0.0632 -0.9980
vn 0.0032 0.0629 -0.9980
vn 0.0668 -0.0087 -0.9977
vn 0.0033 -0.0769 -0.9970
vn 0.0033 -0.0768 -0.9970
vn 0.9992 0.0009 0.0409
vn 0.9992 0.0008 0.0397
vn 0.9991 0.0008 0.0416
vn 0.9991 0.0010 0.0419
vn 0.9991 0.0011 0.0432
vn 0.9991 0.0010 0.0422
vn 0.9992 0.0009 0.0403
vn 0.9992 0.0008 0.0400
vn 0.9992 0.0007 0.0388
vn -0.0005 0.9999 -0.0153
vn -0.0005 0.9999 -0.0149
vn -0.0005 0.9999 -0.0154
vn -0.0004 0.9999 -0.0158
vn -0.0005 0.9999 -0.0147
vn 0.9989 0.0010 0.0458
vn 0.9991 0.0008 0.0428
vn 0.9990 0.0008 0.0448
vn 0.9989 0.0009 0.0468
vn 0.9990 0.0011 0.0449
vn 0.9990 0.0011 0.0441
vn 0.9991 0.0011 0.0434
vn 0.9991 0.0009 0.0431
vn 0.9991 0.0007 0.0417
vn -0.0007 0.9999 -0.0118
vn -0.0005 0.9999 -0.0164
vn -0.0006 0.9999 -0.0131
vn -0.0003 1.0000 -0.0038
vn -0.0006 1.0000 -0.0061
vn -0.0009 1.0000 -0.0049
vn -0.0012 1.0000 -0.0000
vn -0.0011 1.0000 -0.0036
vn -0.0011 0.9999 -0.0109
vn -0.0034 -0.1064 0.9943
vn -0.0058 -0.0927 0.9957
vn -0.0020 -0.0554 0.9985
vn -0.0012 -0.0535 0.9986
vn -0.0000 -0.0451 0.9990
vn -0.0012 -0.1224 0.9925
vn -0.0038 -0.1240 0.9923
vn -0.0044 -0.1066 0.9943
vn -0.0066 -0.0926 0.9957
vn -0.0032 -0.2297 0.9733
vn -0.0012 -0.1154 0.9933
vn -0.0019 -0.1535 0.9881
vn -0.0055 -0.2428 0.9700
vn -0.0063 -0.2429 0.9700
vn -0.0042 -0.2296 0.9733
vn -0.0036 -0.2127 0.9771
vn -0.0012 -0.2144 0.9768
vn -0.0000 -0.0781 0.9969
vn 1.0000 -0.0005 -0.0000
vn -0.2652 0.9642 -0.0000
vn -0.2652 0.9642 -0.0001
vn -0.2652 0.9642 -0.0002
vn -0.2653 0.9642 -0.0000
vn -0.2653 0.9642 0.0001
vn -0.2653 0.9642 0.0002
vn -0.0894 -0.0000 0.9960
vn -0.2405 0.9706 -0.0000
vn -0.4186 0.9082 -0.0014
vn -0.4197 0.9076 -0.0009
vn -0.4198 0.9076 -0.0019
vn -0.4185 0.9082 -0.0022
vn -0.4173 0.9087 -0.0027
vn -0.4175 0.9087 -0.0019
vn -0.2378 0.9713 -0.0005
vn -0.2144 0.9768 -0.0002
vn -0.0873 0.9962 -0.0000
vn 0.4435 0.8963 0.0020
vn 0.4436 0.8962 0.0029
vn 0.4424 0.8968 0.0023
vn 0.4423 0.8969 0.0015
vn 0.4408 0.8976 0.0020
vn 0.4410 0.8975 0.0009
vn 0.0894 0.9960 -0.0000
vn 0.2270 0.9739 0.0003
vn 0.2567 0.9665 0.0005
vn -0.0047 0.7321 0.6812
vn -0.0044 0.7322 0.6811
vn -0.0053 0.7290 0.6845
vn -0.0045 0.7257 0.6880
vn -0.0048 0.7258 0.6879
vn -0.0063 0.7290 0.6844
vn -0.0058 0.7253 0.6884
vn -0.0075 0.7291 0.6844
vn -0.0057 0.7327 0.6806
vn -0.0031 0.6908 0.7231
vn -0.0046 0.6940 0.7199
vn -0.0036 0.6939 0.7200
vn -0.0022 0.6905 0.7233
vn -0.0017 0.6951 0.7189
vn -0.0013 0.6907 0.7232
vn -0.0000 0.6879 0.7258
vn -0.0007 0.6879 0.7258
vn -0.0027 0.6862 0.7274
vn -0.0038 0.6585 0.7526
vn -0.0050 0.6584 0.7526
vn -0.0032 0.6621 0.7494
vn -0.0023 0.6624 0.7492
vn -0.0028 0.6671 0.7450
vn -0.0007 0.6651 0.7468
vn -0.0000 0.6651 0.7468
vn -0.0014 0.6622 0.7494
vn -0.0018 0.6571 0.7538
vn -0.2122 0.5358 0.8173
vn -0.2122 0.5357 0.8173
vn -0.1339 0.7438 -0.6548
vn -0.1339 0.7438 -0.6549
vn -0.1339 0.7439 -0.6548
vn -0.0895 0.0001 0.9960
vn -0.6986 0.7155 0.0067
vn -0.6987 0.7154 0.0067
vn -0.6988 0.7152 0.0068
vn 0.0143 0.0006 -0.9999
vn 0.0142 0.0006 -0.9999
vn 0.0243 0.0001 -0.9997
vn 0.0331 -0.0000 -0.9995
vn 0.0330 0.0001 -0.9995
vn 0.0242 0.0003 -0.9997
vn 0.0328 0.0003 -0.9995
vn 0.0241 0.0004 -0.9997
vn 0.0154 0.0006 -0.9999
vn 0.0155 0.0004 -0.9999
vn 0.0156 0.0003 -0.9999
vn 0.0242 0.0001 -0.9997
vn 0.0330 -0.0000 -0.9995
vn 0.0329 0.0001 -0.9995
vn 0.0329 0.0003 -0.9995
vn 0.0242 0.0004 -0.9997
vn -0.0153 -0.0006 0.9999
vn -0.0326 -0.0003 0.9995
vn 0.0143 -0.0006 -0.9999
vn 0.0329 -0.0001 -0.9995
vn 0.0243 -0.0001 -0.9997
vn 0.0242 -0.0003 -0.9997
vn 0.0155 -0.0003 -0.9999
vn 0.0155 -0.0004 -0.9999
vn 0.0154 -0.0006 -0.9999
vn 0.0241 -0.0004 -0.9997
vn 0.0328 -0.0003 -0.9995
vn 0.0156 -0.0003 -0.9999
vn -0.0001 1.0000 -0.0000
vn 0.0001 1.0000 0.0001
vn -0.0000 1.0000 0.0001
vn 0.0001 1.0000 -0.0000
vn -0.0061 -0.0000 1.0000
vn -0.0064 -0.0000 1.0000
vn 1.0000 -0.0000 0.0065
vn -0.0000 0.9082 0.4185
vn -0.0061 -0.4081 0.9129
vn -0.0062 -0.3968 0.9179
vn -0.0062 -0.3919 0.9200
vn -0.0061 -0.4127 0.9108
vn -0.2377 0.9713 -0.0005
vt 0.347118 0.492085
vt 0.369716 0.492085
vt 0.369794 0.504958
vt 0.347157 0.504958
vt 0.324520 0.504958
vt 0.324520 0.492085
vt 0.324520 0.479213
vt 0.347079 0.479213
vt 0.369638 0.479213
vt 0.376310 0.492227
vt 0.376305 0.471150
vt 0.374450 0.473152
vt 0.374460 0.492085
vt 0.374470 0.511018
vt 0.376315 0.513303
vt 0.378160 0.515588
vt 0.378160 0.492369
vt 0.378160 0.469149
vt 0.346582 0.513310
vt 0.346731 0.511033
vt 0.346434 0.515588
vt 0.314707 0.515588
vt 0.316850 0.513318
vt 0.318992 0.511047
vt 0.318992 0.492114
vt 0.316850 0.492241
vt 0.314707 0.492369
vt 0.314707 0.469149
vt 0.316850 0.471165
vt 0.318992 0.473181
vt 0.346434 0.469149
vt 0.346577 0.471158
vt 0.346721 0.473166
vt 0.320494 0.509430
vt 0.320486 0.474712
vt 0.320490 0.492071
vt 0.321979 0.476244
vt 0.321987 0.492028
vt 0.321996 0.507812
vt 0.373214 0.474685
vt 0.346850 0.474698
vt 0.371978 0.476218
vt 0.346978 0.476231
vt 0.373232 0.509402
vt 0.373223 0.492043
vt 0.371994 0.507786
vt 0.371986 0.492002
vt 0.346863 0.509416
vt 0.346995 0.507799
vt 0.370808 0.477715
vt 0.370851 0.492043
vt 0.370894 0.506372
vt 0.347076 0.506378
vt 0.323258 0.506385
vt 0.323249 0.477728
vt 0.323254 0.492056
vt 0.347029 0.477722
vt 0.278759 0.491475
vt 0.301357 0.491475
vt 0.301435 0.504347
vt 0.278798 0.504347
vt 0.256161 0.504347
vt 0.256161 0.491475
vt 0.256161 0.478602
vt 0.278720 0.478602
vt 0.301280 0.478602
vt 0.307951 0.491616
vt 0.306101 0.491474
vt 0.306091 0.472541
vt 0.307947 0.470540
vt 0.309802 0.468539
vt 0.309802 0.491758
vt 0.309802 0.514978
vt 0.307956 0.512693
vt 0.306111 0.510408
vt 0.278224 0.512700
vt 0.278372 0.510422
vt 0.278075 0.514978
vt 0.246349 0.514978
vt 0.248491 0.512707
vt 0.250634 0.510437
vt 0.250634 0.491504
vt 0.248491 0.491631
vt 0.250634 0.472571
vt 0.248491 0.470555
vt 0.246349 0.468539
vt 0.246349 0.491758
vt 0.278075 0.468539
vt 0.278219 0.470547
vt 0.278363 0.472556
vt 0.252135 0.508819
vt 0.252127 0.474102
vt 0.252131 0.491461
vt 0.253620 0.475633
vt 0.253629 0.491417
vt 0.253637 0.507202
vt 0.304855 0.474074
vt 0.278491 0.474088
vt 0.303619 0.475607
vt 0.278620 0.475620
vt 0.304873 0.508792
vt 0.304864 0.491433
vt 0.303636 0.507175
vt 0.303627 0.491391
vt 0.278504 0.508805
vt 0.278636 0.507189
vt 0.302449 0.477105
vt 0.302492 0.491433
vt 0.302536 0.505761
vt 0.278717 0.505768
vt 0.254899 0.505774
vt 0.254891 0.477118
vt 0.254895 0.491446
vt 0.278670 0.477111
vt 0.234220 0.491475
vt 0.234297 0.504347
vt 0.211660 0.504347
vt 0.211622 0.491475
vt 0.189024 0.504347
vt 0.189024 0.491475
vt 0.189024 0.478602
vt 0.211583 0.478602
vt 0.234142 0.478602
vt 0.240814 0.491616
vt 0.238963 0.491474
vt 0.238953 0.472541
vt 0.240809 0.470540
vt 0.242664 0.468539
vt 0.242664 0.491758
vt 0.242664 0.514978
vt 0.240819 0.512693
vt 0.238973 0.510408
vt 0.211086 0.512700
vt 0.211235 0.510422
vt 0.210937 0.514978
vt 0.179211 0.514978
vt 0.181353 0.512707
vt 0.183496 0.510437
vt 0.183496 0.491504
vt 0.181353 0.491631
vt 0.183496 0.472571
vt 0.181353 0.470555
vt 0.179211 0.468539
vt 0.179211 0.491758
vt 0.210937 0.468539
vt 0.211081 0.470547
vt 0.211225 0.472556
vt 0.184998 0.508819
vt 0.184989 0.474102
vt 0.184993 0.491461
vt 0.186482 0.475633
vt 0.186491 0.491417
vt 0.186499 0.507202
vt 0.237717 0.474074
vt 0.211353 0.474088
vt 0.236481 0.475607
vt 0.211482 0.475620
vt 0.237735 0.508792
vt 0.237726 0.491433
vt 0.236498 0.507175
vt 0.236489 0.491391
vt 0.211366 0.508805
vt 0.211498 0.507189
vt 0.235311 0.477105
vt 0.235355 0.491433
vt 0.235398 0.505761
vt 0.211579 0.505768
vt 0.187761 0.505774
vt 0.187753 0.477118
vt 0.187757 0.491446
vt 0.211532 0.477111
vt 0.167692 0.491475
vt 0.167770 0.504347
vt 0.145133 0.504347
vt 0.145094 0.491475
vt 0.122496 0.504347
vt 0.122496 0.491475
vt 0.122496 0.478602
vt 0.145055 0.478602
vt 0.167614 0.478602
vt 0.174286 0.491616
vt 0.174281 0.470540
vt 0.172426 0.472541
vt 0.172436 0.491474
vt 0.172446 0.510408
vt 0.174291 0.512693
vt 0.176136 0.514978
vt 0.176136 0.491758
vt 0.176136 0.468539
vt 0.144558 0.512700
vt 0.144707 0.510422
vt 0.144410 0.514978
vt 0.112683 0.514978
vt 0.114826 0.512707
vt 0.116968 0.510437
vt 0.116968 0.491504
vt 0.114826 0.491631
vt 0.112683 0.491758
vt 0.112683 0.468539
vt 0.114826 0.470555
vt 0.116968 0.472571
vt 0.144410 0.468539
vt 0.144553 0.470547
vt 0.144697 0.472556
vt 0.118470 0.508819
vt 0.118462 0.474102
vt 0.118466 0.491461
vt 0.119955 0.475633
vt 0.119963 0.491417
vt 0.119972 0.507202
vt 0.171190 0.474074
vt 0.144826 0.474088
vt 0.169954 0.475607
vt 0.144954 0.475620
vt 0.171208 0.508792
vt 0.171199 0.491433
vt 0.169970 0.507175
vt 0.169962 0.491391
vt 0.144839 0.508805
vt 0.144971 0.507189
vt 0.168784 0.477105
vt 0.168827 0.491433
vt 0.168870 0.505761
vt 0.145052 0.505768
vt 0.121234 0.505774
vt 0.121225 0.477118
vt 0.121230 0.491446
vt 0.145005 0.477111
vt 0.504708 0.741226
vt 0.501965 0.738581
vt 0.501954 0.716354
vt 0.504702 0.716678
vt 0.501943 0.694126
vt 0.504697 0.692131
vt 0.507450 0.690136
vt 0.507450 0.717003
vt 0.507451 0.743870
vt 0.450137 0.694126
vt 0.450344 0.692131
vt 0.398330 0.694126
vt 0.395991 0.692131
vt 0.393653 0.690136
vt 0.450552 0.690136
vt 0.395997 0.716678
vt 0.398340 0.716354
vt 0.393653 0.717003
vt 0.393653 0.743870
vt 0.396002 0.741226
vt 0.398351 0.738581
vt 0.450158 0.738581
vt 0.450355 0.741226
vt 0.450552 0.743870
vt 0.391785 0.745837
vt 0.389918 0.747804
vt 0.389918 0.717139
vt 0.389918 0.686474
vt 0.391785 0.688305
vt 0.391785 0.717071
vt 0.509183 0.745837
vt 0.510915 0.747804
vt 0.450417 0.747804
vt 0.450484 0.745837
vt 0.509183 0.688305
vt 0.510915 0.686474
vt 0.510915 0.717139
vt 0.509183 0.717071
vt 0.450417 0.686474
vt 0.450484 0.688305
vt 0.513819 0.750751
vt 0.516723 0.753699
vt 0.516723 0.717219
vt 0.513819 0.717179
vt 0.516723 0.680739
vt 0.513819 0.683606
vt 0.387075 0.683606
vt 0.450447 0.683606
vt 0.450478 0.680739
vt 0.384233 0.680739
vt 0.387075 0.717179
vt 0.387075 0.750751
vt 0.384233 0.753699
vt 0.384233 0.717219
vt 0.450447 0.750751
vt 0.450478 0.753699
vt 0.450147 0.716354
vt 0.847704 0.612431
vt 0.845059 0.615174
vt 0.822832 0.615184
vt 0.823156 0.612436
vt 0.800605 0.615195
vt 0.798609 0.612442
vt 0.796614 0.609688
vt 0.823481 0.609688
vt 0.850348 0.609688
vt 0.800605 0.667002
vt 0.798609 0.666794
vt 0.796614 0.666587
vt 0.796614 0.723486
vt 0.798609 0.721147
vt 0.800605 0.718809
vt 0.823156 0.721142
vt 0.822832 0.718798
vt 0.823481 0.723486
vt 0.850348 0.723486
vt 0.847704 0.721137
vt 0.845059 0.718787
vt 0.845059 0.666981
vt 0.847704 0.666784
vt 0.850348 0.666587
vt 0.852315 0.725353
vt 0.854282 0.727220
vt 0.823617 0.727220
vt 0.792952 0.727220
vt 0.794783 0.725353
vt 0.823549 0.725353
vt 0.852315 0.607956
vt 0.854282 0.606224
vt 0.854282 0.666722
vt 0.852315 0.666654
vt 0.794783 0.607956
vt 0.792952 0.606224
vt 0.823617 0.606224
vt 0.823549 0.607956
vt 0.792952 0.666722
vt 0.794783 0.666654
vt 0.857229 0.603319
vt 0.860177 0.600415
vt 0.823697 0.600415
vt 0.823657 0.603319
vt 0.787217 0.600415
vt 0.790084 0.603319
vt 0.790084 0.730063
vt 0.790084 0.666691
vt 0.787217 0.732906
vt 0.787217 0.666661
vt 0.823657 0.730063
vt 0.857229 0.730063
vt 0.860177 0.732906
vt 0.823697 0.732906
vt 0.857229 0.666691
vt 0.860177 0.666661
vt 0.822832 0.666991
vt 0.767685 0.612162
vt 0.765041 0.614905
vt 0.742813 0.614916
vt 0.743138 0.612168
vt 0.720586 0.614927
vt 0.718591 0.612173
vt 0.716596 0.609420
vt 0.743463 0.609420
vt 0.770330 0.609420
vt 0.720586 0.666734
vt 0.718591 0.666526
vt 0.716596 0.666319
vt 0.716596 0.723218
vt 0.718591 0.720879
vt 0.720586 0.718540
vt 0.743138 0.720874
vt 0.742813 0.718530
vt 0.743463 0.723218
vt 0.770330 0.723218
vt 0.767685 0.720868
vt 0.765041 0.718519
vt 0.765041 0.666712
vt 0.767685 0.666515
vt 0.770330 0.666319
vt 0.772297 0.725085
vt 0.774264 0.726952
vt 0.743598 0.726952
vt 0.712933 0.726952
vt 0.714765 0.725085
vt 0.743531 0.725085
vt 0.772297 0.607687
vt 0.774264 0.605955
vt 0.774264 0.666454
vt 0.772297 0.666386
vt 0.714765 0.607687
vt 0.712933 0.605955
vt 0.743598 0.605955
vt 0.743531 0.607687
vt 0.712933 0.666454
vt 0.714765 0.666386
vt 0.777211 0.603051
vt 0.780158 0.600147
vt 0.743679 0.600147
vt 0.743639 0.603051
vt 0.707199 0.600147
vt 0.710066 0.603051
vt 0.710066 0.729795
vt 0.710066 0.666423
vt 0.707199 0.732638
vt 0.707199 0.666392
vt 0.743639 0.729795
vt 0.777211 0.729795
vt 0.780158 0.732638
vt 0.743679 0.732638
vt 0.777211 0.666423
vt 0.780158 0.666392
vt 0.742813 0.666723
vt 0.649836 0.566203
vt 0.647288 0.568845
vt 0.625875 0.568855
vt 0.626188 0.566208
vt 0.604462 0.568866
vt 0.602540 0.566213
vt 0.600618 0.563560
vt 0.626501 0.563560
vt 0.652384 0.563560
vt 0.604462 0.618775
vt 0.602540 0.618575
vt 0.600618 0.618375
vt 0.600618 0.673190
vt 0.602540 0.670937
vt 0.604462 0.668684
vt 0.626188 0.670932
vt 0.625875 0.668674
vt 0.626501 0.673190
vt 0.652384 0.673190
vt 0.649836 0.670927
vt 0.647288 0.668663
vt 0.647288 0.618754
vt 0.649836 0.618565
vt 0.652384 0.618375
vt 0.654279 0.674989
vt 0.656174 0.676787
vt 0.626632 0.676787
vt 0.597090 0.676787
vt 0.598854 0.674989
vt 0.626566 0.674989
vt 0.654279 0.561891
vt 0.656174 0.560223
vt 0.656174 0.618505
vt 0.654279 0.618440
vt 0.598854 0.561891
vt 0.597090 0.560223
vt 0.626632 0.560223
vt 0.626566 0.561891
vt 0.597090 0.618505
vt 0.598854 0.618440
vt 0.659013 0.557425
vt 0.661852 0.554627
vt 0.626709 0.554627
vt 0.626670 0.557425
vt 0.591565 0.554627
vt 0.594327 0.557425
vt 0.594327 0.679526
vt 0.594327 0.618475
vt 0.591565 0.682265
vt 0.591565 0.618446
vt 0.626670 0.679526
vt 0.659013 0.679526
vt 0.661852 0.682265
vt 0.626709 0.682265
vt 0.659013 0.618475
vt 0.661852 0.618446
vt 0.625875 0.618764
vt 0.983639 0.814606
vt 0.980860 0.811926
vt 0.980849 0.789401
vt 0.983634 0.789730
vt 0.980838 0.766877
vt 0.983629 0.764855
vt 0.986419 0.762833
vt 0.986419 0.790059
vt 0.986419 0.817286
vt 0.928339 0.766877
vt 0.928549 0.764855
vt 0.875839 0.766877
vt 0.873469 0.764855
vt 0.871099 0.762833
vt 0.928759 0.762833
vt 0.873475 0.789730
vt 0.875850 0.789401
vt 0.871099 0.790059
vt 0.871099 0.817286
vt 0.873480 0.814606
vt 0.875861 0.811926
vt 0.928360 0.811926
vt 0.928560 0.814606
vt 0.928759 0.817286
vt 0.869207 0.819279
vt 0.867315 0.821272
vt 0.867315 0.790197
vt 0.867315 0.759122
vt 0.869207 0.760977
vt 0.869207 0.790128
vt 0.988174 0.819279
vt 0.989930 0.821272
vt 0.928622 0.821272
vt 0.928691 0.819279
vt 0.988174 0.760977
vt 0.989930 0.759122
vt 0.989930 0.790197
vt 0.988174 0.790128
vt 0.928622 0.759122
vt 0.928691 0.760977
vt 0.992873 0.824259
vt 0.995816 0.827245
vt 0.995816 0.790278
vt 0.992873 0.790237
vt 0.995816 0.753310
vt 0.992873 0.756216
vt 0.864434 0.756216
vt 0.928653 0.756216
vt 0.928685 0.753310
vt 0.861553 0.753310
vt 0.864434 0.790237
vt 0.864434 0.824259
vt 0.861553 0.827245
vt 0.861553 0.790278
vt 0.928653 0.824259
vt 0.928685 0.827245
vt 0.928349 0.789401
vt 0.651011 0.430364
vt 0.648366 0.433107
vt 0.626139 0.433117
vt 0.626463 0.430369
vt 0.603911 0.433128
vt 0.601916 0.430374
vt 0.599921 0.427621
vt 0.626788 0.427621
vt 0.653655 0.427621
vt 0.603911 0.484935
vt 0.601916 0.484727
vt 0.603911 0.536741
vt 0.601916 0.539080
vt 0.599921 0.541419
vt 0.599921 0.484520
vt 0.626463 0.539075
vt 0.626139 0.536731
vt 0.626788 0.541419
vt 0.653655 0.541419
vt 0.651011 0.539069
vt 0.648366 0.536720
vt 0.648366 0.484913
vt 0.651011 0.484717
vt 0.653655 0.484520
vt 0.655622 0.543286
vt 0.657589 0.545153
vt 0.626924 0.545153
vt 0.596258 0.545153
vt 0.598090 0.543286
vt 0.626856 0.543286
vt 0.655622 0.425889
vt 0.657589 0.424156
vt 0.657589 0.484655
vt 0.655622 0.484587
vt 0.598090 0.425889
vt 0.596258 0.424156
vt 0.626924 0.424156
vt 0.626856 0.425889
vt 0.596258 0.484655
vt 0.598090 0.484587
vt 0.660536 0.421252
vt 0.663483 0.418348
vt 0.627004 0.418348
vt 0.626964 0.421252
vt 0.590524 0.418348
vt 0.593391 0.421252
vt 0.593391 0.547996
vt 0.593391 0.484624
vt 0.590524 0.484593
vt 0.590524 0.550839
vt 0.626964 0.547996
vt 0.660536 0.547996
vt 0.663483 0.550839
vt 0.627004 0.550839
vt 0.660536 0.484624
vt 0.663483 0.484593
vt 0.626139 0.484924
vt 0.391821 0.474955
vt 0.394533 0.477571
vt 0.394544 0.499552
vt 0.391826 0.499230
vt 0.394554 0.521533
vt 0.391831 0.523506
vt 0.389108 0.525479
vt 0.389108 0.498909
vt 0.389108 0.472340
vt 0.445787 0.521533
vt 0.445582 0.523506
vt 0.497020 0.521533
vt 0.499333 0.523506
vt 0.501646 0.525479
vt 0.445377 0.525479
vt 0.499328 0.499230
vt 0.497010 0.499552
vt 0.501646 0.498909
vt 0.501646 0.472340
vt 0.499322 0.474955
vt 0.496999 0.477571
vt 0.445766 0.477571
vt 0.445571 0.474955
vt 0.445377 0.472340
vt 0.503492 0.470395
vt 0.505338 0.468450
vt 0.505338 0.498775
vt 0.505338 0.529101
vt 0.503492 0.527290
vt 0.503492 0.498842
vt 0.387395 0.470395
vt 0.385682 0.468450
vt 0.445510 0.468450
vt 0.445444 0.470395
vt 0.387395 0.527290
vt 0.385682 0.529101
vt 0.385682 0.498775
vt 0.387395 0.498842
vt 0.445510 0.529101
vt 0.445444 0.527290
vt 0.382810 0.465535
vt 0.379938 0.462620
vt 0.379938 0.498696
vt 0.382810 0.498736
vt 0.379938 0.534772
vt 0.382810 0.531936
vt 0.508150 0.531936
vt 0.445480 0.531936
vt 0.445450 0.534772
vt 0.510961 0.534772
vt 0.508150 0.498736
vt 0.508150 0.465535
vt 0.510961 0.462620
vt 0.510961 0.498696
vt 0.445480 0.465535
vt 0.445450 0.462620
vt 0.445777 0.499552
vt 0.574243 0.429652
vt 0.571598 0.432395
vt 0.549371 0.432406
vt 0.549695 0.429658
vt 0.527143 0.432417
vt 0.525148 0.429663
vt 0.523153 0.426909
vt 0.550020 0.426909
vt 0.576887 0.426909
vt 0.527143 0.484223
vt 0.525148 0.484016
vt 0.523153 0.483808
vt 0.523153 0.540707
vt 0.525148 0.538369
vt 0.527143 0.536030
vt 0.549695 0.538364
vt 0.549371 0.536020
vt 0.550020 0.540707
vt 0.576887 0.540707
vt 0.574243 0.538358
vt 0.571598 0.536009
vt 0.571598 0.484202
vt 0.574243 0.484005
vt 0.576887 0.483808
vt 0.578854 0.542575
vt 0.580821 0.544442
vt 0.550156 0.544442
vt 0.519491 0.544442
vt 0.521322 0.542575
vt 0.550088 0.542575
vt 0.578854 0.425177
vt 0.580821 0.423445
vt 0.580821 0.483943
vt 0.578854 0.483876
vt 0.521322 0.425177
vt 0.519491 0.423445
vt 0.550156 0.423445
vt 0.550088 0.425177
vt 0.519491 0.483943
vt 0.521322 0.483876
vt 0.583768 0.420541
vt 0.586715 0.417637
vt 0.550236 0.417637
vt 0.550196 0.420541
vt 0.513756 0.417637
vt 0.516623 0.420541
vt 0.516623 0.547285
vt 0.516623 0.483913
vt 0.513756 0.550127
vt 0.513756 0.483882
vt 0.550196 0.547285
vt 0.583768 0.547285
vt 0.586715 0.550127
vt 0.550236 0.550127
vt 0.583768 0.483913
vt 0.586715 0.483882
vt 0.549371 0.484213
vt 0.349290 0.575658
vt 0.346668 0.573129
vt 0.346657 0.551879
vt 0.349285 0.552190
vt 0.346647 0.530629
vt 0.349280 0.528722
vt 0.351912 0.526815
vt 0.351912 0.552500
vt 0.351912 0.578186
vt 0.297118 0.530629
vt 0.297317 0.528722
vt 0.297515 0.526815
vt 0.243118 0.526815
vt 0.245353 0.528722
vt 0.247589 0.530629
vt 0.245359 0.552190
vt 0.247599 0.551879
vt 0.243118 0.552500
vt 0.243118 0.578186
vt 0.245364 0.575658
vt 0.247610 0.573129
vt 0.297139 0.573129
vt 0.297327 0.575658
vt 0.297515 0.578186
vt 0.241333 0.580067
vt 0.239548 0.581947
vt 0.239548 0.552630
vt 0.239548 0.523313
vt 0.241333 0.525064
vt 0.241333 0.552565
vt 0.353568 0.580066
vt 0.355224 0.581947
vt 0.297386 0.581947
vt 0.297450 0.580067
vt 0.353568 0.525064
vt 0.355224 0.523313
vt 0.355224 0.552630
vt 0.353568 0.552565
vt 0.297386 0.523313
vt 0.297450 0.525064
vt 0.358001 0.584765
vt 0.360777 0.587582
vt 0.360777 0.552707
vt 0.358001 0.552668
vt 0.360777 0.517831
vt 0.358001 0.520572
vt 0.236830 0.520572
vt 0.297415 0.520572
vt 0.234112 0.517831
vt 0.297445 0.517831
vt 0.236830 0.552668
vt 0.236830 0.584765
vt 0.234112 0.587582
vt 0.234112 0.552707
vt 0.297415 0.584765
vt 0.297445 0.587582
vt 0.297128 0.551879
vt 0.577172 0.566560
vt 0.574625 0.569202
vt 0.553212 0.569213
vt 0.553524 0.566565
vt 0.531799 0.569223
vt 0.529876 0.566570
vt 0.527954 0.563918
vt 0.553837 0.563918
vt 0.579720 0.563918
vt 0.531799 0.619132
vt 0.529876 0.618932
vt 0.531799 0.669041
vt 0.529876 0.671294
vt 0.527954 0.673547
vt 0.527954 0.618732
vt 0.553524 0.671289
vt 0.553212 0.669031
vt 0.553837 0.673547
vt 0.579720 0.673547
vt 0.577172 0.671284
vt 0.574625 0.669021
vt 0.574625 0.619112
vt 0.577172 0.618922
vt 0.579720 0.618732
vt 0.581615 0.675346
vt 0.583510 0.677145
vt 0.553968 0.677145
vt 0.524426 0.677145
vt 0.526190 0.675346
vt 0.553903 0.675346
vt 0.581615 0.562249
vt 0.583510 0.560580
vt 0.583510 0.618863
vt 0.581615 0.618797
vt 0.526190 0.562249
vt 0.524426 0.560580
vt 0.553968 0.560580
vt 0.553903 0.562249
vt 0.524426 0.618863
vt 0.526190 0.618797
vt 0.586349 0.557782
vt 0.589189 0.554985
vt 0.554045 0.554985
vt 0.554007 0.557782
vt 0.518901 0.554985
vt 0.521664 0.557782
vt 0.521664 0.679883
vt 0.521664 0.618833
vt 0.518901 0.618803
vt 0.518901 0.682622
vt 0.554006 0.679883
vt 0.586349 0.679883
vt 0.589189 0.682622
vt 0.554045 0.682622
vt 0.586349 0.618833
vt 0.589189 0.618803
vt 0.553212 0.619122
vt 0.392358 0.549281
vt 0.395038 0.551865
vt 0.395049 0.573583
vt 0.392363 0.573266
vt 0.395059 0.595302
vt 0.392368 0.597251
vt 0.389678 0.599201
vt 0.389678 0.572949
vt 0.389678 0.546697
vt 0.445680 0.595302
vt 0.445477 0.597251
vt 0.445274 0.599201
vt 0.500871 0.599201
vt 0.498586 0.597252
vt 0.496301 0.595302
vt 0.498581 0.573266
vt 0.496290 0.573583
vt 0.500871 0.572949
vt 0.500871 0.546697
vt 0.498575 0.549281
vt 0.496280 0.551865
vt 0.445659 0.551865
vt 0.445467 0.549281
vt 0.445274 0.546697
vt 0.502695 0.544775
vt 0.504520 0.542853
vt 0.504520 0.572816
vt 0.504520 0.602780
vt 0.502695 0.600990
vt 0.502695 0.572883
vt 0.387985 0.544775
vt 0.386293 0.542853
vt 0.445406 0.542853
vt 0.445340 0.544775
vt 0.387985 0.600990
vt 0.386293 0.602780
vt 0.386293 0.572816
vt 0.387985 0.572883
vt 0.445406 0.602780
vt 0.445340 0.600990
vt 0.383455 0.539973
vt 0.380617 0.537093
vt 0.380617 0.572738
vt 0.383455 0.572777
vt 0.380617 0.608383
vt 0.383455 0.605581
vt 0.507297 0.605581
vt 0.445376 0.605581
vt 0.510075 0.608383
vt 0.445346 0.608383
vt 0.507297 0.572777
vt 0.507297 0.539973
vt 0.510075 0.537094
vt 0.510075 0.572738
vt 0.445376 0.539973
vt 0.445346 0.537094
vt 0.445669 0.573583
vt 0.979104 0.847183
vt 0.997531 0.847249
vt 0.997531 0.879074
vt 0.979104 0.879009
vt 0.997531 0.910899
vt 0.979104 0.910834
vt 0.960678 0.910770
vt 0.960678 0.878944
vt 0.960678 0.847118
vt 0.943378 0.847118
vt 0.943378 0.878944
vt 0.943378 0.910770
vt 0.926079 0.910770
vt 0.926079 0.878944
vt 0.926079 0.847118
vt 0.907568 0.847118
vt 0.889058 0.847118
vt 0.889058 0.878944
vt 0.889058 0.910770
vt 0.907568 0.910770
vt 0.907568 0.878944
vt 0.871112 0.878944
vt 0.853167 0.878944
vt 0.853167 0.910770
vt 0.871112 0.910770
vt 0.871112 0.847118
vt 0.853167 0.847118
vt 0.871112 0.920524
vt 0.853167 0.920524
vt 0.853167 0.930279
vt 0.871112 0.930279
vt 0.889058 0.930279
vt 0.889058 0.920524
vt 0.907568 0.920524
vt 0.907568 0.930279
vt 0.926079 0.930279
vt 0.926079 0.920524
vt 0.943378 0.920524
vt 0.960678 0.920524
vt 0.960678 0.930279
vt 0.943378 0.930279
vt 0.979104 0.920557
vt 0.997531 0.920589
vt 0.997531 0.930279
vt 0.979104 0.930279
vt 0.960678 0.934904
vt 0.997531 0.934904
vt 0.997531 0.939529
vt 0.979104 0.939529
vt 0.960678 0.939529
vt 0.926079 0.934904
vt 0.943378 0.934904
vt 0.943378 0.939529
vt 0.926079 0.939529
vt 0.889058 0.934904
vt 0.907568 0.934904
vt 0.889058 0.939529
vt 0.907568 0.939529
vt 0.871112 0.934904
vt 0.853167 0.934904
vt 0.853167 0.939529
vt 0.871112 0.939529
vt 0.853167 0.944703
vt 0.889058 0.944703
vt 0.871112 0.944703
vt 0.889058 0.949877
vt 0.871112 0.949877
vt 0.853167 0.949877
vt 0.926079 0.944703
vt 0.907568 0.944703
vt 0.926079 0.949877
vt 0.907568 0.949877
vt 0.960678 0.944703
vt 0.943378 0.944703
vt 0.960678 0.949877
vt 0.943378 0.949877
vt 0.997531 0.944703
vt 0.979104 0.944703
vt 0.997531 0.949877
vt 0.979104 0.949877
vt 0.960678 0.963450
vt 0.960678 0.977023
vt 0.979104 0.977023
vt 0.979104 0.963450
vt 0.997531 0.977023
vt 0.997531 0.963450
vt 0.943378 0.963450
vt 0.926079 0.963450
vt 0.926079 0.977023
vt 0.943378 0.977023
vt 0.889058 0.963450
vt 0.907568 0.977023
vt 0.889058 0.977023
vt 0.853167 0.963450
vt 0.871112 0.963450
vt 0.871112 0.977023
vt 0.853167 0.977023
vt 0.434160 0.247741
vt 0.436368 0.249421
vt 0.432039 0.251664
vt 0.430771 0.249014
vt 0.429503 0.246364
vt 0.431953 0.246061
vt 0.434403 0.245758
vt 0.437550 0.246468
vt 0.440697 0.247179
vt 0.433914 0.240944
vt 0.435875 0.239243
vt 0.431596 0.237071
vt 0.430549 0.239763
vt 0.429502 0.242454
vt 0.431953 0.242645
vt 0.434403 0.242835
vt 0.437278 0.242125
vt 0.440153 0.241415
vt 0.429503 0.244409
vt 0.431953 0.244353
vt 0.434403 0.244297
vt 0.432709 0.252554
vt 0.433379 0.253445
vt 0.437323 0.251335
vt 0.436845 0.250378
vt 0.441267 0.249225
vt 0.440982 0.248202
vt 0.436990 0.245758
vt 0.436990 0.242835
vt 0.439577 0.242835
vt 0.439577 0.244297
vt 0.436990 0.244297
vt 0.439577 0.245758
vt 0.439865 0.242125
vt 0.438045 0.242362
vt 0.438226 0.246232
vt 0.440137 0.246468
vt 0.445548 0.246451
vt 0.445837 0.247143
vt 0.445259 0.245758
vt 0.450941 0.245758
vt 0.450960 0.246433
vt 0.450978 0.247108
vt 0.445259 0.242835
vt 0.450942 0.242835
vt 0.450944 0.242124
vt 0.445404 0.242125
vt 0.450946 0.241412
vt 0.445550 0.241414
vt 0.450941 0.244297
vt 0.445259 0.244297
vt 0.456499 0.246889
vt 0.456391 0.246324
vt 0.456283 0.245758
vt 0.461625 0.245758
vt 0.461823 0.246214
vt 0.462020 0.246670
vt 0.456386 0.242201
vt 0.456283 0.242835
vt 0.461625 0.242835
vt 0.461828 0.242279
vt 0.462030 0.241723
vt 0.456488 0.241567
vt 0.461625 0.244297
vt 0.456283 0.244297
vt 0.464092 0.244998
vt 0.464092 0.243537
vt 0.463270 0.244277
vt 0.466558 0.244238
vt 0.463404 0.242932
vt 0.464294 0.242980
vt 0.464289 0.245454
vt 0.463401 0.245556
vt 0.429430 0.253753
vt 0.428928 0.252759
vt 0.429932 0.254747
vt 0.426484 0.256049
vt 0.426151 0.254951
vt 0.425818 0.253853
vt 0.426919 0.244483
vt 0.426919 0.241977
vt 0.426920 0.246988
vt 0.424336 0.247613
vt 0.424336 0.244557
vt 0.424336 0.241500
vt 0.427679 0.239243
vt 0.428438 0.236508
vt 0.425280 0.235945
vt 0.424808 0.238723
vt 0.427924 0.249873
vt 0.425077 0.250733
vt 0.295962 0.663774
vt 0.295962 0.662486
vt 0.315959 0.662486
vt 0.335956 0.662486
vt 0.335956 0.663774
vt 0.335956 0.665063
vt 0.315959 0.665063
vt 0.315959 0.663774
vt 0.295962 0.665063
vt 0.295962 0.667268
vt 0.335956 0.667268
vt 0.315959 0.667268
vt 0.335956 0.669474
vt 0.315959 0.669474
vt 0.295962 0.669474
vt 0.335956 0.660311
vt 0.335956 0.658136
vt 0.315959 0.658136
vt 0.295962 0.658136
vt 0.295962 0.660311
vt 0.315959 0.660311
vt 0.295962 0.637742
vt 0.295962 0.636453
vt 0.315959 0.636453
vt 0.335956 0.636453
vt 0.335956 0.637742
vt 0.335956 0.639030
vt 0.315959 0.639030
vt 0.295962 0.639030
vt 0.295962 0.641374
vt 0.335956 0.641374
vt 0.315959 0.641374
vt 0.335956 0.643718
vt 0.315959 0.643718
vt 0.295962 0.643718
vt 0.335956 0.634140
vt 0.335956 0.631827
vt 0.315959 0.631827
vt 0.295962 0.631827
vt 0.295962 0.634140
vt 0.295962 0.651396
vt 0.295962 0.650107
vt 0.315959 0.650107
vt 0.315959 0.651396
vt 0.335956 0.650107
vt 0.335956 0.651396
vt 0.335956 0.652684
vt 0.315959 0.652684
vt 0.295962 0.652684
vt 0.295962 0.654735
vt 0.335956 0.654735
vt 0.315959 0.654735
vt 0.335956 0.656786
vt 0.315959 0.656786
vt 0.295962 0.656786
vt 0.335956 0.648087
vt 0.315959 0.648087
vt 0.335956 0.646067
vt 0.315959 0.646067
vt 0.295962 0.646067
vt 0.295962 0.648087
vt 0.295962 0.624589
vt 0.295962 0.623300
vt 0.315959 0.623300
vt 0.335956 0.623300
vt 0.335956 0.624589
vt 0.335956 0.625877
vt 0.315959 0.625877
vt 0.315959 0.624589
vt 0.295962 0.625877
vt 0.295962 0.627738
vt 0.335956 0.627738
vt 0.315959 0.627738
vt 0.335956 0.629599
vt 0.315959 0.629599
vt 0.295962 0.629599
vt 0.335956 0.621471
vt 0.335956 0.619641
vt 0.315959 0.619641
vt 0.295962 0.619641
vt 0.295962 0.621471
vt 0.315959 0.621471
vt 0.295962 0.611361
vt 0.295962 0.610073
vt 0.315959 0.610073
vt 0.335956 0.610073
vt 0.335956 0.611361
vt 0.315959 0.611361
vt 0.335956 0.612649
vt 0.315959 0.612649
vt 0.295962 0.612649
vt 0.295962 0.614923
vt 0.335956 0.614923
vt 0.335956 0.617197
vt 0.315959 0.617197
vt 0.295962 0.617197
vt 0.315959 0.607810
vt 0.335956 0.607810
vt 0.335956 0.605548
vt 0.315959 0.605548
vt 0.295962 0.605548
vt 0.295962 0.607810
vt 0.295962 0.598052
vt 0.295962 0.596764
vt 0.315959 0.596764
vt 0.335956 0.596764
vt 0.335956 0.598052
vt 0.335956 0.599340
vt 0.315959 0.599340
vt 0.315959 0.598052
vt 0.295962 0.599340
vt 0.295962 0.601382
vt 0.335956 0.601382
vt 0.335956 0.603423
vt 0.315959 0.603423
vt 0.295962 0.603423
vt 0.335956 0.594753
vt 0.335956 0.592743
vt 0.315959 0.592743
vt 0.295962 0.592743
vt 0.295962 0.594753
vt 0.315959 0.594753
vt 0.225752 0.455213
vt 0.225752 0.453064
vt 0.039916 0.453064
vt 0.039916 0.455213
vt 0.039916 0.457362
vt 0.225752 0.457362
vt 0.411588 0.457362
vt 0.411588 0.455213
vt 0.411588 0.453064
vt 0.225752 0.459299
vt 0.039916 0.459299
vt 0.039916 0.461236
vt 0.225752 0.461236
vt 0.411588 0.461236
vt 0.411588 0.459299
vt 0.225752 0.436641
vt 0.225752 0.434978
vt 0.039916 0.434978
vt 0.039916 0.436641
vt 0.039916 0.438303
vt 0.225752 0.438303
vt 0.411588 0.438303
vt 0.411588 0.436641
vt 0.411588 0.434979
vt 0.039916 0.440004
vt 0.225752 0.440004
vt 0.039916 0.441704
vt 0.225752 0.441704
vt 0.411588 0.441704
vt 0.411588 0.440004
vt 0.039916 0.443366
vt 0.225752 0.443366
vt 0.411588 0.443366
vt 0.411588 0.445028
vt 0.225752 0.445028
vt 0.039916 0.445028
vt 0.039916 0.447156
vt 0.225752 0.447156
vt 0.411588 0.447156
vt 0.411588 0.449284
vt 0.225752 0.449284
vt 0.039916 0.449284
vt 0.225752 0.451174
vt 0.411588 0.451174
vt 0.039916 0.451174
vt 0.412204 0.451174
vt 0.412189 0.453064
vt 0.412220 0.449284
vt 0.412851 0.449284
vt 0.412820 0.451174
vt 0.412789 0.453064
vt 0.412220 0.447156
vt 0.412851 0.447156
vt 0.412851 0.445028
vt 0.412220 0.445028
vt 0.412220 0.443366
vt 0.412851 0.443366
vt 0.412851 0.441704
vt 0.412220 0.441704
vt 0.412220 0.438303
vt 0.412220 0.440004
vt 0.412851 0.438303
vt 0.412851 0.440004
vt 0.412220 0.461236
vt 0.412189 0.457362
vt 0.412204 0.459299
vt 0.412789 0.457362
vt 0.412820 0.459299
vt 0.412851 0.461236
vt 0.412189 0.455213
vt 0.412789 0.455213
vt 0.413206 0.455213
vt 0.413206 0.457362
vt 0.413206 0.453064
vt 0.413624 0.453064
vt 0.413624 0.455213
vt 0.413624 0.457362
vt 0.413238 0.461236
vt 0.413222 0.459299
vt 0.413624 0.459299
vt 0.413624 0.461236
vt 0.413238 0.436641
vt 0.413238 0.438303
vt 0.412851 0.436641
vt 0.412851 0.434979
vt 0.413238 0.434979
vt 0.413624 0.434979
vt 0.413624 0.436641
vt 0.413624 0.438303
vt 0.413238 0.440004
vt 0.413238 0.441704
vt 0.413624 0.440004
vt 0.413624 0.441704
vt 0.413238 0.445028
vt 0.413238 0.443366
vt 0.413624 0.445028
vt 0.413624 0.443366
vt 0.413238 0.447156
vt 0.413238 0.449284
vt 0.413624 0.449284
vt 0.413624 0.447156
vt 0.413222 0.451174
vt 0.413624 0.451174
vt 0.077246 0.497113
vt 0.047177 0.493152
vt 0.047177 0.500874
vt 0.077153 0.504870
vt 0.047177 0.508596
vt 0.077060 0.512628
vt 0.106944 0.516660
vt 0.107130 0.508867
vt 0.107316 0.501074
vt 0.905573 0.191686
vt 0.895787 0.189684
vt 0.910679 0.183675
vt 0.917912 0.189684
vt 0.925145 0.195692
vt 0.903020 0.195692
vt 0.880895 0.195692
vt 0.880895 0.202127
vt 0.925145 0.202127
vt 0.903020 0.202127
vt 0.925145 0.208561
vt 0.903020 0.208561
vt 0.880895 0.208561
vt 0.905573 0.212473
vt 0.895787 0.214429
vt 0.910679 0.220298
vt 0.917912 0.214429
vt 0.935736 0.220297
vt 0.939352 0.214429
vt 0.960793 0.220297
vt 0.960793 0.214429
vt 0.960793 0.208561
vt 0.942969 0.208561
vt 0.942969 0.202127
vt 0.942969 0.195692
vt 0.960793 0.195692
vt 0.960793 0.202127
vt 0.939352 0.189684
vt 0.935736 0.183675
vt 0.960793 0.183675
vt 0.960793 0.189684
vt 0.910679 0.229409
vt 0.910679 0.238521
vt 0.935736 0.238521
vt 0.935736 0.229409
vt 0.960793 0.238521
vt 0.960793 0.229409
vt 0.977848 0.238521
vt 0.994902 0.238521
vt 0.994902 0.229409
vt 0.977848 0.229409
vt 0.994902 0.220298
vt 0.977848 0.220297
vt 0.977848 0.189684
vt 0.977848 0.195692
vt 0.977848 0.183675
vt 0.994902 0.183675
vt 0.994902 0.189684
vt 0.994902 0.195692
vt 0.977848 0.202127
vt 0.977848 0.208561
vt 0.994902 0.202127
vt 0.994902 0.208561
vt 0.977848 0.214429
vt 0.994902 0.214429
vt 0.979425 0.008632
vt 0.962370 0.008632
vt 0.962370 0.014640
vt 0.979425 0.014640
vt 0.962370 0.020648
vt 0.979425 0.020648
vt 0.996480 0.020648
vt 0.996480 0.014640
vt 0.996480 0.008632
vt 0.979425 0.027083
vt 0.962370 0.027083
vt 0.962370 0.033517
vt 0.979425 0.033517
vt 0.996480 0.033517
vt 0.996480 0.027083
vt 0.979425 0.039385
vt 0.962370 0.039385
vt 0.996480 0.039386
vt 0.996480 0.045254
vt 0.979425 0.045254
vt 0.962370 0.045254
vt 0.962370 0.054366
vt 0.996480 0.054366
vt 0.979425 0.054366
vt 0.996480 0.063477
vt 0.979425 0.063477
vt 0.962370 0.063477
vt 0.912256 0.054366
vt 0.912256 0.045254
vt 0.937313 0.045254
vt 0.937313 0.054366
vt 0.937313 0.063477
vt 0.912256 0.063477
vt 0.940929 0.039385
vt 0.919489 0.039386
vt 0.926722 0.033517
vt 0.944546 0.033517
vt 0.944546 0.027083
vt 0.944546 0.020648
vt 0.926722 0.020648
vt 0.926722 0.027083
vt 0.937313 0.008632
vt 0.912256 0.008632
vt 0.919489 0.014640
vt 0.940929 0.014640
vt 0.907150 0.016643
vt 0.897364 0.014640
vt 0.882472 0.020648
vt 0.904597 0.020648
vt 0.882472 0.027083
vt 0.882472 0.033517
vt 0.904597 0.033517
vt 0.904597 0.027083
vt 0.907150 0.037429
vt 0.897364 0.039386
vt 0.667803 0.496332
vt 0.668036 0.416716
vt 0.832256 0.416795
vt 0.832022 0.496371
vt 0.996475 0.416874
vt 0.996242 0.496410
vt 0.996008 0.575947
vt 0.831789 0.575947
vt 0.667569 0.575947
vt 0.748718 0.312888
vt 0.612554 0.312872
vt 0.612554 0.232583
vt 0.748718 0.232583
vt 0.884882 0.232583
vt 0.884882 0.312905
vt 0.884882 0.393227
vt 0.748718 0.393194
vt 0.612554 0.393160
vt 0.278642 0.312835
vt 0.278642 0.393088
vt 0.142352 0.393085
vt 0.142352 0.312834
vt 0.006061 0.393082
vt 0.006061 0.312833
vt 0.006061 0.232583
vt 0.142352 0.232583
vt 0.278642 0.232583
vt 0.831879 0.578898
vt 0.666441 0.578898
vt 0.665314 0.581849
vt 0.831969 0.581849
vt 0.998624 0.581849
vt 0.997316 0.578898
vt 0.142367 0.395852
vt 0.006061 0.395855
vt 0.006061 0.398628
vt 0.142382 0.398620
vt 0.278703 0.398611
vt 0.278672 0.395849
vt 0.748602 0.395908
vt 0.612322 0.395887
vt 0.612091 0.398613
vt 0.748486 0.398622
vt 0.884882 0.398632
vt 0.884882 0.395929
vt 0.445497 0.395868
vt 0.445598 0.393124
vt 0.445397 0.398612
vt 0.278703 0.403307
vt 0.612091 0.403309
vt 0.445397 0.403308
vt 0.612091 0.408004
vt 0.445397 0.408003
vt 0.278703 0.408002
vt 0.884882 0.403327
vt 0.748486 0.403318
vt 0.884882 0.408022
vt 0.748486 0.408013
vt 0.006061 0.403323
vt 0.142382 0.408010
vt 0.006061 0.408019
vt 0.665314 0.586544
vt 0.998624 0.586544
vt 0.831969 0.586544
vt 0.998624 0.591240
vt 0.831969 0.591240
vt 0.665314 0.591240
vt 0.665646 0.593414
vt 0.998976 0.593564
vt 0.832311 0.593489
vt 0.999328 0.595888
vt 0.832653 0.595739
vt 0.665978 0.595589
vt 0.006164 0.410438
vt 0.279135 0.410430
vt 0.142649 0.410434
vt 0.279567 0.412858
vt 0.142917 0.412858
vt 0.006267 0.412858
vt 0.612333 0.410431
vt 0.885278 0.410440
vt 0.748806 0.410436
vt 0.885674 0.412858
vt 0.749125 0.412858
vt 0.612576 0.412858
vt 0.445734 0.410431
vt 0.446071 0.412858
vt 0.611232 0.702489
vt 0.522531 0.702473
vt 0.523029 0.729971
vt 0.523526 0.757470
vt 0.612226 0.757486
vt 0.700927 0.757503
vt 0.700430 0.730004
vt 0.699933 0.702505
vt 0.526479 0.952527
vt 0.523526 0.955216
vt 0.523526 0.856343
vt 0.526426 0.760910
vt 0.526453 0.856719
vt 0.529327 0.764351
vt 0.529380 0.857094
vt 0.529433 0.949838
vt 0.697919 0.952543
vt 0.700927 0.955249
vt 0.612226 0.955233
vt 0.612199 0.952535
vt 0.612172 0.949838
vt 0.694911 0.949838
vt 0.697866 0.760927
vt 0.700927 0.856376
vt 0.697892 0.856735
vt 0.694858 0.857094
vt 0.694805 0.764350
vt 0.612146 0.760918
vt 0.612066 0.764351
vt 0.531206 0.766698
vt 0.612078 0.766701
vt 0.692950 0.766704
vt 0.691095 0.769058
vt 0.612091 0.769051
vt 0.533086 0.769045
vt 0.692990 0.857043
vt 0.691122 0.856992
vt 0.691150 0.944926
vt 0.693030 0.947382
vt 0.612160 0.947379
vt 0.612149 0.944920
vt 0.533148 0.944914
vt 0.531290 0.947376
vt 0.533117 0.856980
vt 0.531248 0.857037
vt 0.612120 0.856986
vt 0.520835 0.760910
vt 0.520835 0.952527
vt 0.520835 0.856719
vt 0.518144 0.949838
vt 0.518144 0.857094
vt 0.518144 0.764350
vt 0.488860 0.955202
vt 0.454195 0.955187
vt 0.456597 0.952513
vt 0.488716 0.952520
vt 0.459000 0.949838
vt 0.488572 0.949838
vt 0.456597 0.760896
vt 0.454195 0.757441
vt 0.488860 0.757456
vt 0.488716 0.760903
vt 0.488572 0.764351
vt 0.459000 0.764351
vt 0.454195 0.856314
vt 0.456597 0.856704
vt 0.459000 0.857094
vt 0.461252 0.857040
vt 0.461252 0.947376
vt 0.461252 0.766704
vt 0.463505 0.769058
vt 0.463505 0.856986
vt 0.463505 0.944914
vt 0.488283 0.766704
vt 0.515313 0.766704
vt 0.512481 0.769058
vt 0.487993 0.769058
vt 0.515313 0.947376
vt 0.488283 0.947376
vt 0.512481 0.944914
vt 0.487993 0.944914
vt 0.515313 0.857040
vt 0.512481 0.856986
vt 0.487993 0.856986
vt 0.703550 0.952576
vt 0.703550 0.760959
vt 0.703550 0.856768
vt 0.706172 0.764416
vt 0.706172 0.857160
vt 0.706172 0.949903
vt 0.767721 0.952591
vt 0.770124 0.955278
vt 0.735526 0.955263
vt 0.735635 0.952583
vt 0.735744 0.949903
vt 0.765317 0.949903
vt 0.735526 0.757517
vt 0.770124 0.757531
vt 0.767721 0.760974
vt 0.735635 0.760967
vt 0.765317 0.764416
vt 0.735744 0.764416
vt 0.770124 0.856405
vt 0.767721 0.856782
vt 0.765317 0.857160
vt 0.762672 0.766737
vt 0.762672 0.947409
vt 0.762672 0.857073
vt 0.760028 0.944914
vt 0.760028 0.856986
vt 0.760028 0.769058
vt 0.708602 0.766737
vt 0.735637 0.766737
vt 0.735530 0.769058
vt 0.711032 0.769058
vt 0.735637 0.947409
vt 0.735530 0.944914
vt 0.711032 0.944914
vt 0.708602 0.947409
vt 0.708602 0.857073
vt 0.711032 0.856986
vt 0.735530 0.856986
vt 0.452244 0.952483
vt 0.417351 0.955173
vt 0.380507 0.955158
vt 0.382327 0.952469
vt 0.417286 0.952476
vt 0.384147 0.949780
vt 0.417221 0.949780
vt 0.450294 0.949780
vt 0.452191 0.760867
vt 0.452218 0.856675
vt 0.450241 0.857036
vt 0.450188 0.764292
vt 0.382274 0.760611
vt 0.380507 0.756929
vt 0.417351 0.757185
vt 0.417233 0.760739
vt 0.417115 0.764292
vt 0.384041 0.764292
vt 0.380507 0.856044
vt 0.382301 0.856540
vt 0.384094 0.857036
vt 0.386711 0.947896
vt 0.389275 0.946012
vt 0.389275 0.857624
vt 0.386684 0.857330
vt 0.389275 0.769236
vt 0.386658 0.766764
vt 0.417247 0.766764
vt 0.447836 0.766764
vt 0.445483 0.769236
vt 0.417379 0.769236
vt 0.447862 0.857330
vt 0.447889 0.947896
vt 0.445483 0.946012
vt 0.445483 0.857624
vt 0.417300 0.947896
vt 0.417379 0.946012
vt 0.417379 0.857624
vt 0.772003 0.760970
vt 0.808600 0.757288
vt 0.847076 0.757045
vt 0.844327 0.760727
vt 0.808165 0.760848
vt 0.841578 0.764408
vt 0.807730 0.764408
vt 0.773882 0.764408
vt 0.772003 0.952587
vt 0.772003 0.856778
vt 0.773882 0.857152
vt 0.773882 0.949896
vt 0.844437 0.952585
vt 0.847189 0.955274
vt 0.808657 0.955276
vt 0.808220 0.952586
vt 0.807783 0.949896
vt 0.841684 0.949896
vt 0.847133 0.856159
vt 0.844382 0.856656
vt 0.841631 0.857152
vt 0.839381 0.766880
vt 0.839407 0.857446
vt 0.837183 0.769352
vt 0.837183 0.857740
vt 0.837183 0.946128
vt 0.839434 0.948012
vt 0.807688 0.948012
vt 0.807594 0.946128
vt 0.778004 0.946128
vt 0.775943 0.948012
vt 0.775943 0.857446
vt 0.775943 0.766880
vt 0.778004 0.769352
vt 0.778004 0.857740
vt 0.807662 0.766880
vt 0.807594 0.769352
vt 0.807594 0.857740
vt 0.273531 0.203478
vt 0.277398 0.206235
vt 0.141880 0.206235
vt 0.006363 0.206235
vt 0.009814 0.203478
vt 0.141673 0.203478
vt 0.013265 0.200721
vt 0.141465 0.200721
vt 0.269664 0.200721
vt 0.273559 0.006812
vt 0.277454 0.003068
vt 0.277426 0.104652
vt 0.273545 0.105145
vt 0.269664 0.105638
vt 0.269664 0.010555
vt 0.006363 0.104652
vt 0.006363 0.003068
vt 0.009814 0.006812
vt 0.009814 0.105145
vt 0.013265 0.010555
vt 0.013265 0.105638
vt 0.141908 0.003068
vt 0.141687 0.006812
vt 0.141465 0.010555
vt 0.140987 0.013470
vt 0.015980 0.013470
vt 0.265994 0.013470
vt 0.262323 0.016386
vt 0.140509 0.016386
vt 0.018695 0.016386
vt 0.015980 0.197765
vt 0.015980 0.105618
vt 0.018695 0.194809
vt 0.018695 0.105597
vt 0.265994 0.105618
vt 0.262323 0.105597
vt 0.262323 0.194809
vt 0.265994 0.197765
vt 0.140987 0.197765
vt 0.140509 0.194809
vt 0.140509 0.105597
vt 0.599237 0.203479
vt 0.602490 0.206237
vt 0.439944 0.206236
vt 0.280568 0.203478
vt 0.439903 0.203478
vt 0.283738 0.200721
vt 0.439861 0.200721
vt 0.595985 0.200721
vt 0.599290 0.006813
vt 0.602490 0.003070
vt 0.602490 0.104654
vt 0.599264 0.105146
vt 0.596038 0.105638
vt 0.596091 0.010555
vt 0.280649 0.006812
vt 0.280608 0.105145
vt 0.283844 0.010555
vt 0.283791 0.105638
vt 0.439972 0.003069
vt 0.439970 0.006812
vt 0.439967 0.010555
vt 0.287928 0.013415
vt 0.440432 0.013415
vt 0.592935 0.013415
vt 0.589780 0.016275
vt 0.440896 0.016275
vt 0.292012 0.016275
vt 0.287875 0.197546
vt 0.287901 0.105480
vt 0.292012 0.194371
vt 0.292012 0.105323
vt 0.592909 0.105480
vt 0.589780 0.105323
vt 0.589780 0.194371
vt 0.592883 0.197546
vt 0.440379 0.197546
vt 0.440896 0.194371
vt 0.440896 0.105323
vt 0.606403 0.203481
vt 0.606403 0.006815
vt 0.606403 0.105148
vt 0.610317 0.010559
vt 0.610317 0.105642
vt 0.610317 0.200725
vt 0.870167 0.203482
vt 0.873618 0.206239
vt 0.738054 0.206238
vt 0.738285 0.203481
vt 0.738516 0.200725
vt 0.866716 0.200725
vt 0.870167 0.006816
vt 0.873618 0.003072
vt 0.873618 0.104656
vt 0.870167 0.105149
vt 0.866716 0.105642
vt 0.866716 0.010559
vt 0.738054 0.003071
vt 0.738285 0.006815
vt 0.738516 0.010559
vt 0.612825 0.012822
vt 0.864224 0.012822
vt 0.861733 0.015085
vt 0.738532 0.015085
vt 0.615332 0.015085
vt 0.864224 0.105552
vt 0.861733 0.105463
vt 0.861733 0.195840
vt 0.864224 0.198283
vt 0.738532 0.195840
vt 0.738524 0.198283
vt 0.615332 0.195840
vt 0.612825 0.198283
vt 0.612825 0.105552
vt 0.615332 0.105463
vt 0.738532 0.105463
vt 0.612218 0.967051
vt 0.523389 0.967043
vt 0.523251 0.978870
vt 0.612210 0.978870
vt 0.701168 0.978870
vt 0.701047 0.967059
vt 0.454112 0.966841
vt 0.488750 0.966942
vt 0.454030 0.978496
vt 0.488641 0.978683
vt 0.735551 0.967066
vt 0.735576 0.978870
vt 0.769984 0.978870
vt 0.770054 0.967074
vt 0.439710 0.218305
vt 0.277164 0.218304
vt 0.276931 0.230374
vt 0.439477 0.230374
vt 0.602023 0.230374
vt 0.602256 0.218305
vt 0.737820 0.218306
vt 0.737587 0.230374
vt 0.873151 0.230374
vt 0.873385 0.218306
vt 0.006129 0.218304
vt 0.141647 0.218304
vt 0.005896 0.230374
vt 0.141413 0.230374
vt 0.361363 0.688118
vt 0.378137 0.676436
vt 0.377694 0.828115
vt 0.377250 0.979794
vt 0.360919 0.962049
vt 0.361141 0.825084
vt 0.344588 0.944305
vt 0.344588 0.822053
vt 0.344588 0.699800
vt 0.017996 0.962049
vt 0.002299 0.979794
vt 0.002204 0.828115
vt 0.002109 0.676436
vt 0.017901 0.688118
vt 0.017948 0.825084
vt 0.033692 0.699800
vt 0.033692 0.822053
vt 0.033692 0.944305
vt 0.189775 0.979794
vt 0.189458 0.962049
vt 0.189140 0.944305
vt 0.346694 0.371338
vt 0.346694 0.301960
vt 0.346694 0.232583
vt 0.414745 0.232583
vt 0.414745 0.291085
vt 0.414745 0.349588
vt 0.543623 0.371374
vt 0.445158 0.371356
vt 0.444719 0.349588
vt 0.474692 0.349588
vt 0.543623 0.301978
vt 0.543623 0.232583
vt 0.474692 0.291085
vt 0.474692 0.232583
vt 0.996052 0.241629
vt 0.998641 0.241629
vt 0.998641 0.317938
vt 0.996052 0.316603
vt 0.998641 0.394247
vt 0.996052 0.391577
vt 0.993462 0.388907
vt 0.993462 0.315268
vt 0.993462 0.241629
vt 0.943981 0.394247
vt 0.889321 0.394247
vt 0.891990 0.391577
vt 0.894658 0.388907
vt 0.944060 0.388907
vt 0.891990 0.316603
vt 0.889321 0.317938
vt 0.889321 0.241629
vt 0.891990 0.241629
vt 0.894658 0.241629
vt 0.894658 0.315268
vt 0.897313 0.386300
vt 0.897313 0.243376
vt 0.897313 0.314838
vt 0.899968 0.245123
vt 0.899968 0.314409
vt 0.899968 0.383694
vt 0.990921 0.386300
vt 0.944117 0.386300
vt 0.944174 0.383694
vt 0.988381 0.383694
vt 0.944060 0.241629
vt 0.990870 0.243376
vt 0.944091 0.243376
vt 0.988277 0.245123
vt 0.944123 0.245123
vt 0.990896 0.314838
vt 0.988329 0.314409
vt 0.004501 0.628902
vt 0.004501 0.674505
vt 0.021134 0.674505
vt 0.021134 0.628902
vt 0.037767 0.674505
vt 0.037767 0.628902
vt 0.037767 0.583299
vt 0.021134 0.583299
vt 0.004501 0.583299
vt 0.162273 0.529548
vt 0.178906 0.529548
vt 0.178585 0.556423
vt 0.161952 0.556423
vt 0.178264 0.583299
vt 0.161631 0.583299
vt 0.144998 0.583299
vt 0.145319 0.556423
vt 0.145640 0.529548
vt 0.021134 0.556423
vt 0.004501 0.556423
vt 0.037767 0.556423
vt 0.037767 0.529548
vt 0.021134 0.529548
vt 0.004501 0.529548
vt 0.004501 0.483114
vt 0.037767 0.483114
vt 0.037767 0.436680
vt 0.021134 0.436680
vt 0.004501 0.436680
vt 0.907150 0.074991
vt 0.919489 0.072988
vt 0.912256 0.066979
vt 0.897364 0.072988
vt 0.882472 0.078996
vt 0.904597 0.078996
vt 0.926722 0.078996
vt 0.882472 0.085431
vt 0.926722 0.085431
vt 0.904597 0.085431
vt 0.926722 0.091865
vt 0.904597 0.091865
vt 0.882472 0.091865
vt 0.907150 0.095777
vt 0.919489 0.097733
vt 0.912256 0.103602
vt 0.897364 0.097733
vt 0.937313 0.103602
vt 0.940929 0.097733
vt 0.944546 0.091865
vt 0.962370 0.091865
vt 0.962370 0.097733
vt 0.962370 0.103602
vt 0.944546 0.085431
vt 0.944546 0.078996
vt 0.962370 0.078996
vt 0.962370 0.085431
vt 0.940929 0.072988
vt 0.962370 0.072988
vt 0.962370 0.066979
vt 0.937313 0.066979
vt 0.912256 0.112713
vt 0.912256 0.121825
vt 0.937313 0.121825
vt 0.937313 0.112713
vt 0.962370 0.121825
vt 0.962370 0.112713
vt 0.979425 0.121825
vt 0.996480 0.121825
vt 0.996480 0.112713
vt 0.979425 0.112713
vt 0.996480 0.103602
vt 0.979425 0.103602
vt 0.979425 0.072988
vt 0.979425 0.078996
vt 0.996479 0.078996
vt 0.996480 0.072988
vt 0.996480 0.066979
vt 0.979425 0.066979
vt 0.979425 0.085431
vt 0.979425 0.091865
vt 0.996480 0.085431
vt 0.996480 0.091865
vt 0.979425 0.097733
vt 0.996480 0.097733
vt 0.961318 0.131336
vt 0.961318 0.125327
vt 0.978373 0.125327
vt 0.978373 0.131336
vt 0.995428 0.125327
vt 0.995428 0.131336
vt 0.995428 0.137344
vt 0.978373 0.137344
vt 0.961318 0.137344
vt 0.978373 0.143779
vt 0.961318 0.143779
vt 0.961318 0.150213
vt 0.978373 0.150213
vt 0.995428 0.150213
vt 0.995428 0.143779
vt 0.978373 0.156081
vt 0.961318 0.156081
vt 0.961318 0.161950
vt 0.978373 0.161950
vt 0.995428 0.161950
vt 0.995428 0.156081
vt 0.961318 0.171061
vt 0.995428 0.171061
vt 0.978373 0.171061
vt 0.995428 0.180173
vt 0.978373 0.180173
vt 0.961318 0.180173
vt 0.911204 0.171061
vt 0.911204 0.161950
vt 0.936261 0.161950
vt 0.936261 0.171061
vt 0.936261 0.180173
vt 0.911204 0.180173
vt 0.939878 0.156081
vt 0.943494 0.150213
vt 0.925671 0.150213
vt 0.918437 0.156081
vt 0.943494 0.143779
vt 0.943494 0.137344
vt 0.925671 0.137344
vt 0.925671 0.143779
vt 0.918437 0.131336
vt 0.911204 0.125327
vt 0.936261 0.125327
vt 0.939878 0.131336
vt 0.906099 0.133339
vt 0.896313 0.131336
vt 0.903546 0.137344
vt 0.881421 0.137344
vt 0.881421 0.143779
vt 0.881421 0.150213
vt 0.903546 0.150213
vt 0.903546 0.143779
vt 0.906099 0.154125
vt 0.896313 0.156081
vt 0.468499 0.344854
vt 0.467277 0.343448
vt 0.445119 0.343463
vt 0.445058 0.344862
vt 0.422961 0.343478
vt 0.421616 0.344869
vt 0.420270 0.346261
vt 0.444996 0.346261
vt 0.469722 0.346261
vt 0.421606 0.305943
vt 0.422942 0.305804
vt 0.420270 0.306083
vt 0.420270 0.265905
vt 0.421597 0.267017
vt 0.422924 0.268129
vt 0.445048 0.267010
vt 0.445100 0.268114
vt 0.444996 0.265905
vt 0.469722 0.265905
vt 0.468499 0.267002
vt 0.467277 0.268099
vt 0.469722 0.306083
vt 0.468499 0.305928
vt 0.467277 0.305773
vt 0.424817 0.269864
vt 0.465863 0.269936
vt 0.445340 0.269900
vt 0.464449 0.271773
vt 0.445580 0.271686
vt 0.426711 0.271599
vt 0.465863 0.341814
vt 0.465863 0.305875
vt 0.464449 0.340180
vt 0.464449 0.305977
vt 0.424853 0.341742
vt 0.445358 0.341778
vt 0.426744 0.340006
vt 0.445596 0.340093
vt 0.424835 0.305803
vt 0.426727 0.305803
vt 0.445421 0.338812
vt 0.445246 0.337531
vt 0.461711 0.337531
vt 0.463080 0.338856
vt 0.427762 0.338769
vt 0.428781 0.337531
vt 0.427754 0.305779
vt 0.428781 0.305756
vt 0.428781 0.273981
vt 0.427746 0.272790
vt 0.445413 0.272834
vt 0.445246 0.273981
vt 0.461711 0.273981
vt 0.463080 0.272877
vt 0.461711 0.305756
vt 0.463080 0.305866
vt 0.417230 0.966928
vt 0.380348 0.967014
vt 0.417110 0.978683
vt 0.380190 0.978870
vt 0.808591 0.966956
vt 0.847129 0.966838
vt 0.847068 0.978402
vt 0.808526 0.978636
vt 0.987060 0.314954
vt 0.987060 0.381928
vt 0.984632 0.378954
vt 0.982205 0.375979
vt 0.982161 0.313563
vt 0.984610 0.314259
vt 0.982117 0.251147
vt 0.984589 0.249564
vt 0.987060 0.247980
vt 0.944642 0.247980
vt 0.902225 0.247980
vt 0.904400 0.249564
vt 0.906575 0.251147
vt 0.944346 0.251147
vt 0.944642 0.381928
vt 0.902225 0.381928
vt 0.904400 0.378954
vt 0.906575 0.375979
vt 0.944390 0.375979
vt 0.902225 0.314954
vt 0.906575 0.313563
vt 0.944368 0.313563
vt 0.091382 0.583299
vt 0.091543 0.556423
vt 0.091703 0.529548
vt 0.046359 0.507106
vt 0.044174 0.508178
vt 0.043765 0.506897
vt 0.041172 0.507761
vt 0.041172 0.506689
vt 0.041172 0.505617
vt 0.043357 0.505617
vt 0.045542 0.505617
vt 0.043765 0.494713
vt 0.041172 0.494713
vt 0.041172 0.493152
vt 0.044174 0.493152
vt 0.046359 0.494713
vt 0.045542 0.496274
vt 0.043357 0.496274
vt 0.041172 0.496274
vt 0.044120 0.516403
vt 0.044120 0.508596
vt 0.045139 0.508596
vt 0.045139 0.516403
vt 0.045139 0.524210
vt 0.044120 0.524210
vt 0.043101 0.524210
vt 0.043101 0.516403
vt 0.043101 0.508596
vt 0.077171 0.481268
vt 0.107165 0.481200
vt 0.107165 0.485110
vt 0.077171 0.485177
vt 0.047177 0.485245
vt 0.047177 0.481335
vt 0.047177 0.477426
vt 0.077171 0.477358
vt 0.107165 0.477291
vt 0.046359 0.500909
vt 0.045542 0.500945
vt 0.042082 0.508596
vt 0.041064 0.508596
vt 0.041063 0.516403
vt 0.042082 0.516403
vt 0.041063 0.524210
vt 0.042082 0.524210
vt 0.077273 0.473451
vt 0.077375 0.469543
vt 0.107573 0.469474
vt 0.107369 0.473382
vt 0.047177 0.473519
vt 0.047177 0.469611
vt 0.077273 0.467786
vt 0.047177 0.467854
vt 0.047177 0.466097
vt 0.077171 0.466028
vt 0.107165 0.465960
vt 0.107369 0.467717
vt 0.112135 0.647628
vt 0.112135 0.688118
vt 0.086946 0.676436
vt 0.086946 0.633258
vt 0.086946 0.590080
vt 0.112135 0.607138
vt 0.137324 0.624196
vt 0.137324 0.661998
vt 0.137324 0.699800
vt 0.264175 0.606574
vt 0.287393 0.590080
vt 0.287393 0.633258
vt 0.264175 0.647346
vt 0.287393 0.676436
vt 0.264175 0.688118
vt 0.240956 0.699800
vt 0.240956 0.661434
vt 0.240956 0.623067
vt 0.187170 0.590080
vt 0.188155 0.606856
vt 0.189140 0.623632
vt 0.189140 0.661716
vt 0.189140 0.699800
vt 0.189140 0.822052
vt 0.085508 0.822053
vt 0.292772 0.822053
vt 0.068236 0.781302
vt 0.085508 0.699800
vt 0.310044 0.781302
vt 0.292772 0.699800
vt 0.332765 0.676436
vt 0.312769 0.688118
vt 0.044527 0.676436
vt 0.065018 0.688118
vt 0.077171 0.493040
vt 0.107165 0.492928
vt 0.077171 0.489087
vt 0.067173 0.490442
vt 0.047177 0.489198
vt 0.087169 0.487761
vt 0.107165 0.489019
vt 0.087219 0.495718
vt 0.107240 0.497001
vt 0.047177 0.516403
vt 0.047177 0.524210
vt 0.046158 0.516403
vt 0.046497 0.513801
vt 0.046158 0.508596
vt 0.067099 0.516489
vt 0.077060 0.520435
vt 0.045818 0.519005
vt 0.046158 0.524210
vt 0.412220 0.434979
vt 0.412220 0.436641
vt 0.928863 0.634642
vt 0.928874 0.656870
vt 0.877067 0.656870
vt 0.877056 0.634642
vt 0.877046 0.612415
vt 0.928853 0.612415
vt 0.980659 0.612415
vt 0.980670 0.634642
vt 0.980681 0.656870
vt 0.929163 0.669040
vt 0.992535 0.669040
vt 0.989631 0.666093
vt 0.929133 0.666093
vt 0.868634 0.666093
vt 0.865791 0.669040
vt 0.862948 0.671987
vt 0.929194 0.671987
vt 0.995439 0.671987
vt 0.865791 0.635467
vt 0.868634 0.635427
vt 0.862948 0.635507
vt 0.862948 0.599028
vt 0.865791 0.601895
vt 0.868634 0.604762
vt 0.929133 0.604762
vt 0.929163 0.601895
vt 0.929194 0.599028
vt 0.995439 0.599028
vt 0.992535 0.601895
vt 0.989631 0.604762
vt 0.995439 0.635507
vt 0.992535 0.635467
vt 0.989631 0.635427
vt 0.870501 0.606594
vt 0.987899 0.606594
vt 0.929200 0.606594
vt 0.986167 0.608425
vt 0.929268 0.608425
vt 0.872368 0.608425
vt 0.987899 0.664126
vt 0.987899 0.635360
vt 0.986167 0.662159
vt 0.986167 0.635292
vt 0.870501 0.664126
vt 0.929200 0.664126
vt 0.872368 0.662159
vt 0.929268 0.662159
vt 0.870501 0.635360
vt 0.872368 0.635292
vt 0.983424 0.659514
vt 0.929071 0.659514
vt 0.874718 0.659514
vt 0.874712 0.634967
vt 0.874707 0.610420
vt 0.983413 0.610420
vt 0.929060 0.610420
vt 0.983418 0.634967
vt 0.447919 0.644258
vt 0.447930 0.665163
vt 0.395312 0.665163
vt 0.395301 0.644258
vt 0.395290 0.623352
vt 0.447908 0.623352
vt 0.500526 0.623352
vt 0.500536 0.644258
vt 0.500547 0.665163
vt 0.448223 0.676610
vt 0.448192 0.673838
vt 0.509637 0.673838
vt 0.512587 0.676610
vt 0.515537 0.679382
vt 0.448255 0.679382
vt 0.380972 0.679382
vt 0.383860 0.676610
vt 0.386747 0.673838
vt 0.383860 0.645034
vt 0.386747 0.644996
vt 0.380972 0.645071
vt 0.380972 0.610761
vt 0.383860 0.613458
vt 0.386747 0.616154
vt 0.448192 0.616154
vt 0.448223 0.613458
vt 0.448255 0.610761
vt 0.515537 0.610761
vt 0.512587 0.613457
vt 0.509637 0.616154
vt 0.515537 0.645071
vt 0.512587 0.645034
vt 0.509637 0.644996
vt 0.388643 0.617877
vt 0.507878 0.617877
vt 0.448261 0.617877
vt 0.506119 0.619599
vt 0.448329 0.619599
vt 0.390540 0.619599
vt 0.507878 0.671988
vt 0.507878 0.644932
vt 0.506119 0.670138
vt 0.506119 0.644868
vt 0.388643 0.671988
vt 0.448261 0.671988
vt 0.390540 0.670138
vt 0.448329 0.670138
vt 0.388643 0.644932
vt 0.390540 0.644868
vt 0.503333 0.667651
vt 0.448129 0.667651
vt 0.392926 0.667651
vt 0.392920 0.644563
vt 0.392915 0.621476
vt 0.503322 0.621476
vt 0.448119 0.621476
vt 0.503328 0.644563
vt 0.928601 0.709753
vt 0.928612 0.731981
vt 0.876805 0.731981
vt 0.876794 0.709753
vt 0.876783 0.687526
vt 0.928590 0.687526
vt 0.980397 0.687526
vt 0.980408 0.709753
vt 0.980418 0.731981
vt 0.928901 0.744151
vt 0.928870 0.741204
vt 0.989368 0.741204
vt 0.992273 0.744151
vt 0.995177 0.747099
vt 0.928931 0.747099
vt 0.862686 0.747099
vt 0.865529 0.744151
vt 0.868372 0.741204
vt 0.865529 0.710579
vt 0.868372 0.710539
vt 0.862686 0.710619
vt 0.862686 0.674139
vt 0.865529 0.677006
vt 0.868372 0.679873
vt 0.928870 0.679873
vt 0.928901 0.677006
vt 0.989368 0.679873
vt 0.992273 0.677006
vt 0.995177 0.674139
vt 0.928931 0.674139
vt 0.995177 0.710619
vt 0.992273 0.710579
vt 0.989368 0.710539
vt 0.870239 0.681705
vt 0.987636 0.681705
vt 0.928938 0.681705
vt 0.985904 0.683536
vt 0.929005 0.683536
vt 0.872106 0.683536
vt 0.987636 0.739237
vt 0.987636 0.710471
vt 0.985904 0.737270
vt 0.985904 0.710403
vt 0.870239 0.739237
vt 0.928938 0.739237
vt 0.872106 0.737270
vt 0.929005 0.737270
vt 0.870239 0.710471
vt 0.872106 0.710403
vt 0.983161 0.734625
vt 0.928808 0.734625
vt 0.874455 0.734625
vt 0.874450 0.710078
vt 0.874445 0.685531
vt 0.983151 0.685531
vt 0.928798 0.685531
vt 0.983156 0.710078
vt 0.092250 0.427503
vt 0.093971 0.427503
vt 0.093971 0.429954
vt 0.092250 0.429954
vt 0.093971 0.432405
vt 0.092250 0.432405
vt 0.090529 0.432405
vt 0.090529 0.429954
vt 0.090529 0.427503
vt 0.135842 0.427503
vt 0.173327 0.427503
vt 0.173327 0.429954
vt 0.135798 0.429954
vt 0.173327 0.432405
vt 0.135755 0.432405
vt 0.098182 0.432405
vt 0.098269 0.429954
vt 0.098357 0.427503
vt 0.092250 0.424469
vt 0.093971 0.424469
vt 0.093971 0.425986
vt 0.090529 0.425986
vt 0.092250 0.425986
vt 0.090529 0.424469
vt 0.135842 0.424469
vt 0.173327 0.424469
vt 0.173327 0.425986
vt 0.135842 0.425986
vt 0.098357 0.425986
vt 0.098357 0.424469
vt 0.135842 0.420215
vt 0.148337 0.421633
vt 0.173327 0.420215
vt 0.173327 0.415960
vt 0.091498 0.421633
vt 0.090261 0.420215
vt 0.091983 0.420215
vt 0.089994 0.415960
vt 0.096164 0.424469
vt 0.113912 0.420215
vt 0.131661 0.415960
vt 0.497821 0.993844
vt 0.689483 0.993844
vt 0.689479 0.996575
vt 0.497821 0.996575
vt 0.689474 0.999306
vt 0.497821 0.999306
vt 0.306167 0.999306
vt 0.306163 0.996575
vt 0.306158 0.993844
vt 0.154351 0.993844
vt 0.154353 0.996575
vt 0.154355 0.999306
vt 0.002543 0.999306
vt 0.002543 0.996575
vt 0.002543 0.993844
vt 0.427214 0.429954
vt 0.427273 0.427503
vt 0.467413 0.427503
vt 0.467395 0.429954
vt 0.467378 0.432405
vt 0.427154 0.432405
vt 0.386931 0.432405
vt 0.387032 0.429954
vt 0.387133 0.427503
vt 0.048601 0.429954
vt 0.048601 0.427503
vt 0.048601 0.432405
vt 0.006673 0.432405
vt 0.006673 0.429954
vt 0.006673 0.427503
vt 0.280230 0.427503
vt 0.280180 0.429954
vt 0.280129 0.432405
vt 0.927996 0.408096
vt 0.967471 0.408096
vt 0.967471 0.410547
vt 0.927996 0.410547
vt 0.967471 0.412998
vt 0.927996 0.412998
vt 0.888520 0.412998
vt 0.888520 0.410547
vt 0.888520 0.408096
vt 0.843009 0.993844
vt 0.996534 0.993844
vt 0.996534 0.996575
vt 0.843006 0.996575
vt 0.996534 0.999306
vt 0.843004 0.999306
vt 0.048601 0.424469
vt 0.048601 0.425986
vt 0.006673 0.425986
vt 0.006673 0.424469
vt 0.843009 0.989344
vt 0.996534 0.989344
vt 0.996534 0.991594
vt 0.689483 0.991594
vt 0.689483 0.989344
vt 0.154352 0.989344
vt 0.306161 0.989344
vt 0.306159 0.991594
vt 0.002543 0.991594
vt 0.002543 0.989344
vt 0.280230 0.424469
vt 0.387133 0.424469
vt 0.387133 0.425986
vt 0.280230 0.425986
vt 0.927996 0.406579
vt 0.927996 0.405063
vt 0.967471 0.405063
vt 0.967471 0.406579
vt 0.888520 0.406579
vt 0.888520 0.405063
vt 0.497822 0.989344
vt 0.427273 0.425986
vt 0.427273 0.424469
vt 0.467413 0.424469
vt 0.467413 0.425986
vt 0.497821 0.985446
vt 0.689479 0.985446
vt 0.689474 0.981549
vt 0.497821 0.981549
vt 0.306167 0.981549
vt 0.306164 0.985446
vt 0.154353 0.985446
vt 0.154355 0.981549
vt 0.002543 0.981549
vt 0.002543 0.985446
vt 0.467413 0.420215
vt 0.467413 0.415960
vt 0.427255 0.415960
vt 0.427264 0.420215
vt 0.387098 0.415960
vt 0.387116 0.420215
vt 0.927996 0.400808
vt 0.967471 0.400808
vt 0.967471 0.396553
vt 0.927996 0.396553
vt 0.888520 0.396553
vt 0.888520 0.400808
vt 0.048334 0.415960
vt 0.048467 0.420215
vt 0.006673 0.415960
vt 0.006673 0.420215
vt 0.280221 0.420215
vt 0.280213 0.415960
vt 0.843006 0.985446
vt 0.996534 0.985446
vt 0.996534 0.981549
vt 0.843004 0.981549
vt 0.979104 0.934904
vt 0.907568 0.963450
vt 0.315959 0.637742
vt 0.315959 0.634140
vt 0.315959 0.614923
vt 0.315959 0.601382
vt 0.142382 0.403315
vt 0.611729 0.729988
vt 0.738524 0.012822
vt 0.944021 0.391577
vt 0.021134 0.483114
vt 0.944494 0.249564
vt 0.944516 0.378954
vt 0.904400 0.314259
vt 0.843009 0.991594
vt 0.154351 0.991594
vt 0.497821 0.991594
s 1
f 1/1/1 556/2/1 2485/3/1
f 555/4/1 2484/5/1 554/6/1
f 1/1/1 554/6/1 2483/7/1
f 553/8/1 2482/9/1 556/2/1
f 2/10/2 550/11/3 2474/12/4
f 542/13/5 3149/14/6 549/15/7
f 2/10/2 549/15/7 2479/16/8
f 545/17/2 2478/18/9 550/11/3
f 3/19/10 541/20/10 2475/14/11
f 1734/15/12 3157/16/12 546/21/13
f 3/19/10 546/21/13 2480/22/14
f 551/23/14 2476/24/15 541/20/10
f 544/25/16 3151/24/17 1736/23/18
f 4/26/19 1736/23/18 3159/22/20
f 547/27/19 2481/28/21 552/29/22
f 4/26/19 552/29/22 3155/30/23
f 1735/11/24 3158/18/24 548/31/25
f 5/32/26 548/31/25 3160/28/27
f 1737/29/28 2477/30/29 543/33/30
f 5/32/26 543/33/30 3153/12/31
f 559/34/32 3152/24/32 1733/25/33
f 1733/25/33 3156/30/33 557/35/33
f 6/36/33 557/35/33 2487/37/33
f 6/36/33 558/38/33 2486/39/33
f 557/35/34 3156/30/35 1732/33/35
f 1732/33/35 3154/12/34 560/40/34
f 7/41/34 560/40/34 2488/42/35
f 7/41/34 561/43/34 2487/37/34
f 560/40/36 3154/12/36 1731/13/37
f 1731/13/37 3150/14/37 562/44/37
f 8/45/37 562/44/37 2489/46/36
f 8/45/37 563/47/36 2488/42/36
f 562/44/38 3150/14/38 1730/20/39
f 1730/20/39 3152/24/38 559/34/38
f 9/48/38 559/34/38 2486/39/39
f 9/48/38 564/49/40 2489/46/40
f 1741/2/41 3161/9/42 565/50/42
f 10/51/41 565/50/42 3173/42/42
f 1744/47/42 3175/46/41 566/52/41
f 10/51/41 566/52/41 3167/3/42
f 11/53/43 1740/4/44 3165/5/44
f 567/54/43 3169/39/43 1745/49/43
f 11/53/43 1745/49/43 3176/46/44
f 1747/52/44 3168/3/44 1740/4/44
f 1739/6/42 3163/7/41 568/55/41
f 12/56/41 568/55/41 3171/37/42
f 1742/38/41 3170/39/42 1748/54/41
f 12/56/41 1748/54/41 3166/5/41
f 1746/50/43 3162/9/45 1738/8/44
f 13/57/43 1738/8/44 3164/7/43
f 1749/55/44 3172/37/44 1743/43/43
f 13/57/43 1743/43/43 3174/42/43
f 14/58/1 584/59/1 2501/60/1
f 583/61/1 2500/62/1 582/63/1
f 14/58/1 582/63/1 2499/64/1
f 581/65/1 2498/66/1 584/59/1
f 15/67/46 570/68/47 2490/69/48
f 578/70/49 2494/71/50 573/72/46
f 15/67/46 573/72/46 2495/73/51
f 577/74/52 3177/75/53 570/68/47
f 16/76/10 569/77/10 2491/75/11
f 1754/74/12 3185/73/12 574/78/54
f 16/76/10 574/78/54 2496/79/14
f 579/80/14 2492/81/15 569/77/10
f 1756/80/55 3179/81/56 572/82/57
f 17/83/58 572/82/57 3183/84/59
f 580/85/60 2497/86/61 575/87/58
f 17/83/58 575/87/58 3187/79/62
f 1755/70/24 3186/71/24 576/88/25
f 18/89/26 576/88/25 3188/86/27
f 1757/85/28 2493/84/29 571/90/30
f 18/89/26 571/90/30 3181/69/31
f 587/91/32 3180/81/32 1753/82/33
f 1753/82/33 3184/84/33 585/92/33
f 19/93/33 585/92/33 2503/94/33
f 19/93/33 586/95/33 2502/96/33
f 585/92/34 3184/84/35 1752/90/35
f 1752/90/35 3182/69/34 588/97/34
f 20/98/34 588/97/34 2504/99/35
f 20/98/34 589/100/34 2503/94/34
f 588/97/36 3182/69/36 1751/68/37
f 1751/68/37 3178/75/37 590/101/37
f 21/102/37 590/101/37 2505/103/36
f 21/102/37 591/104/36 2504/99/36
f 590/101/38 3178/75/38 1750/77/39
f 1750/77/39 3180/81/38 587/91/38
f 22/105/38 587/91/38 2502/96/39
f 22/105/38 592/106/40 2505/103/40
f 593/107/63 3189/66/63 1761/59/64
f 23/108/63 1761/59/64 3195/60/63
f 594/109/63 3203/103/64 1764/104/63
f 23/108/63 1764/104/63 3201/99/64
f 24/110/43 1760/61/44 3193/62/44
f 595/111/43 3197/96/43 1765/106/43
f 24/110/43 1765/106/43 3204/103/44
f 1767/109/44 3196/60/44 1760/61/44
f 596/112/63 3191/64/63 1759/63/64
f 25/113/63 1759/63/64 3194/62/63
f 1768/111/63 3198/96/64 1762/95/63
f 25/113/63 1762/95/63 3199/94/64
f 1766/107/43 3190/66/43 1758/65/44
f 26/114/43 1758/65/44 3192/64/43
f 1769/112/44 3200/94/44 1763/100/43
f 26/114/43 1763/100/43 3202/99/43
f 612/115/65 2517/116/65 611/117/65
f 27/118/65 611/117/65 2516/119/65
f 610/120/65 2515/121/65 609/122/65
f 27/118/65 609/122/65 2514/123/65
f 28/124/66 598/125/67 2506/126/68
f 606/127/69 2510/128/70 601/129/71
f 28/124/66 601/129/71 2511/130/72
f 605/131/72 3205/132/73 598/125/67
f 29/133/74 597/134/75 2507/132/76
f 1774/131/77 3213/130/78 602/135/79
f 29/133/74 602/135/79 2512/136/80
f 607/137/80 2508/138/81 597/134/75
f 1776/137/82 3207/138/83 600/139/84
f 30/140/84 600/139/84 3211/141/85
f 608/142/86 2513/143/87 603/144/88
f 30/140/84 603/144/88 3215/136/82
f 1775/127/89 3214/128/90 604/145/91
f 31/146/92 604/145/91 3216/143/93
f 1777/142/94 2509/141/95 599/147/92
f 31/146/92 599/147/92 3209/126/96
f 615/148/97 3208/138/97 1773/139/97
f 1773/139/97 3212/141/97 613/149/97
f 32/150/97 613/149/97 2519/151/97
f 32/150/97 614/152/97 2518/153/97
f 613/149/98 3212/141/98 1772/147/98
f 1772/147/98 3210/126/98 616/154/98
f 33/155/98 616/154/98 2520/156/98
f 33/155/98 617/157/98 2519/151/98
f 616/154/99 3210/126/99 1771/125/99
f 1771/125/99 3206/132/100 618/158/101
f 34/159/99 618/158/101 2521/160/99
f 34/159/99 619/161/99 2520/156/99
f 618/158/102 3206/132/102 1770/134/103
f 1770/134/103 3208/138/103 615/148/103
f 35/162/103 615/148/103 2518/153/103
f 35/162/103 620/163/103 2521/160/103
f 621/164/104 3217/123/105 1781/115/106
f 36/165/106 1781/115/106 3223/116/107
f 622/166/107 3231/160/106 1784/161/106
f 36/165/106 1784/161/106 3229/156/106
f 37/167/108 1780/117/109 3221/119/109
f 623/168/109 3225/153/110 1785/163/111
f 37/167/108 1785/163/111 3232/160/112
f 1787/166/108 3224/116/108 1780/117/109
f 624/169/107 3219/121/107 1779/120/106
f 38/170/106 1779/120/106 3222/119/106
f 1788/168/104 3226/153/113 1782/152/106
f 38/170/106 1782/152/106 3227/151/107
f 1786/164/108 3218/123/111 1778/122/109
f 39/171/108 1778/122/109 3220/121/114
f 1789/169/115 3228/151/109 1783/157/114
f 39/171/108 1783/157/114 3230/156/115
f 640/172/65 2533/173/65 639/174/65
f 40/175/65 639/174/65 2532/176/65
f 638/177/65 2531/178/65 637/179/65
f 40/175/65 637/179/65 2530/180/65
f 41/181/116 634/182/117 2522/183/118
f 626/184/119 3233/185/120 633/186/121
f 41/181/116 633/186/121 2527/187/122
f 629/188/123 2526/189/124 634/182/117
f 42/190/125 625/191/126 2523/185/127
f 1794/186/128 3241/187/128 630/192/129
f 42/190/125 630/192/129 2528/193/130
f 635/194/131 2524/195/132 625/191/126
f 628/196/133 3235/195/134 1796/194/135
f 43/197/136 1796/194/135 3243/193/137
f 631/198/138 2529/199/139 636/200/140
f 43/197/136 636/200/140 3239/201/140
f 1795/182/141 3242/189/141 632/202/142
f 44/203/143 632/202/142 3244/199/144
f 1797/200/145 2525/201/145 627/204/146
f 44/203/143 627/204/146 3237/183/147
f 643/205/148 3236/195/148 1793/196/148
f 1793/196/148 3240/201/148 641/206/148
f 45/207/149 641/206/148 2535/208/149
f 45/207/149 642/209/150 2534/210/150
f 641/206/151 3240/201/151 1792/204/151
f 1792/204/151 3238/183/151 644/211/151
f 46/212/151 644/211/151 2536/213/152
f 46/212/151 645/214/152 2535/208/152
f 644/211/153 3238/183/153 1791/184/153
f 1791/184/153 3234/185/153 646/215/153
f 47/216/153 646/215/153 2537/217/153
f 47/216/153 647/218/154 2536/213/154
f 646/215/155 3234/185/155 1790/191/155
f 1790/191/155 3236/195/155 643/205/155
f 48/219/155 643/205/155 2534/210/155
f 48/219/155 648/220/155 2537/217/155
f 1801/172/156 3245/180/156 649/221/156
f 49/222/157 649/221/156 3257/213/156
f 1804/218/158 3259/217/156 650/223/156
f 49/222/157 650/223/156 3251/173/156
f 50/224/159 1800/174/160 3249/176/161
f 651/225/159 3253/210/162 1805/220/162
f 50/224/159 1805/220/162 3260/217/160
f 1807/223/161 3252/173/161 1800/174/160
f 1799/177/158 3247/178/156 652/226/163
f 51/227/163 652/226/163 3255/208/158
f 1802/209/156 3254/210/156 1808/225/156
f 51/227/163 1808/225/156 3250/176/156
f 1806/221/159 3246/180/164 1798/179/160
f 52/228/159 1798/179/160 3248/178/161
f 1809/226/161 3256/208/161 1803/214/162
f 52/228/159 1803/214/162 3258/213/162
f 656/229/165 2545/230/165 668/231/165
f 53/232/165 668/231/165 2544/233/165
f 653/234/165 2540/235/166 660/236/167
f 53/232/165 660/236/167 2539/237/165
f 1810/234/168 3263/233/169 667/238/170
f 54/239/171 667/238/170 2543/240/172
f 654/241/173 2541/242/174 663/243/175
f 54/239/171 663/243/175 3261/235/176
f 55/244/165 666/245/166 3267/240/165
f 1811/241/165 3265/242/166 657/246/165
f 55/244/165 657/246/165 2538/247/166
f 655/248/166 2542/249/166 666/245/166
f 1813/229/168 3275/230/177 665/250/170
f 56/251/171 665/250/170 3271/249/178
f 1812/248/173 3269/247/174 658/252/179
f 56/251/171 658/252/179 3273/237/176
f 659/253/180 2552/254/180 680/255/180
f 680/255/180 2551/256/180 662/257/180
f 57/258/180 662/257/180 3266/242/180
f 57/258/180 1814/246/180 3270/247/180
f 661/259/180 2553/260/180 679/261/180
f 679/261/180 2552/254/180 659/253/180
f 58/262/180 659/253/180 3270/247/180
f 58/262/180 1815/252/180 3274/237/180
f 664/263/180 2550/264/180 678/265/180
f 678/265/180 2553/260/180 661/259/180
f 59/266/180 661/259/180 3274/237/180
f 59/266/180 1816/236/180 3262/235/180
f 662/257/180 2551/256/180 677/267/180
f 677/267/180 2550/264/180 664/263/180
f 60/268/180 664/263/180 3262/235/180
f 60/268/180 1817/243/180 3266/242/180
f 671/269/181 2549/270/181 673/271/182
f 61/272/182 673/271/182 2546/273/182
f 669/274/181 3278/264/181 1827/265/181
f 61/272/182 1827/265/181 3284/260/181
f 670/275/183 3281/256/183 1826/267/183
f 62/276/183 1826/267/183 3279/264/183
f 1822/274/183 3277/273/183 674/277/183
f 62/276/183 674/277/183 2547/278/183
f 63/279/181 1829/255/181 3287/254/182
f 672/280/182 2548/281/181 675/282/181
f 63/279/181 675/282/181 3280/278/181
f 1823/275/182 3282/256/182 1829/255/181
f 64/283/183 1828/261/183 3285/260/183
f 1824/269/183 3283/270/183 676/284/183
f 64/283/183 676/284/183 3286/281/183
f 1825/280/183 3288/254/183 1828/261/183
f 65/285/180 1818/250/180 3272/249/180
f 1819/245/180 3268/240/180 1820/238/180
f 65/285/180 1820/238/180 3264/233/180
f 1821/231/180 3276/230/180 1818/250/180
f 684/286/184 2561/287/184 696/288/185
f 66/289/184 696/288/185 2560/290/184
f 681/291/184 2556/292/186 688/293/184
f 66/289/184 688/293/184 2555/294/184
f 695/295/187 3291/290/177 1830/291/188
f 67/296/189 1830/291/188 3289/292/190
f 691/297/191 2557/298/192 682/299/193
f 67/296/189 682/299/193 2559/300/194
f 68/301/184 694/302/186 3295/300/186
f 1831/299/184 3293/298/184 685/303/184
f 68/301/184 685/303/184 2554/304/186
f 683/305/186 2558/306/186 694/302/186
f 693/307/195 3303/287/177 1833/286/188
f 69/308/189 1833/286/188 3301/294/190
f 686/309/196 3297/304/192 1832/305/193
f 69/308/189 1832/305/193 3299/306/197
f 687/310/198 2568/311/198 708/312/198
f 708/312/198 2567/313/198 690/314/198
f 70/315/198 690/314/198 3294/298/198
f 70/315/198 1834/303/198 3298/304/198
f 689/316/198 2569/317/198 707/318/198
f 707/318/198 2568/311/198 687/310/198
f 71/319/198 687/310/198 3298/304/198
f 71/319/198 1835/309/198 3302/294/198
f 692/320/198 2566/321/198 706/322/198
f 706/322/198 2569/317/198 689/316/198
f 72/323/198 689/316/198 3302/294/198
f 72/323/198 1836/293/198 3290/292/198
f 690/314/198 2567/313/198 705/324/198
f 705/324/198 2566/321/198 692/320/198
f 73/325/198 692/320/198 3290/292/198
f 73/325/198 1837/297/198 3294/298/198
f 699/326/199 2565/327/199 701/328/200
f 74/329/200 701/328/200 2562/330/200
f 697/331/200 3306/321/199 1847/322/200
f 74/329/200 1847/322/200 3312/317/199
f 1846/324/201 3309/313/201 698/332/201
f 75/333/201 698/332/201 2563/334/201
f 702/335/201 3305/330/201 1842/331/201
f 75/333/201 1842/331/201 3307/321/201
f 76/336/200 1849/312/199 3315/311/199
f 700/337/199 2564/338/199 703/339/200
f 76/336/200 703/339/200 3308/334/199
f 1843/332/200 3310/313/200 1849/312/199
f 77/340/201 1844/326/201 3313/317/201
f 1848/318/201 3316/311/201 1845/337/201
f 77/340/201 1845/337/201 3314/338/201
f 704/341/201 3311/327/201 1844/326/201
f 78/342/198 1838/307/198 3300/306/198
f 1839/302/198 3296/300/198 1840/295/198
f 78/342/198 1840/295/198 3292/290/198
f 1841/288/198 3304/287/198 1838/307/198
f 712/343/184 2577/344/184 724/345/185
f 79/346/184 724/345/185 2576/347/184
f 709/348/184 2572/349/186 716/350/184
f 79/346/184 716/350/184 2571/351/184
f 723/352/195 3319/347/177 1850/348/188
f 80/353/189 1850/348/188 3317/349/190
f 719/354/191 2573/355/202 710/356/193
f 80/353/189 710/356/193 2575/357/203
f 81/358/184 722/359/186 3323/357/184
f 1851/356/184 3321/355/186 713/360/184
f 81/358/184 713/360/184 2570/361/186
f 711/362/186 2574/363/186 722/359/186
f 721/364/195 3331/344/169 1853/343/188
f 82/365/189 1853/343/188 3329/351/204
f 714/366/191 3325/361/192 1852/362/193
f 82/365/189 1852/362/193 3327/363/203
f 715/367/198 2584/368/198 736/369/198
f 736/369/198 2583/370/198 718/371/198
f 83/372/198 718/371/198 3322/355/198
f 83/372/198 1854/360/198 3326/361/198
f 717/373/198 2585/374/198 735/375/198
f 735/375/198 2584/368/198 715/367/198
f 84/376/198 715/367/198 3326/361/198
f 84/376/198 1855/366/198 3330/351/198
f 720/377/198 2582/378/198 734/379/198
f 734/379/198 2585/374/198 717/373/198
f 85/380/198 717/373/198 3330/351/198
f 85/380/198 1856/350/198 3318/349/198
f 718/371/198 2583/370/198 733/381/198
f 733/381/198 2582/378/198 720/377/198
f 86/382/198 720/377/198 3318/349/198
f 86/382/198 1857/354/198 3322/355/198
f 727/383/199 2581/384/199 729/385/200
f 87/386/200 729/385/200 2578/387/200
f 725/388/200 3334/378/199 1867/379/200
f 87/386/200 1867/379/200 3340/374/199
f 1866/381/201 3337/370/201 726/389/201
f 88/390/201 726/389/201 2579/391/201
f 730/392/201 3333/387/201 1862/388/201
f 88/390/201 1862/388/201 3335/378/201
f 89/393/199 1869/369/199 3343/368/200
f 728/394/200 2580/395/199 731/396/199
f 89/393/199 731/396/199 3336/391/199
f 1863/389/200 3338/370/200 1869/369/199
f 90/397/201 1864/383/201 3341/374/201
f 1868/375/201 3344/368/201 1865/394/201
f 90/397/201 1865/394/201 3342/395/201
f 732/398/201 3339/384/201 1864/383/201
f 91/399/198 1858/364/198 3328/363/198
f 1859/359/198 3324/357/198 1860/352/198
f 91/399/198 1860/352/198 3320/347/198
f 1861/345/198 3332/344/198 1858/364/198
f 740/400/184 2593/401/184 752/402/184
f 92/403/184 752/402/184 2592/404/184
f 737/405/184 2588/406/186 744/407/186
f 92/403/184 744/407/186 2587/408/184
f 751/409/195 3347/404/169 1870/405/205
f 93/410/189 1870/405/205 3345/406/204
f 747/411/191 2589/412/192 738/413/193
f 93/410/189 738/413/193 2591/414/203
f 94/415/184 750/416/186 3351/414/184
f 1871/413/184 3349/412/186 741/417/184
f 94/415/184 741/417/184 2586/418/186
f 739/419/186 2590/420/186 750/416/186
f 749/421/195 3359/401/169 1873/400/188
f 95/422/189 1873/400/188 3357/408/204
f 742/423/191 3353/418/202 1872/419/193
f 95/422/189 1872/419/193 3355/420/194
f 743/424/198 2600/425/198 764/426/198
f 764/426/198 2599/427/198 746/428/198
f 96/429/198 746/428/198 3350/412/198
f 96/429/198 1874/417/198 3354/418/198
f 745/430/198 2601/431/198 763/432/198
f 763/432/198 2600/425/198 743/424/198
f 97/433/198 743/424/198 3354/418/198
f 97/433/198 1875/423/198 3358/408/198
f 748/434/198 2598/435/198 762/436/198
f 762/436/198 2601/431/198 745/430/198
f 98/437/198 745/430/198 3358/408/198
f 98/437/198 1876/407/198 3346/406/198
f 746/428/198 2599/427/198 761/438/198
f 761/438/198 2598/435/198 748/434/198
f 99/439/198 748/434/198 3346/406/198
f 99/439/198 1877/411/198 3350/412/198
f 755/440/199 2597/441/199 757/442/200
f 100/443/200 757/442/200 2594/444/200
f 753/445/200 3362/435/199 1887/436/199
f 100/443/200 1887/436/199 3368/431/199
f 1886/438/201 3365/427/201 754/446/201
f 101/447/201 754/446/201 2595/448/201
f 758/449/201 3361/444/201 1882/445/201
f 101/447/201 1882/445/201 3363/435/201
f 102/450/199 1889/426/199 3371/425/200
f 756/451/200 2596/452/199 759/453/199
f 102/450/199 759/453/199 3364/448/199
f 1883/446/200 3366/427/200 1889/426/199
f 103/454/201 1884/440/201 3369/431/201
f 1888/432/201 3372/425/201 1885/451/201
f 103/454/201 1885/451/201 3370/452/201
f 760/455/201 3367/441/201 1884/440/201
f 104/456/198 1878/421/198 3356/420/198
f 1879/416/198 3352/414/198 1880/409/198
f 104/456/198 1880/409/198 3348/404/198
f 1881/402/198 3360/401/198 1878/421/198
f 768/457/165 2609/458/165 780/459/165
f 105/460/165 780/459/165 2608/461/165
f 765/462/165 2604/463/166 772/464/167
f 105/460/165 772/464/167 2603/465/165
f 1890/462/168 3375/461/169 779/466/170
f 106/467/171 779/466/170 2607/468/172
f 766/469/173 2605/470/174 775/471/179
f 106/467/171 775/471/179 3373/463/176
f 107/472/165 778/473/166 3379/468/165
f 1891/469/165 3377/470/166 769/474/165
f 107/472/165 769/474/165 2602/475/166
f 767/476/166 2606/477/166 778/473/166
f 1893/457/168 3387/458/169 777/478/170
f 108/479/171 777/478/170 3383/477/172
f 1892/476/173 3381/475/174 770/480/179
f 108/479/171 770/480/179 3385/465/176
f 771/481/180 2616/482/180 792/483/180
f 792/483/180 2615/484/180 774/485/180
f 109/486/180 774/485/180 3378/470/180
f 109/486/180 1894/474/180 3382/475/180
f 773/487/180 2617/488/180 791/489/180
f 791/489/180 2616/482/180 771/481/180
f 110/490/180 771/481/180 3382/475/180
f 110/490/180 1895/480/180 3386/465/180
f 776/491/180 2614/492/180 790/493/180
f 790/493/180 2617/488/180 773/487/180
f 111/494/180 773/487/180 3386/465/180
f 111/494/180 1896/464/180 3374/463/180
f 774/485/180 2615/484/180 789/495/180
f 789/495/180 2614/492/180 776/491/180
f 112/496/180 776/491/180 3374/463/180
f 112/496/180 1897/471/180 3378/470/180
f 783/497/181 2613/498/181 785/499/182
f 113/500/182 785/499/182 2610/501/182
f 781/502/181 3390/492/181 1907/493/181
f 113/500/182 1907/493/181 3396/488/181
f 782/503/183 3393/484/183 1906/495/183
f 114/504/183 1906/495/183 3391/492/183
f 1902/502/183 3389/501/183 786/505/183
f 114/504/183 786/505/183 2611/506/183
f 115/507/181 1909/483/181 3399/482/182
f 784/508/182 2612/509/181 787/510/181
f 115/507/181 787/510/181 3392/506/181
f 1903/503/182 3394/484/182 1909/483/181
f 116/511/183 1908/489/183 3397/488/183
f 1904/497/183 3395/498/183 788/512/183
f 116/511/183 788/512/183 3398/509/183
f 1905/508/183 3400/482/183 1908/489/183
f 117/513/180 1898/478/180 3384/477/180
f 1899/473/180 3380/468/180 1900/466/180
f 117/513/180 1900/466/180 3376/461/180
f 1901/459/180 3388/458/180 1898/478/180
f 796/514/165 2625/515/165 808/516/165
f 118/517/165 808/516/165 2624/518/165
f 793/519/165 2620/520/166 800/521/167
f 118/517/165 800/521/167 2619/522/165
f 1910/519/168 3403/518/169 807/523/170
f 119/524/171 807/523/170 2623/525/178
f 794/526/173 2621/527/206 803/528/179
f 119/524/171 803/528/179 3401/520/207
f 120/529/165 806/530/166 3407/525/166
f 1911/526/165 3405/527/165 797/531/165
f 120/529/165 797/531/165 2618/532/166
f 795/533/166 2622/534/166 806/530/166
f 1913/514/168 3415/515/169 805/535/170
f 121/536/171 805/535/170 3411/534/172
f 1912/533/173 3409/532/174 798/537/179
f 121/536/171 798/537/179 3413/522/176
f 799/538/180 2632/539/180 820/540/180
f 820/540/180 2631/541/180 802/542/180
f 122/543/180 802/542/180 3406/527/180
f 122/543/180 1914/531/180 3410/532/180
f 801/544/180 2633/545/180 819/546/180
f 819/546/180 2632/539/180 799/538/180
f 123/547/180 799/538/180 3410/532/180
f 123/547/180 1915/537/180 3414/522/180
f 804/548/180 2630/549/180 818/550/180
f 818/550/180 2633/545/180 801/544/180
f 124/551/180 801/544/180 3414/522/180
f 124/551/180 1916/521/180 3402/520/180
f 802/542/180 2631/541/180 817/552/180
f 817/552/180 2630/549/180 804/548/180
f 125/553/180 804/548/180 3402/520/180
f 125/553/180 1917/528/180 3406/527/180
f 811/554/181 2629/555/181 813/556/182
f 126/557/182 813/556/182 2626/558/182
f 809/559/181 3418/549/181 1927/550/181
f 126/557/182 1927/550/181 3424/545/181
f 810/560/183 3421/541/183 1926/552/183
f 127/561/183 1926/552/183 3419/549/183
f 1922/559/183 3417/558/183 814/562/183
f 127/561/183 814/562/183 2627/563/183
f 128/564/181 1929/540/181 3427/539/182
f 812/565/182 2628/566/181 815/567/181
f 128/564/181 815/567/181 3420/563/181
f 1923/560/182 3422/541/182 1929/540/181
f 129/568/183 1928/546/183 3425/545/183
f 1924/554/183 3423/555/183 816/569/183
f 129/568/183 816/569/183 3426/566/183
f 1925/565/183 3428/539/183 1928/546/183
f 130/570/180 1918/535/180 3412/534/180
f 1919/530/180 3408/525/180 1920/523/180
f 130/570/180 1920/523/180 3404/518/180
f 1921/516/180 3416/515/180 1918/535/180
f 824/571/208 2641/572/208 836/573/208
f 131/574/208 836/573/208 2640/575/208
f 821/576/208 2636/577/209 828/578/210
f 131/574/208 828/578/210 2635/579/208
f 1930/576/211 3431/575/212 835/580/213
f 132/581/214 835/580/213 2639/582/215
f 822/583/216 2637/584/217 831/585/218
f 132/581/214 831/585/218 3429/577/219
f 133/586/208 834/587/209 3435/582/209
f 1931/583/208 3433/584/208 825/588/208
f 133/586/208 825/588/208 2634/589/210
f 823/590/209 2638/591/209 834/587/209
f 1933/571/211 3443/572/212 833/592/213
f 134/593/214 833/592/213 3439/591/215
f 1932/590/216 3437/589/217 826/594/220
f 134/593/214 826/594/220 3441/579/219
f 827/595/65 2648/596/65 848/597/65
f 848/597/65 2647/598/65 830/599/65
f 135/600/65 830/599/65 3434/584/65
f 135/600/65 1934/588/65 3438/589/65
f 829/601/65 2649/602/65 847/603/65
f 847/603/65 2648/596/65 827/595/65
f 136/604/65 827/595/65 3438/589/65
f 136/604/65 1935/594/65 3442/579/65
f 832/605/65 2646/606/65 846/607/65
f 846/607/65 2649/602/65 829/601/65
f 137/608/65 829/601/65 3442/579/65
f 137/608/65 1936/578/65 3430/577/65
f 830/599/65 2647/598/65 845/609/65
f 845/609/65 2646/606/65 832/605/65
f 138/610/65 832/605/65 3430/577/65
f 138/610/65 1937/585/65 3434/584/65
f 839/611/221 2645/612/221 841/613/222
f 139/614/222 841/613/222 2642/615/222
f 837/616/221 3446/606/221 1947/607/221
f 139/614/222 1947/607/221 3452/602/221
f 838/617/223 3449/598/223 1946/609/223
f 140/618/223 1946/609/223 3447/606/223
f 1942/616/223 3445/615/223 842/619/223
f 140/618/223 842/619/223 2643/620/223
f 141/621/221 1949/597/221 3455/596/222
f 840/622/222 2644/623/221 843/624/221
f 141/621/221 843/624/221 3448/620/221
f 1943/617/222 3450/598/222 1949/597/221
f 142/625/223 1948/603/223 3453/602/223
f 1944/611/223 3451/612/223 844/626/223
f 142/625/223 844/626/223 3454/623/223
f 1945/622/223 3456/596/223 1948/603/223
f 143/627/65 1938/592/65 3440/591/65
f 1939/587/65 3436/582/65 1940/580/65
f 143/627/65 1940/580/65 3432/575/65
f 1941/573/65 3444/572/65 1938/592/65
f 852/628/208 2657/629/208 864/630/208
f 144/631/208 864/630/208 2656/632/208
f 849/633/208 2652/634/209 856/635/210
f 144/631/208 856/635/210 2651/636/208
f 863/637/224 3459/632/225 1950/633/226
f 145/638/227 1950/633/226 3457/634/228
f 859/639/229 2653/640/230 850/641/231
f 145/638/227 850/641/231 2655/642/232
f 146/643/208 862/644/208 3463/642/210
f 1951/641/208 3461/640/208 853/645/208
f 146/643/208 853/645/208 2650/646/210
f 851/647/208 2654/648/208 862/644/208
f 861/649/224 3471/629/225 1953/628/226
f 147/650/227 1953/628/226 3469/636/228
f 854/651/229 3465/646/233 1952/647/231
f 147/650/227 1952/647/231 3467/648/232
f 855/652/65 2664/653/65 876/654/65
f 876/654/65 2663/655/65 858/656/65
f 148/657/65 858/656/65 3462/640/65
f 148/657/65 1954/645/65 3466/646/65
f 857/658/65 2665/659/65 875/660/65
f 875/660/65 2664/653/65 855/652/65
f 149/661/65 855/652/65 3466/646/65
f 149/661/65 1955/651/65 3470/636/65
f 860/662/65 2662/663/65 874/664/65
f 874/664/65 2665/659/65 857/658/65
f 150/665/65 857/658/65 3470/636/65
f 150/665/65 1956/635/65 3458/634/65
f 858/656/65 2663/655/65 873/666/65
f 873/666/65 2662/663/65 860/662/65
f 151/667/65 860/662/65 3458/634/65
f 151/667/65 1957/639/65 3462/640/65
f 867/668/221 2661/669/221 869/670/222
f 152/671/222 869/670/222 2658/672/222
f 865/673/222 3474/663/221 1967/664/221
f 152/671/222 1967/664/221 3480/659/221
f 1966/666/234 3477/655/234 866/674/234
f 153/675/234 866/674/234 2659/676/234
f 870/677/234 3473/672/234 1962/673/234
f 153/675/234 1962/673/234 3475/663/234
f 154/678/221 1969/654/221 3483/653/235
f 868/679/222 2660/680/221 871/681/221
f 154/678/221 871/681/221 3476/676/221
f 1963/674/222 3478/655/222 1969/654/221
f 155/682/234 1964/668/234 3481/659/234
f 1968/660/234 3484/653/234 1965/679/234
f 155/682/234 1965/679/234 3482/680/234
f 872/683/234 3479/669/234 1964/668/234
f 156/684/65 1958/649/65 3468/648/65
f 1959/644/65 3464/642/65 1960/637/65
f 156/684/65 1960/637/65 3460/632/65
f 1961/630/65 3472/629/65 1958/649/65
f 880/685/208 2673/686/208 892/687/208
f 157/688/208 892/687/208 2672/689/208
f 877/690/208 2668/691/209 884/692/210
f 157/688/208 884/692/210 2667/693/208
f 891/694/224 3487/689/225 1970/690/226
f 158/695/227 1970/690/226 3485/691/228
f 887/696/229 2669/697/233 878/698/231
f 158/695/227 878/698/231 2671/699/232
f 159/700/208 890/701/209 3491/699/209
f 1971/698/208 3489/697/208 881/702/208
f 159/700/208 881/702/208 2666/703/209
f 879/704/209 2670/705/209 890/701/209
f 889/706/224 3499/686/225 1973/685/226
f 160/707/227 1973/685/226 3497/693/228
f 882/708/236 3493/703/233 1972/704/231
f 160/707/227 1972/704/231 3495/705/232
f 883/709/65 2680/710/65 904/711/65
f 904/711/65 2679/712/65 886/713/65
f 161/714/65 886/713/65 3490/697/65
f 161/714/65 1974/702/65 3494/703/65
f 885/715/65 2681/716/65 903/717/65
f 903/717/65 2680/710/65 883/709/65
f 162/718/65 883/709/65 3494/703/65
f 162/718/65 1975/708/65 3498/693/65
f 888/719/65 2678/720/65 902/721/65
f 902/721/65 2681/716/65 885/715/65
f 163/722/65 885/715/65 3498/693/65
f 163/722/65 1976/692/65 3486/691/65
f 886/713/65 2679/712/65 901/723/65
f 901/723/65 2678/720/65 888/719/65
f 164/724/65 888/719/65 3486/691/65
f 164/724/65 1977/696/65 3490/697/65
f 895/725/221 2677/726/221 897/727/222
f 165/728/222 897/727/222 2674/729/222
f 893/730/222 3502/720/221 1987/721/221
f 165/728/222 1987/721/221 3508/716/221
f 1986/723/234 3505/712/234 894/731/234
f 166/732/234 894/731/234 2675/733/234
f 898/734/234 3501/729/234 1982/730/234
f 166/732/234 1982/730/234 3503/720/234
f 167/735/221 1989/711/221 3511/710/222
f 896/736/222 2676/737/221 899/738/221
f 167/735/221 899/738/221 3504/733/221
f 1983/731/222 3506/712/222 1989/711/221
f 168/739/234 1984/725/234 3509/716/234
f 1988/717/234 3512/710/234 1985/736/234
f 168/739/234 1985/736/234 3510/737/234
f 900/740/234 3507/726/234 1984/725/234
f 169/741/65 1978/706/65 3496/705/65
f 1979/701/65 3492/699/65 1980/694/65
f 169/741/65 1980/694/65 3488/689/65
f 1981/687/65 3500/686/65 1978/706/65
f 908/742/208 2689/743/208 920/744/208
f 170/745/208 920/744/208 2688/746/208
f 905/747/208 2684/748/209 912/749/210
f 170/745/208 912/749/210 2683/750/208
f 1990/747/237 3515/746/212 919/751/213
f 171/752/214 919/751/213 2687/753/238
f 906/754/216 2685/755/239 915/756/218
f 171/752/214 915/756/218 3513/748/240
f 172/757/208 918/758/209 3519/753/208
f 1991/754/208 3517/755/209 909/759/208
f 172/757/208 909/759/208 2682/760/210
f 907/761/209 2686/762/209 918/758/209
f 1993/742/211 3527/743/212 917/763/213
f 173/764/214 917/763/213 3523/762/238
f 1992/761/216 3521/760/239 910/765/218
f 173/764/214 910/765/218 3525/750/240
f 911/766/65 2696/767/65 932/768/65
f 932/768/65 2695/769/65 914/770/65
f 174/771/65 914/770/65 3518/755/65
f 174/771/65 1994/759/65 3522/760/65
f 913/772/65 2697/773/65 931/774/65
f 931/774/65 2696/767/65 911/766/65
f 175/775/65 911/766/65 3522/760/65
f 175/775/65 1995/765/65 3526/750/65
f 916/776/65 2694/777/65 930/778/65
f 930/778/65 2697/773/65 913/772/65
f 176/779/65 913/772/65 3526/750/65
f 176/779/65 1996/749/65 3514/748/65
f 914/770/65 2695/769/65 929/780/65
f 929/780/65 2694/777/65 916/776/65
f 177/781/65 916/776/65 3514/748/65
f 177/781/65 1997/756/65 3518/755/65
f 923/782/221 2693/783/221 925/784/222
f 178/785/222 925/784/222 2690/786/222
f 921/787/221 3530/777/221 2007/778/221
f 178/785/222 2007/778/221 3536/773/221
f 922/788/223 3533/769/223 2006/780/223
f 179/789/223 2006/780/223 3531/777/223
f 2002/787/223 3529/786/223 926/790/223
f 179/789/223 926/790/223 2691/791/223
f 180/792/221 2009/768/221 3539/767/222
f 924/793/222 2692/794/221 927/795/221
f 180/792/221 927/795/221 3532/791/221
f 2003/788/222 3534/769/222 2009/768/221
f 181/796/223 2008/774/223 3537/773/223
f 2004/782/223 3535/783/223 928/797/223
f 181/796/223 928/797/223 3538/794/223
f 2005/793/223 3540/767/223 2008/774/223
f 182/798/65 1998/763/65 3524/762/65
f 1999/758/65 3520/753/65 2000/751/65
f 182/798/65 2000/751/65 3516/746/65
f 2001/744/65 3528/743/65 1998/763/65
f 936/799/208 2705/800/208 948/801/208
f 183/802/208 948/801/208 2704/803/208
f 933/804/208 2700/805/209 940/806/210
f 183/802/208 940/806/210 2699/807/208
f 947/808/224 3543/803/225 2010/804/226
f 184/809/227 2010/804/226 3541/805/241
f 943/810/229 2701/811/233 934/812/231
f 184/809/227 934/812/231 2703/813/242
f 185/814/208 946/815/208 3547/813/209
f 2011/812/208 3545/811/208 937/816/208
f 185/814/208 937/816/208 2698/817/209
f 935/818/208 2702/819/208 946/815/208
f 2013/799/211 3555/800/212 945/820/213
f 186/821/214 945/820/213 3551/819/215
f 2012/818/216 3549/817/217 938/822/218
f 186/821/214 938/822/218 3553/807/219
f 939/823/65 2712/824/65 960/825/65
f 960/825/65 2711/826/65 942/827/65
f 187/828/65 942/827/65 3546/811/65
f 187/828/65 2014/816/65 3550/817/65
f 941/829/65 2713/830/65 959/831/65
f 959/831/65 2712/824/65 939/823/65
f 188/832/65 939/823/65 3550/817/65
f 188/832/65 2015/822/65 3554/807/65
f 944/833/65 2710/834/65 958/835/65
f 958/835/65 2713/830/65 941/829/65
f 189/836/65 941/829/65 3554/807/65
f 189/836/65 2016/806/65 3542/805/65
f 942/827/65 2711/826/65 957/837/65
f 957/837/65 2710/834/65 944/833/65
f 190/838/65 944/833/65 3542/805/65
f 190/838/65 2017/810/65 3546/811/65
f 951/839/221 2709/840/221 953/841/222
f 191/842/222 953/841/222 2706/843/222
f 949/844/222 3558/834/221 2027/835/221
f 191/842/222 2027/835/221 3564/830/221
f 2026/837/234 3561/826/234 950/845/234
f 192/846/234 950/845/234 2707/847/234
f 954/848/234 3557/843/234 2022/844/234
f 192/846/234 2022/844/234 3559/834/234
f 193/849/221 2029/825/221 3567/824/222
f 952/850/222 2708/851/221 955/852/221
f 193/849/221 955/852/221 3560/847/221
f 2023/845/222 3562/826/222 2029/825/221
f 194/853/223 2028/831/223 3565/830/223
f 2024/839/223 3563/840/223 956/854/223
f 194/853/223 956/854/223 3566/851/223
f 2025/850/223 3568/824/223 2028/831/223
f 195/855/65 2018/820/65 3552/819/65
f 2019/815/65 3548/813/65 2020/808/65
f 195/855/65 2020/808/65 3544/803/65
f 2021/801/65 3556/800/65 2018/820/65
f 962/856/243 2714/857/243 970/858/243
f 196/859/243 970/858/243 2718/860/244
f 965/861/245 2719/862/244 969/863/243
f 969/863/243 3569/864/243 962/856/243
f 961/865/198 2715/864/198 2030/863/198
f 197/866/198 2030/863/198 3570/862/246
f 966/867/247 2720/868/246 971/869/198
f 197/866/198 971/869/198 2716/870/198
f 2032/869/243 3573/870/243 964/871/243
f 964/871/243 3575/872/243 972/873/243
f 972/873/243 2721/874/248 967/875/249
f 198/876/243 967/875/249 3574/868/248
f 199/877/198 2031/878/198 3572/879/250
f 968/880/251 3576/874/250 2033/873/198
f 199/877/198 2033/873/198 2717/872/198
f 963/881/198 3571/882/198 2031/878/198
f 200/883/252 968/880/251 3572/879/250
f 975/884/252 2722/885/253 974/886/251
f 974/886/251 2723/887/254 973/888/252
f 200/883/252 973/888/252 3576/874/250
f 201/889/255 967/875/249 2721/874/248
f 2034/888/255 3577/887/256 977/890/249
f 977/890/249 2724/891/256 976/892/255
f 201/889/255 976/892/255 3574/868/248
f 202/893/257 2036/892/257 2720/868/246
f 202/893/257 966/867/247 3570/862/246
f 978/894/257 2725/895/258 979/896/247
f 979/896/247 3579/891/259 2036/892/257
f 203/897/260 2037/894/260 2719/862/244
f 203/897/260 965/861/245 2718/860/244
f 2035/898/260 3578/899/261 980/900/245
f 980/900/245 3580/895/262 2037/894/260
f 983/901/243 3580/895/243 980/900/243
f 980/900/243 3578/899/243 981/902/243
f 981/902/243 2727/903/243 982/904/243
f 982/904/243 2726/905/243 983/901/243
f 985/906/198 3579/891/198 979/896/198
f 979/896/198 2725/895/198 2040/901/198
f 205/907/198 2040/901/198 3583/905/198
f 984/908/198 2728/909/198 985/906/198
f 977/890/243 3577/887/243 987/910/243
f 206/911/243 987/910/243 2729/912/243
f 986/913/243 3585/909/243 2042/906/243
f 206/911/243 2042/906/243 2724/891/243
f 207/914/198 974/886/198 2722/885/198
f 2038/915/198 3581/916/198 988/917/198
f 207/914/198 988/917/198 3587/912/198
f 2044/910/198 2723/887/198 974/886/198
f 991/918/263 3582/916/263 2045/917/263
f 2045/917/263 3588/912/263 989/919/263
f 208/920/263 989/919/263 2731/921/263
f 208/920/263 990/922/263 2730/923/263
f 989/919/263 3588/912/263 2043/913/263
f 2043/913/263 3586/909/263 992/924/263
f 209/925/263 992/924/263 2732/926/263
f 209/925/263 993/927/263 2731/921/263
f 992/924/263 3586/909/263 2041/908/263
f 2041/908/263 3584/905/263 994/928/263
f 210/929/263 994/928/263 2733/930/263
f 210/929/263 995/931/263 2732/926/263
f 994/928/263 3584/905/263 2039/904/263
f 2039/904/263 3582/903/263 991/932/263
f 211/933/263 991/932/263 2730/934/263
f 211/933/263 996/935/263 2733/930/263
f 2049/935/243 3595/930/243 999/936/243
f 999/936/243 2734/937/243 998/938/243
f 212/939/243 998/938/243 2735/940/243
f 997/941/243 3589/934/243 2049/935/243
f 213/942/198 2048/931/198 3593/926/198
f 1001/943/198 2736/944/198 1000/945/198
f 1000/945/198 3598/937/198 2051/936/198
f 2051/936/198 3596/930/198 2048/931/198
f 1003/946/243 3591/921/243 2047/927/243
f 2047/927/243 3594/926/243 2052/943/243
f 2052/943/243 3599/944/243 1002/947/243
f 1002/947/243 2737/948/243 1003/946/243
f 2050/949/198 3590/923/198 2046/922/198
f 215/950/198 2046/922/198 3592/921/198
f 2053/946/198 3600/948/198 1004/951/198
f 1004/951/198 3597/952/198 2050/949/198
f 216/953/264 1543/954/264 2738/955/264
f 1006/956/264 2739/957/264 1005/958/264
f 216/953/264 1005/958/264 2740/959/264
f 1542/960/264 4064/961/264 1543/954/264
f 217/962/265 1540/963/265 2741/964/265
f 217/962/265 1007/965/266 2742/966/265
f 217/962/265 1008/967/265 2743/968/265
f 1541/969/265 4063/970/265 1540/963/265
f 2054/958/180 3601/957/180 1009/971/180
f 1009/971/180 3604/966/180 2055/967/180
f 218/972/180 2055/967/180 3605/968/180
f 218/972/180 1011/973/180 3602/959/180
f 1010/974/180 3609/975/180 2368/976/180
f 219/977/180 2368/976/180 2745/978/180
f 219/977/180 1012/979/180 2744/961/180
f 2369/954/180 3607/955/180 1010/974/180
f 1015/980/267 3603/959/268 2057/973/268
f 2057/973/268 3606/968/268 1013/981/267
f 1013/981/267 2747/982/269 1014/983/269
f 220/984/267 1014/983/269 2746/985/269
f 1541/969/263 2743/968/263 2058/981/263
f 2058/981/263 3611/982/263 1016/986/263
f 221/987/263 1016/986/263 4063/970/263
f 222/988/263 1017/989/263 4064/961/263
f 1542/960/263 2740/959/263 2060/980/263
f 2060/980/263 3613/985/263 1017/989/263
f 223/990/263 1539/991/263 4064/961/263
f 1017/989/263 3613/985/263 1018/992/263
f 1018/992/263 2748/993/263 1536/994/263
f 223/990/263 1536/994/263 2751/995/263
f 1016/986/263 3611/982/263 1019/996/263
f 1019/996/263 2749/997/263 1537/998/263
f 224/999/263 1537/998/263 2750/1000/263
f 224/999/263 1538/1001/263 4063/970/263
f 2061/992/270 3614/985/270 2059/983/270
f 2059/983/270 3612/982/270 2062/996/270
f 2062/996/270 3616/997/270 1020/1002/270
f 225/1003/270 1020/1002/270 3615/993/270
f 1022/1004/263 2751/995/263 1536/994/263
f 226/1005/263 1536/994/263 2748/993/263
f 1535/1006/263 2752/1007/263 1021/1008/263
f 226/1005/263 1021/1008/263 2753/1009/263
f 227/1010/263 1537/998/263 2749/997/263
f 1534/1011/263 2755/1012/263 1024/1013/263
f 227/1010/263 1024/1013/263 2754/1014/263
f 1023/1015/263 2750/1000/263 1537/998/263
f 2367/1006/271 3615/993/271 1020/1002/271
f 1020/1002/271 3616/997/271 2366/1011/271
f 2366/1011/271 3622/1012/271 1025/1016/271
f 228/1017/271 1025/1016/271 3617/1007/271
f 1501/1018/272 3618/1007/273 2065/1016/274
f 2065/1016/274 3623/1012/273 1502/1019/275
f 229/1020/276 1502/1019/275 4039/1021/277
f 230/1022/278 2064/1013/279 3624/1012/280
f 2347/1019/281 4040/1021/282 1503/1023/283
f 1503/1023/283 3621/1014/278 2064/1013/279
f 2063/1008/284 3620/1009/285 1026/1024/286
f 1026/1024/286 2756/1021/287 2346/1018/288
f 231/1025/289 2346/1018/288 3619/1007/289
f 232/1026/290 1029/1027/290 3608/955/291
f 232/1026/290 2056/974/291 3610/975/291
f 1027/1028/290 2758/1029/290 1028/1030/290
f 1028/1030/290 2757/1031/290 1029/1027/290
f 233/1032/292 1032/1033/293 3604/966/292
f 233/1032/292 1009/971/292 3601/957/292
f 1030/1034/293 2759/1035/293 1031/1036/293
f 1031/1036/293 2760/1037/293 1032/1033/293
f 234/1038/294 1007/965/295 2741/964/294
f 2066/1039/294 3625/1040/294 1033/1041/296
f 1033/1041/296 3628/1037/296 2069/1033/294
f 234/1038/294 2069/1033/294 2742/966/297
f 235/1042/298 2068/1034/298 2739/957/299
f 235/1042/298 1006/956/299 2738/955/299
f 2067/1027/298 3626/1031/300 1034/1043/300
f 1034/1043/300 3627/1035/300 2068/1034/298
f 1035/1044/301 2761/1045/302 1042/1046/303
f 1042/1046/303 2765/1047/302 1036/1048/301
f 1036/1048/301 2766/1049/304 1041/1050/301
f 236/1051/302 1041/1050/301 2762/1052/304
f 1037/1053/305 3629/1052/306 2070/1050/306
f 2070/1050/306 3630/1049/306 1038/1054/305
f 237/1055/305 1038/1054/305 2767/1056/305
f 1043/1057/305 2763/1058/305 1037/1053/305
f 2071/1046/307 3632/1047/307 1040/1059/307
f 1040/1059/307 2768/1060/307 1044/1061/307
f 1044/1061/307 2764/1062/307 1039/1063/307
f 238/1064/307 1039/1063/307 3631/1045/307
f 1045/1065/302 2769/1066/302 1052/1067/302
f 1052/1067/302 2773/1068/302 1046/1069/301
f 1046/1069/301 2774/1070/304 1051/1071/304
f 1051/1071/304 2770/1072/301 1045/1065/302
f 1047/1073/305 3633/1072/305 2072/1071/305
f 2072/1071/305 3634/1070/305 1048/1074/305
f 240/1075/305 1048/1074/305 2775/1076/305
f 1053/1077/305 2771/1078/305 1047/1073/305
f 2073/1067/308 3636/1068/308 1050/1079/307
f 1050/1079/307 2776/1080/307 1054/1081/307
f 1054/1081/307 2772/1082/307 1049/1083/307
f 1049/1083/307 3635/1066/308 2073/1067/308
f 1055/1084/301 2777/1085/302 1062/1086/302
f 242/1087/301 1062/1086/302 2781/1088/303
f 1056/1089/302 2782/1090/304 1061/1091/304
f 1061/1091/304 2778/1092/301 1055/1084/301
f 1057/1093/305 3637/1092/305 2074/1091/305
f 2074/1091/305 3638/1090/305 1058/1094/305
f 243/1095/305 1058/1094/305 2783/1096/305
f 1063/1097/305 2779/1098/306 1057/1093/305
f 2075/1086/307 3640/1088/309 1060/1099/307
f 244/1100/307 1060/1099/307 2784/1101/307
f 1064/1102/307 2780/1103/307 1059/1104/307
f 244/1100/307 1059/1104/307 3639/1085/310
f 1065/1105/301 2785/1106/302 1072/1107/302
f 1072/1107/302 2789/1108/302 1066/1109/301
f 1066/1109/301 2790/1110/304 1071/1111/301
f 245/1112/301 1071/1111/301 2786/1113/304
f 1067/1114/305 3641/1113/305 2076/1111/305
f 2076/1111/305 3642/1110/305 1068/1115/305
f 246/1116/305 1068/1115/305 2791/1117/305
f 1073/1118/305 2787/1119/305 1067/1114/305
f 2077/1107/307 3644/1108/307 1070/1120/307
f 1070/1120/307 2792/1121/310 1074/1122/308
f 1074/1122/308 2788/1123/308 1069/1124/307
f 247/1125/308 1069/1124/307 3643/1106/307
f 1075/1126/304 2793/1127/304 1082/1128/303
f 1082/1128/303 2797/1129/302 1076/1130/301
f 248/1131/302 1076/1130/301 2798/1132/304
f 248/1131/302 1081/1133/301 2794/1134/304
f 1077/1135/311 3645/1134/311 2078/1133/311
f 2078/1133/311 3646/1132/311 1078/1136/311
f 1078/1136/311 2799/1137/311 1083/1138/311
f 1083/1138/311 2795/1139/311 1077/1135/311
f 250/1140/312 2079/1128/312 3648/1129/312
f 1080/1141/312 2800/1142/312 1084/1143/312
f 1084/1143/312 2796/1144/312 1079/1145/312
f 250/1140/312 1079/1145/312 3647/1127/312
f 1085/1146/304 2801/1147/304 1092/1148/301
f 1092/1148/301 2805/1149/304 1086/1150/304
f 1086/1150/304 2806/1151/304 1091/1152/304
f 251/1153/301 1091/1152/304 2802/1154/304
f 1087/1155/305 3649/1154/305 2080/1152/305
f 2080/1152/305 3650/1151/305 1088/1156/305
f 1088/1156/305 2807/1157/305 1093/1158/305
f 1093/1158/305 2803/1159/305 1087/1155/305
f 2081/1148/307 3652/1149/307 1090/1160/307
f 1090/1160/307 2808/1161/307 1094/1162/307
f 1094/1162/307 2804/1163/307 1089/1164/307
f 253/1165/307 1089/1164/307 3651/1147/307
f 254/1166/313 1110/1167/314 2809/1168/315
f 1095/1169/316 2810/1170/317 1109/1171/318
f 254/1166/313 1109/1171/318 2817/1172/319
f 1096/1173/320 2816/1174/321 1110/1167/314
f 255/1175/322 2089/1171/323 3674/1170/324
f 1097/1176/325 2811/1177/326 1111/1178/327
f 1111/1178/327 2818/1179/328 1098/1180/329
f 255/1175/322 1098/1180/329 3656/1172/330
f 256/1181/331 2091/1182/332 3676/1183/333
f 1099/1184/334 2812/1185/335 1112/1186/336
f 1112/1186/336 2819/1187/337 1100/1188/338
f 256/1181/331 1100/1188/338 3659/1189/339
f 2092/1186/340 3677/1185/341 1101/1190/342
f 257/1191/343 1101/1190/342 2813/1192/344
f 1113/1193/345 2820/1194/346 1102/1195/347
f 257/1191/343 1102/1195/347 3662/1187/348
f 1103/1196/349 3678/1192/350 2093/1193/351
f 258/1197/352 2093/1193/351 3665/1194/353
f 1104/1198/354 2821/1199/355 1114/1200/356
f 258/1197/352 1114/1200/356 2814/1201/357
f 1105/1202/358 3679/1201/359 2094/1200/360
f 259/1203/361 2094/1200/360 3668/1199/362
f 1106/1204/363 2822/1205/364 1115/1206/365
f 259/1203/361 1115/1206/365 2815/1207/366
f 260/1208/367 1108/1209/368 3653/1174/369
f 2090/1167/370 3675/1168/371 1107/1210/372
f 260/1208/367 1107/1210/372 3680/1207/373
f 2095/1206/374 3671/1205/375 1108/1209/368
f 261/1211/376 1118/1212/377 3654/1174/378
f 2088/1209/379 3672/1205/380 1116/1213/381
f 261/1211/376 1116/1213/381 2824/1214/382
f 261/1211/376 1117/1215/383 2823/1216/384
f 2087/1204/385 3673/1205/386 2096/1213/387
f 262/1217/388 2096/1213/387 3681/1214/389
f 262/1217/388 1120/1218/390 2825/1219/391
f 1119/1220/392 3669/1199/393 2087/1204/385
f 2086/1198/394 3670/1199/395 2098/1220/396
f 263/1221/397 2098/1220/396 3684/1219/398
f 1122/1222/399 2826/1223/400 1121/1224/401
f 263/1221/397 1121/1224/401 3666/1194/402
f 2099/1224/403 3667/1194/404 2085/1195/405
f 2085/1195/405 3663/1187/406 1123/1225/407
f 264/1226/408 1123/1225/407 2827/1227/409
f 264/1226/408 1124/1228/410 3685/1223/411
f 1125/1229/412 3660/1179/412 2083/1180/413
f 2083/1180/413 3657/1172/414 1127/1230/415
f 265/1231/413 1127/1230/415 2829/1232/416
f 265/1231/413 1128/1233/413 2828/1234/417
f 266/1235/418 2104/1230/419 3658/1172/420
f 2082/1173/421 3655/1174/422 2097/1212/423
f 266/1235/418 2097/1212/423 3682/1216/424
f 1129/1236/425 3693/1232/426 2104/1230/419
f 267/1237/427 1132/1238/428 3694/1232/429
f 2106/1236/430 3683/1216/431 1130/1239/432
f 267/1237/427 1130/1239/432 2831/1240/433
f 1131/1241/434 2830/1242/435 1132/1238/428
f 1134/1243/436 3691/1234/437 2105/1233/438
f 268/1244/438 2105/1233/438 3695/1232/438
f 2108/1238/438 3697/1242/438 1133/1245/438
f 268/1244/438 1133/1245/438 2832/1246/439
f 269/1247/440 1136/1248/440 3687/1227/440
f 1126/1249/441 3690/1250/440 2109/1251/440
f 269/1247/440 2109/1251/440 3698/1252/442
f 1135/1253/440 2833/1254/443 1136/1248/440
f 270/1255/444 1138/1256/445 3686/1223/446
f 2101/1228/444 3689/1227/445 2110/1248/444
f 270/1255/444 2110/1248/444 3699/1254/444
f 1137/1257/445 2834/1258/447 1138/1256/445
f 1122/1222/399 3684/1219/398 1140/1259/448
f 271/1260/449 1140/1259/448 2835/1261/450
f 1139/1262/451 3700/1258/452 2111/1256/453
f 271/1260/449 2111/1256/453 2826/1223/400
f 272/1263/454 1120/1218/390 3681/1214/389
f 1142/1264/455 2836/1265/456 1141/1266/456
f 272/1263/454 1141/1266/456 3701/1261/456
f 2112/1259/456 2825/1219/391 1120/1218/390
f 2107/1239/457 2823/1216/384 1117/1215/383
f 273/1267/457 1117/1215/383 2824/1214/382
f 2113/1264/458 3702/1265/457 1143/1268/457
f 273/1267/457 1143/1268/457 3696/1240/457
f 1145/1269/459 2837/1270/459 1146/1271/459
f 274/1272/459 1146/1271/459 2840/1273/459
f 1147/1274/459 2839/1275/459 1144/1276/459
f 274/1272/459 1144/1276/459 2838/1277/459
f 275/1278/460 1511/1279/460 3725/1280/461
f 275/1278/460 1154/1281/462 2849/1282/463
f 1157/1283/460 3717/1284/460 1511/1279/460
f 1152/1285/464 2845/1284/465 2121/1283/466
f 2121/1283/466 3718/1282/467 1155/1286/468
f 276/1287/469 1155/1286/468 2850/1288/470
f 276/1287/469 1158/1289/471 2846/1290/472
f 277/1291/473 1510/1292/473 3722/1293/461
f 277/1291/473 1156/1294/474 3720/1288/475
f 2122/1289/473 3719/1290/473 1510/1292/473
f 1156/1294/474 3722/1293/461 1161/1295/462
f 278/1296/462 1161/1295/462 2851/1297/476
f 1160/1298/476 2852/1299/476 1159/1300/462
f 278/1296/462 1159/1300/462 3720/1288/475
f 279/1301/477 2123/1300/477 2850/1288/470
f 1155/1286/468 3718/1282/467 1162/1302/478
f 279/1301/477 1162/1302/478 2853/1303/479
f 1163/1304/479 3721/1299/480 2123/1300/477
f 280/1305/481 2125/1302/481 2849/1282/463
f 1154/1281/462 3725/1280/461 1164/1306/482
f 280/1305/481 1164/1306/482 2854/1307/476
f 1165/1308/476 3724/1303/476 2125/1302/481
f 1153/1309/483 2848/1310/484 2126/1311/485
f 281/1312/486 2126/1311/485 3726/1313/487
f 1166/1314/488 3723/1297/489 2124/1295/490
f 281/1312/486 2124/1295/490 2847/1293/491
f 1166/1314/492 3726/1313/492 1169/1315/493
f 1169/1315/493 2856/1316/494 1168/1317/494
f 282/1318/493 1168/1317/494 2855/1319/494
f 282/1318/493 1167/1320/495 3723/1297/495
f 283/1321/496 1171/1322/496 3724/1303/476
f 1165/1308/476 2854/1307/476 2128/1323/496
f 283/1321/496 2128/1323/496 3728/1324/496
f 1170/1325/496 2857/1326/496 1171/1322/496
f 284/1327/497 1173/1328/497 3721/1299/480
f 1163/1304/479 2853/1303/479 2129/1322/497
f 2129/1322/497 3729/1326/498 1172/1329/498
f 284/1327/497 1172/1329/498 2858/1330/498
f 1160/1298/476 2851/1297/476 2127/1320/496
f 285/1331/496 2127/1320/496 3727/1319/496
f 1174/1332/496 3730/1330/496 2130/1328/496
f 285/1331/496 2130/1328/496 2852/1299/476
f 1182/1333/499 2866/1334/500 1187/1335/501
f 286/1336/499 1187/1335/501 2865/1337/501
f 1176/1338/499 2859/1339/499 1175/1340/499
f 286/1336/499 1175/1340/499 2862/1341/499
f 287/1342/502 2131/1338/503 3732/1337/504
f 1185/1343/504 2864/1344/504 1178/1345/505
f 1178/1345/505 2860/1346/506 1177/1347/506
f 287/1342/502 1177/1347/506 3731/1339/506
f 288/1348/499 1184/1349/501 3734/1344/501
f 2132/1345/499 3733/1346/499 1179/1350/499
f 288/1348/499 1179/1350/499 2861/1351/499
f 1180/1352/499 2863/1353/500 1184/1349/501
f 1183/1354/507 3736/1353/508 2133/1352/509
f 2133/1352/509 3735/1351/510 1181/1355/511
f 289/1356/512 1181/1355/511 3737/1357/511
f 289/1356/512 2134/1358/512 3738/1359/512
f 1194/1360/513 2871/1361/514 1509/1362/515
f 290/1363/516 1509/1362/515 3736/1353/517
f 1183/1354/518 3738/1359/519 1507/1364/520
f 290/1363/516 1507/1364/520 4041/1365/521
f 291/1366/522 1508/1367/523 2868/1368/524
f 1186/1369/522 3734/1344/501 1184/1349/501
f 291/1366/522 1184/1349/501 2863/1353/500
f 2349/1362/522 4042/1361/525 1508/1367/523
f 292/1370/477 1188/1371/477 2867/1372/526
f 1191/1373/527 3739/1368/528 2135/1369/477
f 292/1370/477 2135/1369/477 2864/1344/504
f 1185/1343/504 3732/1337/504 1188/1371/477
f 2348/1374/529 2872/1375/525 1506/1376/523
f 293/1377/522 1506/1376/523 3740/1372/530
f 2136/1371/522 2865/1337/501 1187/1335/501
f 293/1377/522 1187/1335/501 2866/1334/500
f 294/1378/531 1506/1376/523 2872/1375/525
f 1193/1379/531 2869/1380/531 1189/1381/531
f 294/1378/531 1189/1381/531 3740/1372/530
f 1192/1382/532 2870/1383/533 1190/1384/534
f 1190/1384/534 3739/1368/528 1191/1373/527
f 295/1385/535 1191/1373/527 2867/1372/526
f 295/1385/535 2137/1381/536 3741/1380/537
f 296/1386/531 1508/1367/523 4042/1361/525
f 1195/1387/531 3742/1383/531 2138/1384/531
f 296/1386/531 2138/1384/531 2868/1368/524
f 1203/1388/243 3753/1389/243 1204/1390/243
f 297/1391/243 1204/1390/243 3754/1392/243
f 1206/1393/243 3751/1394/243 1205/1395/243
f 297/1391/243 1205/1395/243 3748/1396/243
f 298/1397/198 1196/1398/198 2873/1399/198
f 1197/1400/198 2877/1401/198 2144/1402/198
f 298/1397/198 2144/1402/198 2878/1403/198
f 1199/1404/198 2874/1405/198 1196/1398/198
f 1200/1406/180 3746/1407/180 1201/1408/180
f 299/1409/180 1201/1408/180 2879/1410/180
f 2146/1411/180 2880/1412/180 1202/1413/180
f 299/1409/180 1202/1413/180 2876/1414/180
f 300/1415/263 2145/1395/263 3749/1396/263
f 1209/1416/263 2881/1417/263 1208/1418/263
f 1208/1418/263 2882/1419/263 1207/1420/263
f 300/1415/263 1207/1420/263 3752/1394/263
f 301/1421/263 2143/1408/263 3752/1410/263
f 1207/1422/263 2882/1423/263 1211/1424/263
f 1211/1424/263 2883/1425/263 1210/1426/263
f 301/1421/263 1210/1426/263 2875/1407/263
f 302/1427/263 2141/1404/263 3744/1405/263
f 1213/1428/263 2884/1429/263 1212/1430/263
f 1212/1430/263 2881/1431/263 1209/1432/263
f 302/1427/263 1209/1432/263 3749/1403/263
f 303/1433/263 1198/1434/538 2875/1407/263
f 1210/1426/263 2883/1425/263 1214/1435/263
f 1214/1435/263 2884/1429/263 1213/1428/263
f 303/1433/263 1213/1428/263 3744/1405/263
f 1217/1436/65 3759/1425/65 2150/1435/65
f 2150/1435/65 3761/1429/65 1215/1437/65
f 304/1438/65 1215/1437/65 2885/1439/65
f 1216/1440/65 2886/1441/65 1217/1436/65
f 2151/1437/198 3762/1429/198 2149/1430/198
f 2149/1430/198 3755/1431/198 1218/1442/198
f 305/1443/198 1218/1442/198 2887/1444/198
f 1219/1445/198 3763/1439/198 2151/1437/198
f 1221/1446/180 3757/1423/180 2148/1424/180
f 2148/1424/180 3760/1425/180 2153/1436/180
f 2153/1436/180 3765/1441/180 1220/1447/180
f 1220/1447/180 2888/1448/180 1221/1446/180
f 2154/1449/243 3756/1417/243 2147/1418/243
f 2147/1418/243 3758/1419/243 2157/1450/243
f 307/1451/243 2157/1450/243 3769/1452/243
f 1222/1453/243 3767/1454/243 2154/1449/243
f 1225/1455/263 3768/1454/263 2158/1453/263
f 2158/1453/263 3770/1452/263 1223/1456/263
f 308/1457/263 1223/1456/263 2890/1458/263
f 308/1457/263 1224/1459/263 2889/1460/263
f 1223/1461/263 3770/1448/263 2156/1447/263
f 2156/1447/263 3766/1441/263 1226/1462/263
f 309/1463/263 1226/1462/263 2891/1464/263
f 309/1463/263 1227/1465/263 2890/1466/263
f 1229/1467/263 3764/1439/263 2155/1445/263
f 2155/1445/263 3768/1444/263 1225/1468/263
f 310/1469/263 1225/1468/263 2889/1470/263
f 310/1469/263 1228/1471/263 2892/1472/263
f 1226/1462/263 3766/1441/263 2152/1440/263
f 2152/1440/263 3764/1439/263 1229/1467/263
f 311/1473/263 1229/1467/263 2892/1472/263
f 311/1473/263 1230/1474/263 2891/1464/263
f 1244/1475/539 3790/1476/539 1247/1477/539
f 1247/1477/539 2901/1478/539 1246/1479/539
f 1246/1479/539 2902/1480/539 1245/1481/539
f 1245/1481/539 3796/1482/539 1244/1475/539
f 1255/1483/65 3804/1484/65 1252/1485/65
f 1252/1485/65 3799/1478/65 1253/1486/65
f 313/1487/65 1253/1486/65 2906/1488/65
f 313/1487/65 1254/1489/65 2905/1490/65
f 1257/1491/65 3801/1492/65 1251/1493/65
f 1251/1493/65 3804/1484/65 1255/1483/65
f 314/1494/65 1255/1483/65 2905/1490/65
f 314/1494/65 1256/1495/65 2907/1496/65
f 1259/1497/65 3797/1480/65 1249/1498/65
f 1249/1498/65 3801/1492/65 1257/1491/65
f 315/1499/65 1257/1491/65 2907/1496/65
f 315/1499/65 1258/1500/65 2908/1501/65
f 1253/1486/65 3799/1478/65 2172/1479/65
f 2172/1479/65 3797/1480/65 1259/1497/65
f 316/1502/65 1259/1497/65 2908/1501/65
f 316/1502/65 1260/1503/65 2906/1488/65
f 1263/1504/263 3809/1488/263 2182/1503/263
f 317/1505/263 2182/1503/263 3813/1501/263
f 1261/1506/263 2910/1507/263 1262/1508/263
f 317/1505/263 1262/1508/263 2909/1509/263
f 2181/1500/540 3814/1501/540 2183/1506/540
f 318/1510/540 2183/1506/540 3815/1507/541
f 1265/1511/540 2911/1512/540 1264/1513/540
f 318/1510/540 1264/1513/540 3811/1496/540
f 319/1514/263 2180/1495/263 3812/1496/263
f 2186/1513/263 3819/1512/263 1267/1515/263
f 319/1514/263 1267/1515/263 2912/1516/263
f 1266/1517/263 3807/1490/263 2180/1495/263
f 2179/1489/542 3808/1490/542 2188/1517/543
f 2188/1517/543 3821/1516/543 1268/1518/543
f 320/1519/543 1268/1518/543 3817/1509/542
f 2185/1504/543 3810/1488/543 2179/1489/542
f 2190/1518/65 3818/1509/65 2184/1508/65
f 321/1520/65 2184/1508/65 3816/1507/65
f 2187/1511/65 3820/1512/65 2189/1515/65
f 321/1520/65 2189/1515/65 3822/1516/65
f 1271/1521/180 3800/1478/180 2178/1485/180
f 2178/1485/180 2904/1484/180 1269/1522/180
f 322/1523/180 1269/1522/180 2913/1524/180
f 322/1523/180 1270/1525/180 2914/1526/180
f 1269/1522/180 2904/1484/180 1250/1527/180
f 1250/1527/180 2898/1528/180 1272/1529/180
f 323/1530/180 1272/1529/180 2915/1531/180
f 323/1530/180 1273/1532/180 2913/1524/180
f 1275/1533/180 3789/1534/180 2173/1535/180
f 2173/1535/180 3800/1478/180 1271/1521/180
f 324/1536/180 1271/1521/180 2914/1526/180
f 324/1536/180 1274/1537/180 2916/1538/180
f 1272/1529/180 2898/1528/180 1239/1539/180
f 1239/1539/180 3789/1534/180 1275/1533/180
f 325/1540/180 1275/1533/180 2916/1538/180
f 325/1540/180 1276/1541/180 2915/1531/180
f 326/1542/65 1279/1543/65 3827/1531/65
f 2194/1541/65 3829/1538/65 1277/1544/65
f 326/1542/65 1277/1544/65 2918/1545/65
f 1278/1546/65 2917/1547/65 1279/1543/65
f 327/1548/263 2195/1544/263 3830/1538/263
f 2193/1537/263 3825/1526/263 1280/1549/263
f 327/1548/263 1280/1549/263 2919/1550/263
f 1281/1551/263 3831/1545/263 2195/1544/263
f 2192/1532/263 3823/1524/263 1283/1552/263
f 328/1553/263 1283/1552/263 2920/1554/263
f 1282/1555/263 3833/1547/263 2197/1543/263
f 328/1553/263 2197/1543/263 3828/1531/263
f 2191/1525/65 3826/1526/65 2198/1549/65
f 329/1556/65 2198/1549/65 3835/1550/65
f 1284/1557/65 3837/1554/65 2201/1552/65
f 329/1556/65 2201/1552/65 3824/1524/65
f 2200/1555/544 3834/1547/544 2196/1546/544
f 330/1558/544 2196/1546/544 3832/1545/544
f 2199/1551/544 3836/1550/544 2202/1557/544
f 330/1558/544 2202/1557/544 3838/1554/544
f 1287/1559/198 2903/1492/198 2175/1498/198
f 2175/1498/198 3798/1480/198 1285/1560/198
f 331/1561/198 1285/1560/198 2921/1562/198
f 331/1561/198 1286/1563/198 2922/1564/198
f 1289/1565/198 3793/1566/198 1248/1567/198
f 1248/1567/198 2903/1492/198 1287/1559/198
f 332/1568/198 1287/1559/198 2922/1564/198
f 332/1568/198 1288/1569/198 2923/1570/198
f 1285/1560/198 3798/1480/198 2171/1571/198
f 2171/1571/198 2900/1572/198 1290/1573/198
f 333/1574/198 1290/1573/198 2924/1575/198
f 333/1574/198 1291/1576/198 2921/1562/198
f 1290/1573/198 2900/1572/198 1242/1577/198
f 1242/1577/198 3793/1566/198 1289/1565/198
f 334/1578/198 1289/1565/198 2923/1570/198
f 334/1578/198 1292/1579/198 2924/1575/198
f 1295/1580/65 3845/1575/65 2206/1579/65
f 2206/1579/65 3843/1570/65 1293/1581/65
f 335/1582/65 1293/1581/65 2925/1583/65
f 1294/1584/65 2926/1585/65 1295/1580/65
f 1297/1586/263 3839/1562/263 2205/1576/263
f 2205/1576/263 3846/1575/263 2209/1580/263
f 336/1587/263 2209/1580/263 3849/1585/263
f 1296/1588/263 2927/1589/263 1297/1586/263
f 337/1590/263 2204/1569/263 3844/1570/263
f 2207/1581/263 3847/1583/263 1299/1591/263
f 1299/1591/263 2928/1592/263 1298/1593/263
f 337/1590/263 1298/1593/263 3841/1564/263
f 338/1594/65 2203/1563/65 3842/1564/65
f 2212/1593/65 3853/1592/65 1300/1595/65
f 338/1594/65 1300/1595/65 3851/1589/65
f 2211/1586/65 3840/1562/65 2203/1563/65
f 2210/1588/198 3850/1585/198 2208/1584/198
f 2208/1584/198 3848/1583/198 2213/1591/198
f 2213/1591/198 3854/1592/198 2214/1595/198
f 339/1596/198 2214/1595/198 3852/1589/198
f 1303/1597/65 3791/1528/65 1240/1598/65
f 1240/1598/65 2893/1599/65 1301/1600/65
f 340/1601/65 1301/1600/65 2930/1602/65
f 340/1601/65 1302/1603/65 2929/1604/65
f 1305/1605/65 2897/1534/65 2169/1539/65
f 2169/1539/65 3791/1528/65 1303/1597/65
f 341/1606/65 1303/1597/65 2929/1604/65
f 341/1606/65 1304/1607/65 2931/1608/65
f 1307/1609/65 3775/1610/65 1238/1611/65
f 1238/1611/65 2897/1534/65 1305/1605/65
f 342/1612/65 1305/1605/65 2931/1608/65
f 342/1612/65 1306/1613/65 2932/1614/65
f 1301/1600/65 2893/1599/65 1232/1615/65
f 1232/1615/65 3775/1610/65 1307/1609/65
f 343/1616/65 1307/1609/65 2932/1614/65
f 343/1616/65 1308/1617/65 2930/1602/65
f 2218/1617/545 3857/1602/545 1311/1618/545
f 1311/1618/545 2933/1619/546 1310/1620/545
f 344/1621/545 1310/1620/545 2934/1622/546
f 1309/1623/546 3861/1614/545 2218/1617/545
f 2219/1623/263 3862/1614/263 2217/1613/263
f 345/1624/263 2217/1613/263 3859/1608/263
f 1312/1625/263 2935/1626/263 1313/1627/263
f 345/1624/263 1313/1627/263 3863/1622/263
f 2222/1625/545 3860/1608/545 2216/1607/545
f 346/1628/545 2216/1607/545 3855/1604/545
f 1314/1629/545 2936/1630/546 1315/1631/545
f 1315/1631/545 3867/1626/545 2222/1625/545
f 347/1632/263 2215/1603/263 3856/1604/263
f 2224/1629/263 3869/1630/263 1316/1633/263
f 347/1632/263 1316/1633/263 3865/1619/263
f 2221/1618/263 3858/1602/263 2215/1603/263
f 348/1634/65 2226/1633/65 3866/1619/65
f 2220/1620/65 3864/1622/65 2223/1627/65
f 348/1634/65 2223/1627/65 3868/1626/65
f 2225/1631/65 3870/1630/65 2226/1633/65
f 1319/1635/65 3795/1572/65 1243/1636/65
f 1243/1636/65 3777/1637/65 1317/1638/65
f 349/1639/65 1317/1638/65 2937/1640/65
f 349/1639/65 1318/1641/65 2938/1642/65
f 1321/1643/65 2899/1566/65 2170/1577/65
f 2170/1577/65 3795/1572/65 1319/1635/65
f 350/1644/65 1319/1635/65 2938/1642/65
f 350/1644/65 1320/1645/65 2939/1646/65
f 1323/1647/65 2894/1648/65 1241/1649/65
f 1241/1649/65 2899/1566/65 1321/1643/65
f 351/1650/65 1321/1643/65 2939/1646/65
f 351/1650/65 1322/1651/65 2940/1652/65
f 1317/1638/65 3777/1637/65 1231/1653/65
f 1231/1653/65 2894/1648/65 1323/1647/65
f 352/1654/65 1323/1647/65 2940/1652/65
f 352/1654/65 1324/1655/65 2937/1640/65
f 2230/1655/547 3871/1640/547 1327/1656/548
f 353/1657/547 1327/1656/548 2941/1658/548
f 1326/1659/547 2942/1660/547 1325/1661/547
f 353/1657/547 1325/1661/547 3877/1652/547
f 354/1662/263 2229/1651/263 3878/1652/263
f 2231/1661/263 3879/1660/263 1329/1663/263
f 354/1662/263 1329/1663/263 2943/1664/263
f 1328/1665/263 3875/1646/263 2229/1651/263
f 355/1666/198 2234/1665/198 3876/1646/198
f 2228/1645/198 3873/1642/198 1330/1667/198
f 355/1666/198 1330/1667/198 2944/1668/198
f 1331/1669/198 3883/1664/198 2234/1665/198
f 2236/1667/263 3874/1642/263 2227/1641/263
f 356/1670/263 2227/1641/263 3872/1640/263
f 2233/1656/263 3881/1658/263 1332/1671/263
f 356/1670/263 1332/1671/263 3885/1668/263
f 357/1672/65 2238/1671/65 3882/1658/65
f 2232/1659/65 3880/1660/65 2235/1663/65
f 357/1672/65 2235/1663/65 3884/1664/65
f 2237/1669/65 3886/1668/65 2238/1671/65
f 1335/1673/549 2895/1674/549 1234/1675/550
f 1234/1675/550 3779/1676/551 1333/1677/552
f 358/1678/550 1333/1677/552 2945/1679/553
f 358/1678/550 1334/1680/550 2946/1681/554
f 1337/1682/555 3771/1683/555 1233/1684/556
f 1233/1684/556 2895/1674/549 1335/1673/549
f 359/1685/556 1335/1673/549 2946/1681/554
f 359/1685/556 1336/1686/556 2947/1687/555
f 1333/1677/552 3779/1676/551 2162/1688/557
f 2162/1688/557 3778/1689/558 1338/1690/559
f 360/1691/557 1338/1690/559 2948/1692/559
f 360/1691/557 1339/1693/557 2945/1679/553
f 1338/1690/559 3778/1689/558 2161/1694/560
f 2161/1694/560 3771/1683/555 1337/1682/555
f 361/1695/560 1337/1682/555 2947/1687/555
f 361/1695/560 1340/1696/560 2948/1692/559
f 362/1697/263 1343/1698/263 3893/1692/263
f 2242/1696/263 3891/1687/263 1341/1699/263
f 362/1697/263 1341/1699/263 2950/1700/263
f 1342/1701/263 2949/1702/263 1343/1698/263
f 2241/1693/65 3887/1679/65 1345/1703/65
f 363/1704/65 1345/1703/65 2951/1705/65
f 1344/1706/65 3897/1702/65 2245/1698/65
f 363/1704/65 2245/1698/65 3894/1692/65
f 364/1707/243 2240/1686/243 3892/1687/243
f 2243/1699/243 3895/1700/243 1347/1708/243
f 364/1707/243 1347/1708/243 2952/1709/243
f 1346/1710/243 3889/1681/243 2240/1686/243
f 2239/1680/263 3890/1681/263 2248/1710/263
f 365/1711/263 2248/1710/263 3901/1709/263
f 1348/1712/263 3899/1705/263 2247/1703/263
f 365/1711/263 2247/1703/263 3888/1679/263
f 2246/1706/198 3898/1702/198 2244/1701/198
f 366/1713/198 2244/1701/198 3896/1700/198
f 2249/1708/198 3902/1709/198 2250/1712/198
f 2250/1712/198 3900/1705/198 2246/1706/198
f 1351/1714/243 3786/1715/243 1237/1716/243
f 1237/1716/243 3783/1674/243 1349/1717/243
f 367/1718/243 1349/1717/243 2953/1719/243
f 367/1718/243 1350/1720/243 2954/1721/243
f 1353/1722/243 3773/1723/243 1236/1724/243
f 1236/1724/243 3786/1715/243 1351/1714/243
f 368/1725/243 1351/1714/243 2954/1721/243
f 368/1725/243 1352/1726/243 2955/1727/243
f 1349/1717/243 3783/1674/243 2164/1684/243
f 2164/1684/243 3772/1683/243 1354/1728/243
f 369/1729/243 1354/1728/243 2956/1730/243
f 369/1729/243 1355/1731/243 2953/1719/243
f 1354/1728/243 3772/1683/243 2159/1732/243
f 2159/1732/243 3773/1723/243 1353/1722/243
f 370/1733/243 1353/1722/243 2955/1727/243
f 370/1733/243 1356/1734/243 2956/1730/243
f 1359/1735/263 3909/1730/263 2254/1734/263
f 371/1736/263 2254/1734/263 3907/1727/263
f 1357/1737/263 2958/1738/263 1358/1739/263
f 371/1736/263 1358/1739/263 2957/1740/263
f 2253/1731/561 3903/1719/562 1361/1741/562
f 372/1742/561 1361/1741/562 2959/1743/562
f 1360/1744/562 3913/1740/561 2257/1735/561
f 2257/1735/561 3910/1730/562 2253/1731/561
f 373/1745/563 2252/1726/563 3908/1727/563
f 2255/1737/563 3911/1738/563 1363/1746/563
f 1363/1746/563 2960/1747/563 1362/1748/563
f 1362/1748/563 3905/1721/563 2252/1726/563
f 374/1749/263 2251/1720/263 3906/1721/263
f 2260/1748/263 3917/1747/263 1364/1750/263
f 374/1749/263 1364/1750/263 3915/1743/263
f 2259/1741/263 3904/1719/263 2251/1720/263
f 375/1751/243 2258/1744/243 3914/1740/243
f 2256/1739/243 3912/1738/243 2261/1746/243
f 375/1751/243 2261/1746/243 3918/1747/243
f 2262/1750/243 3916/1743/243 2258/1744/243
f 1367/1752/180 2896/1715/180 2167/1724/180
f 2167/1724/180 3774/1723/180 1365/1753/180
f 376/1754/180 1365/1753/180 2961/1755/180
f 376/1754/180 1366/1756/180 2962/1757/180
f 1369/1758/180 3781/1759/180 1235/1760/180
f 1235/1760/180 2896/1715/180 1367/1752/180
f 377/1761/180 1367/1752/180 2962/1757/180
f 377/1761/180 1368/1762/180 2963/1763/180
f 1371/1764/180 3776/1765/180 2163/1766/180
f 2163/1766/180 3781/1759/180 1369/1758/180
f 378/1767/180 1369/1758/180 2963/1763/180
f 378/1767/180 1370/1768/180 2964/1769/180
f 1365/1753/180 3774/1723/180 2160/1770/180
f 2160/1770/180 3776/1765/180 1371/1764/180
f 379/1771/180 1371/1764/180 2964/1769/180
f 379/1771/180 1372/1772/180 2961/1755/180
f 1375/1773/263 3919/1755/263 2266/1772/263
f 2266/1772/263 3925/1769/263 1373/1774/263
f 1373/1774/263 2965/1775/263 1374/1776/263
f 1374/1776/263 2966/1777/263 1375/1773/263
f 2265/1768/65 3926/1769/65 2267/1774/65
f 381/1778/65 2267/1774/65 3927/1775/65
f 1377/1779/65 2967/1780/65 1376/1781/65
f 1376/1781/65 3923/1763/65 2265/1768/65
f 2264/1762/263 3924/1763/263 2270/1781/263
f 2270/1781/263 3931/1780/263 1379/1782/263
f 382/1783/263 1379/1782/263 2968/1784/263
f 1378/1785/263 3921/1757/263 2264/1762/263
f 2263/1756/243 3922/1757/243 2272/1785/243
f 383/1786/243 2272/1785/243 3933/1784/243
f 1380/1787/243 3929/1777/243 2269/1773/243
f 2269/1773/243 3920/1755/243 2263/1756/243
f 2274/1787/180 3930/1777/180 2268/1776/180
f 2268/1776/180 3928/1775/180 2271/1779/180
f 2271/1779/180 3932/1780/180 2273/1782/180
f 384/1788/180 2273/1782/180 3934/1784/180
f 385/1789/564 2177/1493/565 3805/1484/566
f 1383/1790/567 2970/1791/568 1382/1792/569
f 1382/1792/569 2969/1793/570 1381/1794/571
f 385/1789/564 1381/1794/571 3802/1492/572
f 2176/1527/573 3792/1528/574 1520/1795/575
f 386/1796/576 1520/1795/575 4045/1797/577
f 1521/1798/578 3938/1791/579 2277/1790/580
f 386/1796/576 2277/1790/580 3806/1484/581
f 387/1799/582 2174/1567/583 3803/1492/584
f 2275/1794/585 3935/1793/586 1518/1800/587
f 387/1799/582 1518/1800/587 4048/1801/588
f 1519/1802/589 3794/1566/590 2174/1567/583
f 388/1803/591 2168/1716/591 3784/1674/591
f 1386/1804/591 2971/1805/591 1385/1806/591
f 1385/1806/591 2972/1807/591 1384/1808/591
f 388/1803/591 1384/1808/591 3787/1715/591
f 389/1809/592 2166/1760/592 3788/1715/592
f 2278/1808/592 3941/1807/592 1388/1810/593
f 389/1809/592 1388/1810/593 2973/1811/592
f 1387/1812/592 3782/1759/592 2166/1760/592
f 2165/1675/594 3780/1676/595 1390/1813/596
f 390/1814/597 1390/1813/596 2974/1815/598
f 1389/1816/599 3944/1805/600 2280/1804/601
f 390/1814/597 2280/1804/601 3785/1674/602
f 1391/1817/603 3950/1818/603 2283/1819/603
f 2283/1819/603 3945/1820/603 1393/1821/603
f 391/1822/604 1393/1821/603 2977/1823/603
f 391/1822/604 1394/1824/604 2976/1825/604
f 1396/1826/605 3942/1827/605 2282/1828/605
f 2282/1828/605 3947/1829/605 1392/1830/605
f 392/1831/605 1392/1830/605 2975/1832/605
f 392/1831/605 1395/1833/605 2978/1834/605
f 2287/1821/606 3946/1820/606 2279/1835/606
f 2279/1835/606 3943/1827/606 2290/1826/606
f 393/1836/606 2290/1826/606 3959/1834/606
f 393/1836/606 1397/1837/606 3957/1823/606
f 1400/1838/65 3747/1407/65 2142/1406/65
f 394/1839/65 2142/1406/65 3750/1414/65
f 1398/1840/65 2980/1841/65 1399/1842/65
f 394/1839/65 1399/1842/65 2979/1843/65
f 1402/1844/65 3745/1405/65 2140/1434/65
f 2140/1434/65 3747/1407/65 1400/1838/65
f 395/1845/65 1400/1838/65 2979/1843/65
f 395/1845/65 1401/1846/65 2981/1847/65
f 396/1848/65 1403/1849/65 3743/1399/65
f 2139/1398/65 3745/1405/65 1402/1844/65
f 396/1848/65 1402/1844/65 2981/1847/65
f 1404/1850/65 2982/1851/65 1403/1849/65
f 1407/1852/198 3966/1853/198 2294/1854/198
f 397/1855/198 2294/1854/198 3964/1856/198
f 1405/1857/198 2984/1858/198 1406/1859/198
f 397/1855/198 1406/1859/198 2983/1860/198
f 2295/1857/263 3965/1856/263 2293/1861/263
f 2293/1861/263 3961/1862/263 1410/1863/263
f 1410/1863/263 2986/1864/263 1411/1865/263
f 1411/1865/263 3967/1858/263 2295/1857/263
f 399/1866/180 2297/1863/180 3962/1862/180
f 2292/1867/180 3963/1868/180 1409/1869/180
f 399/1866/180 1409/1869/180 3972/1870/180
f 1412/1871/180 3970/1864/180 2297/1863/180
f 1415/1872/65 3971/1864/65 2299/1871/65
f 2299/1871/65 2985/1870/65 1413/1873/65
f 400/1874/65 1413/1873/65 2987/1875/65
f 400/1874/65 1414/1876/65 2988/1877/65
f 1417/1878/65 3968/1858/65 2298/1865/65
f 2298/1865/65 3971/1864/65 1415/1872/65
f 401/1879/65 1415/1872/65 2988/1877/65
f 401/1879/65 1416/1880/65 2989/1881/65
f 1413/1873/65 2985/1870/65 1408/1882/65
f 1408/1882/65 3969/1860/65 1418/1883/65
f 402/1884/65 1418/1883/65 2990/1885/65
f 402/1884/65 1419/1886/65 2987/1875/65
f 1418/1883/65 3969/1860/65 2296/1859/65
f 2296/1859/65 3968/1858/65 1417/1878/65
f 403/1887/65 1417/1878/65 2989/1881/65
f 403/1887/65 1420/1888/65 2990/1885/65
f 2303/1889/541 3979/1890/541 1423/1891/541
f 404/1892/541 1423/1891/541 2992/1893/541
f 1422/1894/541 2991/1895/541 1421/1896/541
f 404/1892/541 1421/1896/541 3977/1897/541
f 1425/1898/263 3973/1899/263 2302/1900/263
f 405/1901/263 2302/1900/263 3980/1902/263
f 2306/1903/263 3983/1904/263 1424/1905/263
f 405/1901/263 1424/1905/263 2993/1906/263
f 406/1907/263 2301/1908/263 3978/1897/263
f 2304/1896/263 3981/1895/263 1427/1909/263
f 406/1907/263 1427/1909/263 2994/1910/263
f 1426/1911/263 3975/1912/263 2301/1908/263
f 2300/1913/180 3976/1912/180 2309/1911/180
f 2309/1911/180 3987/1910/180 1428/1914/180
f 1428/1914/180 3985/1915/180 2308/1916/180
f 2308/1916/180 3974/1917/180 2300/1913/180
f 408/1918/607 1431/1919/608 3997/1920/609
f 1505/1921/607 3989/1922/607 1434/1923/607
f 408/1918/607 1434/1923/607 2999/1924/610
f 1429/1925/611 2995/1922/612 2312/1923/613
f 2312/1923/613 3990/1924/614 1432/1926/615
f 409/1927/616 1432/1926/615 3000/1928/617
f 409/1927/616 1435/1929/618 2996/1930/619
f 410/1931/620 1433/1932/621 3994/1933/622
f 1504/1934/620 3991/1930/620 2313/1929/620
f 410/1931/620 2313/1929/620 3992/1928/623
f 1438/1935/624 3994/1933/622 1433/1932/621
f 411/1936/625 1433/1932/621 3992/1928/623
f 1436/1937/625 3002/1938/501 1437/1939/501
f 411/1936/625 1437/1939/501 3001/1940/500
f 412/1941/477 2314/1937/477 3000/1928/617
f 1432/1926/615 3990/1924/614 1439/1942/477
f 412/1941/477 1439/1942/477 3003/1943/626
f 1440/1944/626 3993/1938/626 2314/1937/477
f 413/1945/625 1431/1919/608 2999/1924/610
f 2316/1942/522 3996/1943/501 1442/1946/501
f 413/1945/625 1442/1946/501 3004/1947/500
f 1441/1948/625 3997/1920/609 1431/1919/608
f 1430/1949/627 2998/1950/628 2317/1951/629
f 414/1952/630 2317/1951/629 3998/1953/631
f 1443/1954/632 3995/1940/633 2315/1935/634
f 414/1952/630 2315/1935/634 2997/1933/635
f 1443/1954/636 3998/1953/637 1446/1955/638
f 1446/1955/638 3006/1956/639 1445/1957/640
f 415/1958/638 1445/1957/640 3005/1959/640
f 415/1958/638 1444/1960/641 3995/1940/641
f 416/1961/499 1442/1946/501 3996/1943/501
f 1448/1962/499 3007/1963/499 1447/1964/499
f 416/1961/499 1447/1964/499 4000/1965/499
f 2319/1966/499 3004/1947/500 1442/1946/501
f 417/1967/642 1450/1968/643 3993/1938/626
f 1440/1944/626 3003/1943/626 2320/1962/642
f 2320/1962/642 4001/1963/644 1449/1969/645
f 417/1967/642 1449/1969/645 3008/1970/645
f 2318/1960/499 3001/1940/500 1437/1939/501
f 418/1971/499 1437/1939/501 3002/1938/501
f 2321/1968/499 4002/1970/499 1451/1972/499
f 418/1971/499 1451/1972/499 3999/1959/499
f 1464/1973/476 3016/1974/476 1459/1975/496
f 419/1976/496 1459/1975/496 3012/1977/496
f 1452/1978/496 3009/1979/496 1453/1980/496
f 419/1976/496 1453/1980/496 3015/1981/476
f 420/1982/646 2322/1980/646 4004/1981/479
f 1462/1983/647 3014/1984/648 1455/1985/646
f 1455/1985/646 3010/1986/649 1454/1987/650
f 420/1982/646 1454/1987/650 4003/1979/650
f 421/1988/496 2323/1985/496 4006/1984/476
f 1461/1989/476 3013/1990/476 1457/1991/496
f 421/1988/496 1457/1991/496 3011/1992/496
f 1456/1993/496 4005/1986/496 2323/1985/496
f 1460/1994/651 4008/1990/651 2324/1991/652
f 2324/1991/652 4007/1992/653 1458/1995/653
f 422/1996/654 1458/1995/653 4009/1997/653
f 422/1996/654 2325/1998/654 4010/1999/654
f 1471/2000/655 3021/2001/656 1515/2002/657
f 423/2003/658 1515/2002/657 4008/1990/659
f 1460/1994/660 4010/1999/661 1513/2004/662
f 423/2003/658 1513/2004/662 4043/2005/663
f 424/2006/664 1463/2007/481 3018/2008/665
f 1514/2009/481 4044/2001/666 2351/2002/664
f 424/2006/664 2351/2002/664 3013/1990/476
f 1461/1989/476 4006/1984/476 1463/2007/481
f 425/2010/477 1465/2011/478 3017/2012/667
f 1468/2013/668 4011/2008/669 2326/2007/477
f 425/2010/477 2326/2007/477 3014/1984/648
f 1462/1983/647 4004/1981/479 1465/2011/478
f 1512/2014/670 3022/2015/671 2350/2016/664
f 426/2017/481 2350/2016/664 3016/1974/476
f 1464/1973/476 3015/1981/476 2327/2011/481
f 426/2017/481 2327/2011/481 4012/2012/672
f 427/2018/673 1470/2019/673 3022/2015/671
f 427/2018/673 1512/2014/670 4012/2012/672
f 1466/2020/673 3019/2021/673 1470/2019/673
f 1469/2022/674 3020/2023/675 1467/2024/676
f 1467/2024/676 4011/2008/669 1468/2013/668
f 428/2025/677 1468/2013/668 3017/2012/667
f 428/2025/677 2328/2020/678 4013/2021/679
f 429/2026/673 1472/2027/673 4044/2001/666
f 429/2026/673 1514/2009/481 3018/2008/665
f 2329/2024/673 4014/2023/673 1472/2027/673
f 1482/2028/680 3023/2029/681 1474/2030/682
f 430/2031/683 1474/2030/682 4015/2032/684
f 1481/2033/685 3028/2034/686 1477/2035/687
f 430/2031/683 1477/2035/687 3027/2036/688
f 431/2037/689 1473/2038/689 3024/2032/690
f 2334/2033/690 4023/2034/691 1478/2039/689
f 431/2037/689 1478/2039/689 3029/2040/692
f 1483/2041/692 3025/2042/692 1473/2038/689
f 432/2043/693 1476/2044/694 4017/2042/695
f 2336/2041/696 4025/2040/688 1479/2045/697
f 432/2043/693 1479/2045/697 3030/2046/698
f 1484/2047/699 4021/2048/700 1476/2044/694
f 2335/2028/701 4024/2036/701 1480/2049/702
f 433/2050/703 1480/2049/702 4026/2046/702
f 2337/2047/704 3026/2048/705 1475/2051/706
f 433/2050/703 1475/2051/706 4019/2029/707
f 1491/2052/708 4018/2042/708 2333/2044/709
f 2333/2044/709 4022/2048/708 1489/2053/709
f 434/2054/708 1489/2053/709 3036/2055/709
f 434/2054/708 1490/2056/708 3035/2057/708
f 1489/2053/710 4022/2048/711 2332/2051/712
f 2332/2051/712 4020/2029/713 1492/2058/714
f 435/2059/712 1492/2058/714 3037/2060/713
f 435/2059/712 1493/2061/712 3036/2055/712
f 1492/2058/715 4020/2029/715 2331/2030/715
f 2331/2030/715 4016/2032/715 1494/2062/715
f 436/2063/715 1494/2062/715 3038/2064/715
f 436/2063/715 1495/2065/715 3037/2060/715
f 1494/2062/716 4016/2032/716 2330/2038/716
f 2330/2038/716 4018/2042/717 1491/2052/716
f 437/2066/716 1491/2052/716 3035/2057/716
f 437/2066/716 1496/2067/716 3038/2064/716
f 438/2068/718 1488/2069/719 4035/2070/720
f 1497/2071/721 4031/2060/722 2340/2065/723
f 438/2068/718 2340/2065/723 4033/2064/724
f 1498/2072/725 4036/2073/726 1488/2069/719
f 439/2074/727 1487/2075/728 4037/2076/729
f 1499/2077/729 4027/2057/730 2341/2067/727
f 439/2074/727 2341/2067/727 4034/2064/731
f 2343/2072/731 3034/2073/731 1487/2075/728
f 440/2078/732 1486/2079/733 4038/2080/734
f 440/2078/732 1500/2081/735 4029/2055/736
f 440/2078/732 2338/2056/737 4028/2057/738
f 2344/2077/739 3033/2076/740 1486/2079/733
f 2342/2071/741 3031/2070/742 1485/2082/743
f 441/2083/744 1485/2082/743 3032/2080/745
f 2345/2081/746 4030/2055/747 2339/2061/748
f 441/2083/744 2339/2061/748 4032/2060/749
f 442/2084/750 2281/2085/751 2893/1599/752
f 1240/1598/753 3791/1528/754 2356/1795/755
f 442/2084/750 2356/1795/755 3039/1797/756
f 1516/2086/757 3948/2087/758 2281/2085/751
f 443/2088/759 1241/1649/760 2894/1648/761
f 2284/2089/762 3951/2090/763 1517/2091/764
f 443/2088/759 1517/2091/764 3040/1801/765
f 2355/1802/766 2899/1566/767 1241/1649/760
f 1525/2092/768 4056/2093/768 1528/2094/768
f 1528/2094/768 3045/2095/768 1527/2096/768
f 444/2097/768 1527/2096/768 3046/2098/768
f 1526/2099/768 4051/2100/768 1525/2092/768
f 2358/2099/263 3043/2100/263 1524/2101/263
f 1524/2101/263 4057/2102/263 1529/2103/263
f 1529/2103/263 3047/2104/263 1530/2105/263
f 1530/2105/263 4052/2098/263 2358/2099/263
f 1523/2106/263 4062/2107/263 1532/2108/263
f 1532/2108/263 3048/2109/263 1531/2110/263
f 1531/2110/263 4054/2095/263 2360/2094/263
f 2360/2094/263 3044/2093/263 1523/2106/263
f 1522/2111/180 3042/2102/180 2361/2103/180
f 2361/2103/180 4058/2104/180 1533/2112/180
f 1533/2112/180 4060/2109/180 2364/2108/180
f 2364/2108/180 3041/2107/180 1522/2111/180
f 2365/2112/65 4059/2104/65 2362/2105/65
f 448/2113/65 2362/2105/65 4053/2098/65
f 2359/2096/65 4055/2095/65 2363/2110/65
f 448/2113/65 2363/2110/65 4061/2109/65
f 2305/2114/65 3982/1895/65 2310/1909/65
f 449/2115/65 2310/1909/65 3988/1910/65
f 2311/2116/65 3986/1906/65 2307/1905/65
f 449/2115/65 2307/1905/65 3984/1904/65
f 1546/2117/180 3707/1273/180 1151/2118/180
f 450/2119/180 1151/2118/180 3715/2120/180
f 1544/2121/180 3050/2122/180 1545/2123/180
f 450/2119/180 1545/2123/180 3049/2124/180
f 451/2125/180 1551/2126/180 3711/2127/180
f 1150/2128/180 3703/1270/180 1549/2129/180
f 451/2125/180 1549/2129/180 3053/2130/180
f 1550/2131/180 3054/2132/180 1551/2126/180
f 452/2133/769 2370/2134/770 2844/2135/771
f 1149/2136/769 2843/2137/772 1548/2138/769
f 452/2133/769 1548/2138/769 4073/2139/769
f 1554/2140/772 4065/2141/772 2370/2134/770
f 453/2142/772 1552/2143/773 2842/2144/774
f 1148/2145/769 2841/2146/772 2373/2147/772
f 453/2142/772 2373/2147/772 4071/2148/772
f 1555/2149/772 3056/2150/769 1552/2143/773
f 1549/2129/180 3703/1270/180 2115/1271/180
f 2115/1271/180 3707/1273/180 1546/2117/180
f 454/2151/180 1546/2117/180 3049/2124/180
f 454/2151/180 1556/2152/180 3053/2130/180
f 2371/2153/775 4067/2154/775 1558/2155/775
f 455/2156/775 1558/2155/775 3051/2157/775
f 1547/2158/775 3052/2139/775 2374/2140/775
f 455/2156/775 2374/2140/775 4066/2141/775
f 456/2159/775 1559/2160/775 3055/2161/775
f 1553/2162/775 4074/2150/775 2375/2149/775
f 456/2159/775 2375/2149/775 4072/2148/775
f 2372/2163/775 4069/2164/775 1559/2160/775
f 457/2165/776 2376/2166/776 4068/2167/776
f 2377/2168/776 4075/2169/776 1557/2170/776
f 457/2165/776 1557/2170/776 4076/2161/776
f 2378/2160/776 4070/2164/776 2376/2166/776
f 458/2171/777 1568/2172/778 4046/2173/779
f 2357/2174/780 3939/2175/781 1560/2176/782
f 458/2171/777 1560/2176/782 3057/2177/783
f 1570/2178/784 3059/2179/785 1568/2172/778
f 1561/2180/786 3936/2181/787 2354/2182/788
f 459/2183/789 2354/2182/788 4049/2184/790
f 1569/2185/791 3060/2186/792 1571/2187/793
f 459/2183/789 1571/2187/793 3058/2188/794
f 2379/2176/795 3940/2175/796 2276/2189/797
f 2276/2189/797 3937/2181/798 2380/2180/799
f 460/2190/800 2380/2180/799 4078/2188/801
f 460/2190/800 1562/2191/802 4077/2177/803
f 2381/2191/263 3058/2188/263 1571/2187/263
f 461/2192/263 1571/2187/263 3060/2186/263
f 1564/2193/263 3059/2179/263 1570/2178/263
f 461/2192/263 1570/2178/263 3057/2177/263
f 462/2194/263 1567/2195/263 3059/2179/263
f 462/2194/263 1564/2193/263 3060/2186/263
f 1566/2196/263 3958/1823/263 2291/1837/263
f 2291/1837/263 3960/1834/263 1567/2195/263
f 463/2197/263 2289/1833/263 3955/1832/263
f 463/2197/263 1563/2198/263 3059/2179/263
f 1567/2195/263 3960/1834/263 2289/1833/263
f 464/2199/263 1566/2196/263 3060/2186/263
f 464/2199/263 1565/2200/263 3953/1825/263
f 2288/1824/263 3958/1823/263 1566/2196/263
f 2353/2201/804 3952/1818/805 2285/1817/806
f 465/2202/807 2285/1817/806 3954/1825/808
f 2383/2200/809 4080/2186/810 2385/2185/811
f 465/2202/807 2385/2185/811 4050/2184/812
f 2286/1830/813 3949/1829/814 2352/2203/815
f 466/2204/816 2352/2203/815 4047/2173/817
f 2384/2172/818 4079/2179/819 2382/2198/820
f 466/2204/816 2382/2198/820 3956/1832/821
f 1576/2205/775 4081/2206/775 1577/2207/775
f 467/2208/775 1577/2207/775 3712/2146/775
f 467/2208/775 2119/2209/775 3704/1270/775
f 468/2210/775 1573/2211/775 3713/2144/775
f 2117/2145/775 3712/2146/775 1577/2207/775
f 468/2210/775 1577/2207/775 4081/2206/775
f 469/2212/822 1572/2213/823 3061/2206/822
f 2386/2205/822 3705/1270/822 2114/1269/822
f 469/2212/822 2114/1269/822 3706/1277/823
f 1579/2214/775 4082/2215/775 1578/2216/775
f 470/2217/775 1578/2216/775 3716/2135/775
f 470/2217/775 2120/2218/775 3708/1273/775
f 471/2219/824 1574/2220/825 3710/1275/825
f 2116/1274/825 3709/1273/825 2387/2214/825
f 471/2219/824 2387/2214/825 3062/2215/826
f 472/2221/775 1578/2216/775 4082/2215/775
f 472/2221/775 1575/2222/775 3714/2137/827
f 2118/2136/775 3716/2135/775 1578/2216/775
f 2084/1188/828 3661/1189/828 2102/2223/828
f 473/2224/829 2102/2223/828 3692/1250/828
f 473/2224/829 2103/1249/830 3688/1227/828
f 2100/1225/829 3664/1187/829 2084/1188/828
f 474/2225/180 1595/2226/180 3074/2227/180
f 1594/2228/180 3073/2229/180 1593/2230/180
f 474/2225/180 1593/2230/180 3072/2231/180
f 1592/2232/180 3071/2233/180 1595/2226/180
f 475/2234/831 1589/2235/831 3063/2236/831
f 1581/2237/831 4083/2238/831 1588/2239/831
f 475/2234/831 1588/2239/831 3068/2240/831
f 1584/2241/831 3067/2242/831 1589/2235/831
f 476/2243/182 1580/2244/182 3064/2238/182
f 2392/2239/182 4091/2240/182 1585/2245/181
f 476/2243/182 1585/2245/181 3069/2246/182
f 1590/2247/182 3065/2248/181 1580/2244/182
f 1583/2249/831 4085/2248/831 2394/2247/831
f 477/2250/831 2394/2247/831 4093/2246/832
f 1586/2251/831 3070/2252/831 1591/2253/831
f 477/2250/831 1591/2253/831 4089/2254/831
f 2393/2235/181 4092/2242/181 1587/2255/182
f 478/2256/182 1587/2255/182 4094/2252/182
f 2395/2253/181 3066/2254/181 1582/2257/181
f 478/2256/182 1582/2257/181 4087/2236/181
f 1598/2258/180 4086/2248/180 2391/2249/180
f 2391/2249/180 4090/2254/180 1596/2259/180
f 479/2260/180 1596/2259/180 3076/2261/180
f 479/2260/180 1597/2262/180 3075/2263/180
f 1596/2259/180 4090/2254/180 2390/2257/180
f 2390/2257/180 4088/2236/180 1599/2264/180
f 480/2265/180 1599/2264/180 3077/2266/180
f 480/2265/180 1600/2267/180 3076/2261/180
f 1599/2264/180 4088/2236/180 2389/2237/180
f 2389/2237/180 4084/2238/180 1601/2268/180
f 481/2269/180 1601/2268/180 3078/2270/180
f 481/2269/180 1602/2271/180 3077/2266/180
f 1601/2268/180 4084/2238/180 2388/2244/180
f 2388/2244/180 4086/2248/180 1598/2258/180
f 482/2272/180 1598/2258/180 3075/2263/180
f 482/2272/180 1603/2273/180 3078/2270/180
f 2399/2226/833 4095/2233/834 1604/2274/835
f 483/2275/836 1604/2274/835 4107/2266/837
f 2402/2271/838 4109/2270/839 1605/2276/840
f 483/2275/836 1605/2276/840 4101/2227/841
f 484/2277/165 2398/2228/166 4099/2229/165
f 1606/2278/165 4103/2263/166 2403/2273/165
f 484/2277/165 2403/2273/165 4110/2270/166
f 2405/2276/166 4102/2227/166 2398/2228/166
f 2397/2230/842 4097/2231/843 1607/2279/844
f 485/2280/836 1607/2279/844 4105/2261/845
f 2400/2262/846 4104/2263/839 2406/2278/840
f 485/2280/836 2406/2278/840 4100/2229/841
f 2404/2274/165 4096/2233/165 2396/2232/165
f 486/2281/165 2396/2232/165 4098/2231/165
f 2407/2279/165 4106/2261/166 2401/2267/167
f 486/2281/165 2401/2267/167 4108/2266/165
f 487/2282/180 1623/2283/180 3090/2284/180
f 1622/2285/180 3089/2286/180 1621/2287/180
f 487/2282/180 1621/2287/180 3088/2288/180
f 1620/2289/180 3087/2290/180 1623/2283/180
f 488/2291/183 1609/2292/183 3079/2293/183
f 1617/2294/183 3083/2295/183 1612/2296/183
f 488/2291/183 1612/2296/183 3084/2297/183
f 1616/2298/183 4111/2299/183 1609/2292/183
f 489/2300/181 1608/2301/181 3080/2299/182
f 2412/2298/181 4119/2297/181 1613/2302/181
f 489/2300/181 1613/2302/181 3085/2303/181
f 1618/2304/182 3081/2305/182 1608/2301/181
f 1611/2306/831 4113/2305/831 2414/2304/831
f 490/2307/831 2414/2304/831 4121/2303/831
f 1614/2308/831 3086/2309/831 1619/2310/831
f 490/2307/831 1619/2310/831 4117/2311/831
f 2413/2294/181 4120/2295/181 1615/2312/182
f 491/2313/182 1615/2312/182 4122/2309/182
f 2415/2310/182 3082/2311/181 1610/2314/181
f 491/2313/182 1610/2314/181 4115/2293/181
f 1626/2315/180 4114/2305/180 2411/2306/180
f 2411/2306/180 4118/2311/180 1624/2316/180
f 492/2317/180 1624/2316/180 3092/2318/180
f 492/2317/180 1625/2319/180 3091/2320/180
f 1624/2316/180 4118/2311/180 2410/2314/180
f 2410/2314/180 4116/2293/180 1627/2321/180
f 493/2322/180 1627/2321/180 3093/2323/180
f 493/2322/180 1628/2324/180 3092/2318/180
f 1627/2321/180 4116/2293/180 2409/2292/180
f 2409/2292/180 4112/2299/180 1629/2325/180
f 494/2326/180 1629/2325/180 3094/2327/180
f 494/2326/180 1630/2328/180 3093/2323/180
f 1629/2325/180 4112/2299/180 2408/2301/180
f 2408/2301/180 4114/2305/180 1626/2315/180
f 495/2329/180 1626/2315/180 3091/2320/180
f 495/2329/180 1631/2330/180 3094/2327/180
f 1632/2331/168 4123/2290/169 2419/2283/170
f 496/2332/171 2419/2283/170 4129/2284/178
f 1633/2333/173 4137/2327/847 2422/2328/179
f 496/2332/171 2422/2328/179 4135/2323/848
f 497/2334/165 2418/2285/166 4127/2286/165
f 1634/2335/165 4131/2320/166 2423/2330/165
f 497/2334/165 2423/2330/165 4138/2327/166
f 2425/2333/166 4130/2284/166 2418/2285/166
f 2417/2287/833 4125/2288/843 1635/2336/844
f 498/2337/836 1635/2336/844 4133/2318/845
f 2420/2319/838 4132/2320/839 2426/2335/840
f 498/2337/836 2426/2335/840 4128/2286/841
f 2424/2331/165 4124/2290/165 2416/2289/167
f 499/2338/165 2416/2289/167 4126/2288/165
f 2427/2336/165 4134/2318/166 2421/2324/165
f 499/2338/165 2421/2324/165 4136/2323/165
f 500/2339/198 1651/2340/198 3106/2341/198
f 1650/2342/198 3105/2343/198 1649/2344/198
f 500/2339/198 1649/2344/198 3104/2345/198
f 1648/2346/198 3103/2347/198 1651/2340/198
f 501/2348/849 1637/2349/849 3095/2350/849
f 1645/2351/849 3099/2352/849 1640/2353/849
f 501/2348/849 1640/2353/849 3100/2354/849
f 1644/2355/849 4139/2356/849 1637/2349/849
f 502/2357/200 1636/2358/200 3096/2356/200
f 2432/2355/200 4147/2354/200 1641/2359/199
f 502/2357/200 1641/2359/199 3101/2360/200
f 1646/2361/200 3097/2362/199 1636/2358/200
f 2434/2361/849 4141/2362/849 1639/2363/849
f 503/2364/849 1639/2363/849 4145/2365/849
f 1647/2366/849 3102/2367/849 1642/2368/849
f 503/2364/849 1642/2368/849 4149/2360/849
f 2433/2351/199 4148/2352/199 1643/2369/200
f 504/2370/200 1643/2369/200 4150/2367/200
f 2435/2366/200 3098/2365/199 1638/2371/200
f 504/2370/200 1638/2371/200 4143/2350/199
f 1654/2372/198 4142/2362/198 2431/2363/198
f 2431/2363/198 4146/2365/198 1652/2373/198
f 505/2374/198 1652/2373/198 3108/2375/198
f 505/2374/198 1653/2376/198 3107/2377/198
f 1652/2373/198 4146/2365/198 2430/2371/198
f 2430/2371/198 4144/2350/198 1655/2378/198
f 506/2379/198 1655/2378/198 3109/2380/198
f 506/2379/198 1656/2381/198 3108/2375/198
f 1655/2378/198 4144/2350/198 2429/2349/198
f 2429/2349/198 4140/2356/198 1657/2382/198
f 507/2383/198 1657/2382/198 3110/2384/198
f 507/2383/198 1658/2385/198 3109/2380/198
f 1657/2382/198 4140/2356/198 2428/2358/198
f 2428/2358/198 4142/2362/198 1654/2372/198
f 508/2386/198 1654/2372/198 3107/2377/198
f 508/2386/198 1659/2387/198 3110/2384/198
f 1660/2388/850 4151/2347/843 2439/2340/851
f 509/2389/852 2439/2340/851 4157/2341/853
f 1661/2390/854 4165/2384/855 2442/2385/856
f 509/2389/852 2442/2385/856 4163/2380/857
f 510/2391/184 2438/2342/184 4155/2343/184
f 1662/2392/184 4159/2377/186 2443/2387/186
f 510/2391/184 2443/2387/186 4166/2384/184
f 2445/2390/184 4158/2341/186 2438/2342/184
f 1663/2393/850 4153/2345/843 2437/2344/851
f 511/2394/852 2437/2344/851 4156/2343/858
f 2446/2392/854 4160/2377/855 2440/2376/856
f 511/2394/852 2440/2376/856 4161/2375/857
f 2444/2388/184 4152/2347/184 2436/2346/185
f 512/2395/184 2436/2346/185 4154/2345/184
f 2447/2393/184 4162/2375/186 2441/2381/184
f 512/2395/184 2441/2381/184 4164/2380/184
f 1673/2396/263 3113/2397/263 1665/2398/263
f 513/2399/263 1665/2398/263 3111/2400/859
f 1671/2401/263 3122/2402/263 1688/2403/263
f 513/2399/263 1688/2403/263 3125/2404/263
f 1674/2405/263 3127/2406/263 1691/2407/263
f 514/2408/263 1691/2407/263 3124/2409/263
f 1672/2410/263 3112/2411/263 1666/2412/263
f 514/2408/263 1666/2412/263 3114/2413/263
f 1677/2414/180 3116/2415/180 1667/2416/180
f 1667/2416/180 4167/2397/180 2448/2396/180
f 2448/2396/180 4168/2404/180 1693/2417/180
f 515/2418/180 1693/2417/180 3139/2419/180
f 1675/2420/180 3138/2421/180 1698/2422/180
f 516/2423/180 1698/2422/180 4171/2406/180
f 2449/2405/180 4170/2413/180 1668/2424/180
f 1668/2424/180 3115/2425/180 1675/2420/180
f 1670/2426/263 4173/2425/263 2450/2420/263
f 517/2427/263 2450/2420/263 4175/2421/263
f 517/2427/263 1719/2428/263 3147/2429/263
f 518/2430/860 1720/2431/263 4178/2419/263
f 518/2430/860 2451/2414/861 4176/2415/263
f 1669/2432/862 3142/2433/263 1720/2431/263
f 1669/2432/862 4176/2415/263 1676/2434/263
f 519/2435/263 1676/2434/263 4173/2425/263
f 1670/2426/263 3147/2429/263 1722/2436/263
f 519/2435/263 1722/2436/263 3142/2433/263
f 1702/2437/263 3129/2438/263 1681/2439/263
f 520/2440/263 1681/2439/263 3117/2441/263
f 520/2440/263 1682/2442/263 3118/2443/263
f 1683/2444/263 3130/2445/263 1702/2437/263
f 1696/2446/263 3130/2445/263 1683/2444/263
f 521/2447/263 1683/2444/263 3118/2443/263
f 521/2447/263 1680/2448/263 3119/2449/263
f 1684/2450/263 3128/2451/263 1696/2446/263
f 522/2452/263 1705/2453/263 3131/2454/263
f 1685/2455/263 3120/2456/263 1686/2457/263
f 522/2452/263 1686/2457/263 3121/2458/263
f 1687/2459/263 3132/2460/263 1705/2453/263
f 523/2461/263 1692/2462/263 3125/2404/263
f 1688/2403/263 3122/2402/263 1689/2463/263
f 523/2461/263 1689/2463/263 3123/2464/263
f 1690/2465/263 3126/2466/263 1692/2462/263
f 1697/2467/263 3132/2460/263 1687/2459/263
f 524/2468/263 1687/2459/263 3121/2458/263
f 524/2468/263 1678/2469/263 3124/2409/263
f 1691/2407/263 3127/2406/263 1697/2467/263
f 1700/2470/263 3128/2471/263 1684/2472/263
f 525/2473/263 1684/2472/263 3119/2474/263
f 1679/2475/263 3120/2476/263 1685/2477/263
f 525/2473/263 1685/2477/263 3131/2478/263
f 1695/2479/263 3126/2480/263 1690/2481/263
f 526/2482/263 1690/2481/263 3123/2483/263
f 526/2482/263 1664/2484/263 3117/2441/263
f 1681/2439/263 3129/2438/263 1695/2479/263
f 1707/2485/65 4177/2419/65 2453/2417/65
f 2453/2417/65 4169/2404/65 2452/2462/65
f 527/2486/65 2452/2462/65 4179/2466/65
f 1694/2487/65 3140/2488/65 1707/2485/65
f 1708/2489/180 4181/2490/180 2454/2491/180
f 2454/2491/180 4180/2480/180 2455/2479/180
f 2455/2479/180 4183/2438/180 1701/2492/180
f 1701/2492/180 3133/2493/180 1708/2489/180
f 1709/2494/198 3134/2495/198 1703/2496/198
f 1703/2496/198 4187/2445/198 2456/2446/198
f 2456/2446/198 4185/2451/198 1699/2497/198
f 1699/2497/198 3135/2498/198 1709/2494/198
f 1710/2499/863 3137/2500/863 1706/2501/863
f 530/2502/863 1706/2501/863 4189/2460/863
f 2457/2467/863 4172/2406/863 2458/2422/863
f 530/2502/863 2458/2422/863 4174/2421/863
f 531/2503/864 1711/2504/864 4191/2505/864
f 2459/2506/864 4186/2471/864 2460/2470/864
f 531/2503/864 2460/2470/864 4193/2478/864
f 1704/2507/864 3136/2508/864 1711/2504/864
f 1713/2509/243 4196/2493/243 2461/2492/243
f 2461/2492/243 4184/2438/243 2462/2437/243
f 2462/2437/243 4188/2445/243 2463/2496/243
f 2463/2496/243 4197/2495/243 1713/2509/243
f 533/2510/865 1717/2511/865 4200/2512/865
f 533/2510/865 2464/2513/865 4194/2454/865
f 2465/2453/865 4190/2460/865 2466/2501/865
f 2466/2501/865 4201/2500/865 1717/2511/865
f 534/2514/263 1712/2515/263 3145/2516/263
f 534/2514/263 1728/2517/263 3146/2518/263
f 1714/2519/263 4198/2495/263 2472/2509/263
f 2472/2509/263 4195/2493/263 1712/2515/263
f 535/2520/263 1714/2519/263 3146/2518/263
f 535/2520/263 1726/2521/263 3143/2522/263
f 1715/2523/263 4192/2498/263 2469/2494/263
f 2469/2494/263 4198/2495/263 1714/2519/263
f 1716/2524/263 3141/2525/263 1723/2526/263
f 536/2527/263 1723/2526/263 3148/2528/263
f 1718/2529/263 4202/2500/263 2473/2511/263
f 536/2527/263 2473/2511/263 4199/2512/263
f 537/2530/263 1715/2531/263 3143/2532/263
f 1724/2533/263 3141/2534/263 1716/2535/263
f 537/2530/263 1716/2535/263 4199/2508/263
f 2471/2504/263 4192/2505/263 1715/2531/263
f 1720/2431/263 3142/2433/263 1725/2536/263
f 538/2537/263 1725/2536/263 3144/2538/263
f 1721/2539/263 4182/2488/263 2467/2485/263
f 538/2537/263 2467/2485/263 4178/2419/263
f 539/2540/263 1718/2529/263 3148/2528/263
f 539/2540/263 1729/2541/263 3147/2429/263
f 1719/2428/263 4175/2421/263 2470/2499/263
f 2470/2499/263 4202/2500/263 1718/2529/263
f 540/2542/263 1721/2543/263 3144/2544/263
f 540/2542/263 1727/2545/263 3145/2516/263
f 1712/2515/263 4195/2493/263 2468/2489/263
f 2468/2489/263 4182/2490/263 1721/2543/263
f 555/4/1 1/1/1 2485/3/1
f 1/1/1 555/4/1 554/6/1
f 553/8/1 1/1/1 2483/7/1
f 1/1/1 553/8/1 556/2/1
f 542/13/5 2/10/2 2474/12/4
f 2/10/2 542/13/5 549/15/7
f 545/17/2 2/10/2 2479/16/8
f 2/10/2 545/17/2 550/11/3
f 1734/15/12 3/19/10 2475/14/11
f 3/19/10 1734/15/12 546/21/13
f 551/23/14 3/19/10 2480/22/14
f 3/19/10 551/23/14 541/20/10
f 4/26/19 544/25/16 1736/23/18
f 547/27/19 4/26/19 3159/22/20
f 4/26/19 547/27/19 552/29/22
f 544/25/16 4/26/19 3155/30/23
f 5/32/26 1735/11/24 548/31/25
f 1737/29/28 5/32/26 3160/28/27
f 5/32/26 1737/29/28 543/33/30
f 1735/11/24 5/32/26 3153/12/31
f 6/36/33 559/34/32 1733/25/33
f 6/36/33 1733/25/33 557/35/33
f 558/38/33 6/36/33 2487/37/33
f 559/34/32 6/36/33 2486/39/33
f 7/41/34 557/35/34 1732/33/35
f 7/41/34 1732/33/35 560/40/34
f 561/43/34 7/41/34 2488/42/35
f 557/35/34 7/41/34 2487/37/34
f 8/45/37 560/40/36 1731/13/37
f 8/45/37 1731/13/37 562/44/37
f 563/47/36 8/45/37 2489/46/36
f 560/40/36 8/45/37 2488/42/37
f 9/48/38 562/44/38 1730/20/39
f 9/48/38 1730/20/39 559/34/38
f 564/49/40 9/48/38 2486/39/39
f 562/44/38 9/48/38 2489/46/39
f 10/51/41 1741/2/41 565/50/42
f 1744/47/42 10/51/41 3173/42/42
f 10/51/41 1744/47/42 566/52/41
f 1741/2/41 10/51/41 3167/3/42
f 567/54/43 11/53/43 3165/5/44
f 11/53/43 567/54/43 1745/49/43
f 1747/52/44 11/53/43 3176/46/44
f 11/53/43 1747/52/44 1740/4/44
f 12/56/41 1739/6/42 568/55/41
f 1742/38/41 12/56/41 3171/37/42
f 12/56/41 1742/38/41 1748/54/41
f 1739/6/42 12/56/41 3166/5/41
f 13/57/43 1746/50/43 1738/8/44
f 1749/55/44 13/57/43 3164/7/43
f 13/57/43 1749/55/44 1743/43/43
f 1746/50/43 13/57/43 3174/42/43
f 583/61/1 14/58/1 2501/60/1
f 14/58/1 583/61/1 582/63/1
f 581/65/1 14/58/1 2499/64/1
f 14/58/1 581/65/1 584/59/1
f 578/70/49 15/67/46 2490/69/48
f 15/67/46 578/70/49 573/72/46
f 577/74/52 15/67/46 2495/73/51
f 15/67/46 577/74/52 570/68/47
f 1754/74/12 16/76/10 2491/75/11
f 16/76/10 1754/74/12 574/78/54
f 579/80/14 16/76/10 2496/79/14
f 16/76/10 579/80/14 569/77/10
f 17/83/58 1756/80/55 572/82/57
f 580/85/60 17/83/58 3183/84/59
f 17/83/58 580/85/60 575/87/58
f 1756/80/55 17/83/58 3187/79/62
f 18/89/26 1755/70/24 576/88/25
f 1757/85/28 18/89/26 3188/86/27
f 18/89/26 1757/85/28 571/90/30
f 1755/70/24 18/89/26 3181/69/31
f 19/93/33 587/91/32 1753/82/33
f 19/93/33 1753/82/33 585/92/33
f 586/95/33 19/93/33 2503/94/33
f 587/91/32 19/93/33 2502/96/33
f 20/98/34 585/92/34 1752/90/35
f 20/98/34 1752/90/35 588/97/34
f 589/100/34 20/98/34 2504/99/35
f 585/92/34 20/98/34 2503/94/34
f 21/102/37 588/97/36 1751/68/37
f 21/102/37 1751/68/37 590/101/37
f 591/104/36 21/102/37 2505/103/36
f 588/97/36 21/102/37 2504/99/37
f 22/105/38 590/101/38 1750/77/39
f 22/105/38 1750/77/39 587/91/38
f 592/106/40 22/105/38 2502/96/39
f 590/101/38 22/105/38 2505/103/39
f 23/108/63 593/107/63 1761/59/64
f 594/109/63 23/108/63 3195/60/63
f 23/108/63 594/109/63 1764/104/63
f 593/107/63 23/108/63 3201/99/64
f 595/111/43 24/110/43 3193/62/44
f 24/110/43 595/111/43 1765/106/43
f 1767/109/44 24/110/43 3204/103/44
f 24/110/43 1767/109/44 1760/61/44
f 25/113/63 596/112/63 1759/63/64
f 1768/111/63 25/113/63 3194/62/63
f 25/113/63 1768/111/63 1762/95/63
f 596/112/63 25/113/63 3199/94/64
f 26/114/43 1766/107/43 1758/65/44
f 1769/112/44 26/114/43 3192/64/43
f 26/114/43 1769/112/44 1763/100/43
f 1766/107/43 26/114/43 3202/99/43
f 27/118/65 612/115/65 611/117/65
f 610/120/65 27/118/65 2516/119/65
f 27/118/65 610/120/65 609/122/65
f 612/115/65 27/118/65 2514/123/65
f 606/127/69 28/124/66 2506/126/68
f 28/124/66 606/127/69 601/129/71
f 605/131/72 28/124/66 2511/130/72
f 28/124/66 605/131/72 598/125/67
f 1774/131/77 29/133/74 2507/132/76
f 29/133/74 1774/131/77 602/135/79
f 607/137/80 29/133/74 2512/136/80
f 29/133/74 607/137/80 597/134/75
f 30/140/84 1776/137/82 600/139/84
f 608/142/86 30/140/84 3211/141/85
f 30/140/84 608/142/86 603/144/88
f 1776/137/82 30/140/84 3215/136/82
f 31/146/92 1775/127/89 604/145/91
f 1777/142/94 31/146/92 3216/143/93
f 31/146/92 1777/142/94 599/147/92
f 1775/127/89 31/146/92 3209/126/96
f 32/150/97 615/148/97 1773/139/97
f 32/150/97 1773/139/97 613/149/97
f 614/152/97 32/150/97 2519/151/97
f 615/148/97 32/150/97 2518/153/97
f 33/155/98 613/149/98 1772/147/98
f 33/155/98 1772/147/98 616/154/98
f 617/157/98 33/155/98 2520/156/98
f 613/149/98 33/155/98 2519/151/98
f 34/159/99 616/154/99 1771/125/99
f 34/159/99 1771/125/99 618/158/101
f 619/161/99 34/159/99 2521/160/99
f 616/154/99 34/159/99 2520/156/99
f 35/162/103 618/158/102 1770/134/103
f 35/162/103 1770/134/103 615/148/103
f 620/163/103 35/162/103 2518/153/103
f 618/158/102 35/162/103 2521/160/103
f 36/165/106 621/164/104 1781/115/106
f 622/166/107 36/165/106 3223/116/107
f 36/165/106 622/166/107 1784/161/106
f 621/164/104 36/165/106 3229/156/106
f 623/168/109 37/167/108 3221/119/109
f 37/167/108 623/168/109 1785/163/111
f 1787/166/108 37/167/108 3232/160/112
f 37/167/108 1787/166/108 1780/117/109
f 38/170/106 624/169/107 1779/120/106
f 1788/168/104 38/170/106 3222/119/106
f 38/170/106 1788/168/104 1782/152/106
f 624/169/107 38/170/106 3227/151/107
f 39/171/108 1786/164/108 1778/122/109
f 1789/169/115 39/171/108 3220/121/114
f 39/171/108 1789/169/115 1783/157/114
f 1786/164/108 39/171/108 3230/156/115
f 40/175/65 640/172/65 639/174/65
f 638/177/65 40/175/65 2532/176/65
f 40/175/65 638/177/65 637/179/65
f 640/172/65 40/175/65 2530/180/65
f 626/184/119 41/181/116 2522/183/118
f 41/181/116 626/184/119 633/186/121
f 629/188/123 41/181/116 2527/187/122
f 41/181/116 629/188/123 634/182/117
f 1794/186/128 42/190/125 2523/185/127
f 42/190/125 1794/186/128 630/192/129
f 635/194/131 42/190/125 2528/193/130
f 42/190/125 635/194/131 625/191/126
f 43/197/136 628/196/133 1796/194/135
f 631/198/138 43/197/136 3243/193/137
f 43/197/136 631/198/138 636/200/140
f 628/196/133 43/197/136 3239/201/140
f 44/203/143 1795/182/141 632/202/142
f 1797/200/145 44/203/143 3244/199/144
f 44/203/143 1797/200/145 627/204/146
f 1795/182/141 44/203/143 3237/183/147
f 45/207/149 643/205/148 1793/196/148
f 45/207/149 1793/196/148 641/206/148
f 642/209/150 45/207/149 2535/208/149
f 643/205/148 45/207/149 2534/210/148
f 46/212/151 641/206/151 1792/204/151
f 46/212/151 1792/204/151 644/211/151
f 645/214/152 46/212/151 2536/213/152
f 641/206/151 46/212/151 2535/208/152
f 47/216/153 644/211/153 1791/184/153
f 47/216/153 1791/184/153 646/215/153
f 647/218/154 47/216/153 2537/217/153
f 644/211/153 47/216/153 2536/213/154
f 48/219/155 646/215/155 1790/191/155
f 48/219/155 1790/191/155 643/205/155
f 648/220/155 48/219/155 2534/210/155
f 646/215/155 48/219/155 2537/217/155
f 49/222/157 1801/172/156 649/221/156
f 1804/218/158 49/222/157 3257/213/156
f 49/222/157 1804/218/158 650/223/156
f 1801/172/156 49/222/157 3251/173/156
f 651/225/159 50/224/159 3249/176/161
f 50/224/159 651/225/159 1805/220/162
f 1807/223/161 50/224/159 3260/217/160
f 50/224/159 1807/223/161 1800/174/160
f 51/227/163 1799/177/158 652/226/163
f 1802/209/156 51/227/163 3255/208/158
f 51/227/163 1802/209/156 1808/225/156
f 1799/177/158 51/227/163 3250/176/156
f 52/228/159 1806/221/159 1798/179/160
f 1809/226/161 52/228/159 3248/178/161
f 52/228/159 1809/226/161 1803/214/162
f 1806/221/159 52/228/159 3258/213/162
f 53/232/165 656/229/165 668/231/165
f 653/234/165 53/232/165 2544/233/165
f 53/232/165 653/234/165 660/236/167
f 656/229/165 53/232/165 2539/237/165
f 54/239/171 1810/234/168 667/238/170
f 654/241/173 54/239/171 2543/240/172
f 54/239/171 654/241/173 663/243/175
f 1810/234/168 54/239/171 3261/235/176
f 1811/241/165 55/244/165 3267/240/165
f 55/244/165 1811/241/165 657/246/165
f 655/248/166 55/244/165 2538/247/166
f 55/244/165 655/248/166 666/245/166
f 56/251/171 1813/229/168 665/250/170
f 1812/248/173 56/251/171 3271/249/178
f 56/251/171 1812/248/173 658/252/179
f 1813/229/168 56/251/171 3273/237/176
f 57/258/180 659/253/180 680/255/180
f 57/258/180 680/255/180 662/257/180
f 1814/246/180 57/258/180 3266/242/180
f 659/253/180 57/258/180 3270/247/180
f 58/262/180 661/259/180 679/261/180
f 58/262/180 679/261/180 659/253/180
f 1815/252/180 58/262/180 3270/247/180
f 661/259/180 58/262/180 3274/237/180
f 59/266/180 664/263/180 678/265/180
f 59/266/180 678/265/180 661/259/180
f 1816/236/180 59/266/180 3274/237/180
f 664/263/180 59/266/180 3262/235/180
f 60/268/180 662/257/180 677/267/180
f 60/268/180 677/267/180 664/263/180
f 1817/243/180 60/268/180 3262/235/180
f 662/257/180 60/268/180 3266/242/180
f 61/272/182 671/269/181 673/271/182
f 669/274/181 61/272/182 2546/273/182
f 61/272/182 669/274/181 1827/265/181
f 671/269/181 61/272/182 3284/260/181
f 62/276/183 670/275/183 1826/267/183
f 1822/274/183 62/276/183 3279/264/183
f 62/276/183 1822/274/183 674/277/183
f 670/275/183 62/276/183 2547/278/183
f 672/280/182 63/279/181 3287/254/182
f 63/279/181 672/280/182 675/282/181
f 1823/275/182 63/279/181 3280/278/181
f 63/279/181 1823/275/182 1829/255/181
f 1824/269/183 64/283/183 3285/260/183
f 64/283/183 1824/269/183 676/284/183
f 1825/280/183 64/283/183 3286/281/183
f 64/283/183 1825/280/183 1828/261/183
f 1819/245/180 65/285/180 3272/249/180
f 65/285/180 1819/245/180 1820/238/180
f 1821/231/180 65/285/180 3264/233/180
f 65/285/180 1821/231/180 1818/250/180
f 66/289/184 684/286/184 696/288/185
f 681/291/184 66/289/184 2560/290/184
f 66/289/184 681/291/184 688/293/184
f 684/286/184 66/289/184 2555/294/184
f 67/296/189 695/295/187 1830/291/188
f 691/297/191 67/296/189 3289/292/190
f 67/296/189 691/297/191 682/299/193
f 695/295/187 67/296/189 2559/300/194
f 1831/299/184 68/301/184 3295/300/186
f 68/301/184 1831/299/184 685/303/184
f 683/305/186 68/301/184 2554/304/186
f 68/301/184 683/305/186 694/302/186
f 69/308/189 693/307/195 1833/286/188
f 686/309/196 69/308/189 3301/294/190
f 69/308/189 686/309/196 1832/305/193
f 693/307/195 69/308/189 3299/306/197
f 70/315/198 687/310/198 708/312/198
f 70/315/198 708/312/198 690/314/198
f 1834/303/198 70/315/198 3294/298/198
f 687/310/198 70/315/198 3298/304/198
f 71/319/198 689/316/198 707/318/198
f 71/319/198 707/318/198 687/310/198
f 1835/309/198 71/319/198 3298/304/198
f 689/316/198 71/319/198 3302/294/198
f 72/323/198 692/320/198 706/322/198
f 72/323/198 706/322/198 689/316/198
f 1836/293/198 72/323/198 3302/294/198
f 692/320/198 72/323/198 3290/292/198
f 73/325/198 690/314/198 705/324/198
f 73/325/198 705/324/198 692/320/198
f 1837/297/198 73/325/198 3290/292/198
f 690/314/198 73/325/198 3294/298/198
f 74/329/200 699/326/199 701/328/200
f 697/331/200 74/329/200 2562/330/200
f 74/329/200 697/331/200 1847/322/200
f 699/326/199 74/329/200 3312/317/199
f 75/333/201 1846/324/201 698/332/201
f 702/335/201 75/333/201 2563/334/201
f 75/333/201 702/335/201 1842/331/201
f 1846/324/201 75/333/201 3307/321/201
f 700/337/199 76/336/200 3315/311/199
f 76/336/200 700/337/199 703/339/200
f 1843/332/200 76/336/200 3308/334/199
f 76/336/200 1843/332/200 1849/312/199
f 1848/318/201 77/340/201 3313/317/201
f 77/340/201 1848/318/201 1845/337/201
f 704/341/201 77/340/201 3314/338/201
f 77/340/201 704/341/201 1844/326/201
f 1839/302/198 78/342/198 3300/306/198
f 78/342/198 1839/302/198 1840/295/198
f 1841/288/198 78/342/198 3292/290/198
f 78/342/198 1841/288/198 1838/307/198
f 79/346/184 712/343/184 724/345/185
f 709/348/184 79/346/184 2576/347/184
f 79/346/184 709/348/184 716/350/184
f 712/343/184 79/346/184 2571/351/184
f 80/353/189 723/352/195 1850/348/188
f 719/354/191 80/353/189 3317/349/190
f 80/353/189 719/354/191 710/356/193
f 723/352/195 80/353/189 2575/357/203
f 1851/356/184 81/358/184 3323/357/184
f 81/358/184 1851/356/184 713/360/184
f 711/362/186 81/358/184 2570/361/186
f 81/358/184 711/362/186 722/359/186
f 82/365/189 721/364/195 1853/343/188
f 714/366/191 82/365/189 3329/351/204
f 82/365/189 714/366/191 1852/362/193
f 721/364/195 82/365/189 3327/363/203
f 83/372/198 715/367/198 736/369/198
f 83/372/198 736/369/198 718/371/198
f 1854/360/198 83/372/198 3322/355/198
f 715/367/198 83/372/198 3326/361/198
f 84/376/198 717/373/198 735/375/198
f 84/376/198 735/375/198 715/367/198
f 1855/366/198 84/376/198 3326/361/198
f 717/373/198 84/376/198 3330/351/198
f 85/380/198 720/377/198 734/379/198
f 85/380/198 734/379/198 717/373/198
f 1856/350/198 85/380/198 3330/351/198
f 720/377/198 85/380/198 3318/349/198
f 86/382/198 718/371/198 733/381/198
f 86/382/198 733/381/198 720/377/198
f 1857/354/198 86/382/198 3318/349/198
f 718/371/198 86/382/198 3322/355/198
f 87/386/200 727/383/199 729/385/200
f 725/388/200 87/386/200 2578/387/200
f 87/386/200 725/388/200 1867/379/200
f 727/383/199 87/386/200 3340/374/199
f 88/390/201 1866/381/201 726/389/201
f 730/392/201 88/390/201 2579/391/201
f 88/390/201 730/392/201 1862/388/201
f 1866/381/201 88/390/201 3335/378/201
f 728/394/200 89/393/199 3343/368/200
f 89/393/199 728/394/200 731/396/199
f 1863/389/200 89/393/199 3336/391/199
f 89/393/199 1863/389/200 1869/369/199
f 1868/375/201 90/397/201 3341/374/201
f 90/397/201 1868/375/201 1865/394/201
f 732/398/201 90/397/201 3342/395/201
f 90/397/201 732/398/201 1864/383/201
f 1859/359/198 91/399/198 3328/363/198
f 91/399/198 1859/359/198 1860/352/198
f 1861/345/198 91/399/198 3320/347/198
f 91/399/198 1861/345/198 1858/364/198
f 92/403/184 740/400/184 752/402/184
f 737/405/184 92/403/184 2592/404/184
f 92/403/184 737/405/184 744/407/186
f 740/400/184 92/403/184 2587/408/184
f 93/410/189 751/409/195 1870/405/205
f 747/411/191 93/410/189 3345/406/204
f 93/410/189 747/411/191 738/413/193
f 751/409/195 93/410/189 2591/414/203
f 1871/413/184 94/415/184 3351/414/184
f 94/415/184 1871/413/184 741/417/184
f 739/419/186 94/415/184 2586/418/186
f 94/415/184 739/419/186 750/416/186
f 95/422/189 749/421/195 1873/400/188
f 742/423/191 95/422/189 3357/408/204
f 95/422/189 742/423/191 1872/419/193
f 749/421/195 95/422/189 3355/420/194
f 96/429/198 743/424/198 764/426/198
f 96/429/198 764/426/198 746/428/198
f 1874/417/198 96/429/198 3350/412/198
f 743/424/198 96/429/198 3354/418/198
f 97/433/198 745/430/198 763/432/198
f 97/433/198 763/432/198 743/424/198
f 1875/423/198 97/433/198 3354/418/198
f 745/430/198 97/433/198 3358/408/198
f 98/437/198 748/434/198 762/436/198
f 98/437/198 762/436/198 745/430/198
f 1876/407/198 98/437/198 3358/408/198
f 748/434/198 98/437/198 3346/406/198
f 99/439/198 746/428/198 761/438/198
f 99/439/198 761/438/198 748/434/198
f 1877/411/198 99/439/198 3346/406/198
f 746/428/198 99/439/198 3350/412/198
f 100/443/200 755/440/199 757/442/200
f 753/445/200 100/443/200 2594/444/200
f 100/443/200 753/445/200 1887/436/199
f 755/440/199 100/443/200 3368/431/199
f 101/447/201 1886/438/201 754/446/201
f 758/449/201 101/447/201 2595/448/201
f 101/447/201 758/449/201 1882/445/201
f 1886/438/201 101/447/201 3363/435/201
f 756/451/200 102/450/199 3371/425/200
f 102/450/199 756/451/200 759/453/199
f 1883/446/200 102/450/199 3364/448/199
f 102/450/199 1883/446/200 1889/426/199
f 1888/432/201 103/454/201 3369/431/201
f 103/454/201 1888/432/201 1885/451/201
f 760/455/201 103/454/201 3370/452/201
f 103/454/201 760/455/201 1884/440/201
f 1879/416/198 104/456/198 3356/420/198
f 104/456/198 1879/416/198 1880/409/198
f 1881/402/198 104/456/198 3348/404/198
f 104/456/198 1881/402/198 1878/421/198
f 105/460/165 768/457/165 780/459/165
f 765/462/165 105/460/165 2608/461/165
f 105/460/165 765/462/165 772/464/167
f 768/457/165 105/460/165 2603/465/165
f 106/467/171 1890/462/168 779/466/170
f 766/469/173 106/467/171 2607/468/172
f 106/467/171 766/469/173 775/471/179
f 1890/462/168 106/467/171 3373/463/176
f 1891/469/165 107/472/165 3379/468/165
f 107/472/165 1891/469/165 769/474/165
f 767/476/166 107/472/165 2602/475/166
f 107/472/165 767/476/166 778/473/166
f 108/479/171 1893/457/168 777/478/170
f 1892/476/173 108/479/171 3383/477/172
f 108/479/171 1892/476/173 770/480/179
f 1893/457/168 108/479/171 3385/465/176
f 109/486/180 771/481/180 792/483/180
f 109/486/180 792/483/180 774/485/180
f 1894/474/180 109/486/180 3378/470/180
f 771/481/180 109/486/180 3382/475/180
f 110/490/180 773/487/180 791/489/180
f 110/490/180 791/489/180 771/481/180
f 1895/480/180 110/490/180 3382/475/180
f 773/487/180 110/490/180 3386/465/180
f 111/494/180 776/491/180 790/493/180
f 111/494/180 790/493/180 773/487/180
f 1896/464/180 111/494/180 3386/465/180
f 776/491/180 111/494/180 3374/463/180
f 112/496/180 774/485/180 789/495/180
f 112/496/180 789/495/180 776/491/180
f 1897/471/180 112/496/180 3374/463/180
f 774/485/180 112/496/180 3378/470/180
f 113/500/182 783/497/181 785/499/182
f 781/502/181 113/500/182 2610/501/182
f 113/500/182 781/502/181 1907/493/181
f 783/497/181 113/500/182 3396/488/181
f 114/504/183 782/503/183 1906/495/183
f 1902/502/183 114/504/183 3391/492/183
f 114/504/183 1902/502/183 786/505/183
f 782/503/183 114/504/183 2611/506/183
f 784/508/182 115/507/181 3399/482/182
f 115/507/181 784/508/182 787/510/181
f 1903/503/182 115/507/181 3392/506/181
f 115/507/181 1903/503/182 1909/483/181
f 1904/497/183 116/511/183 3397/488/183
f 116/511/183 1904/497/183 788/512/183
f 1905/508/183 116/511/183 3398/509/183
f 116/511/183 1905/508/183 1908/489/183
f 1899/473/180 117/513/180 3384/477/180
f 117/513/180 1899/473/180 1900/466/180
f 1901/459/180 117/513/180 3376/461/180
f 117/513/180 1901/459/180 1898/478/180
f 118/517/165 796/514/165 808/516/165
f 793/519/165 118/517/165 2624/518/165
f 118/517/165 793/519/165 800/521/167
f 796/514/165 118/517/165 2619/522/165
f 119/524/171 1910/519/168 807/523/170
f 794/526/173 119/524/171 2623/525/178
f 119/524/171 794/526/173 803/528/179
f 1910/519/168 119/524/171 3401/520/207
f 1911/526/165 120/529/165 3407/525/166
f 120/529/165 1911/526/165 797/531/165
f 795/533/166 120/529/165 2618/532/166
f 120/529/165 795/533/166 806/530/166
f 121/536/171 1913/514/168 805/535/170
f 1912/533/173 121/536/171 3411/534/172
f 121/536/171 1912/533/173 798/537/179
f 1913/514/168 121/536/171 3413/522/176
f 122/543/180 799/538/180 820/540/180
f 122/543/180 820/540/180 802/542/180
f 1914/531/180 122/543/180 3406/527/180
f 799/538/180 122/543/180 3410/532/180
f 123/547/180 801/544/180 819/546/180
f 123/547/180 819/546/180 799/538/180
f 1915/537/180 123/547/180 3410/532/180
f 801/544/180 123/547/180 3414/522/180
f 124/551/180 804/548/180 818/550/180
f 124/551/180 818/550/180 801/544/180
f 1916/521/180 124/551/180 3414/522/180
f 804/548/180 124/551/180 3402/520/180
f 125/553/180 802/542/180 817/552/180
f 125/553/180 817/552/180 804/548/180
f 1917/528/180 125/553/180 3402/520/180
f 802/542/180 125/553/180 3406/527/180
f 126/557/182 811/554/181 813/556/182
f 809/559/181 126/557/182 2626/558/182
f 126/557/182 809/559/181 1927/550/181
f 811/554/181 126/557/182 3424/545/181
f 127/561/183 810/560/183 1926/552/183
f 1922/559/183 127/561/183 3419/549/183
f 127/561/183 1922/559/183 814/562/183
f 810/560/183 127/561/183 2627/563/183
f 812/565/182 128/564/181 3427/539/182
f 128/564/181 812/565/182 815/567/181
f 1923/560/182 128/564/181 3420/563/181
f 128/564/181 1923/560/182 1929/540/181
f 1924/554/183 129/568/183 3425/545/183
f 129/568/183 1924/554/183 816/569/183
f 1925/565/183 129/568/183 3426/566/183
f 129/568/183 1925/565/183 1928/546/183
f 1919/530/180 130/570/180 3412/534/180
f 130/570/180 1919/530/180 1920/523/180
f 1921/516/180 130/570/180 3404/518/180
f 130/570/180 1921/516/180 1918/535/180
f 131/574/208 824/571/208 836/573/208
f 821/576/208 131/574/208 2640/575/208
f 131/574/208 821/576/208 828/578/210
f 824/571/208 131/574/208 2635/579/208
f 132/581/214 1930/576/211 835/580/213
f 822/583/216 132/581/214 2639/582/215
f 132/581/214 822/583/216 831/585/218
f 1930/576/211 132/581/214 3429/577/219
f 1931/583/208 133/586/208 3435/582/209
f 133/586/208 1931/583/208 825/588/208
f 823/590/209 133/586/208 2634/589/210
f 133/586/208 823/590/209 834/587/209
f 134/593/214 1933/571/211 833/592/213
f 1932/590/216 134/593/214 3439/591/215
f 134/593/214 1932/590/216 826/594/220
f 1933/571/211 134/593/214 3441/579/219
f 135/600/65 827/595/65 848/597/65
f 135/600/65 848/597/65 830/599/65
f 1934/588/65 135/600/65 3434/584/65
f 827/595/65 135/600/65 3438/589/65
f 136/604/65 829/601/65 847/603/65
f 136/604/65 847/603/65 827/595/65
f 1935/594/65 136/604/65 3438/589/65
f 829/601/65 136/604/65 3442/579/65
f 137/608/65 832/605/65 846/607/65
f 137/608/65 846/607/65 829/601/65
f 1936/578/65 137/608/65 3442/579/65
f 832/605/65 137/608/65 3430/577/65
f 138/610/65 830/599/65 845/609/65
f 138/610/65 845/609/65 832/605/65
f 1937/585/65 138/610/65 3430/577/65
f 830/599/65 138/610/65 3434/584/65
f 139/614/222 839/611/221 841/613/222
f 837/616/221 139/614/222 2642/615/222
f 139/614/222 837/616/221 1947/607/221
f 839/611/221 139/614/222 3452/602/221
f 140/618/223 838/617/223 1946/609/223
f 1942/616/223 140/618/223 3447/606/223
f 140/618/223 1942/616/223 842/619/223
f 838/617/223 140/618/223 2643/620/223
f 840/622/222 141/621/221 3455/596/222
f 141/621/221 840/622/222 843/624/221
f 1943/617/222 141/621/221 3448/620/221
f 141/621/221 1943/617/222 1949/597/221
f 1944/611/223 142/625/223 3453/602/223
f 142/625/223 1944/611/223 844/626/223
f 1945/622/223 142/625/223 3454/623/223
f 142/625/223 1945/622/223 1948/603/223
f 1939/587/65 143/627/65 3440/591/65
f 143/627/65 1939/587/65 1940/580/65
f 1941/573/65 143/627/65 3432/575/65
f 143/627/65 1941/573/65 1938/592/65
f 144/631/208 852/628/208 864/630/208
f 849/633/208 144/631/208 2656/632/208
f 144/631/208 849/633/208 856/635/210
f 852/628/208 144/631/208 2651/636/208
f 145/638/227 863/637/224 1950/633/226
f 859/639/229 145/638/227 3457/634/228
f 145/638/227 859/639/229 850/641/231
f 863/637/224 145/638/227 2655/642/232
f 1951/641/208 146/643/208 3463/642/210
f 146/643/208 1951/641/208 853/645/208
f 851/647/208 146/643/208 2650/646/210
f 146/643/208 851/647/208 862/644/208
f 147/650/227 861/649/224 1953/628/226
f 854/651/229 147/650/227 3469/636/228
f 147/650/227 854/651/229 1952/647/231
f 861/649/224 147/650/227 3467/648/232
f 148/657/65 855/652/65 876/654/65
f 148/657/65 876/654/65 858/656/65
f 1954/645/65 148/657/65 3462/640/65
f 855/652/65 148/657/65 3466/646/65
f 149/661/65 857/658/65 875/660/65
f 149/661/65 875/660/65 855/652/65
f 1955/651/65 149/661/65 3466/646/65
f 857/658/65 149/661/65 3470/636/65
f 150/665/65 860/662/65 874/664/65
f 150/665/65 874/664/65 857/658/65
f 1956/635/65 150/665/65 3470/636/65
f 860/662/65 150/665/65 3458/634/65
f 151/667/65 858/656/65 873/666/65
f 151/667/65 873/666/65 860/662/65
f 1957/639/65 151/667/65 3458/634/65
f 858/656/65 151/667/65 3462/640/65
f 152/671/222 867/668/221 869/670/222
f 865/673/222 152/671/222 2658/672/222
f 152/671/222 865/673/222 1967/664/221
f 867/668/221 152/671/222 3480/659/221
f 153/675/234 1966/666/234 866/674/234
f 870/677/234 153/675/234 2659/676/234
f 153/675/234 870/677/234 1962/673/234
f 1966/666/234 153/675/234 3475/663/234
f 868/679/222 154/678/221 3483/653/235
f 154/678/221 868/679/222 871/681/221
f 1963/674/222 154/678/221 3476/676/221
f 154/678/221 1963/674/222 1969/654/221
f 1968/660/234 155/682/234 3481/659/234
f 155/682/234 1968/660/234 1965/679/234
f 872/683/234 155/682/234 3482/680/234
f 155/682/234 872/683/234 1964/668/234
f 1959/644/65 156/684/65 3468/648/65
f 156/684/65 1959/644/65 1960/637/65
f 1961/630/65 156/684/65 3460/632/65
f 156/684/65 1961/630/65 1958/649/65
f 157/688/208 880/685/208 892/687/208
f 877/690/208 157/688/208 2672/689/208
f 157/688/208 877/690/208 884/692/210
f 880/685/208 157/688/208 2667/693/208
f 158/695/227 891/694/224 1970/690/226
f 887/696/229 158/695/227 3485/691/228
f 158/695/227 887/696/229 878/698/231
f 891/694/224 158/695/227 2671/699/232
f 1971/698/208 159/700/208 3491/699/209
f 159/700/208 1971/698/208 881/702/208
f 879/704/209 159/700/208 2666/703/209
f 159/700/208 879/704/209 890/701/209
f 160/707/227 889/706/224 1973/685/226
f 882/708/236 160/707/227 3497/693/228
f 160/707/227 882/708/236 1972/704/231
f 889/706/224 160/707/227 3495/705/232
f 161/714/65 883/709/65 904/711/65
f 161/714/65 904/711/65 886/713/65
f 1974/702/65 161/714/65 3490/697/65
f 883/709/65 161/714/65 3494/703/65
f 162/718/65 885/715/65 903/717/65
f 162/718/65 903/717/65 883/709/65
f 1975/708/65 162/718/65 3494/703/65
f 885/715/65 162/718/65 3498/693/65
f 163/722/65 888/719/65 902/721/65
f 163/722/65 902/721/65 885/715/65
f 1976/692/65 163/722/65 3498/693/65
f 888/719/65 163/722/65 3486/691/65
f 164/724/65 886/713/65 901/723/65
f 164/724/65 901/723/65 888/719/65
f 1977/696/65 164/724/65 3486/691/65
f 886/713/65 164/724/65 3490/697/65
f 165/728/222 895/725/221 897/727/222
f 893/730/222 165/728/222 2674/729/222
f 165/728/222 893/730/222 1987/721/221
f 895/725/221 165/728/222 3508/716/221
f 166/732/234 1986/723/234 894/731/234
f 898/734/234 166/732/234 2675/733/234
f 166/732/234 898/734/234 1982/730/234
f 1986/723/234 166/732/234 3503/720/234
f 896/736/222 167/735/221 3511/710/222
f 167/735/221 896/736/222 899/738/221
f 1983/731/222 167/735/221 3504/733/221
f 167/735/221 1983/731/222 1989/711/221
f 1988/717/234 168/739/234 3509/716/234
f 168/739/234 1988/717/234 1985/736/234
f 900/740/234 168/739/234 3510/737/234
f 168/739/234 900/740/234 1984/725/234
f 1979/701/65 169/741/65 3496/705/65
f 169/741/65 1979/701/65 1980/694/65
f 1981/687/65 169/741/65 3488/689/65
f 169/741/65 1981/687/65 1978/706/65
f 170/745/208 908/742/208 920/744/208
f 905/747/208 170/745/208 2688/746/208
f 170/745/208 905/747/208 912/749/210
f 908/742/208 170/745/208 2683/750/208
f 171/752/214 1990/747/237 919/751/213
f 906/754/216 171/752/214 2687/753/238
f 171/752/214 906/754/216 915/756/218
f 1990/747/237 171/752/214 3513/748/240
f 1991/754/208 172/757/208 3519/753/208
f 172/757/208 1991/754/208 909/759/208
f 907/761/209 172/757/208 2682/760/210
f 172/757/208 907/761/209 918/758/209
f 173/764/214 1993/742/211 917/763/213
f 1992/761/216 173/764/214 3523/762/238
f 173/764/214 1992/761/216 910/765/218
f 1993/742/211 173/764/214 3525/750/240
f 174/771/65 911/766/65 932/768/65
f 174/771/65 932/768/65 914/770/65
f 1994/759/65 174/771/65 3518/755/65
f 911/766/65 174/771/65 3522/760/65
f 175/775/65 913/772/65 931/774/65
f 175/775/65 931/774/65 911/766/65
f 1995/765/65 175/775/65 3522/760/65
f 913/772/65 175/775/65 3526/750/65
f 176/779/65 916/776/65 930/778/65
f 176/779/65 930/778/65 913/772/65
f 1996/749/65 176/779/65 3526/750/65
f 916/776/65 176/779/65 3514/748/65
f 177/781/65 914/770/65 929/780/65
f 177/781/65 929/780/65 916/776/65
f 1997/756/65 177/781/65 3514/748/65
f 914/770/65 177/781/65 3518/755/65
f 178/785/222 923/782/221 925/784/222
f 921/787/221 178/785/222 2690/786/222
f 178/785/222 921/787/221 2007/778/221
f 923/782/221 178/785/222 3536/773/221
f 179/789/223 922/788/223 2006/780/223
f 2002/787/223 179/789/223 3531/777/223
f 179/789/223 2002/787/223 926/790/223
f 922/788/223 179/789/223 2691/791/223
f 924/793/222 180/792/221 3539/767/222
f 180/792/221 924/793/222 927/795/221
f 2003/788/222 180/792/221 3532/791/221
f 180/792/221 2003/788/222 2009/768/221
f 2004/782/223 181/796/223 3537/773/223
f 181/796/223 2004/782/223 928/797/223
f 2005/793/223 181/796/223 3538/794/223
f 181/796/223 2005/793/223 2008/774/223
f 1999/758/65 182/798/65 3524/762/65
f 182/798/65 1999/758/65 2000/751/65
f 2001/744/65 182/798/65 3516/746/65
f 182/798/65 2001/744/65 1998/763/65
f 183/802/208 936/799/208 948/801/208
f 933/804/208 183/802/208 2704/803/208
f 183/802/208 933/804/208 940/806/210
f 936/799/208 183/802/208 2699/807/208
f 184/809/227 947/808/224 2010/804/226
f 943/810/229 184/809/227 3541/805/241
f 184/809/227 943/810/229 934/812/231
f 947/808/224 184/809/227 2703/813/242
f 2011/812/208 185/814/208 3547/813/209
f 185/814/208 2011/812/208 937/816/208
f 935/818/208 185/814/208 2698/817/209
f 185/814/208 935/818/208 946/815/208
f 186/821/214 2013/799/211 945/820/213
f 2012/818/216 186/821/214 3551/819/215
f 186/821/214 2012/818/216 938/822/218
f 2013/799/211 186/821/214 3553/807/219
f 187/828/65 939/823/65 960/825/65
f 187/828/65 960/825/65 942/827/65
f 2014/816/65 187/828/65 3546/811/65
f 939/823/65 187/828/65 3550/817/65
f 188/832/65 941/829/65 959/831/65
f 188/832/65 959/831/65 939/823/65
f 2015/822/65 188/832/65 3550/817/65
f 941/829/65 188/832/65 3554/807/65
f 189/836/65 944/833/65 958/835/65
f 189/836/65 958/835/65 941/829/65
f 2016/806/65 189/836/65 3554/807/65
f 944/833/65 189/836/65 3542/805/65
f 190/838/65 942/827/65 957/837/65
f 190/838/65 957/837/65 944/833/65
f 2017/810/65 190/838/65 3542/805/65
f 942/827/65 190/838/65 3546/811/65
f 191/842/222 951/839/221 953/841/222
f 949/844/222 191/842/222 2706/843/222
f 191/842/222 949/844/222 2027/835/221
f 951/839/221 191/842/222 3564/830/221
f 192/846/234 2026/837/234 950/845/234
f 954/848/234 192/846/234 2707/847/234
f 192/846/234 954/848/234 2022/844/234
f 2026/837/234 192/846/234 3559/834/234
f 952/850/222 193/849/221 3567/824/222
f 193/849/221 952/850/222 955/852/221
f 2023/845/222 193/849/221 3560/847/221
f 193/849/221 2023/845/222 2029/825/221
f 2024/839/223 194/853/223 3565/830/223
f 194/853/223 2024/839/223 956/854/223
f 2025/850/223 194/853/223 3566/851/223
f 194/853/223 2025/850/223 2028/831/223
f 2019/815/65 195/855/65 3552/819/65
f 195/855/65 2019/815/65 2020/808/65
f 2021/801/65 195/855/65 3544/803/65
f 195/855/65 2021/801/65 2018/820/65
f 196/859/243 962/856/243 970/858/243
f 965/861/245 196/859/243 2718/860/244
f 196/859/243 965/861/245 969/863/243
f 196/859/243 969/863/243 962/856/243
f 197/866/198 961/865/198 2030/863/198
f 966/867/247 197/866/198 3570/862/246
f 197/866/198 966/867/247 971/869/198
f 961/865/198 197/866/198 2716/870/198
f 198/876/243 2032/869/243 964/871/243
f 198/876/243 964/871/243 972/873/243
f 198/876/243 972/873/243 967/875/249
f 2032/869/243 198/876/243 3574/868/248
f 968/880/251 199/877/198 3572/879/250
f 199/877/198 968/880/251 2033/873/198
f 963/881/198 199/877/198 2717/872/198
f 199/877/198 963/881/198 2031/878/198
f 975/884/252 200/883/252 3572/879/250
f 200/883/252 975/884/252 974/886/251
f 200/883/252 974/886/251 973/888/252
f 968/880/251 200/883/252 3576/874/250
f 2034/888/255 201/889/255 2721/874/248
f 201/889/255 2034/888/255 977/890/249
f 201/889/255 977/890/249 976/892/255
f 967/875/249 201/889/255 3574/868/248
f 966/867/247 202/893/257 2720/868/246
f 978/894/257 202/893/257 3570/862/246
f 202/893/257 978/894/257 979/896/247
f 202/893/257 979/896/247 2036/892/257
f 965/861/245 203/897/260 2719/862/244
f 2035/898/260 203/897/260 2718/860/244
f 203/897/260 2035/898/260 980/900/245
f 203/897/260 980/900/245 2037/894/260
f 204/2546/243 983/901/243 980/900/243
f 204/2546/243 980/900/243 981/902/243
f 204/2546/243 981/902/243 982/904/243
f 204/2546/243 982/904/243 983/901/243
f 205/907/198 985/906/198 979/896/198
f 205/907/198 979/896/198 2040/901/198
f 984/908/198 205/907/198 3583/905/198
f 205/907/198 984/908/198 985/906/198
f 206/911/243 977/890/243 987/910/243
f 986/913/243 206/911/243 2729/912/243
f 206/911/243 986/913/243 2042/906/243
f 977/890/243 206/911/243 2724/891/243
f 2038/915/198 207/914/198 2722/885/198
f 207/914/198 2038/915/198 988/917/198
f 2044/910/198 207/914/198 3587/912/198
f 207/914/198 2044/910/198 974/886/198
f 208/920/263 991/918/263 2045/917/263
f 208/920/263 2045/917/263 989/919/263
f 990/922/263 208/920/263 2731/921/263
f 991/918/263 208/920/263 2730/923/263
f 209/925/263 989/919/263 2043/913/263
f 209/925/263 2043/913/263 992/924/263
f 993/927/263 209/925/263 2732/926/263
f 989/919/263 209/925/263 2731/921/263
f 210/929/263 992/924/263 2041/908/263
f 210/929/263 2041/908/263 994/928/263
f 995/931/263 210/929/263 2733/930/263
f 992/924/263 210/929/263 2732/926/263
f 211/933/263 994/928/263 2039/904/263
f 211/933/263 2039/904/263 991/932/263
f 996/935/263 211/933/263 2730/934/263
f 994/928/263 211/933/263 2733/930/263
f 212/939/243 2049/935/243 999/936/243
f 212/939/243 999/936/243 998/938/243
f 997/941/243 212/939/243 2735/940/243
f 212/939/243 997/941/243 2049/935/243
f 1001/943/198 213/942/198 3593/926/198
f 213/942/198 1001/943/198 1000/945/198
f 213/942/198 1000/945/198 2051/936/198
f 213/942/198 2051/936/198 2048/931/198
f 214/2547/243 1003/946/243 2047/927/243
f 214/2547/243 2047/927/243 2052/943/243
f 214/2547/243 2052/943/243 1002/947/243
f 214/2547/243 1002/947/243 1003/946/243
f 215/950/198 2050/949/198 2046/922/198
f 2053/946/198 215/950/198 3592/921/198
f 215/950/198 2053/946/198 1004/951/198
f 215/950/198 1004/951/198 2050/949/198
f 1006/956/264 216/953/264 2738/955/264
f 216/953/264 1006/956/264 1005/958/264
f 1542/960/264 216/953/264 2740/959/264
f 216/953/264 1542/960/264 1543/954/264
f 1007/965/266 217/962/265 2741/964/266
f 1008/967/265 217/962/265 2742/966/265
f 1541/969/265 217/962/265 2743/968/265
f 217/962/265 1541/969/265 1540/963/265
f 218/972/180 2054/958/180 1009/971/180
f 218/972/180 1009/971/180 2055/967/180
f 1011/973/180 218/972/180 3605/968/180
f 2054/958/180 218/972/180 3602/959/180
f 219/977/180 1010/974/180 2368/976/180
f 1012/979/180 219/977/180 2745/978/180
f 2369/954/180 219/977/180 2744/961/180
f 219/977/180 2369/954/180 1010/974/180
f 220/984/267 1015/980/267 2057/973/268
f 220/984/267 2057/973/268 1013/981/267
f 220/984/267 1013/981/267 1014/983/269
f 1015/980/267 220/984/267 2746/985/269
f 221/987/263 1541/969/263 2058/981/263
f 221/987/263 2058/981/263 1016/986/263
f 1541/969/263 221/987/263 4063/970/263
f 1542/960/263 222/988/263 4064/961/263
f 222/988/263 1542/960/263 2060/980/263
f 222/988/263 2060/980/263 1017/989/263
f 1017/989/263 223/990/263 4064/961/263
f 223/990/263 1017/989/263 1018/992/263
f 223/990/263 1018/992/263 1536/994/263
f 1539/991/263 223/990/263 2751/995/263
f 224/999/263 1016/986/263 1019/996/263
f 224/999/263 1019/996/263 1537/998/263
f 1538/1001/263 224/999/263 2750/1000/263
f 1016/986/263 224/999/263 4063/970/263
f 225/1003/270 2061/992/270 2059/983/270
f 225/1003/270 2059/983/270 2062/996/270
f 225/1003/270 2062/996/270 1020/1002/270
f 2061/992/270 225/1003/270 3615/993/270
f 226/1005/263 1022/1004/263 1536/994/263
f 1535/1006/263 226/1005/263 2748/993/263
f 226/1005/263 1535/1006/263 1021/1008/263
f 1022/1004/263 226/1005/263 2753/1009/263
f 1534/1011/263 227/1010/263 2749/997/263
f 227/1010/263 1534/1011/263 1024/1013/263
f 1023/1015/263 227/1010/263 2754/1014/263
f 227/1010/263 1023/1015/263 1537/998/263
f 228/1017/271 2367/1006/271 1020/1002/271
f 228/1017/271 1020/1002/271 2366/1011/271
f 228/1017/271 2366/1011/271 1025/1016/271
f 2367/1006/271 228/1017/271 3617/1007/271
f 229/1020/276 1501/1018/272 2065/1016/274
f 229/1020/276 2065/1016/274 1502/1019/275
f 1501/1018/272 229/1020/276 4039/1021/277
f 2347/1019/281 230/1022/278 3624/1012/280
f 230/1022/278 2347/1019/281 1503/1023/283
f 230/1022/278 1503/1023/283 2064/1013/279
f 231/1025/289 2063/1008/284 1026/1024/286
f 231/1025/289 1026/1024/286 2346/1018/288
f 2063/1008/284 231/1025/289 3619/1007/289
f 2056/974/291 232/1026/290 3608/955/291
f 1027/1028/290 232/1026/290 3610/975/291
f 232/1026/290 1027/1028/290 1028/1030/290
f 232/1026/290 1028/1030/290 1029/1027/290
f 1009/971/292 233/1032/292 3604/966/292
f 1030/1034/293 233/1032/292 3601/957/292
f 233/1032/292 1030/1034/293 1031/1036/293
f 233/1032/292 1031/1036/293 1032/1033/293
f 2066/1039/294 234/1038/294 2741/964/294
f 234/1038/294 2066/1039/294 1033/1041/296
f 234/1038/294 1033/1041/296 2069/1033/294
f 1007/965/295 234/1038/294 2742/966/295
f 1006/956/299 235/1042/298 2739/957/866
f 2067/1027/298 235/1042/298 2738/955/299
f 235/1042/298 2067/1027/298 1034/1043/300
f 235/1042/298 1034/1043/300 2068/1034/298
f 236/1051/302 1035/1044/301 1042/1046/303
f 236/1051/302 1042/1046/303 1036/1048/301
f 236/1051/302 1036/1048/301 1041/1050/301
f 1035/1044/301 236/1051/302 2762/1052/304
f 237/1055/305 1037/1053/305 2070/1050/306
f 237/1055/305 2070/1050/306 1038/1054/305
f 1043/1057/305 237/1055/305 2767/1056/305
f 237/1055/305 1043/1057/305 1037/1053/305
f 238/1064/307 2071/1046/307 1040/1059/307
f 238/1064/307 1040/1059/307 1044/1061/307
f 238/1064/307 1044/1061/307 1039/1063/307
f 2071/1046/307 238/1064/307 3631/1045/307
f 239/2548/301 1045/1065/302 1052/1067/302
f 239/2548/301 1052/1067/302 1046/1069/301
f 239/2548/301 1046/1069/301 1051/1071/304
f 239/2548/301 1051/1071/304 1045/1065/302
f 240/1075/305 1047/1073/305 2072/1071/305
f 240/1075/305 2072/1071/305 1048/1074/305
f 1053/1077/305 240/1075/305 2775/1076/305
f 240/1075/305 1053/1077/305 1047/1073/305
f 241/2549/307 2073/1067/308 1050/1079/307
f 241/2549/307 1050/1079/307 1054/1081/307
f 241/2549/307 1054/1081/307 1049/1083/307
f 241/2549/307 1049/1083/307 2073/1067/308
f 242/1087/301 1055/1084/301 1062/1086/302
f 1056/1089/302 242/1087/301 2781/1088/303
f 242/1087/301 1056/1089/302 1061/1091/304
f 242/1087/301 1061/1091/304 1055/1084/301
f 243/1095/305 1057/1093/305 2074/1091/305
f 243/1095/305 2074/1091/305 1058/1094/305
f 1063/1097/305 243/1095/305 2783/1096/305
f 243/1095/305 1063/1097/305 1057/1093/305
f 244/1100/307 2075/1086/307 1060/1099/307
f 1064/1102/307 244/1100/307 2784/1101/307
f 244/1100/307 1064/1102/307 1059/1104/307
f 2075/1086/307 244/1100/307 3639/1085/310
f 245/1112/301 1065/1105/301 1072/1107/302
f 245/1112/301 1072/1107/302 1066/1109/301
f 245/1112/301 1066/1109/301 1071/1111/301
f 1065/1105/301 245/1112/301 2786/1113/304
f 246/1116/305 1067/1114/305 2076/1111/305
f 246/1116/305 2076/1111/305 1068/1115/305
f 1073/1118/305 246/1116/305 2791/1117/305
f 246/1116/305 1073/1118/305 1067/1114/305
f 247/1125/308 2077/1107/307 1070/1120/307
f 247/1125/308 1070/1120/307 1074/1122/308
f 247/1125/308 1074/1122/308 1069/1124/307
f 2077/1107/307 247/1125/308 3643/1106/307
f 248/1131/302 1075/1126/304 1082/1128/303
f 248/1131/302 1082/1128/303 1076/1130/301
f 1081/1133/301 248/1131/302 2798/1132/304
f 1075/1126/304 248/1131/302 2794/1134/304
f 249/2550/311 1077/1135/311 2078/1133/311
f 249/2550/311 2078/1133/311 1078/1136/311
f 249/2550/311 1078/1136/311 1083/1138/311
f 249/2550/311 1083/1138/311 1077/1135/311
f 1080/1141/312 250/1140/312 3648/1129/312
f 250/1140/312 1080/1141/312 1084/1143/312
f 250/1140/312 1084/1143/312 1079/1145/312
f 2079/1128/312 250/1140/312 3647/1127/312
f 251/1153/301 1085/1146/304 1092/1148/301
f 251/1153/301 1092/1148/301 1086/1150/304
f 251/1153/301 1086/1150/304 1091/1152/304
f 1085/1146/304 251/1153/301 2802/1154/304
f 252/2551/305 1087/1155/305 2080/1152/305
f 252/2551/305 2080/1152/305 1088/1156/305
f 252/2551/305 1088/1156/305 1093/1158/305
f 252/2551/305 1093/1158/305 1087/1155/305
f 253/1165/307 2081/1148/307 1090/1160/307
f 253/1165/307 1090/1160/307 1094/1162/307
f 253/1165/307 1094/1162/307 1089/1164/307
f 2081/1148/307 253/1165/307 3651/1147/307
f 1095/1169/316 254/1166/313 2809/1168/315
f 254/1166/313 1095/1169/316 1109/1171/318
f 1096/1173/320 254/1166/313 2817/1172/319
f 254/1166/313 1096/1173/320 1110/1167/314
f 1097/1176/325 255/1175/322 3674/1170/324
f 255/1175/322 1097/1176/325 1111/1178/327
f 255/1175/322 1111/1178/327 1098/1180/329
f 2089/1171/323 255/1175/322 3656/1172/330
f 1099/1184/334 256/1181/331 3676/1183/333
f 256/1181/331 1099/1184/334 1112/1186/336
f 256/1181/331 1112/1186/336 1100/1188/338
f 2091/1182/332 256/1181/331 3659/1189/339
f 257/1191/343 2092/1186/340 1101/1190/342
f 1113/1193/345 257/1191/343 2813/1192/344
f 257/1191/343 1113/1193/345 1102/1195/347
f 2092/1186/340 257/1191/343 3662/1187/348
f 258/1197/352 1103/1196/349 2093/1193/351
f 1104/1198/354 258/1197/352 3665/1194/353
f 258/1197/352 1104/1198/354 1114/1200/356
f 1103/1196/349 258/1197/352 2814/1201/357
f 259/1203/361 1105/1202/358 2094/1200/360
f 1106/1204/363 259/1203/361 3668/1199/362
f 259/1203/361 1106/1204/363 1115/1206/365
f 1105/1202/358 259/1203/361 2815/1207/366
f 2090/1167/370 260/1208/367 3653/1174/369
f 260/1208/367 2090/1167/370 1107/1210/372
f 2095/1206/374 260/1208/367 3680/1207/373
f 260/1208/367 2095/1206/374 1108/1209/368
f 2088/1209/379 261/1211/376 3654/1174/378
f 261/1211/376 2088/1209/379 1116/1213/381
f 1117/1215/383 261/1211/376 2824/1214/382
f 1118/1212/377 261/1211/376 2823/1216/384
f 262/1217/388 2087/1204/385 2096/1213/387
f 1120/1218/390 262/1217/388 3681/1214/389
f 1119/1220/392 262/1217/388 2825/1219/391
f 262/1217/388 1119/1220/392 2087/1204/385
f 263/1221/397 2086/1198/394 2098/1220/396
f 1122/1222/399 263/1221/397 3684/1219/398
f 263/1221/397 1122/1222/399 1121/1224/401
f 2086/1198/394 263/1221/397 3666/1194/402
f 264/1226/408 2099/1224/403 2085/1195/405
f 264/1226/408 2085/1195/405 1123/1225/407
f 1124/1228/410 264/1226/408 2827/1227/409
f 2099/1224/403 264/1226/408 3685/1223/411
f 265/1231/413 1125/1229/412 2083/1180/413
f 265/1231/413 2083/1180/413 1127/1230/415
f 1128/1233/413 265/1231/413 2829/1232/416
f 1125/1229/412 265/1231/413 2828/1234/417
f 2082/1173/421 266/1235/418 3658/1172/420
f 266/1235/418 2082/1173/421 2097/1212/423
f 1129/1236/425 266/1235/418 3682/1216/424
f 266/1235/418 1129/1236/425 2104/1230/419
f 2106/1236/430 267/1237/427 3694/1232/429
f 267/1237/427 2106/1236/430 1130/1239/432
f 1131/1241/434 267/1237/427 2831/1240/433
f 267/1237/427 1131/1241/434 1132/1238/428
f 268/1244/438 1134/1243/436 2105/1233/438
f 2108/1238/438 268/1244/438 3695/1232/438
f 268/1244/438 2108/1238/438 1133/1245/438
f 1134/1243/436 268/1244/438 2832/1246/439
f 1126/1249/441 269/1247/440 3687/1227/440
f 269/1247/440 1126/1249/441 2109/1251/440
f 1135/1253/440 269/1247/440 3698/1252/442
f 269/1247/440 1135/1253/440 1136/1248/440
f 2101/1228/444 270/1255/444 3686/1223/446
f 270/1255/444 2101/1228/444 2110/1248/444
f 1137/1257/445 270/1255/444 3699/1254/444
f 270/1255/444 1137/1257/445 1138/1256/445
f 271/1260/449 1122/1222/399 1140/1259/448
f 1139/1262/451 271/1260/449 2835/1261/450
f 271/1260/449 1139/1262/451 2111/1256/453
f 1122/1222/399 271/1260/449 2826/1223/400
f 1142/1264/455 272/1263/454 3681/1214/389
f 272/1263/454 1142/1264/455 1141/1266/456
f 2112/1259/456 272/1263/454 3701/1261/456
f 272/1263/454 2112/1259/456 1120/1218/390
f 273/1267/457 2107/1239/457 1117/1215/383
f 2113/1264/458 273/1267/457 2824/1214/382
f 273/1267/457 2113/1264/458 1143/1268/457
f 2107/1239/457 273/1267/457 3696/1240/457
f 274/1272/459 1145/1269/459 1146/1271/459
f 1147/1274/459 274/1272/459 2840/1273/459
f 274/1272/459 1147/1274/459 1144/1276/459
f 1145/1269/459 274/1272/459 2838/1277/459
f 1154/1281/462 275/1278/460 3725/1280/461
f 1157/1283/460 275/1278/460 2849/1282/463
f 275/1278/460 1157/1283/460 1511/1279/460
f 276/1287/469 1152/1285/464 2121/1283/466
f 276/1287/469 2121/1283/466 1155/1286/468
f 1158/1289/471 276/1287/469 2850/1288/470
f 1152/1285/464 276/1287/469 2846/1290/472
f 1156/1294/474 277/1291/473 3722/1293/461
f 2122/1289/473 277/1291/473 3720/1288/475
f 277/1291/473 2122/1289/473 1510/1292/473
f 278/1296/462 1156/1294/474 1161/1295/462
f 1160/1298/476 278/1296/462 2851/1297/476
f 278/1296/462 1160/1298/476 1159/1300/462
f 1156/1294/474 278/1296/462 3720/1288/475
f 1155/1286/468 279/1301/477 2850/1288/470
f 279/1301/477 1155/1286/468 1162/1302/478
f 1163/1304/479 279/1301/477 2853/1303/479
f 279/1301/477 1163/1304/479 2123/1300/477
f 1154/1281/462 280/1305/481 2849/1282/463
f 280/1305/481 1154/1281/462 1164/1306/482
f 1165/1308/476 280/1305/481 2854/1307/476
f 280/1305/481 1165/1308/476 2125/1302/481
f 281/1312/486 1153/1309/483 2126/1311/485
f 1166/1314/488 281/1312/486 3726/1313/867
f 281/1312/486 1166/1314/488 2124/1295/490
f 1153/1309/483 281/1312/486 2847/1293/491
f 282/1318/493 1166/1314/492 1169/1315/493
f 282/1318/493 1169/1315/493 1168/1317/494
f 1167/1320/495 282/1318/493 2855/1319/494
f 1166/1314/492 282/1318/493 3723/1297/492
f 1165/1308/476 283/1321/496 3724/1303/476
f 283/1321/496 1165/1308/476 2128/1323/496
f 1170/1325/496 283/1321/496 3728/1324/496
f 283/1321/496 1170/1325/496 1171/1322/496
f 1163/1304/479 284/1327/497 3721/1299/480
f 284/1327/497 1163/1304/479 2129/1322/497
f 284/1327/497 2129/1322/497 1172/1329/498
f 1173/1328/497 284/1327/497 2858/1330/498
f 285/1331/496 1160/1298/476 2127/1320/496
f 1174/1332/496 285/1331/496 3727/1319/496
f 285/1331/496 1174/1332/496 2130/1328/496
f 1160/1298/476 285/1331/496 2852/1299/476
f 286/1336/499 1182/1333/499 1187/1335/501
f 1176/1338/499 286/1336/499 2865/1337/501
f 286/1336/499 1176/1338/499 1175/1340/499
f 1182/1333/499 286/1336/499 2862/1341/499
f 1185/1343/504 287/1342/502 3732/1337/504
f 287/1342/502 1185/1343/504 1178/1345/505
f 287/1342/502 1178/1345/505 1177/1347/506
f 2131/1338/503 287/1342/502 3731/1339/506
f 2132/1345/499 288/1348/499 3734/1344/501
f 288/1348/499 2132/1345/499 1179/1350/499
f 1180/1352/499 288/1348/499 2861/1351/499
f 288/1348/499 1180/1352/499 1184/1349/501
f 289/1356/512 1183/1354/507 2133/1352/509
f 289/1356/512 2133/1352/509 1181/1355/511
f 2134/1358/512 289/1356/512 3737/1357/511
f 1183/1354/507 289/1356/512 3738/1359/507
f 290/1363/516 1194/1360/513 1509/1362/515
f 1183/1354/518 290/1363/516 3736/1353/868
f 290/1363/516 1183/1354/518 1507/1364/520
f 1194/1360/513 290/1363/516 4041/1365/521
f 1186/1369/522 291/1366/522 2868/1368/524
f 291/1366/522 1186/1369/522 1184/1349/501
f 2349/1362/522 291/1366/522 2863/1353/500
f 291/1366/522 2349/1362/522 1508/1367/523
f 1191/1373/527 292/1370/477 2867/1372/526
f 292/1370/477 1191/1373/527 2135/1369/477
f 1185/1343/504 292/1370/477 2864/1344/504
f 292/1370/477 1185/1343/504 1188/1371/477
f 293/1377/522 2348/1374/529 1506/1376/523
f 2136/1371/522 293/1377/522 3740/1372/530
f 293/1377/522 2136/1371/522 1187/1335/501
f 2348/1374/529 293/1377/522 2866/1334/500
f 1193/1379/531 294/1378/531 2872/1375/525
f 294/1378/531 1193/1379/531 1189/1381/531
f 1506/1376/523 294/1378/531 3740/1372/530
f 295/1385/535 1192/1382/532 1190/1384/534
f 295/1385/535 1190/1384/534 1191/1373/527
f 2137/1381/536 295/1385/535 2867/1372/526
f 1192/1382/532 295/1385/535 3741/1380/537
f 1195/1387/531 296/1386/531 4042/1361/525
f 296/1386/531 1195/1387/531 2138/1384/531
f 1508/1367/523 296/1386/531 2868/1368/524
f 297/1391/243 1203/1388/243 1204/1390/243
f 1206/1393/243 297/1391/243 3754/1392/243
f 297/1391/243 1206/1393/243 1205/1395/243
f 1203/1388/243 297/1391/243 3748/1396/243
f 1197/1400/198 298/1397/198 2873/1399/198
f 298/1397/198 1197/1400/198 2144/1402/198
f 1199/1404/198 298/1397/198 2878/1403/198
f 298/1397/198 1199/1404/198 1196/1398/198
f 299/1409/180 1200/1406/180 1201/1408/180
f 2146/1411/180 299/1409/180 2879/1410/180
f 299/1409/180 2146/1411/180 1202/1413/180
f 1200/1406/180 299/1409/180 2876/1414/180
f 1209/1416/263 300/1415/263 3749/1396/263
f 300/1415/263 1209/1416/263 1208/1418/263
f 300/1415/263 1208/1418/263 1207/1420/263
f 2145/1395/263 300/1415/263 3752/1394/263
f 1207/1422/263 301/1421/263 3752/1410/263
f 301/1421/263 1207/1422/263 1211/1424/263
f 301/1421/263 1211/1424/263 1210/1426/263
f 2143/1408/263 301/1421/263 2875/1407/263
f 1213/1428/263 302/1427/263 3744/1405/263
f 302/1427/263 1213/1428/263 1212/1430/263
f 302/1427/263 1212/1430/263 1209/1432/263
f 2141/1404/263 302/1427/263 3749/1403/263
f 1210/1426/263 303/1433/263 2875/1407/263
f 303/1433/263 1210/1426/263 1214/1435/263
f 303/1433/263 1214/1435/263 1213/1428/263
f 1198/1434/538 303/1433/263 3744/1405/263
f 304/1438/65 1217/1436/65 2150/1435/65
f 304/1438/65 2150/1435/65 1215/1437/65
f 1216/1440/65 304/1438/65 2885/1439/65
f 304/1438/65 1216/1440/65 1217/1436/65
f 305/1443/198 2151/1437/198 2149/1430/198
f 305/1443/198 2149/1430/198 1218/1442/198
f 1219/1445/198 305/1443/198 2887/1444/198
f 305/1443/198 1219/1445/198 2151/1437/198
f 306/2552/180 1221/1446/180 2148/1424/180
f 306/2552/180 2148/1424/180 2153/1436/180
f 306/2552/180 2153/1436/180 1220/1447/180
f 306/2552/180 1220/1447/180 1221/1446/180
f 307/1451/243 2154/1449/243 2147/1418/243
f 307/1451/243 2147/1418/243 2157/1450/243
f 1222/1453/243 307/1451/243 3769/1452/243
f 307/1451/243 1222/1453/243 2154/1449/243
f 308/1457/263 1225/1455/263 2158/1453/263
f 308/1457/263 2158/1453/263 1223/1456/263
f 1224/1459/263 308/1457/263 2890/1458/263
f 1225/1455/263 308/1457/263 2889/1460/263
f 309/1463/263 1223/1461/263 2156/1447/263
f 309/1463/263 2156/1447/263 1226/1462/263
f 1227/1465/263 309/1463/263 2891/1464/263
f 1223/1461/263 309/1463/263 2890/1466/263
f 310/1469/263 1229/1467/263 2155/1445/263
f 310/1469/263 2155/1445/263 1225/1468/263
f 1228/1471/263 310/1469/263 2889/1470/263
f 1229/1467/263 310/1469/263 2892/1472/263
f 311/1473/263 1226/1462/263 2152/1440/263
f 311/1473/263 2152/1440/263 1229/1467/263
f 1230/1474/263 311/1473/263 2892/1472/263
f 1226/1462/263 311/1473/263 2891/1464/263
f 312/2553/539 1244/1475/539 1247/1477/539
f 312/2553/539 1247/1477/539 1246/1479/539
f 312/2553/539 1246/1479/539 1245/1481/539
f 312/2553/539 1245/1481/539 1244/1475/539
f 313/1487/65 1255/1483/65 1252/1485/65
f 313/1487/65 1252/1485/65 1253/1486/65
f 1254/1489/65 313/1487/65 2906/1488/65
f 1255/1483/65 313/1487/65 2905/1490/65
f 314/1494/65 1257/1491/65 1251/1493/65
f 314/1494/65 1251/1493/65 1255/1483/65
f 1256/1495/65 314/1494/65 2905/1490/65
f 1257/1491/65 314/1494/65 2907/1496/65
f 315/1499/65 1259/1497/65 1249/1498/65
f 315/1499/65 1249/1498/65 1257/1491/65
f 1258/1500/65 315/1499/65 2907/1496/65
f 1259/1497/65 315/1499/65 2908/1501/65
f 316/1502/65 1253/1486/65 2172/1479/65
f 316/1502/65 2172/1479/65 1259/1497/65
f 1260/1503/65 316/1502/65 2908/1501/65
f 1253/1486/65 316/1502/65 2906/1488/65
f 317/1505/263 1263/1504/263 2182/1503/263
f 1261/1506/263 317/1505/263 3813/1501/263
f 317/1505/263 1261/1506/263 1262/1508/263
f 1263/1504/263 317/1505/263 2909/1509/263
f 318/1510/540 2181/1500/540 2183/1506/540
f 1265/1511/540 318/1510/540 3815/1507/541
f 318/1510/540 1265/1511/540 1264/1513/540
f 2181/1500/540 318/1510/540 3811/1496/540
f 2186/1513/263 319/1514/263 3812/1496/263
f 319/1514/263 2186/1513/263 1267/1515/263
f 1266/1517/263 319/1514/263 2912/1516/263
f 319/1514/263 1266/1517/263 2180/1495/263
f 320/1519/543 2179/1489/542 2188/1517/543
f 320/1519/543 2188/1517/543 1268/1518/543
f 2185/1504/543 320/1519/543 3817/1509/542
f 320/1519/543 2185/1504/543 2179/1489/542
f 321/1520/65 2190/1518/65 2184/1508/65
f 2187/1511/65 321/1520/65 3816/1507/65
f 321/1520/65 2187/1511/65 2189/1515/65
f 2190/1518/65 321/1520/65 3822/1516/65
f 322/1523/180 1271/1521/180 2178/1485/180
f 322/1523/180 2178/1485/180 1269/1522/180
f 1270/1525/180 322/1523/180 2913/1524/180
f 1271/1521/180 322/1523/180 2914/1526/180
f 323/1530/180 1269/1522/180 1250/1527/180
f 323/1530/180 1250/1527/180 1272/1529/180
f 1273/1532/180 323/1530/180 2915/1531/180
f 1269/1522/180 323/1530/180 2913/1524/180
f 324/1536/180 1275/1533/180 2173/1535/180
f 324/1536/180 2173/1535/180 1271/1521/180
f 1274/1537/180 324/1536/180 2914/1526/180
f 1275/1533/180 324/1536/180 2916/1538/180
f 325/1540/180 1272/1529/180 1239/1539/180
f 325/1540/180 1239/1539/180 1275/1533/180
f 1276/1541/180 325/1540/180 2916/1538/180
f 1272/1529/180 325/1540/180 2915/1531/180
f 2194/1541/65 326/1542/65 3827/1531/65
f 326/1542/65 2194/1541/65 1277/1544/65
f 1278/1546/65 326/1542/65 2918/1545/65
f 326/1542/65 1278/1546/65 1279/1543/65
f 2193/1537/263 327/1548/263 3830/1538/263
f 327/1548/263 2193/1537/263 1280/1549/263
f 1281/1551/263 327/1548/263 2919/1550/263
f 327/1548/263 1281/1551/263 2195/1544/263
f 328/1553/263 2192/1532/263 1283/1552/263
f 1282/1555/263 328/1553/263 2920/1554/263
f 328/1553/263 1282/1555/263 2197/1543/263
f 2192/1532/263 328/1553/263 3828/1531/263
f 329/1556/65 2191/1525/65 2198/1549/65
f 1284/1557/65 329/1556/65 3835/1550/65
f 329/1556/65 1284/1557/65 2201/1552/65
f 2191/1525/65 329/1556/65 3824/1524/65
f 330/1558/544 2200/1555/544 2196/1546/544
f 2199/1551/544 330/1558/544 3832/1545/544
f 330/1558/544 2199/1551/544 2202/1557/544
f 2200/1555/544 330/1558/544 3838/1554/544
f 331/1561/198 1287/1559/198 2175/1498/198
f 331/1561/198 2175/1498/198 1285/1560/198
f 1286/1563/198 331/1561/198 2921/1562/198
f 1287/1559/198 331/1561/198 2922/1564/198
f 332/1568/198 1289/1565/198 1248/1567/198
f 332/1568/198 1248/1567/198 1287/1559/198
f 1288/1569/198 332/1568/198 2922/1564/198
f 1289/1565/198 332/1568/198 2923/1570/198
f 333/1574/198 1285/1560/198 2171/1571/198
f 333/1574/198 2171/1571/198 1290/1573/198
f 1291/1576/198 333/1574/198 2924/1575/198
f 1285/1560/198 333/1574/198 2921/1562/198
f 334/1578/198 1290/1573/198 1242/1577/198
f 334/1578/198 1242/1577/198 1289/1565/198
f 1292/1579/198 334/1578/198 2923/1570/198
f 1290/1573/198 334/1578/198 2924/1575/198
f 335/1582/65 1295/1580/65 2206/1579/65
f 335/1582/65 2206/1579/65 1293/1581/65
f 1294/1584/65 335/1582/65 2925/1583/65
f 335/1582/65 1294/1584/65 1295/1580/65
f 336/1587/263 1297/1586/263 2205/1576/263
f 336/1587/263 2205/1576/263 2209/1580/263
f 1296/1588/263 336/1587/263 3849/1585/263
f 336/1587/263 1296/1588/263 1297/1586/263
f 2207/1581/263 337/1590/263 3844/1570/263
f 337/1590/263 2207/1581/263 1299/1591/263
f 337/1590/263 1299/1591/263 1298/1593/263
f 2204/1569/263 337/1590/263 3841/1564/263
f 2212/1593/65 338/1594/65 3842/1564/65
f 338/1594/65 2212/1593/65 1300/1595/65
f 2211/1586/65 338/1594/65 3851/1589/65
f 338/1594/65 2211/1586/65 2203/1563/65
f 339/1596/198 2210/1588/198 2208/1584/198
f 339/1596/198 2208/1584/198 2213/1591/198
f 339/1596/198 2213/1591/198 2214/1595/198
f 2210/1588/198 339/1596/198 3852/1589/198
f 340/1601/65 1303/1597/65 1240/1598/65
f 340/1601/65 1240/1598/65 1301/1600/65
f 1302/1603/65 340/1601/65 2930/1602/65
f 1303/1597/65 340/1601/65 2929/1604/65
f 341/1606/65 1305/1605/65 2169/1539/65
f 341/1606/65 2169/1539/65 1303/1597/65
f 1304/1607/65 341/1606/65 2929/1604/65
f 1305/1605/65 341/1606/65 2931/1608/65
f 342/1612/65 1307/1609/65 1238/1611/65
f 342/1612/65 1238/1611/65 1305/1605/65
f 1306/1613/65 342/1612/65 2931/1608/65
f 1307/1609/65 342/1612/65 2932/1614/65
f 343/1616/65 1301/1600/65 1232/1615/65
f 343/1616/65 1232/1615/65 1307/1609/65
f 1308/1617/65 343/1616/65 2932/1614/65
f 1301/1600/65 343/1616/65 2930/1602/65
f 344/1621/545 2218/1617/545 1311/1618/545
f 344/1621/545 1311/1618/545 1310/1620/545
f 1309/1623/546 344/1621/545 2934/1622/546
f 344/1621/545 1309/1623/546 2218/1617/545
f 345/1624/263 2219/1623/263 2217/1613/263
f 1312/1625/263 345/1624/263 3859/1608/263
f 345/1624/263 1312/1625/263 1313/1627/263
f 2219/1623/263 345/1624/263 3863/1622/263
f 346/1628/545 2222/1625/545 2216/1607/545
f 1314/1629/545 346/1628/545 3855/1604/545
f 346/1628/545 1314/1629/545 1315/1631/545
f 346/1628/545 1315/1631/545 2222/1625/545
f 2224/1629/263 347/1632/263 3856/1604/263
f 347/1632/263 2224/1629/263 1316/1633/263
f 2221/1618/263 347/1632/263 3865/1619/263
f 347/1632/263 2221/1618/263 2215/1603/263
f 2220/1620/65 348/1634/65 3866/1619/65
f 348/1634/65 2220/1620/65 2223/1627/65
f 2225/1631/65 348/1634/65 3868/1626/65
f 348/1634/65 2225/1631/65 2226/1633/65
f 349/1639/65 1319/1635/65 1243/1636/65
f 349/1639/65 1243/1636/65 1317/1638/65
f 1318/1641/65 349/1639/65 2937/1640/65
f 1319/1635/65 349/1639/65 2938/1642/65
f 350/1644/65 1321/1643/65 2170/1577/65
f 350/1644/65 2170/1577/65 1319/1635/65
f 1320/1645/65 350/1644/65 2938/1642/65
f 1321/1643/65 350/1644/65 2939/1646/65
f 351/1650/65 1323/1647/65 1241/1649/65
f 351/1650/65 1241/1649/65 1321/1643/65
f 1322/1651/65 351/1650/65 2939/1646/65
f 1323/1647/65 351/1650/65 2940/1652/65
f 352/1654/65 1317/1638/65 1231/1653/65
f 352/1654/65 1231/1653/65 1323/1647/65
f 1324/1655/65 352/1654/65 2940/1652/65
f 1317/1638/65 352/1654/65 2937/1640/65
f 353/1657/547 2230/1655/547 1327/1656/548
f 1326/1659/547 353/1657/547 2941/1658/548
f 353/1657/547 1326/1659/547 1325/1661/547
f 2230/1655/547 353/1657/547 3877/1652/547
f 2231/1661/263 354/1662/263 3878/1652/263
f 354/1662/263 2231/1661/263 1329/1663/263
f 1328/1665/263 354/1662/263 2943/1664/263
f 354/1662/263 1328/1665/263 2229/1651/263
f 2228/1645/198 355/1666/198 3876/1646/198
f 355/1666/198 2228/1645/198 1330/1667/198
f 1331/1669/198 355/1666/198 2944/1668/198
f 355/1666/198 1331/1669/198 2234/1665/198
f 356/1670/263 2236/1667/263 2227/1641/263
f 2233/1656/263 356/1670/263 3872/1640/263
f 356/1670/263 2233/1656/263 1332/1671/263
f 2236/1667/263 356/1670/263 3885/1668/263
f 2232/1659/65 357/1672/65 3882/1658/65
f 357/1672/65 2232/1659/65 2235/1663/65
f 2237/1669/65 357/1672/65 3884/1664/65
f 357/1672/65 2237/1669/65 2238/1671/65
f 358/1678/550 1335/1673/549 1234/1675/550
f 358/1678/550 1234/1675/550 1333/1677/552
f 1334/1680/550 358/1678/550 2945/1679/553
f 1335/1673/549 358/1678/550 2946/1681/554
f 359/1685/556 1337/1682/555 1233/1684/556
f 359/1685/556 1233/1684/556 1335/1673/549
f 1336/1686/556 359/1685/556 2946/1681/554
f 1337/1682/555 359/1685/556 2947/1687/555
f 360/1691/557 1333/1677/552 2162/1688/557
f 360/1691/557 2162/1688/557 1338/1690/559
f 1339/1693/557 360/1691/557 2948/1692/559
f 1333/1677/552 360/1691/557 2945/1679/553
f 361/1695/560 1338/1690/559 2161/1694/560
f 361/1695/560 2161/1694/560 1337/1682/555
f 1340/1696/560 361/1695/560 2947/1687/555
f 1338/1690/559 361/1695/560 2948/1692/559
f 2242/1696/263 362/1697/263 3893/1692/263
f 362/1697/263 2242/1696/263 1341/1699/263
f 1342/1701/263 362/1697/263 2950/1700/263
f 362/1697/263 1342/1701/263 1343/1698/263
f 363/1704/65 2241/1693/65 1345/1703/65
f 1344/1706/65 363/1704/65 2951/1705/65
f 363/1704/65 1344/1706/65 2245/1698/65
f 2241/1693/65 363/1704/65 3894/1692/65
f 2243/1699/243 364/1707/243 3892/1687/243
f 364/1707/243 2243/1699/243 1347/1708/243
f 1346/1710/243 364/1707/243 2952/1709/243
f 364/1707/243 1346/1710/243 2240/1686/243
f 365/1711/263 2239/1680/263 2248/1710/263
f 1348/1712/263 365/1711/263 3901/1709/263
f 365/1711/263 1348/1712/263 2247/1703/263
f 2239/1680/263 365/1711/263 3888/1679/263
f 366/1713/198 2246/1706/198 2244/1701/198
f 2249/1708/198 366/1713/198 3896/1700/198
f 366/1713/198 2249/1708/198 2250/1712/198
f 366/1713/198 2250/1712/198 2246/1706/198
f 367/1718/243 1351/1714/243 1237/1716/243
f 367/1718/243 1237/1716/243 1349/1717/243
f 1350/1720/243 367/1718/243 2953/1719/243
f 1351/1714/243 367/1718/243 2954/1721/243
f 368/1725/243 1353/1722/243 1236/1724/243
f 368/1725/243 1236/1724/243 1351/1714/243
f 1352/1726/243 368/1725/243 2954/1721/243
f 1353/1722/243 368/1725/243 2955/1727/243
f 369/1729/243 1349/1717/243 2164/1684/243
f 369/1729/243 2164/1684/243 1354/1728/243
f 1355/1731/243 369/1729/243 2956/1730/243
f 1349/1717/243 369/1729/243 2953/1719/243
f 370/1733/243 1354/1728/243 2159/1732/243
f 370/1733/243 2159/1732/243 1353/1722/243
f 1356/1734/243 370/1733/243 2955/1727/243
f 1354/1728/243 370/1733/243 2956/1730/243
f 371/1736/263 1359/1735/263 2254/1734/263
f 1357/1737/263 371/1736/263 3907/1727/263
f 371/1736/263 1357/1737/263 1358/1739/263
f 1359/1735/263 371/1736/263 2957/1740/263
f 372/1742/561 2253/1731/561 1361/1741/562
f 1360/1744/562 372/1742/561 2959/1743/562
f 372/1742/561 1360/1744/562 2257/1735/561
f 372/1742/561 2257/1735/561 2253/1731/561
f 2255/1737/563 373/1745/563 3908/1727/563
f 373/1745/563 2255/1737/563 1363/1746/563
f 373/1745/563 1363/1746/563 1362/1748/563
f 373/1745/563 1362/1748/563 2252/1726/563
f 2260/1748/263 374/1749/263 3906/1721/263
f 374/1749/263 2260/1748/263 1364/1750/263
f 2259/1741/263 374/1749/263 3915/1743/263
f 374/1749/263 2259/1741/263 2251/1720/263
f 2256/1739/243 375/1751/243 3914/1740/243
f 375/1751/243 2256/1739/243 2261/1746/243
f 2262/1750/243 375/1751/243 3918/1747/243
f 375/1751/243 2262/1750/243 2258/1744/243
f 376/1754/180 1367/1752/180 2167/1724/180
f 376/1754/180 2167/1724/180 1365/1753/180
f 1366/1756/180 376/1754/180 2961/1755/180
f 1367/1752/180 376/1754/180 2962/1757/180
f 377/1761/180 1369/1758/180 1235/1760/180
f 377/1761/180 1235/1760/180 1367/1752/180
f 1368/1762/180 377/1761/180 2962/1757/180
f 1369/1758/180 377/1761/180 2963/1763/180
f 378/1767/180 1371/1764/180 2163/1766/180
f 378/1767/180 2163/1766/180 1369/1758/180
f 1370/1768/180 378/1767/180 2963/1763/180
f 1371/1764/180 378/1767/180 2964/1769/180
f 379/1771/180 1365/1753/180 2160/1770/180
f 379/1771/180 2160/1770/180 1371/1764/180
f 1372/1772/180 379/1771/180 2964/1769/180
f 1365/1753/180 379/1771/180 2961/1755/180
f 380/2554/263 1375/1773/263 2266/1772/263
f 380/2554/263 2266/1772/263 1373/1774/263
f 380/2554/263 1373/1774/263 1374/1776/263
f 380/2554/263 1374/1776/263 1375/1773/263
f 381/1778/65 2265/1768/65 2267/1774/65
f 1377/1779/65 381/1778/65 3927/1775/65
f 381/1778/65 1377/1779/65 1376/1781/65
f 381/1778/65 1376/1781/65 2265/1768/65
f 382/1783/263 2264/1762/263 2270/1781/263
f 382/1783/263 2270/1781/263 1379/1782/263
f 1378/1785/263 382/1783/263 2968/1784/263
f 382/1783/263 1378/1785/263 2264/1762/263
f 383/1786/243 2263/1756/243 2272/1785/243
f 1380/1787/243 383/1786/243 3933/1784/243
f 383/1786/243 1380/1787/243 2269/1773/243
f 383/1786/243 2269/1773/243 2263/1756/243
f 384/1788/180 2274/1787/180 2268/1776/180
f 384/1788/180 2268/1776/180 2271/1779/180
f 384/1788/180 2271/1779/180 2273/1782/180
f 2274/1787/180 384/1788/180 3934/1784/180
f 1383/1790/567 385/1789/564 3805/1484/566
f 385/1789/564 1383/1790/567 1382/1792/569
f 385/1789/564 1382/1792/569 1381/1794/571
f 2177/1493/565 385/1789/564 3802/1492/572
f 386/1796/576 2176/1527/573 1520/1795/575
f 1521/1798/578 386/1796/576 4045/1797/577
f 386/1796/576 1521/1798/578 2277/1790/580
f 2176/1527/573 386/1796/576 3806/1484/581
f 2275/1794/585 387/1799/582 3803/1492/584
f 387/1799/582 2275/1794/585 1518/1800/587
f 1519/1802/589 387/1799/582 4048/1801/588
f 387/1799/582 1519/1802/589 2174/1567/583
f 1386/1804/591 388/1803/591 3784/1674/591
f 388/1803/591 1386/1804/591 1385/1806/591
f 388/1803/591 1385/1806/591 1384/1808/591
f 2168/1716/591 388/1803/591 3787/1715/591
f 2278/1808/592 389/1809/592 3788/1715/592
f 389/1809/592 2278/1808/592 1388/1810/593
f 1387/1812/592 389/1809/592 2973/1811/592
f 389/1809/592 1387/1812/592 2166/1760/592
f 390/1814/597 2165/1675/594 1390/1813/596
f 1389/1816/599 390/1814/597 2974/1815/598
f 390/1814/597 1389/1816/599 2280/1804/601
f 2165/1675/594 390/1814/597 3785/1674/602
f 391/1822/604 1391/1817/603 2283/1819/603
f 391/1822/604 2283/1819/603 1393/1821/603
f 1394/1824/604 391/1822/604 2977/1823/603
f 1391/1817/603 391/1822/604 2976/1825/604
f 392/1831/605 1396/1826/605 2282/1828/605
f 392/1831/605 2282/1828/605 1392/1830/605
f 1395/1833/605 392/1831/605 2975/1832/605
f 1396/1826/605 392/1831/605 2978/1834/605
f 393/1836/606 2287/1821/606 2279/1835/606
f 393/1836/606 2279/1835/606 2290/1826/606
f 1397/1837/606 393/1836/606 3959/1834/606
f 2287/1821/606 393/1836/606 3957/1823/606
f 394/1839/65 1400/1838/65 2142/1406/65
f 1398/1840/65 394/1839/65 3750/1414/65
f 394/1839/65 1398/1840/65 1399/1842/65
f 1400/1838/65 394/1839/65 2979/1843/65
f 395/1845/65 1402/1844/65 2140/1434/65
f 395/1845/65 2140/1434/65 1400/1838/65
f 1401/1846/65 395/1845/65 2979/1843/65
f 1402/1844/65 395/1845/65 2981/1847/65
f 2139/1398/65 396/1848/65 3743/1399/65
f 396/1848/65 2139/1398/65 1402/1844/65
f 1404/1850/65 396/1848/65 2981/1847/65
f 396/1848/65 1404/1850/65 1403/1849/65
f 397/1855/198 1407/1852/198 2294/1854/198
f 1405/1857/198 397/1855/198 3964/1856/198
f 397/1855/198 1405/1857/198 1406/1859/198
f 1407/1852/198 397/1855/198 2983/1860/198
f 398/2555/263 2295/1857/263 2293/1861/263
f 398/2555/263 2293/1861/263 1410/1863/263
f 398/2555/263 1410/1863/263 1411/1865/263
f 398/2555/263 1411/1865/263 2295/1857/263
f 2292/1867/180 399/1866/180 3962/1862/180
f 399/1866/180 2292/1867/180 1409/1869/180
f 1412/1871/180 399/1866/180 3972/1870/180
f 399/1866/180 1412/1871/180 2297/1863/180
f 400/1874/65 1415/1872/65 2299/1871/65
f 400/1874/65 2299/1871/65 1413/1873/65
f 1414/1876/65 400/1874/65 2987/1875/65
f 1415/1872/65 400/1874/65 2988/1877/65
f 401/1879/65 1417/1878/65 2298/1865/65
f 401/1879/65 2298/1865/65 1415/1872/65
f 1416/1880/65 401/1879/65 2988/1877/65
f 1417/1878/65 401/1879/65 2989/1881/65
f 402/1884/65 1413/1873/65 1408/1882/65
f 402/1884/65 1408/1882/65 1418/1883/65
f 1419/1886/65 402/1884/65 2990/1885/65
f 1413/1873/65 402/1884/65 2987/1875/65
f 403/1887/65 1418/1883/65 2296/1859/65
f 403/1887/65 2296/1859/65 1417/1878/65
f 1420/1888/65 403/1887/65 2989/1881/65
f 1418/1883/65 403/1887/65 2990/1885/65
f 404/1892/541 2303/1889/541 1423/1891/541
f 1422/1894/541 404/1892/541 2992/1893/541
f 404/1892/541 1422/1894/541 1421/1896/541
f 2303/1889/541 404/1892/541 3977/1897/541
f 405/1901/263 1425/1898/263 2302/1900/263
f 2306/1903/263 405/1901/263 3980/1902/263
f 405/1901/263 2306/1903/263 1424/1905/263
f 1425/1898/263 405/1901/263 2993/1906/263
f 2304/1896/263 406/1907/263 3978/1897/263
f 406/1907/263 2304/1896/263 1427/1909/263
f 1426/1911/263 406/1907/263 2994/1910/263
f 406/1907/263 1426/1911/263 2301/1908/263
f 407/2556/180 2300/1913/180 2309/1911/180
f 407/2556/180 2309/1911/180 1428/1914/180
f 407/2556/180 1428/1914/180 2308/1916/180
f 407/2556/180 2308/1916/180 2300/1913/180
f 1505/1921/607 408/1918/607 3997/1920/609
f 408/1918/607 1505/1921/607 1434/1923/607
f 1431/1919/608 408/1918/607 2999/1924/610
f 409/1927/616 1429/1925/611 2312/1923/613
f 409/1927/616 2312/1923/613 1432/1926/615
f 1435/1929/618 409/1927/616 3000/1928/617
f 1429/1925/611 409/1927/616 2996/1930/619
f 1504/1934/620 410/1931/620 3994/1933/622
f 410/1931/620 1504/1934/620 2313/1929/620
f 1433/1932/621 410/1931/620 3992/1928/623
f 411/1936/625 1438/1935/624 1433/1932/621
f 1436/1937/625 411/1936/625 3992/1928/623
f 411/1936/625 1436/1937/625 1437/1939/501
f 1438/1935/624 411/1936/625 3001/1940/500
f 1432/1926/615 412/1941/477 3000/1928/617
f 412/1941/477 1432/1926/615 1439/1942/477
f 1440/1944/626 412/1941/477 3003/1943/626
f 412/1941/477 1440/1944/626 2314/1937/477
f 2316/1942/522 413/1945/625 2999/1924/610
f 413/1945/625 2316/1942/522 1442/1946/501
f 1441/1948/625 413/1945/625 3004/1947/500
f 413/1945/625 1441/1948/625 1431/1919/608
f 414/1952/630 1430/1949/627 2317/1951/629
f 1443/1954/632 414/1952/630 3998/1953/869
f 414/1952/630 1443/1954/632 2315/1935/634
f 1430/1949/627 414/1952/630 2997/1933/635
f 415/1958/638 1443/1954/636 1446/1955/638
f 415/1958/638 1446/1955/638 1445/1957/640
f 1444/1960/641 415/1958/638 3005/1959/640
f 1443/1954/636 415/1958/638 3995/1940/636
f 1448/1962/499 416/1961/499 3996/1943/501
f 416/1961/499 1448/1962/499 1447/1964/499
f 2319/1966/499 416/1961/499 4000/1965/499
f 416/1961/499 2319/1966/499 1442/1946/501
f 1440/1944/626 417/1967/642 3993/1938/626
f 417/1967/642 1440/1944/626 2320/1962/642
f 417/1967/642 2320/1962/642 1449/1969/645
f 1450/1968/643 417/1967/642 3008/1970/645
f 418/1971/499 2318/1960/499 1437/1939/501
f 2321/1968/499 418/1971/499 3002/1938/501
f 418/1971/499 2321/1968/499 1451/1972/499
f 2318/1960/499 418/1971/499 3999/1959/499
f 419/1976/496 1464/1973/476 1459/1975/496
f 1452/1978/496 419/1976/496 3012/1977/496
f 419/1976/496 1452/1978/496 1453/1980/496
f 1464/1973/476 419/1976/496 3015/1981/476
f 1462/1983/647 420/1982/646 4004/1981/479
f 420/1982/646 1462/1983/647 1455/1985/646
f 420/1982/646 1455/1985/646 1454/1987/650
f 2322/1980/646 420/1982/646 4003/1979/650
f 1461/1989/476 421/1988/496 4006/1984/476
f 421/1988/496 1461/1989/476 1457/1991/496
f 1456/1993/496 421/1988/496 3011/1992/496
f 421/1988/496 1456/1993/496 2323/1985/496
f 422/1996/654 1460/1994/651 2324/1991/652
f 422/1996/654 2324/1991/652 1458/1995/653
f 2325/1998/654 422/1996/654 4009/1997/653
f 1460/1994/651 422/1996/654 4010/1999/651
f 423/2003/658 1471/2000/655 1515/2002/657
f 1460/1994/660 423/2003/658 4008/1990/870
f 423/2003/658 1460/1994/660 1513/2004/662
f 1471/2000/655 423/2003/658 4043/2005/663
f 1514/2009/481 424/2006/664 3018/2008/665
f 424/2006/664 1514/2009/481 2351/2002/664
f 1461/1989/476 424/2006/664 3013/1990/476
f 424/2006/664 1461/1989/476 1463/2007/481
f 1468/2013/668 425/2010/477 3017/2012/667
f 425/2010/477 1468/2013/668 2326/2007/477
f 1462/1983/647 425/2010/477 3014/1984/648
f 425/2010/477 1462/1983/647 1465/2011/478
f 426/2017/481 1512/2014/670 2350/2016/664
f 1464/1973/476 426/2017/481 3016/1974/476
f 426/2017/481 1464/1973/476 2327/2011/481
f 1512/2014/670 426/2017/481 4012/2012/672
f 1512/2014/670 427/2018/673 3022/2015/671
f 1466/2020/673 427/2018/673 4012/2012/672
f 427/2018/673 1466/2020/673 1470/2019/673
f 428/2025/677 1469/2022/674 1467/2024/676
f 428/2025/677 1467/2024/676 1468/2013/668
f 2328/2020/678 428/2025/677 3017/2012/667
f 1469/2022/674 428/2025/677 4013/2021/679
f 1514/2009/481 429/2026/673 4044/2001/666
f 2329/2024/673 429/2026/673 3018/2008/665
f 429/2026/673 2329/2024/673 1472/2027/673
f 430/2031/683 1482/2028/680 1474/2030/682
f 1481/2033/685 430/2031/683 4015/2032/684
f 430/2031/683 1481/2033/685 1477/2035/687
f 1482/2028/680 430/2031/683 3027/2036/688
f 2334/2033/690 431/2037/689 3024/2032/690
f 431/2037/689 2334/2033/690 1478/2039/689
f 1483/2041/692 431/2037/689 3029/2040/692
f 431/2037/689 1483/2041/692 1473/2038/689
f 2336/2041/696 432/2043/693 4017/2042/695
f 432/2043/693 2336/2041/696 1479/2045/697
f 1484/2047/699 432/2043/693 3030/2046/698
f 432/2043/693 1484/2047/699 1476/2044/694
f 433/2050/703 2335/2028/701 1480/2049/702
f 2337/2047/704 433/2050/703 4026/2046/702
f 433/2050/703 2337/2047/704 1475/2051/706
f 2335/2028/701 433/2050/703 4019/2029/707
f 434/2054/708 1491/2052/708 2333/2044/709
f 434/2054/708 2333/2044/709 1489/2053/709
f 1490/2056/708 434/2054/708 3036/2055/709
f 1491/2052/708 434/2054/708 3035/2057/708
f 435/2059/712 1489/2053/710 2332/2051/712
f 435/2059/712 2332/2051/712 1492/2058/714
f 1493/2061/712 435/2059/712 3037/2060/713
f 1489/2053/710 435/2059/712 3036/2055/711
f 436/2063/715 1492/2058/715 2331/2030/715
f 436/2063/715 2331/2030/715 1494/2062/715
f 1495/2065/715 436/2063/715 3038/2064/715
f 1492/2058/715 436/2063/715 3037/2060/715
f 437/2066/716 1494/2062/716 2330/2038/716
f 437/2066/716 2330/2038/716 1491/2052/716
f 1496/2067/716 437/2066/716 3035/2057/716
f 1494/2062/716 437/2066/716 3038/2064/716
f 1497/2071/721 438/2068/718 4035/2070/720
f 438/2068/718 1497/2071/721 2340/2065/723
f 1498/2072/725 438/2068/718 4033/2064/724
f 438/2068/718 1498/2072/725 1488/2069/719
f 1499/2077/729 439/2074/727 4037/2076/729
f 439/2074/727 1499/2077/729 2341/2067/727
f 2343/2072/731 439/2074/727 4034/2064/731
f 439/2074/727 2343/2072/731 1487/2075/728
f 1500/2081/735 440/2078/732 4038/2080/734
f 2338/2056/737 440/2078/732 4029/2055/736
f 2344/2077/739 440/2078/732 4028/2057/738
f 440/2078/732 2344/2077/739 1486/2079/733
f 441/2083/744 2342/2071/741 1485/2082/743
f 2345/2081/746 441/2083/744 3032/2080/745
f 441/2083/744 2345/2081/746 2339/2061/748
f 2342/2071/741 441/2083/744 4032/2060/749
f 1240/1598/753 442/2084/750 2893/1599/752
f 442/2084/750 1240/1598/753 2356/1795/755
f 1516/2086/757 442/2084/750 3039/1797/756
f 442/2084/750 1516/2086/757 2281/2085/751
f 2284/2089/762 443/2088/759 2894/1648/761
f 443/2088/759 2284/2089/762 1517/2091/764
f 2355/1802/766 443/2088/759 3040/1801/765
f 443/2088/759 2355/1802/766 1241/1649/760
f 444/2097/768 1525/2092/768 1528/2094/768
f 444/2097/768 1528/2094/768 1527/2096/768
f 1526/2099/768 444/2097/768 3046/2098/768
f 444/2097/768 1526/2099/768 1525/2092/768
f 445/2557/263 2358/2099/263 1524/2101/263
f 445/2557/263 1524/2101/263 1529/2103/263
f 445/2557/263 1529/2103/263 1530/2105/263
f 445/2557/263 1530/2105/263 2358/2099/263
f 446/2558/263 1523/2106/263 1532/2108/263
f 446/2558/263 1532/2108/263 1531/2110/263
f 446/2558/263 1531/2110/263 2360/2094/263
f 446/2558/263 2360/2094/263 1523/2106/263
f 447/2559/180 1522/2111/180 2361/2103/180
f 447/2559/180 2361/2103/180 1533/2112/180
f 447/2559/180 1533/2112/180 2364/2108/180
f 447/2559/180 2364/2108/180 1522/2111/180
f 448/2113/65 2365/2112/65 2362/2105/65
f 2359/2096/65 448/2113/65 4053/2098/65
f 448/2113/65 2359/2096/65 2363/2110/65
f 2365/2112/65 448/2113/65 4061/2109/65
f 449/2115/65 2305/2114/65 2310/1909/65
f 2311/2116/65 449/2115/65 3988/1910/65
f 449/2115/65 2311/2116/65 2307/1905/65
f 2305/2114/65 449/2115/65 3984/1904/65
f 450/2119/180 1546/2117/180 1151/2118/180
f 1544/2121/180 450/2119/180 3715/2120/180
f 450/2119/180 1544/2121/180 1545/2123/180
f 1546/2117/180 450/2119/180 3049/2124/180
f 1150/2128/180 451/2125/180 3711/2127/180
f 451/2125/180 1150/2128/180 1549/2129/180
f 1550/2131/180 451/2125/180 3053/2130/180
f 451/2125/180 1550/2131/180 1551/2126/180
f 1149/2136/769 452/2133/769 2844/2135/771
f 452/2133/769 1149/2136/769 1548/2138/769
f 1554/2140/772 452/2133/769 4073/2139/769
f 452/2133/769 1554/2140/772 2370/2134/770
f 1148/2145/769 453/2142/772 2842/2144/774
f 453/2142/772 1148/2145/769 2373/2147/772
f 1555/2149/772 453/2142/772 4071/2148/772
f 453/2142/772 1555/2149/772 1552/2143/773
f 454/2151/180 1549/2129/180 2115/1271/180
f 454/2151/180 2115/1271/180 1546/2117/180
f 1556/2152/180 454/2151/180 3049/2124/180
f 1549/2129/180 454/2151/180 3053/2130/180
f 455/2156/775 2371/2153/775 1558/2155/775
f 1547/2158/775 455/2156/775 3051/2157/775
f 455/2156/775 1547/2158/775 2374/2140/775
f 2371/2153/775 455/2156/775 4066/2141/775
f 1553/2162/775 456/2159/775 3055/2161/775
f 456/2159/775 1553/2162/775 2375/2149/775
f 2372/2163/775 456/2159/775 4072/2148/775
f 456/2159/775 2372/2163/775 1559/2160/775
f 2377/2168/776 457/2165/776 4068/2167/776
f 457/2165/776 2377/2168/776 1557/2170/776
f 2378/2160/776 457/2165/776 4076/2161/776
f 457/2165/776 2378/2160/776 2376/2166/776
f 2357/2174/780 458/2171/777 4046/2173/779
f 458/2171/777 2357/2174/780 1560/2176/782
f 1570/2178/784 458/2171/777 3057/2177/871
f 458/2171/777 1570/2178/784 1568/2172/778
f 459/2183/789 1561/2180/786 2354/2182/788
f 1569/2185/791 459/2183/789 4049/2184/790
f 459/2183/789 1569/2185/791 1571/2187/793
f 1561/2180/786 459/2183/789 3058/2188/794
f 460/2190/800 2379/2176/795 2276/2189/797
f 460/2190/800 2276/2189/797 2380/2180/799
f 1562/2191/802 460/2190/800 4078/2188/801
f 2379/2176/795 460/2190/800 4077/2177/803
f 461/2192/263 2381/2191/263 1571/2187/263
f 1564/2193/263 461/2192/263 3060/2186/263
f 461/2192/263 1564/2193/263 1570/2178/263
f 2381/2191/263 461/2192/263 3057/2177/263
f 1564/2193/263 462/2194/263 3059/2179/263
f 1566/2196/263 462/2194/263 3060/2186/263
f 462/2194/263 1566/2196/263 2291/1837/263
f 462/2194/263 2291/1837/263 1567/2195/263
f 1563/2198/263 463/2197/263 3955/1832/263
f 1567/2195/263 463/2197/263 3059/2179/263
f 463/2197/263 1567/2195/263 2289/1833/263
f 1565/2200/263 464/2199/263 3060/2186/263
f 2288/1824/263 464/2199/263 3953/1825/263
f 464/2199/263 2288/1824/263 1566/2196/263
f 465/2202/807 2353/2201/804 2285/1817/806
f 2383/2200/809 465/2202/807 3954/1825/808
f 465/2202/807 2383/2200/809 2385/2185/811
f 2353/2201/804 465/2202/807 4050/2184/812
f 466/2204/816 2286/1830/813 2352/2203/815
f 2384/2172/818 466/2204/816 4047/2173/817
f 466/2204/816 2384/2172/818 2382/2198/820
f 2286/1830/813 466/2204/816 3956/1832/821
f 467/2208/775 1576/2205/775 1577/2207/775
f 2119/2209/775 467/2208/775 3712/2146/775
f 1576/2205/775 467/2208/775 3704/1270/775
f 2117/2145/775 468/2210/775 3713/2144/775
f 468/2210/775 2117/2145/775 1577/2207/775
f 1573/2211/775 468/2210/775 4081/2206/775
f 2386/2205/822 469/2212/822 3061/2206/822
f 469/2212/822 2386/2205/822 2114/1269/822
f 1572/2213/823 469/2212/822 3706/1277/823
f 470/2217/775 1579/2214/775 1578/2216/775
f 2120/2218/775 470/2217/775 3716/2135/775
f 1579/2214/775 470/2217/775 3708/1273/775
f 2116/1274/825 471/2219/824 3710/1275/825
f 471/2219/824 2116/1274/825 2387/2214/825
f 1574/2220/825 471/2219/824 3062/2215/826
f 1575/2222/775 472/2221/775 4082/2215/775
f 2118/2136/775 472/2221/775 3714/2137/827
f 472/2221/775 2118/2136/775 1578/2216/775
f 473/2224/829 2084/1188/828 2102/2223/828
f 2103/1249/830 473/2224/829 3692/1250/828
f 2100/1225/829 473/2224/829 3688/1227/828
f 473/2224/829 2100/1225/829 2084/1188/828
f 1594/2228/180 474/2225/180 3074/2227/180
f 474/2225/180 1594/2228/180 1593/2230/180
f 1592/2232/180 474/2225/180 3072/2231/180
f 474/2225/180 1592/2232/180 1595/2226/180
f 1581/2237/831 475/2234/831 3063/2236/831
f 475/2234/831 1581/2237/831 1588/2239/831
f 1584/2241/831 475/2234/831 3068/2240/831
f 475/2234/831 1584/2241/831 1589/2235/831
f 2392/2239/182 476/2243/182 3064/2238/182
f 476/2243/182 2392/2239/182 1585/2245/181
f 1590/2247/182 476/2243/182 3069/2246/182
f 476/2243/182 1590/2247/182 1580/2244/182
f 477/2250/831 1583/2249/831 2394/2247/831
f 1586/2251/831 477/2250/831 4093/2246/832
f 477/2250/831 1586/2251/831 1591/2253/831
f 1583/2249/831 477/2250/831 4089/2254/831
f 478/2256/182 2393/2235/181 1587/2255/182
f 2395/2253/181 478/2256/182 4094/2252/182
f 478/2256/182 2395/2253/181 1582/2257/181
f 2393/2235/181 478/2256/182 4087/2236/181
f 479/2260/180 1598/2258/180 2391/2249/180
f 479/2260/180 2391/2249/180 1596/2259/180
f 1597/2262/180 479/2260/180 3076/2261/180
f 1598/2258/180 479/2260/180 3075/2263/180
f 480/2265/180 1596/2259/180 2390/2257/180
f 480/2265/180 2390/2257/180 1599/2264/180
f 1600/2267/180 480/2265/180 3077/2266/180
f 1596/2259/180 480/2265/180 3076/2261/180
f 481/2269/180 1599/2264/180 2389/2237/180
f 481/2269/180 2389/2237/180 1601/2268/180
f 1602/2271/180 481/2269/180 3078/2270/180
f 1599/2264/180 481/2269/180 3077/2266/180
f 482/2272/180 1601/2268/180 2388/2244/180
f 482/2272/180 2388/2244/180 1598/2258/180
f 1603/2273/180 482/2272/180 3075/2263/180
f 1601/2268/180 482/2272/180 3078/2270/180
f 483/2275/836 2399/2226/833 1604/2274/835
f 2402/2271/838 483/2275/836 4107/2266/837
f 483/2275/836 2402/2271/838 1605/2276/840
f 2399/2226/833 483/2275/836 4101/2227/841
f 1606/2278/165 484/2277/165 4099/2229/165
f 484/2277/165 1606/2278/165 2403/2273/165
f 2405/2276/166 484/2277/165 4110/2270/166
f 484/2277/165 2405/2276/166 2398/2228/166
f 485/2280/836 2397/2230/842 1607/2279/844
f 2400/2262/846 485/2280/836 4105/2261/845
f 485/2280/836 2400/2262/846 2406/2278/840
f 2397/2230/842 485/2280/836 4100/2229/841
f 486/2281/165 2404/2274/165 2396/2232/165
f 2407/2279/165 486/2281/165 4098/2231/165
f 486/2281/165 2407/2279/165 2401/2267/167
f 2404/2274/165 486/2281/165 4108/2266/165
f 1622/2285/180 487/2282/180 3090/2284/180
f 487/2282/180 1622/2285/180 1621/2287/180
f 1620/2289/180 487/2282/180 3088/2288/180
f 487/2282/180 1620/2289/180 1623/2283/180
f 1617/2294/183 488/2291/183 3079/2293/183
f 488/2291/183 1617/2294/183 1612/2296/183
f 1616/2298/183 488/2291/183 3084/2297/183
f 488/2291/183 1616/2298/183 1609/2292/183
f 2412/2298/181 489/2300/181 3080/2299/182
f 489/2300/181 2412/2298/181 1613/2302/181
f 1618/2304/182 489/2300/181 3085/2303/181
f 489/2300/181 1618/2304/182 1608/2301/181
f 490/2307/831 1611/2306/831 2414/2304/831
f 1614/2308/831 490/2307/831 4121/2303/831
f 490/2307/831 1614/2308/831 1619/2310/831
f 1611/2306/831 490/2307/831 4117/2311/831
f 491/2313/182 2413/2294/181 1615/2312/182
f 2415/2310/182 491/2313/182 4122/2309/182
f 491/2313/182 2415/2310/182 1610/2314/181
f 2413/2294/181 491/2313/182 4115/2293/181
f 492/2317/180 1626/2315/180 2411/2306/180
f 492/2317/180 2411/2306/180 1624/2316/180
f 1625/2319/180 492/2317/180 3092/2318/180
f 1626/2315/180 492/2317/180 3091/2320/180
f 493/2322/180 1624/2316/180 2410/2314/180
f 493/2322/180 2410/2314/180 1627/2321/180
f 1628/2324/180 493/2322/180 3093/2323/180
f 1624/2316/180 493/2322/180 3092/2318/180
f 494/2326/180 1627/2321/180 2409/2292/180
f 494/2326/180 2409/2292/180 1629/2325/180
f 1630/2328/180 494/2326/180 3094/2327/180
f 1627/2321/180 494/2326/180 3093/2323/180
f 495/2329/180 1629/2325/180 2408/2301/180
f 495/2329/180 2408/2301/180 1626/2315/180
f 1631/2330/180 495/2329/180 3091/2320/180
f 1629/2325/180 495/2329/180 3094/2327/180
f 496/2332/171 1632/2331/168 2419/2283/170
f 1633/2333/173 496/2332/171 4129/2284/178
f 496/2332/171 1633/2333/173 2422/2328/179
f 1632/2331/168 496/2332/171 4135/2323/848
f 1634/2335/165 497/2334/165 4127/2286/165
f 497/2334/165 1634/2335/165 2423/2330/165
f 2425/2333/166 497/2334/165 4138/2327/166
f 497/2334/165 2425/2333/166 2418/2285/166
f 498/2337/836 2417/2287/833 1635/2336/844
f 2420/2319/838 498/2337/836 4133/2318/845
f 498/2337/836 2420/2319/838 2426/2335/840
f 2417/2287/833 498/2337/836 4128/2286/841
f 499/2338/165 2424/2331/165 2416/2289/167
f 2427/2336/165 499/2338/165 4126/2288/165
f 499/2338/165 2427/2336/165 2421/2324/165
f 2424/2331/165 499/2338/165 4136/2323/165
f 1650/2342/198 500/2339/198 3106/2341/198
f 500/2339/198 1650/2342/198 1649/2344/198
f 1648/2346/198 500/2339/198 3104/2345/198
f 500/2339/198 1648/2346/198 1651/2340/198
f 1645/2351/849 501/2348/849 3095/2350/849
f 501/2348/849 1645/2351/849 1640/2353/849
f 1644/2355/849 501/2348/849 3100/2354/849
f 501/2348/849 1644/2355/849 1637/2349/849
f 2432/2355/200 502/2357/200 3096/2356/200
f 502/2357/200 2432/2355/200 1641/2359/199
f 1646/2361/200 502/2357/200 3101/2360/200
f 502/2357/200 1646/2361/200 1636/2358/200
f 503/2364/849 2434/2361/849 1639/2363/849
f 1647/2366/849 503/2364/849 4145/2365/849
f 503/2364/849 1647/2366/849 1642/2368/849
f 2434/2361/849 503/2364/849 4149/2360/849
f 504/2370/200 2433/2351/199 1643/2369/200
f 2435/2366/200 504/2370/200 4150/2367/200
f 504/2370/200 2435/2366/200 1638/2371/200
f 2433/2351/199 504/2370/200 4143/2350/199
f 505/2374/198 1654/2372/198 2431/2363/198
f 505/2374/198 2431/2363/198 1652/2373/198
f 1653/2376/198 505/2374/198 3108/2375/198
f 1654/2372/198 505/2374/198 3107/2377/198
f 506/2379/198 1652/2373/198 2430/2371/198
f 506/2379/198 2430/2371/198 1655/2378/198
f 1656/2381/198 506/2379/198 3109/2380/198
f 1652/2373/198 506/2379/198 3108/2375/198
f 507/2383/198 1655/2378/198 2429/2349/198
f 507/2383/198 2429/2349/198 1657/2382/198
f 1658/2385/198 507/2383/198 3110/2384/198
f 1655/2378/198 507/2383/198 3109/2380/198
f 508/2386/198 1657/2382/198 2428/2358/198
f 508/2386/198 2428/2358/198 1654/2372/198
f 1659/2387/198 508/2386/198 3107/2377/198
f 1657/2382/198 508/2386/198 3110/2384/198
f 509/2389/852 1660/2388/850 2439/2340/851
f 1661/2390/854 509/2389/852 4157/2341/853
f 509/2389/852 1661/2390/854 2442/2385/856
f 1660/2388/850 509/2389/852 4163/2380/857
f 1662/2392/184 510/2391/184 4155/2343/184
f 510/2391/184 1662/2392/184 2443/2387/186
f 2445/2390/184 510/2391/184 4166/2384/184
f 510/2391/184 2445/2390/184 2438/2342/184
f 511/2394/852 1663/2393/850 2437/2344/851
f 2446/2392/854 511/2394/852 4156/2343/858
f 511/2394/852 2446/2392/854 2440/2376/856
f 1663/2393/850 511/2394/852 4161/2375/857
f 512/2395/184 2444/2388/184 2436/2346/185
f 2447/2393/184 512/2395/184 4154/2345/184
f 512/2395/184 2447/2393/184 2441/2381/184
f 2444/2388/184 512/2395/184 4164/2380/184
f 513/2399/263 1673/2396/263 1665/2398/263
f 1671/2401/263 513/2399/263 3111/2400/859
f 513/2399/263 1671/2401/263 1688/2403/263
f 1673/2396/263 513/2399/263 3125/2404/263
f 514/2408/263 1674/2405/263 1691/2407/263
f 1672/2410/263 514/2408/263 3124/2409/263
f 514/2408/263 1672/2410/263 1666/2412/263
f 1674/2405/263 514/2408/263 3114/2413/263
f 515/2418/180 1677/2414/180 1667/2416/180
f 515/2418/180 1667/2416/180 2448/2396/180
f 515/2418/180 2448/2396/180 1693/2417/180
f 1677/2414/180 515/2418/180 3139/2419/180
f 516/2423/180 1675/2420/180 1698/2422/180
f 2449/2405/180 516/2423/180 4171/2406/180
f 516/2423/180 2449/2405/180 1668/2424/180
f 516/2423/180 1668/2424/180 1675/2420/180
f 517/2427/263 1670/2426/263 2450/2420/263
f 1719/2428/263 517/2427/263 4175/2421/263
f 1670/2426/263 517/2427/263 3147/2429/263
f 2451/2414/861 518/2430/860 4178/2419/263
f 1669/2432/862 518/2430/860 4176/2415/263
f 518/2430/860 1669/2432/862 1720/2431/263
f 519/2435/263 1669/2432/862 1676/2434/263
f 1670/2426/263 519/2435/263 4173/2425/263
f 519/2435/263 1670/2426/263 1722/2436/263
f 1669/2432/862 519/2435/263 3142/2433/263
f 520/2440/263 1702/2437/263 1681/2439/263
f 1682/2442/263 520/2440/263 3117/2441/263
f 1683/2444/263 520/2440/263 3118/2443/263
f 520/2440/263 1683/2444/263 1702/2437/263
f 521/2447/263 1696/2446/263 1683/2444/263
f 1680/2448/263 521/2447/263 3118/2443/263
f 1684/2450/263 521/2447/263 3119/2449/263
f 521/2447/263 1684/2450/263 1696/2446/263
f 1685/2455/263 522/2452/263 3131/2454/263
f 522/2452/263 1685/2455/263 1686/2457/263
f 1687/2459/263 522/2452/263 3121/2458/263
f 522/2452/263 1687/2459/263 1705/2453/263
f 1688/2403/263 523/2461/263 3125/2404/263
f 523/2461/263 1688/2403/263 1689/2463/263
f 1690/2465/263 523/2461/263 3123/2464/263
f 523/2461/263 1690/2465/263 1692/2462/263
f 524/2468/263 1697/2467/263 1687/2459/263
f 1678/2469/263 524/2468/263 3121/2458/263
f 1691/2407/263 524/2468/263 3124/2409/263
f 524/2468/263 1691/2407/263 1697/2467/263
f 525/2473/263 1700/2470/263 1684/2472/263
f 1679/2475/263 525/2473/263 3119/2474/263
f 525/2473/263 1679/2475/263 1685/2477/263
f 1700/2470/263 525/2473/263 3131/2478/263
f 526/2482/263 1695/2479/263 1690/2481/263
f 1664/2484/263 526/2482/263 3123/2483/263
f 1681/2439/263 526/2482/263 3117/2441/263
f 526/2482/263 1681/2439/263 1695/2479/263
f 527/2486/65 1707/2485/65 2453/2417/65
f 527/2486/65 2453/2417/65 2452/2462/65
f 1694/2487/65 527/2486/65 4179/2466/65
f 527/2486/65 1694/2487/65 1707/2485/65
f 528/2560/180 1708/2489/180 2454/2491/180
f 528/2560/180 2454/2491/180 2455/2479/180
f 528/2560/180 2455/2479/180 1701/2492/180
f 528/2560/180 1701/2492/180 1708/2489/180
f 529/2561/198 1709/2494/198 1703/2496/198
f 529/2561/198 1703/2496/198 2456/2446/198
f 529/2561/198 2456/2446/198 1699/2497/198
f 529/2561/198 1699/2497/198 1709/2494/198
f 530/2502/863 1710/2499/863 1706/2501/863
f 2457/2467/863 530/2502/863 4189/2460/863
f 530/2502/863 2457/2467/863 2458/2422/863
f 1710/2499/863 530/2502/863 4174/2421/863
f 2459/2506/864 531/2503/864 4191/2505/864
f 531/2503/864 2459/2506/864 2460/2470/864
f 1704/2507/864 531/2503/864 4193/2478/864
f 531/2503/864 1704/2507/864 1711/2504/864
f 532/2562/243 1713/2509/243 2461/2492/243
f 532/2562/243 2461/2492/243 2462/2437/243
f 532/2562/243 2462/2437/243 2463/2496/243
f 532/2562/243 2463/2496/243 1713/2509/243
f 2464/2513/865 533/2510/865 4200/2512/865
f 2465/2453/865 533/2510/865 4194/2454/865
f 533/2510/865 2465/2453/865 2466/2501/865
f 533/2510/865 2466/2501/865 1717/2511/865
f 1728/2517/263 534/2514/263 3145/2516/263
f 1714/2519/263 534/2514/263 3146/2518/263
f 534/2514/263 1714/2519/263 2472/2509/263
f 534/2514/263 2472/2509/263 1712/2515/263
f 1726/2521/263 535/2520/263 3146/2518/263
f 1715/2523/263 535/2520/263 3143/2522/263
f 535/2520/263 1715/2523/263 2469/2494/263
f 535/2520/263 2469/2494/263 1714/2519/263
f 536/2527/263 1716/2524/263 1723/2526/263
f 1718/2529/263 536/2527/263 3148/2528/263
f 536/2527/263 1718/2529/263 2473/2511/263
f 1716/2524/263 536/2527/263 4199/2512/263
f 1724/2533/263 537/2530/263 3143/2532/263
f 537/2530/263 1724/2533/263 1716/2535/263
f 2471/2504/263 537/2530/263 4199/2508/263
f 537/2530/263 2471/2504/263 1715/2531/263
f 538/2537/263 1720/2431/263 1725/2536/263
f 1721/2539/263 538/2537/263 3144/2538/263
f 538/2537/263 1721/2539/263 2467/2485/263
f 1720/2431/263 538/2537/263 4178/2419/263
f 1729/2541/263 539/2540/263 3148/2528/263
f 1719/2428/263 539/2540/263 3147/2429/263
f 539/2540/263 1719/2428/263 2470/2499/263
f 539/2540/263 2470/2499/263 1718/2529/263
f 1727/2545/263 540/2542/263 3144/2544/263
f 1712/2515/263 540/2542/263 3145/2516/263
f 540/2542/263 1712/2515/263 2468/2489/263
f 540/2542/263 2468/2489/263 1721/2543/263
