# Aspose.3D Wavefront OBJ Exporter
# Copyright 2004-2022 Aspose Pty Ltd.
# File created: 01/16/2022 20:50:18

mtllib material.lib

#
# object CockPit_low
#

v -0.139061 0.183597 -0.363486
v -0.113602 0.209983 -0.363486
v -0.113602 0.206913 -0.430444
v -0.139061 0.181427 -0.410833
v -0.139061 0.183597 -0.363486
v -0.139061 0.183597 -0.238484
v -0.113602 0.209983 -0.238484
v -0.113602 0.209983 -0.363486
v -0.113602 0.209983 -0.363486
v -0.0804232 0.230229 -0.363486
v -0.0804232 0.226469 -0.445493
v -0.113602 0.206913 -0.430444
v -0.139061 0.181427 -0.410833
v -0.113602 0.206913 -0.430444
v -0.113602 0.197914 -0.492839
v -0.139061 0.175063 -0.454953
v -0.155065 0.152871 -0.363486
v -0.139061 0.183597 -0.363486
v -0.139061 0.181427 -0.410833
v -0.155065 0.151748 -0.387995
v -0.155065 0.152871 -0.363486
v -0.155065 0.152871 -0.238484
v -0.139061 0.183597 -0.238484
v -0.139061 0.183597 -0.363486
v -0.113602 0.209983 -0.113481
v -0.139061 0.183597 -0.113481
v -0.113602 0.209983 -0.363486
v -0.113602 0.209983 -0.238484
v -0.0804232 0.230229 -0.238484
v -0.0804232 0.230229 -0.363486
v -0.0804232 0.230229 -0.363486
v -0.0417859 0.242956 -0.363486
v -0.0417859 0.238763 -0.454953
v -0.0804232 0.226469 -0.445493
v -0.113602 0.206913 -0.430444
v -0.0804232 0.226469 -0.445493
v -0.0804232 0.215447 -0.521911
v -0.113602 0.197914 -0.492839
v -0.139061 0.175063 -0.454953
v -0.113602 0.197914 -0.492839
v -0.113602 0.183597 -0.546419
v -0.139061 0.16494 -0.492839
v -0.155065 0.151748 -0.387995
v -0.139061 0.181427 -0.410833
v -0.139061 0.175063 -0.454953
v -0.155065 0.148454 -0.410833
v -0.160523 0.119898 -0.363486
v -0.155065 0.152871 -0.363486
v -0.155065 0.151748 -0.387995
v -0.160523 0.119898 -0.363486
v -0.160523 0.119898 -0.238484
v -0.155065 0.152871 -0.238484
v -0.155065 0.152871 -0.363486
v -0.139061 0.183597 -0.113481
v -0.139061 0.183597 -0.238484
v -0.155065 0.152871 -0.238484
v -0.155065 0.152871 -0.113481
v -0.0804232 0.230229 -0.113481
v -0.113602 0.209983 -0.113481
v -0.139061 0.183597 0.0115214
v -0.113602 0.209983 0.0115214
v -0.0804232 0.230229 -0.363486
v -0.0804232 0.230229 -0.238484
v -0.0417859 0.242956 -0.238484
v -0.0417859 0.242956 -0.363486
v -0.0417859 0.242956 -0.363486
v -0.000323072 0.247297 -0.363486
v -0.000323072 0.242956 -0.458179
v -0.0417859 0.238763 -0.454953
v -0.0804232 0.226469 -0.445493
v -0.0417859 0.238763 -0.454953
v -0.0417859 0.226469 -0.54018600000000008
v -0.0804232 0.215447 -0.521911
v -0.113602 0.197914 -0.492839
v -0.0804232 0.215447 -0.521911
v -0.0804232 0.197914 -0.58753200000000008
v -0.113602 0.183597 -0.546419
v -0.139061 0.16494 -0.492839
v -0.113602 0.183597 -0.546419
v -0.113602 0.16494 -0.58753200000000008
v -0.139061 0.151748 -0.521911
v -0.155065 0.148454 -0.410833
v -0.139061 0.175063 -0.454953
v -0.139061 0.16494 -0.492839
v -0.155065 0.143213 -0.430444
v -0.160523 0.119898 -0.363486
v -0.155065 0.151748 -0.387995
v -0.155065 0.148454 -0.410833
v -0.155065 0.152871 -0.113481
v -0.160523 0.119898 -0.113481
v -0.155065 0.152871 0.0115214
v -0.139061 0.183597 0.0115214
v -0.0417859 0.242956 -0.113481
v -0.0804232 0.230229 -0.113481
v -0.113602 0.209983 0.0115214
v -0.0804232 0.230229 0.0115214
v -0.113602 0.209983 0.136524
v -0.139061 0.183597 0.136524
v -0.0417859 0.242956 -0.363486
v -0.0417859 0.242956 -0.238484
v -0.000323072 0.247297 -0.238484
v -0.000323072 0.247297 -0.363486
v -0.000323072 0.247297 -0.363486
v 0.04113979999999999 0.242956 -0.363486
v 0.04113979999999999 0.238763 -0.454953
v -0.000323072 0.242956 -0.458179
v -0.0417859 0.238763 -0.454953
v -0.000323072 0.242956 -0.458179
v -0.000323072 0.230229 -0.546419
v -0.0417859 0.226469 -0.54018600000000008
v -0.0804232 0.215447 -0.521911
v -0.0417859 0.226469 -0.54018600000000008
v -0.0417859 0.206913 -0.61337699999999992
v -0.0804232 0.197914 -0.58753200000000008
v -0.113602 0.183597 -0.546419
v -0.0804232 0.197914 -0.58753200000000008
v -0.0804232 0.175063 -0.637885
v -0.113602 0.16494 -0.58753200000000008
v -0.139061 0.151748 -0.521911
v -0.113602 0.16494 -0.58753200000000008
v -0.113602 0.143213 -0.61337699999999992
v -0.139061 0.136384 -0.54018600000000008
v -0.155065 0.143213 -0.430444
v -0.139061 0.16494 -0.492839
v -0.139061 0.151748 -0.521911
v -0.155065 0.136384 -0.445493
v -0.160523 0.119898 -0.363486
v -0.155065 0.148454 -0.410833
v -0.155065 0.143213 -0.430444
v -0.160523 0.119898 0.0115214
v -0.155065 0.152871 0.0115214
v -0.139061 0.183597 0.136524
v -0.139061 0.183597 0.0115214
v -0.155065 0.152871 0.0115214
v -0.155065 0.152871 0.136524
v -0.000323072 0.247297 -0.113481
v -0.0417859 0.242956 -0.113481
v -0.0804232 0.230229 0.0115214
v -0.0417859 0.242956 0.0115214
v -0.0804232 0.230229 0.136524
v -0.113602 0.209983 0.136524
v -0.000323072 0.247297 -0.363486
v -0.000323072 0.247297 -0.238484
v 0.04113979999999999 0.242956 -0.238484
v 0.04113979999999999 0.242956 -0.363486
v 0.04113979999999999 0.242956 -0.363486
v 0.079777 0.230229 -0.363486
v 0.079777 0.226469 -0.445493
v 0.04113979999999999 0.238763 -0.454953
v -0.000323072 0.242956 -0.458179
v 0.04113979999999999 0.238763 -0.454953
v 0.04113979999999999 0.226469 -0.54018600000000008
v -0.000323072 0.230229 -0.546419
v -0.0417859 0.226469 -0.54018600000000008
v -0.000323072 0.230229 -0.546419
v -0.000323072 0.209983 -0.622192
v -0.0417859 0.206913 -0.61337699999999992
v -0.0804232 0.197914 -0.58753200000000008
v -0.0417859 0.206913 -0.61337699999999992
v -0.0417859 0.181427 -0.669539
v -0.0804232 0.175063 -0.637885
v -0.113602 0.16494 -0.58753200000000008
v -0.0804232 0.175063 -0.637885
v -0.0804232 0.148454 -0.669539
v -0.113602 0.143213 -0.61337699999999992
v -0.139061 0.136384 -0.54018600000000008
v -0.113602 0.143213 -0.61337699999999992
v -0.113602 0.119898 -0.622192
v -0.139061 0.119898 -0.546419
v -0.155065 0.136384 -0.445493
v -0.139061 0.151748 -0.521911
v -0.139061 0.136384 -0.54018600000000008
v -0.155065 0.128432 -0.454953
v -0.160523 0.119898 -0.363486
v -0.155065 0.143213 -0.430444
v -0.155065 0.136384 -0.445493
v -0.155065 0.152871 0.136524
v -0.155065 0.152871 0.0115214
v -0.160523 0.119898 0.0115214
v -0.160523 0.119898 0.136524
v 0.04113979999999999 0.242956 -0.113481
v -0.000323072 0.247297 -0.113481
v -0.0417859 0.242956 0.0115214
v -0.000323072 0.247297 0.0115214
v -0.0417859 0.242956 0.136524
v -0.0804232 0.230229 0.136524
v 0.04113979999999999 0.242956 -0.363486
v 0.04113979999999999 0.242956 -0.238484
v 0.079777 0.230229 -0.238484
v 0.079777 0.230229 -0.363486
v 0.079777 0.230229 -0.363486
v 0.112956 0.209983 -0.363486
v 0.112956 0.206913 -0.430444
v 0.079777 0.226469 -0.445493
v 0.04113979999999999 0.238763 -0.454953
v 0.079777 0.226469 -0.445493
v 0.079777 0.215447 -0.521911
v 0.04113979999999999 0.226469 -0.54018600000000008
v -0.000323072 0.230229 -0.546419
v 0.04113979999999999 0.226469 -0.54018600000000008
v 0.04113979999999999 0.206913 -0.61337699999999992
v -0.000323072 0.209983 -0.622192
v -0.0417859 0.206913 -0.61337699999999992
v -0.000323072 0.209983 -0.622192
v -0.000323072 0.183597 -0.680335
v -0.0417859 0.181427 -0.669539
v -0.0804232 0.175063 -0.637885
v -0.0417859 0.181427 -0.669539
v -0.0417859 0.151748 -0.704844
v -0.0804232 0.148454 -0.669539
v -0.113602 0.143213 -0.61337699999999992
v -0.0804232 0.148454 -0.669539
v -0.0804232 0.119898 -0.680335
v -0.113602 0.119898 -0.622192
v -0.155065 0.128432 -0.454953
v -0.139061 0.136384 -0.54018600000000008
v -0.139061 0.119898 -0.546419
v -0.155065 0.119898 -0.458179
v -0.160523 0.119898 -0.363486
v -0.155065 0.136384 -0.445493
v -0.155065 0.128432 -0.454953
v 0.079777 0.230229 -0.113481
v 0.04113979999999999 0.242956 -0.113481
v -0.000323072 0.247297 0.0115214
v 0.04113979999999999 0.242956 0.0115214
v -0.000323072 0.247297 0.136524
v -0.0417859 0.242956 0.136524
v 0.079777 0.230229 -0.363486
v 0.079777 0.230229 -0.238484
v 0.112956 0.209983 -0.238484
v 0.112956 0.209983 -0.363486
v 0.112956 0.209983 -0.363486
v 0.138414 0.183597 -0.363486
v 0.138414 0.181427 -0.410833
v 0.112956 0.206913 -0.430444
v 0.079777 0.226469 -0.445493
v 0.112956 0.206913 -0.430444
v 0.112956 0.197914 -0.492839
v 0.079777 0.215447 -0.521911
v 0.04113979999999999 0.226469 -0.54018600000000008
v 0.079777 0.215447 -0.521911
v 0.079777 0.197914 -0.58753200000000008
v 0.04113979999999999 0.206913 -0.61337699999999992
v -0.000323072 0.209983 -0.622192
v 0.04113979999999999 0.206913 -0.61337699999999992
v 0.04113979999999999 0.181427 -0.669539
v -0.000323072 0.183597 -0.680335
v -0.0417859 0.181427 -0.669539
v -0.000323072 0.183597 -0.680335
v -0.000323072 0.152871 -0.716885
v -0.0417859 0.151748 -0.704844
v -0.0804232 0.148454 -0.669539
v -0.0417859 0.151748 -0.704844
v -0.0417859 0.119898 -0.716885
v -0.0804232 0.119898 -0.680335
v -0.160523 0.119898 -0.363486
v -0.155065 0.128432 -0.454953
v -0.155065 0.119898 -0.458179
v 0.112956 0.209983 -0.113481
v 0.079777 0.230229 -0.113481
v 0.04113979999999999 0.242956 0.0115214
v 0.079777 0.230229 0.0115214
v 0.04113979999999999 0.242956 0.136524
v -0.000323072 0.247297 0.136524
v 0.112956 0.209983 -0.363486
v 0.112956 0.209983 -0.238484
v 0.138414 0.183597 -0.238484
v 0.138414 0.183597 -0.363486
v 0.138414 0.183597 -0.363486
v 0.154418 0.152871 -0.363486
v 0.154418 0.151748 -0.387995
v 0.138414 0.181427 -0.410833
v 0.112956 0.206913 -0.430444
v 0.138414 0.181427 -0.410833
v 0.138414 0.175063 -0.454953
v 0.112956 0.197914 -0.492839
v 0.079777 0.215447 -0.521911
v 0.112956 0.197914 -0.492839
v 0.112956 0.183597 -0.546419
v 0.079777 0.197914 -0.58753200000000008
v 0.04113979999999999 0.206913 -0.61337699999999992
v 0.079777 0.197914 -0.58753200000000008
v 0.079777 0.175063 -0.637885
v 0.04113979999999999 0.181427 -0.669539
v -0.000323072 0.183597 -0.680335
v 0.04113979999999999 0.181427 -0.669539
v 0.04113979999999999 0.151748 -0.704844
v -0.000323072 0.152871 -0.716885
v -0.0417859 0.151748 -0.704844
v -0.000323072 0.152871 -0.716885
v -0.000323072 0.119898 -0.729352
v -0.0417859 0.119898 -0.716885
v 0.138414 0.183597 -0.113481
v 0.138414 0.183597 -0.238484
v 0.112956 0.209983 -0.238484
v 0.112956 0.209983 -0.113481
v 0.079777 0.230229 0.0115214
v 0.112956 0.209983 0.0115214
v 0.079777 0.230229 0.136524
v 0.04113979999999999 0.242956 0.136524
v 0.138414 0.183597 -0.363486
v 0.138414 0.183597 -0.238484
v 0.154418 0.152871 -0.238484
v 0.154418 0.152871 -0.363486
v 0.154418 0.152871 -0.363486
v 0.159877 0.119898 -0.363486
v 0.154418 0.151748 -0.387995
v 0.138414 0.181427 -0.410833
v 0.154418 0.151748 -0.387995
v 0.154418 0.148454 -0.410833
v 0.138414 0.175063 -0.454953
v 0.112956 0.197914 -0.492839
v 0.138414 0.175063 -0.454953
v 0.138414 0.16494 -0.492839
v 0.112956 0.183597 -0.546419
v 0.079777 0.197914 -0.58753200000000008
v 0.112956 0.183597 -0.546419
v 0.112956 0.16494 -0.58753200000000008
v 0.079777 0.175063 -0.637885
v 0.04113979999999999 0.181427 -0.669539
v 0.079777 0.175063 -0.637885
v 0.079777 0.148454 -0.669539
v 0.04113979999999999 0.151748 -0.704844
v -0.000323072 0.152871 -0.716885
v 0.04113979999999999 0.151748 -0.704844
v 0.04113979999999999 0.119898 -0.716885
v -0.000323072 0.119898 -0.729352
v 0.154418 0.152871 -0.113481
v 0.154418 0.152871 -0.238484
v 0.138414 0.183597 -0.238484
v 0.138414 0.183597 -0.113481
v 0.112956 0.209983 -0.113481
v 0.112956 0.209983 0.0115214
v 0.138414 0.183597 0.0115214
v 0.138414 0.183597 -0.113481
v 0.112956 0.209983 0.136524
v 0.079777 0.230229 0.136524
v 0.154418 0.152871 -0.363486
v 0.154418 0.152871 -0.238484
v 0.159877 0.119898 -0.238484
v 0.159877 0.119898 -0.363486
v 0.154418 0.151748 -0.387995
v 0.159877 0.119898 -0.363486
v 0.154418 0.148454 -0.410833
v 0.138414 0.175063 -0.454953
v 0.154418 0.148454 -0.410833
v 0.154418 0.143213 -0.430444
v 0.138414 0.16494 -0.492839
v 0.112956 0.183597 -0.546419
v 0.138414 0.16494 -0.492839
v 0.138414 0.151748 -0.521911
v 0.112956 0.16494 -0.58753200000000008
v 0.079777 0.175063 -0.637885
v 0.112956 0.16494 -0.58753200000000008
v 0.112956 0.143213 -0.61337699999999992
v 0.079777 0.148454 -0.669539
v 0.04113979999999999 0.151748 -0.704844
v 0.079777 0.148454 -0.669539
v 0.079777 0.119898 -0.680335
v 0.04113979999999999 0.119898 -0.716885
v 0.159877 0.119898 -0.113481
v 0.159877 0.119898 -0.238484
v 0.154418 0.152871 -0.238484
v 0.154418 0.152871 -0.113481
v 0.138414 0.183597 -0.113481
v 0.138414 0.183597 0.0115214
v 0.154418 0.152871 0.0115214
v 0.154418 0.152871 -0.113481
v 0.138414 0.183597 0.136524
v 0.112956 0.209983 0.136524
v 0.154418 0.148454 -0.410833
v 0.159877 0.119898 -0.363486
v 0.154418 0.143213 -0.430444
v 0.138414 0.16494 -0.492839
v 0.154418 0.143213 -0.430444
v 0.154418 0.136384 -0.445493
v 0.138414 0.151748 -0.521911
v 0.112956 0.16494 -0.58753200000000008
v 0.138414 0.151748 -0.521911
v 0.138414 0.136384 -0.54018600000000008
v 0.112956 0.143213 -0.61337699999999992
v 0.079777 0.148454 -0.669539
v 0.112956 0.143213 -0.61337699999999992
v 0.112956 0.119898 -0.622192
v 0.079777 0.119898 -0.680335
v 0.154418 0.152871 0.0115214
v 0.159877 0.119898 0.0115214
v 0.154418 0.152871 0.136524
v 0.138414 0.183597 0.136524
v 0.154418 0.143213 -0.430444
v 0.159877 0.119898 -0.363486
v 0.154418 0.136384 -0.445493
v 0.138414 0.151748 -0.521911
v 0.154418 0.136384 -0.445493
v 0.154418 0.128432 -0.454953
v 0.138414 0.136384 -0.54018600000000008
v 0.112956 0.143213 -0.61337699999999992
v 0.138414 0.136384 -0.54018600000000008
v 0.138414 0.119898 -0.546419
v 0.112956 0.119898 -0.622192
v 0.159877 0.119898 0.136524
v 0.159877 0.119898 0.0115214
v 0.154418 0.152871 0.0115214
v 0.154418 0.152871 0.136524
v 0.154418 0.136384 -0.445493
v 0.159877 0.119898 -0.363486
v 0.154418 0.128432 -0.454953
v 0.138414 0.136384 -0.54018600000000008
v 0.154418 0.128432 -0.454953
v 0.154418 0.119898 -0.458179
v 0.138414 0.119898 -0.546419
v 0.154418 0.128432 -0.454953
v 0.159877 0.119898 -0.363486
v 0.154418 0.119898 -0.458179
# 414 vertices

vn -0.719264 0.69400799999999992 -0.0318156
vn -0.719264 0.69400799999999992 -0.0318156
vn -0.719264 0.69400799999999992 -0.0318156
vn -0.719264 0.69400799999999992 -0.0318156
vn -0.71962800000000008 0.69435899999999992 -3.03514E-08
vn -0.71962800000000008 0.69435899999999992 -3.03514E-08
vn -0.71962800000000008 0.69435899999999992 -3.03514E-08
vn -0.71962800000000008 0.69435899999999992 -3.03514E-08
vn -0.52049599999999992 0.852968 -0.0391028
vn -0.52049599999999992 0.852968 -0.0391028
vn -0.52049599999999992 0.852968 -0.0391028
vn -0.52049599999999992 0.852968 -0.0391028
vn -0.740182 0.66552 -0.0959912
vn -0.740182 0.66552 -0.0959912
vn -0.740182 0.66552 -0.0959912
vn -0.740182 0.66552 -0.0959912
vn -0.886706 0.461849 -0.0211726
vn -0.886706 0.461849 -0.0211726
vn -0.886706 0.461849 -0.0211726
vn -0.886706 0.461849 -0.0211726
vn -0.886905 0.461952 -2.01926E-08
vn -0.886905 0.461952 -2.01926E-08
vn -0.886905 0.461952 -2.01926E-08
vn -0.886905 0.461952 -2.01926E-08
vn -0.71962800000000008 0.69435899999999992 -3.03514E-08
vn -0.71962800000000008 0.69435899999999992 -3.03514E-08
vn -0.520895 0.853621 -3.7313E-08
vn -0.520895 0.853621 -3.7313E-08
vn -0.520895 0.853621 -3.7313E-08
vn -0.520895 0.853621 -3.7313E-08
vn -0.312571 0.948898 -0.0435006
vn -0.312571 0.948898 -0.0435006
vn -0.312571 0.948898 -0.0435006
vn -0.312571 0.948898 -0.0435006
vn -0.54388899999999992 0.830562 -0.119796
vn -0.54388899999999992 0.830562 -0.119796
vn -0.54388899999999992 0.830562 -0.119796
vn -0.54388899999999992 0.830562 -0.119796
vn -0.781178 0.60314900000000008 -0.161158
vn -0.781178 0.60314900000000008 -0.161158
vn -0.781178 0.60314900000000008 -0.161158
vn -0.781178 0.60314900000000008 -0.161158
vn -0.897853 0.435785 -0.06285540000000001
vn -0.897853 0.435785 -0.06285540000000001
vn -0.897853 0.435785 -0.06285540000000001
vn -0.897853 0.435785 -0.06285540000000001
vn -0.986545 0.163321 -0.00748715
vn -0.986545 0.163321 -0.00748715
vn -0.986545 0.163321 -0.00748715
vn -0.986572 0.163325 -7.13917E-09
vn -0.986572 0.163325 -7.13917E-09
vn -0.986572 0.163325 -7.13917E-09
vn -0.986572 0.163325 -7.13917E-09
vn -0.886905 0.461952 -2.01926E-08
vn -0.886905 0.461952 -2.01926E-08
vn -0.886905 0.461952 -2.01926E-08
vn -0.886905 0.461952 -2.01926E-08
vn -0.520895 0.853621 -3.7313E-08
vn -0.520895 0.853621 -3.7313E-08
vn -0.71962800000000008 0.69435899999999992 -3.03514E-08
vn -0.71962800000000008 0.69435899999999992 -3.03514E-08
vn -0.312867 0.949797 -4.15169E-08
vn -0.312867 0.949797 -4.15169E-08
vn -0.312867 0.949797 -4.15169E-08
vn -0.312867 0.949797 -4.15169E-08
vn -0.10402 0.993532 -0.0455467
vn -0.10402 0.993532 -0.0455467
vn -0.10402 0.993532 -0.0455467
vn -0.10402 0.993532 -0.0455467
vn -0.330244 0.934228 -0.134748
vn -0.330244 0.934228 -0.134748
vn -0.330244 0.934228 -0.134748
vn -0.330244 0.934228 -0.134748
vn -0.593144 0.77781 -0.207826
vn -0.593144 0.77781 -0.207826
vn -0.593144 0.77781 -0.207826
vn -0.593144 0.77781 -0.207826
vn -0.838212 0.496602 -0.225359
vn -0.838212 0.496602 -0.225359
vn -0.838212 0.496602 -0.225359
vn -0.838212 0.496602 -0.225359
vn -0.918198 0.382696 -0.102254
vn -0.918198 0.382696 -0.102254
vn -0.918198 0.382696 -0.102254
vn -0.918198 0.382696 -0.102254
vn -0.98807 0.152426 -0.0219852
vn -0.98807 0.152426 -0.0219852
vn -0.98807 0.152426 -0.0219852
vn -0.986572 0.163325 -7.13917E-09
vn -0.986572 0.163325 -7.13917E-09
vn -0.886905 0.461952 -2.01926E-08
vn -0.886905 0.461952 -2.01926E-08
vn -0.312867 0.949797 -4.15169E-08
vn -0.312867 0.949797 -4.15169E-08
vn -0.520895 0.853621 -3.7313E-08
vn -0.520895 0.853621 -3.7313E-08
vn -0.71962800000000008 0.69435899999999992 -3.03514E-08
vn -0.71962800000000008 0.69435899999999992 -3.03514E-08
vn -0.104128 0.994564 -4.34738E-08
vn -0.104128 0.994564 -4.34738E-08
vn -0.104128 0.994564 -4.34738E-08
vn -0.104128 0.994564 -4.34738E-08
vn 0.10402 0.993532 -0.0455467
vn 0.10402 0.993532 -0.0455467
vn 0.10402 0.993532 -0.0455467
vn 0.10402 0.993532 -0.0455467
vn -0.110522 0.983694 -0.141883
vn -0.110522 0.983694 -0.141883
vn -0.110522 0.983694 -0.141883
vn -0.110522 0.983694 -0.141883
vn -0.369548 0.897719 -0.239865
vn -0.369548 0.897719 -0.239865
vn -0.369548 0.897719 -0.239865
vn -0.369548 0.897719 -0.239865
vn -0.671007 0.67518199999999992 -0.306398
vn -0.671007 0.67518199999999992 -0.306398
vn -0.671007 0.67518199999999992 -0.306398
vn -0.671007 0.67518199999999992 -0.306398
vn -0.899213 0.33489600000000004 -0.281534
vn -0.899213 0.33489600000000004 -0.281534
vn -0.899213 0.33489600000000004 -0.281534
vn -0.899213 0.33489600000000004 -0.281534
vn -0.943503 0.301746 -0.136933
vn -0.943503 0.301746 -0.136933
vn -0.943503 0.301746 -0.136933
vn -0.943503 0.301746 -0.136933
vn -0.99073 0.131244 -0.0350675
vn -0.99073 0.131244 -0.0350675
vn -0.99073 0.131244 -0.0350675
vn -0.986572 0.163325 -7.13917E-09
vn -0.986572 0.163325 -7.13917E-09
vn -0.886905 0.461952 -2.01926E-08
vn -0.886905 0.461952 -2.01926E-08
vn -0.886905 0.461952 -2.01926E-08
vn -0.886905 0.461952 -2.01926E-08
vn -0.104128 0.994564 -4.34738E-08
vn -0.104128 0.994564 -4.34738E-08
vn -0.312867 0.949797 -4.15169E-08
vn -0.312867 0.949797 -4.15169E-08
vn -0.520895 0.853621 -3.7313E-08
vn -0.520895 0.853621 -3.7313E-08
vn 0.104128 0.994564 -4.34738E-08
vn 0.104128 0.994564 -4.34738E-08
vn 0.104128 0.994564 -4.34738E-08
vn 0.104128 0.994564 -4.34738E-08
vn 0.312571 0.948898 -0.0435006
vn 0.312571 0.948898 -0.0435006
vn 0.312571 0.948898 -0.0435006
vn 0.312571 0.948898 -0.0435006
vn 0.110522 0.983694 -0.141883
vn 0.110522 0.983694 -0.141883
vn 0.110522 0.983694 -0.141883
vn 0.110522 0.983694 -0.141883
vn -0.12540599999999998 0.958481 -0.2561
vn -0.12540599999999998 0.958481 -0.2561
vn -0.12540599999999998 0.958481 -0.2561
vn -0.12540599999999998 0.958481 -0.2561
vn -0.438947 0.818205 -0.371302
vn -0.438947 0.818205 -0.371302
vn -0.438947 0.818205 -0.371302
vn -0.438947 0.818205 -0.371302
vn -0.77086 0.487598 -0.409905
vn -0.77086 0.487598 -0.409905
vn -0.77086 0.487598 -0.409905
vn -0.77086 0.487598 -0.409905
vn -0.941128 0.119551 -0.316206
vn -0.941128 0.119551 -0.316206
vn -0.941128 0.119551 -0.316206
vn -0.941128 0.119551 -0.316206
vn -0.967196 0.194449 -0.163466
vn -0.967196 0.194449 -0.163466
vn -0.967196 0.194449 -0.163466
vn -0.967196 0.194449 -0.163466
vn -0.993827 0.101022 -0.0458437
vn -0.993827 0.101022 -0.0458437
vn -0.993827 0.101022 -0.0458437
vn -0.986572 0.163325 -7.13917E-09
vn -0.986572 0.163325 -7.13917E-09
vn -0.986572 0.163325 -7.13917E-09
vn -0.986572 0.163325 -7.13917E-09
vn 0.104128 0.994564 -4.34738E-08
vn 0.104128 0.994564 -4.34738E-08
vn -0.104128 0.994564 -4.34738E-08
vn -0.104128 0.994564 -4.34738E-08
vn -0.312867 0.949797 -4.15169E-08
vn -0.312867 0.949797 -4.15169E-08
vn 0.312867 0.949797 -4.1517E-08
vn 0.312867 0.949797 -4.1517E-08
vn 0.312867 0.949797 -4.1517E-08
vn 0.312867 0.949797 -4.1517E-08
vn 0.52049599999999992 0.852968 -0.0391028
vn 0.52049599999999992 0.852968 -0.0391028
vn 0.52049599999999992 0.852968 -0.0391028
vn 0.52049599999999992 0.852968 -0.0391028
vn 0.330244 0.934228 -0.134748
vn 0.330244 0.934228 -0.134748
vn 0.330244 0.934228 -0.134748
vn 0.330244 0.934228 -0.134748
vn 0.12540599999999998 0.958481 -0.2561
vn 0.12540599999999998 0.958481 -0.2561
vn 0.12540599999999998 0.958481 -0.2561
vn 0.12540599999999998 0.958481 -0.2561
vn -0.15343300000000002 0.899839 -0.408348
vn -0.15343300000000002 0.899839 -0.408348
vn -0.15343300000000002 0.899839 -0.408348
vn -0.15343300000000002 0.899839 -0.408348
vn -0.546898 0.64083900000000008 -0.538729
vn -0.546898 0.64083900000000008 -0.538729
vn -0.546898 0.64083900000000008 -0.538729
vn -0.546898 0.64083900000000008 -0.538729
vn -0.85368 0.184179 -0.487143
vn -0.85368 0.184179 -0.487143
vn -0.85368 0.184179 -0.487143
vn -0.85368 0.184179 -0.487143
vn -0.981715 0.0673185 -0.178054
vn -0.981715 0.0673185 -0.178054
vn -0.981715 0.0673185 -0.178054
vn -0.981715 0.0673185 -0.178054
vn -0.996534 0.06367780000000001 -0.0535315
vn -0.996534 0.06367780000000001 -0.0535315
vn -0.996534 0.06367780000000001 -0.0535315
vn 0.312867 0.949797 -4.1517E-08
vn 0.312867 0.949797 -4.1517E-08
vn 0.104128 0.994564 -4.34738E-08
vn 0.104128 0.994564 -4.34738E-08
vn -0.104128 0.994564 -4.34738E-08
vn -0.104128 0.994564 -4.34738E-08
vn 0.520895 0.853621 -3.7313E-08
vn 0.520895 0.853621 -3.7313E-08
vn 0.520895 0.853621 -3.7313E-08
vn 0.520895 0.853621 -3.7313E-08
vn 0.719264 0.69400799999999992 -0.0318156
vn 0.719264 0.69400799999999992 -0.0318156
vn 0.719264 0.69400799999999992 -0.0318156
vn 0.719264 0.69400799999999992 -0.0318156
vn 0.54388899999999992 0.830562 -0.119796
vn 0.54388899999999992 0.830562 -0.119796
vn 0.54388899999999992 0.830562 -0.119796
vn 0.54388899999999992 0.830562 -0.119796
vn 0.369548 0.897719 -0.239865
vn 0.369548 0.897719 -0.239865
vn 0.369548 0.897719 -0.239865
vn 0.369548 0.897719 -0.239865
vn 0.15343300000000002 0.899839 -0.408348
vn 0.15343300000000002 0.899839 -0.408348
vn 0.15343300000000002 0.899839 -0.408348
vn 0.15343300000000002 0.899839 -0.408348
vn -0.203291 0.749471 -0.63005199999999992
vn -0.203291 0.749471 -0.63005199999999992
vn -0.203291 0.749471 -0.63005199999999992
vn -0.203291 0.749471 -0.63005199999999992
vn -0.66267299999999992 0.26484999999999996 -0.70051300000000008
vn -0.66267299999999992 0.26484999999999996 -0.70051300000000008
vn -0.66267299999999992 0.26484999999999996 -0.70051300000000008
vn -0.66267299999999992 0.26484999999999996 -0.70051300000000008
vn -0.998106 0.0217536 -0.057537
vn -0.998106 0.0217536 -0.057537
vn -0.998106 0.0217536 -0.057537
vn 0.520895 0.853621 -3.7313E-08
vn 0.520895 0.853621 -3.7313E-08
vn 0.312867 0.949797 -4.1517E-08
vn 0.312867 0.949797 -4.1517E-08
vn 0.104128 0.994564 -4.34738E-08
vn 0.104128 0.994564 -4.34738E-08
vn 0.71962800000000008 0.69435899999999992 -3.03514E-08
vn 0.71962800000000008 0.69435899999999992 -3.03514E-08
vn 0.71962800000000008 0.69435899999999992 -3.03514E-08
vn 0.71962800000000008 0.69435899999999992 -3.03514E-08
vn 0.886706 0.461849 -0.0211726
vn 0.886706 0.461849 -0.0211726
vn 0.886706 0.461849 -0.0211726
vn 0.886706 0.461849 -0.0211726
vn 0.740182 0.66552 -0.0959912
vn 0.740182 0.66552 -0.0959912
vn 0.740182 0.66552 -0.0959912
vn 0.740182 0.66552 -0.0959912
vn 0.593144 0.77781 -0.207826
vn 0.593144 0.77781 -0.207826
vn 0.593144 0.77781 -0.207826
vn 0.593144 0.77781 -0.207826
vn 0.438947 0.818205 -0.371302
vn 0.438947 0.818205 -0.371302
vn 0.438947 0.818205 -0.371302
vn 0.438947 0.818205 -0.371302
vn 0.203291 0.749471 -0.63005199999999992
vn 0.203291 0.749471 -0.63005199999999992
vn 0.203291 0.749471 -0.63005199999999992
vn 0.203291 0.749471 -0.63005199999999992
vn -0.27073599999999996 0.34044000000000004 -0.900446
vn -0.27073599999999996 0.34044000000000004 -0.900446
vn -0.27073599999999996 0.34044000000000004 -0.900446
vn -0.27073599999999996 0.34044000000000004 -0.900446
vn 0.71962800000000008 0.69435899999999992 -3.03514E-08
vn 0.71962800000000008 0.69435899999999992 -3.03514E-08
vn 0.71962800000000008 0.69435899999999992 -3.03514E-08
vn 0.71962800000000008 0.69435899999999992 -3.03514E-08
vn 0.520895 0.853621 -3.7313E-08
vn 0.520895 0.853621 -3.7313E-08
vn 0.312867 0.949797 -4.1517E-08
vn 0.312867 0.949797 -4.1517E-08
vn 0.886905 0.461952 -2.01926E-08
vn 0.886905 0.461952 -2.01926E-08
vn 0.886905 0.461952 -2.01926E-08
vn 0.886905 0.461952 -2.01926E-08
vn 0.986545 0.163321 -0.00748715
vn 0.986545 0.163321 -0.00748715
vn 0.986545 0.163321 -0.00748715
vn 0.897853 0.435785 -0.06285540000000001
vn 0.897853 0.435785 -0.06285540000000001
vn 0.897853 0.435785 -0.06285540000000001
vn 0.897853 0.435785 -0.06285540000000001
vn 0.781178 0.60314900000000008 -0.161158
vn 0.781178 0.60314900000000008 -0.161158
vn 0.781178 0.60314900000000008 -0.161158
vn 0.781178 0.60314900000000008 -0.161158
vn 0.671007 0.67518199999999992 -0.306398
vn 0.671007 0.67518199999999992 -0.306398
vn 0.671007 0.67518199999999992 -0.306398
vn 0.671007 0.67518199999999992 -0.306398
vn 0.546898 0.64083900000000008 -0.538729
vn 0.546898 0.64083900000000008 -0.538729
vn 0.546898 0.64083900000000008 -0.538729
vn 0.546898 0.64083900000000008 -0.538729
vn 0.27073599999999996 0.34044000000000004 -0.900446
vn 0.27073599999999996 0.34044000000000004 -0.900446
vn 0.27073599999999996 0.34044000000000004 -0.900446
vn 0.27073599999999996 0.34044000000000004 -0.900446
vn 0.886905 0.461952 -2.01926E-08
vn 0.886905 0.461952 -2.01926E-08
vn 0.886905 0.461952 -2.01926E-08
vn 0.886905 0.461952 -2.01926E-08
vn 0.71962800000000008 0.69435899999999992 -3.03514E-08
vn 0.71962800000000008 0.69435899999999992 -3.03514E-08
vn 0.71962800000000008 0.69435899999999992 -3.03514E-08
vn 0.71962800000000008 0.69435899999999992 -3.03514E-08
vn 0.520895 0.853621 -3.7313E-08
vn 0.520895 0.853621 -3.7313E-08
vn 0.986572 0.163325 -7.13919E-09
vn 0.986572 0.163325 -7.13919E-09
vn 0.986572 0.163325 -7.13919E-09
vn 0.986572 0.163325 -7.13919E-09
vn 0.98807 0.152426 -0.0219852
vn 0.98807 0.152426 -0.0219852
vn 0.98807 0.152426 -0.0219852
vn 0.918198 0.382696 -0.102254
vn 0.918198 0.382696 -0.102254
vn 0.918198 0.382696 -0.102254
vn 0.918198 0.382696 -0.102254
vn 0.838212 0.496602 -0.225359
vn 0.838212 0.496602 -0.225359
vn 0.838212 0.496602 -0.225359
vn 0.838212 0.496602 -0.225359
vn 0.77086 0.487598 -0.409905
vn 0.77086 0.487598 -0.409905
vn 0.77086 0.487598 -0.409905
vn 0.77086 0.487598 -0.409905
vn 0.66267299999999992 0.26484999999999996 -0.70051300000000008
vn 0.66267299999999992 0.26484999999999996 -0.70051300000000008
vn 0.66267299999999992 0.26484999999999996 -0.70051300000000008
vn 0.66267299999999992 0.26484999999999996 -0.70051300000000008
vn 0.986572 0.163325 -7.13919E-09
vn 0.986572 0.163325 -7.13919E-09
vn 0.986572 0.163325 -7.13919E-09
vn 0.986572 0.163325 -7.13919E-09
vn 0.886905 0.461952 -2.01926E-08
vn 0.886905 0.461952 -2.01926E-08
vn 0.886905 0.461952 -2.01926E-08
vn 0.886905 0.461952 -2.01926E-08
vn 0.71962800000000008 0.69435899999999992 -3.03514E-08
vn 0.71962800000000008 0.69435899999999992 -3.03514E-08
vn 0.99073 0.131244 -0.0350675
vn 0.99073 0.131244 -0.0350675
vn 0.99073 0.131244 -0.0350675
vn 0.943503 0.301746 -0.136933
vn 0.943503 0.301746 -0.136933
vn 0.943503 0.301746 -0.136933
vn 0.943503 0.301746 -0.136933
vn 0.899213 0.33489600000000004 -0.281534
vn 0.899213 0.33489600000000004 -0.281534
vn 0.899213 0.33489600000000004 -0.281534
vn 0.899213 0.33489600000000004 -0.281534
vn 0.85368 0.184179 -0.487143
vn 0.85368 0.184179 -0.487143
vn 0.85368 0.184179 -0.487143
vn 0.85368 0.184179 -0.487143
vn 0.986572 0.163325 -7.13919E-09
vn 0.986572 0.163325 -7.13919E-09
vn 0.886905 0.461952 -2.01926E-08
vn 0.886905 0.461952 -2.01926E-08
vn 0.993827 0.101022 -0.0458437
vn 0.993827 0.101022 -0.0458437
vn 0.993827 0.101022 -0.0458437
vn 0.967196 0.194449 -0.163466
vn 0.967196 0.194449 -0.163466
vn 0.967196 0.194449 -0.163466
vn 0.967196 0.194449 -0.163466
vn 0.941128 0.119551 -0.316206
vn 0.941128 0.119551 -0.316206
vn 0.941128 0.119551 -0.316206
vn 0.941128 0.119551 -0.316206
vn 0.986572 0.163325 -7.13919E-09
vn 0.986572 0.163325 -7.13919E-09
vn 0.986572 0.163325 -7.13919E-09
vn 0.986572 0.163325 -7.13919E-09
vn 0.996534 0.06367780000000001 -0.0535315
vn 0.996534 0.06367780000000001 -0.0535315
vn 0.996534 0.06367780000000001 -0.0535315
vn 0.981715 0.0673185 -0.178054
vn 0.981715 0.0673185 -0.178054
vn 0.981715 0.0673185 -0.178054
vn 0.981715 0.0673185 -0.178054
vn 0.998106 0.0217536 -0.057537
vn 0.998106 0.0217536 -0.057537
vn 0.998106 0.0217536 -0.057537
# 414 vertex normals

vt 0.61987899999999992 0.759445 0
vt 0.63629500000000008 0.761287 0
vt 0.63629500000000008 0.73135 0
vt 0.61987899999999992 0.737323 0
vt 0.61987899999999992 0.759445 0
vt 0.61987899999999992 0.81785 0
vt 0.63629500000000008 0.817177 0
vt 0.63629500000000008 0.761287 0
vt 0.63629500000000008 0.761287 0
vt 0.653475 0.761287 0
vt 0.653475 0.724622 0
vt 0.63629500000000008 0.73135 0
vt 0.61987899999999992 0.737323 0
vt 0.63629500000000008 0.73135 0
vt 0.63629500000000008 0.703453 0
vt 0.61987899999999992 0.71670900000000008 0
vt 0.605209 0.757354 0
vt 0.61987899999999992 0.759445 0
vt 0.61987899999999992 0.737323 0
vt 0.605209 0.745081 0
vt 0.605209 0.757354 0
vt 0.605209 0.819951 0
vt 0.61987899999999992 0.81785 0
vt 0.61987899999999992 0.759445 0
vt 0.63629500000000008 0.873067 0
vt 0.61987899999999992 0.876254 0
vt 0.63629500000000008 0.761287 0
vt 0.63629500000000008 0.817177 0
vt 0.653475 0.817177 0
vt 0.653475 0.761287 0
vt 0.653475 0.761287 0
vt 0.673482 0.761287 0
vt 0.673482 0.720392 0
vt 0.653475 0.724622 0
vt 0.63629500000000008 0.73135 0
vt 0.653475 0.724622 0
vt 0.653475 0.690454 0
vt 0.63629500000000008 0.703453 0
vt 0.61987899999999992 0.71670900000000008 0
vt 0.63629500000000008 0.703453 0
vt 0.63629500000000008 0.679496 0
vt 0.619533 0.696389 0
vt 0.605209 0.745081 0
vt 0.61987899999999992 0.737323 0
vt 0.61987899999999992 0.71670900000000008 0
vt 0.605209 0.733645 0
vt 0.58903799999999992 0.72194 0
vt 0.605209 0.757354 0
vt 0.605209 0.745081 0
vt 0.589036 0.721939 0
vt 0.589036 0.793299 0
vt 0.605209 0.819951 0
vt 0.605209 0.757354 0
vt 0.61987899999999992 0.876254 0
vt 0.61987899999999992 0.81785 0
vt 0.605209 0.819951 0
vt 0.605209 0.882547 0
vt 0.653475 0.873067 0
vt 0.63629500000000008 0.873067 0
vt 0.61987899999999992 0.934659 0
vt 0.63629500000000008 0.928957 0
vt 0.653475 0.761287 0
vt 0.653475 0.817177 0
vt 0.673482 0.817177 0
vt 0.673482 0.761287 0
vt 0.673482 0.761287 0
vt 0.69495300000000008 0.761287 0
vt 0.69495300000000008 0.71894899999999992 0
vt 0.673482 0.720392 0
vt 0.653475 0.724622 0
vt 0.673482 0.720392 0
vt 0.673482 0.682283 0
vt 0.653475 0.690454 0
vt 0.63629500000000008 0.703453 0
vt 0.653475 0.690454 0
vt 0.653475 0.661114 0
vt 0.63629500000000008 0.679496 0
vt 0.619533 0.696389 0
vt 0.63629500000000008 0.679496 0
vt 0.633655 0.654764 0
vt 0.61780500000000008 0.67599699999999992 0
vt 0.605209 0.733645 0
vt 0.61987899999999992 0.71670900000000008 0
vt 0.619533 0.696389 0
vt 0.6059 0.717539 0
vt 0.58903799999999992 0.72194 0
vt 0.605209 0.745081 0
vt 0.605209 0.733645 0
vt 0.605209 0.882547 0
vt 0.589036 0.864659 0
vt 0.605209 0.945144 0
vt 0.61987899999999992 0.934659 0
vt 0.673482 0.873067 0
vt 0.653475 0.873067 0
vt 0.63629500000000008 0.928957 0
vt 0.653475 0.928957 0
vt 0.63629500000000008 0.995836 0
vt 0.61987899999999992 0.996164 0
vt 0.673482 0.761287 0
vt 0.673482 0.817177 0
vt 0.69495300000000008 0.817177 0
vt 0.69495300000000008 0.761287 0
vt 0.69495300000000008 0.761287 0
vt 0.716423 0.761287 0
vt 0.716423 0.720392 0
vt 0.69495300000000008 0.71894899999999992 0
vt 0.673482 0.720392 0
vt 0.69495300000000008 0.71894899999999992 0
vt 0.69495300000000008 0.679496 0
vt 0.673482 0.682283 0
vt 0.653475 0.690454 0
vt 0.673482 0.682283 0
vt 0.673482 0.649559 0
vt 0.653475 0.661114 0
vt 0.63629500000000008 0.679496 0
vt 0.653475 0.661114 0
vt 0.651609 0.631238 0
vt 0.633655 0.654764 0
vt 0.61780500000000008 0.67599699999999992 0
vt 0.633655 0.654764 0
vt 0.629256 0.63221799999999992 0
vt 0.612417 0.659443 0
vt 0.6059 0.717539 0
vt 0.619533 0.696389 0
vt 0.61780500000000008 0.67599699999999992 0
vt 0.603827 0.698712 0
vt 0.58903799999999992 0.72194 0
vt 0.605209 0.733645 0
vt 0.6059 0.717539 0
vt 0.589036 0.936019 0
vt 0.605209 0.945144 0
vt 0.61987899999999992 0.996164 0
vt 0.61987899999999992 0.934659 0
vt 0.605209 0.945144 0
vt 0.605209 0.996751 0
vt 0.69495300000000008 0.873067 0
vt 0.673482 0.873067 0
vt 0.653475 0.928957 0
vt 0.673482 0.928957 0
vt 0.653475 0.995836 0
vt 0.63629500000000008 0.995836 0
vt 0.69495300000000008 0.761287 0
vt 0.69495300000000008 0.817177 0
vt 0.716423 0.817177 0
vt 0.716423 0.761287 0
vt 0.716423 0.761287 0
vt 0.73643 0.761287 0
vt 0.73643 0.724622 0
vt 0.716423 0.720392 0
vt 0.69495300000000008 0.71894899999999992 0
vt 0.716423 0.720392 0
vt 0.716423 0.682283 0
vt 0.69495300000000008 0.679496 0
vt 0.673482 0.682283 0
vt 0.69495300000000008 0.679496 0
vt 0.69495300000000008 0.645617 0
vt 0.673482 0.649559 0
vt 0.653475 0.661114 0
vt 0.673482 0.649559 0
vt 0.672516 0.616448 0
vt 0.651609 0.631238 0
vt 0.633655 0.654764 0
vt 0.651609 0.631238 0
vt 0.648498 0.60409500000000008 0
vt 0.629256 0.63221799999999992 0
vt 0.612417 0.659443 0
vt 0.629256 0.63221799999999992 0
vt 0.62808299999999992 0.597803 0
vt 0.61098 0.62699800000000008 0
vt 0.603827 0.698712 0
vt 0.61780500000000008 0.67599699999999992 0
vt 0.612417 0.659443 0
vt 0.59829600000000008 0.67954099999999992 0
vt 0.58903799999999992 0.72194 0
vt 0.6059 0.717539 0
vt 0.603827 0.698712 0
vt 0.605209 0.996751 0
vt 0.605209 0.945144 0
vt 0.589036 0.936019 0
vt 0.589036 0.996737 0
vt 0.716423 0.873067 0
vt 0.69495300000000008 0.873067 0
vt 0.673482 0.928957 0
vt 0.69495300000000008 0.928957 0
vt 0.673482 0.995836 0
vt 0.653475 0.995836 0
vt 0.716423 0.761287 0
vt 0.716423 0.817177 0
vt 0.73643 0.817177 0
vt 0.73643 0.761287 0
vt 0.73643 0.761287 0
vt 0.75361 0.761287 0
vt 0.75361 0.73135 0
vt 0.73643 0.724622 0
vt 0.716423 0.720392 0
vt 0.73643 0.724622 0
vt 0.73643 0.690454 0
vt 0.716423 0.682283 0
vt 0.69495300000000008 0.679496 0
vt 0.716423 0.682283 0
vt 0.716423 0.649559 0
vt 0.69495300000000008 0.645617 0
vt 0.673482 0.649559 0
vt 0.69495300000000008 0.645617 0
vt 0.69495300000000008 0.61140399999999992 0
vt 0.672516 0.616448 0
vt 0.651609 0.631238 0
vt 0.672516 0.616448 0
vt 0.670906 0.58641600000000008 0
vt 0.648498 0.60409500000000008 0
vt 0.629256 0.63221799999999992 0
vt 0.648498 0.60409500000000008 0
vt 0.64766900000000008 0.568167 0
vt 0.62808299999999992 0.597803 0
vt 0.59829600000000008 0.67954099999999992 0
vt 0.612417 0.659443 0
vt 0.61098 0.62699800000000008 0
vt 0.59057099999999992 0.658454 0
vt 0.58903799999999992 0.72194 0
vt 0.603827 0.698712 0
vt 0.59829600000000008 0.67954099999999992 0
vt 0.73643 0.873067 0
vt 0.716423 0.873067 0
vt 0.69495300000000008 0.928957 0
vt 0.716423 0.928957 0
vt 0.69495300000000008 0.995836 0
vt 0.673482 0.995836 0
vt 0.73643 0.761287 0
vt 0.73643 0.817177 0
vt 0.75361 0.817177 0
vt 0.75361 0.761287 0
vt 0.75361 0.761287 0
vt 0.770026 0.759445 0
vt 0.770026 0.737323 0
vt 0.75361 0.73135 0
vt 0.73643 0.724622 0
vt 0.75361 0.73135 0
vt 0.75361 0.703453 0
vt 0.73643 0.690454 0
vt 0.716423 0.682283 0
vt 0.73643 0.690454 0
vt 0.73643 0.661114 0
vt 0.716423 0.649559 0
vt 0.69495300000000008 0.645617 0
vt 0.716423 0.649559 0
vt 0.71738900000000008 0.616448 0
vt 0.69495300000000008 0.61140399999999992 0
vt 0.672516 0.616448 0
vt 0.69495300000000008 0.61140399999999992 0
vt 0.69495300000000008 0.580385 0
vt 0.670906 0.58641600000000008 0
vt 0.648498 0.60409500000000008 0
vt 0.670906 0.58641600000000008 0
vt 0.670477 0.54953700000000008 0
vt 0.64766900000000008 0.568167 0
vt 0.589036 0.721939 0
vt 0.59829600000000008 0.67954099999999992 0
vt 0.59057099999999992 0.658454 0
vt 0.75361 0.873067 0
vt 0.73643 0.873067 0
vt 0.716423 0.928957 0
vt 0.73643 0.928957 0
vt 0.716423 0.995836 0
vt 0.69495300000000008 0.995836 0
vt 0.75361 0.761287 0
vt 0.75361 0.817177 0
vt 0.770026 0.81785 0
vt 0.770026 0.759445 0
vt 0.770026 0.759445 0
vt 0.784696 0.757354 0
vt 0.784696 0.745081 0
vt 0.770026 0.737323 0
vt 0.75361 0.73135 0
vt 0.770026 0.737323 0
vt 0.770026 0.71670900000000008 0
vt 0.75361 0.703453 0
vt 0.73643 0.690454 0
vt 0.75361 0.703453 0
vt 0.75361 0.679496 0
vt 0.73643 0.661114 0
vt 0.716423 0.649559 0
vt 0.73643 0.661114 0
vt 0.738297 0.631238 0
vt 0.71738900000000008 0.616448 0
vt 0.69495300000000008 0.61140399999999992 0
vt 0.71738900000000008 0.616448 0
vt 0.71899900000000008 0.58641600000000008 0
vt 0.69495300000000008 0.580385 0
vt 0.670906 0.58641600000000008 0
vt 0.69495300000000008 0.580385 0
vt 0.69495300000000008 0.543183 0
vt 0.670477 0.54953700000000008 0
vt 0.770026 0.876254 0
vt 0.770026 0.81785 0
vt 0.75361 0.817177 0
vt 0.75361 0.873067 0
vt 0.73643 0.928957 0
vt 0.75361 0.928957 0
vt 0.73643 0.995836 0
vt 0.716423 0.995836 0
vt 0.770026 0.759445 0
vt 0.770026 0.81785 0
vt 0.784696 0.819951 0
vt 0.784696 0.757354 0
vt 0.784696 0.757354 0
vt 0.800869 0.721938 0
vt 0.784696 0.745081 0
vt 0.770026 0.737323 0
vt 0.784696 0.745081 0
vt 0.784696 0.733645 0
vt 0.770026 0.71670900000000008 0
vt 0.75361 0.703453 0
vt 0.770026 0.71670900000000008 0
vt 0.770026 0.69900700000000008 0
vt 0.75361 0.679496 0
vt 0.73643 0.661114 0
vt 0.75361 0.679496 0
vt 0.75625 0.654764 0
vt 0.738297 0.631238 0
vt 0.71738900000000008 0.616448 0
vt 0.738297 0.631238 0
vt 0.741407 0.60409500000000008 0
vt 0.71899900000000008 0.58641600000000008 0
vt 0.69495300000000008 0.580385 0
vt 0.71899900000000008 0.58641600000000008 0
vt 0.719429 0.54953700000000008 0
vt 0.69495300000000008 0.543183 0
vt 0.784696 0.882547 0
vt 0.784696 0.819951 0
vt 0.770026 0.81785 0
vt 0.770026 0.876254 0
vt 0.75361 0.873067 0
vt 0.75361 0.928957 0
vt 0.770026 0.934659 0
vt 0.770026 0.876254 0
vt 0.75361 0.995836 0
vt 0.73643 0.995836 0
vt 0.784696 0.757354 0
vt 0.784696 0.819951 0
vt 0.800869 0.793299 0
vt 0.800869 0.721939 0
vt 0.784696 0.745081 0
vt 0.800869 0.721938 0
vt 0.784696 0.733645 0
vt 0.770026 0.71670900000000008 0
vt 0.784696 0.733645 0
vt 0.785388 0.717016 0
vt 0.770026 0.69900700000000008 0
vt 0.75361 0.679496 0
vt 0.770026 0.69900700000000008 0
vt 0.773137 0.675473 0
vt 0.75625 0.654764 0
vt 0.738297 0.631238 0
vt 0.75625 0.654764 0
vt 0.760649 0.63221799999999992 0
vt 0.741407 0.60409500000000008 0
vt 0.71899900000000008 0.58641600000000008 0
vt 0.741407 0.60409500000000008 0
vt 0.742237 0.568167 0
vt 0.719429 0.54953700000000008 0
vt 0.800869 0.864659 0
vt 0.800869 0.793299 0
vt 0.784696 0.819951 0
vt 0.784696 0.882547 0
vt 0.770026 0.876254 0
vt 0.770026 0.934659 0
vt 0.784696 0.945144 0
vt 0.784696 0.882547 0
vt 0.770026 0.996164 0
vt 0.75361 0.995836 0
vt 0.784696 0.733645 0
vt 0.800869 0.721938 0
vt 0.785388 0.717016 0
vt 0.770026 0.69900700000000008 0
vt 0.785388 0.717016 0
vt 0.787807 0.698545 0
vt 0.773137 0.675473 0
vt 0.75625 0.654764 0
vt 0.773137 0.675473 0
vt 0.778525 0.658919 0
vt 0.760649 0.63221799999999992 0
vt 0.741407 0.60409500000000008 0
vt 0.760649 0.63221799999999992 0
vt 0.761823 0.597803 0
vt 0.742237 0.568167 0
vt 0.784696 0.945144 0
vt 0.800869 0.936019 0
vt 0.784696 0.996751 0
vt 0.770026 0.996164 0
vt 0.785388 0.717016 0
vt 0.800869 0.721938 0
vt 0.787807 0.698545 0
vt 0.773137 0.675473 0
vt 0.787807 0.698545 0
vt 0.793683 0.67417800000000008 0
vt 0.778525 0.658919 0
vt 0.760649 0.63221799999999992 0
vt 0.778525 0.658919 0
vt 0.779962 0.626474 0
vt 0.761823 0.597803 0
vt 0.800869 0.996737 0
vt 0.800869 0.936019 0
vt 0.784696 0.945144 0
vt 0.784696 0.996751 0
vt 0.787807 0.698545 0
vt 0.800869 0.721938 0
vt 0.793683 0.67417800000000008 0
vt 0.778525 0.658919 0
vt 0.793683 0.67417800000000008 0
vt 0.800371 0.65793100000000008 0
vt 0.779962 0.626474 0
vt 0.793683 0.67417800000000008 0
vt 0.800869 0.721939 0
vt 0.800371 0.65793100000000008 0
# 414 texture coords

g CockPit_low
usemtl material_0
s 1
f 4/4/4 1/1/1 2/2/2
f 2/2/2 3/3/3 4/4/4
f 8/8/8 5/5/5 6/6/6
f 6/6/6 7/7/7 8/8/8
f 12/12/12 9/9/9 10/10/10
f 10/10/10 11/11/11 12/12/12
f 16/16/16 13/13/13 14/14/14
f 14/14/14 15/15/15 16/16/16
f 20/20/20 17/17/17 18/18/18
f 18/18/18 19/19/19 20/20/20
f 24/24/24 21/21/21 22/22/22
f 22/22/22 23/23/23 24/24/24
f 26/26/26 25/25/25 7/7/7
f 7/7/7 6/6/6 26/26/26
f 30/30/30 27/27/27 28/28/28
f 28/28/28 29/29/29 30/30/30
f 34/34/34 31/31/31 32/32/32
f 32/32/32 33/33/33 34/34/34
f 38/38/38 35/35/35 36/36/36
f 36/36/36 37/37/37 38/38/38
f 42/42/42 39/39/39 40/40/40
f 40/40/40 41/41/41 42/42/42
f 46/46/46 43/43/43 44/44/44
f 44/44/44 45/45/45 46/46/46
f 47/47/47 48/48/48 49/49/49
f 53/53/53 50/50/50 51/51/51
f 51/51/51 52/52/52 53/53/53
f 57/57/57 54/54/54 55/55/55
f 55/55/55 56/56/56 57/57/57
f 59/59/59 58/58/58 29/29/29
f 29/29/29 28/28/28 59/59/59
f 25/25/25 26/26/26 60/60/60
f 60/60/60 61/61/61 25/25/25
f 65/65/65 62/62/62 63/63/63
f 63/63/63 64/64/64 65/65/65
f 69/69/69 66/66/66 67/67/67
f 67/67/67 68/68/68 69/69/69
f 73/73/73 70/70/70 71/71/71
f 71/71/71 72/72/72 73/73/73
f 77/77/77 74/74/74 75/75/75
f 75/75/75 76/76/76 77/77/77
f 81/81/81 78/78/78 79/79/79
f 79/79/79 80/80/80 81/81/81
f 85/85/85 82/82/82 83/83/83
f 83/83/83 84/84/84 85/85/85
f 86/86/86 87/87/87 88/88/88
f 90/90/90 89/89/89 52/52/52
f 52/52/52 51/51/51 90/90/90
f 54/54/54 57/57/57 91/91/91
f 91/91/91 92/92/92 54/54/54
f 94/94/94 93/93/93 64/64/64
f 64/64/64 63/63/63 94/94/94
f 58/58/58 59/59/59 95/95/95
f 95/95/95 96/96/96 58/58/58
f 98/98/98 97/97/97 61/61/61
f 61/61/61 60/60/60 98/98/98
f 102/102/102 99/99/99 100/100/100
f 100/100/100 101/101/101 102/102/102
f 106/106/106 103/103/103 104/104/104
f 104/104/104 105/105/105 106/106/106
f 110/110/110 107/107/107 108/108/108
f 108/108/108 109/109/109 110/110/110
f 114/114/114 111/111/111 112/112/112
f 112/112/112 113/113/113 114/114/114
f 118/118/118 115/115/115 116/116/116
f 116/116/116 117/117/117 118/118/118
f 122/122/122 119/119/119 120/120/120
f 120/120/120 121/121/121 122/122/122
f 126/126/126 123/123/123 124/124/124
f 124/124/124 125/125/125 126/126/126
f 127/127/127 128/128/128 129/129/129
f 89/89/89 90/90/90 130/130/130
f 130/130/130 131/131/131 89/89/89
f 135/135/135 132/132/132 133/133/133
f 133/133/133 134/134/134 135/135/135
f 137/137/137 136/136/136 101/101/101
f 101/101/101 100/100/100 137/137/137
f 93/93/93 94/94/94 138/138/138
f 138/138/138 139/139/139 93/93/93
f 141/141/141 140/140/140 96/96/96
f 96/96/96 95/95/95 141/141/141
f 145/145/145 142/142/142 143/143/143
f 143/143/143 144/144/144 145/145/145
f 149/149/149 146/146/146 147/147/147
f 147/147/147 148/148/148 149/149/149
f 153/153/153 150/150/150 151/151/151
f 151/151/151 152/152/152 153/153/153
f 157/157/157 154/154/154 155/155/155
f 155/155/155 156/156/156 157/157/157
f 161/161/161 158/158/158 159/159/159
f 159/159/159 160/160/160 161/161/161
f 165/165/165 162/162/162 163/163/163
f 163/163/163 164/164/164 165/165/165
f 169/169/169 166/166/166 167/167/167
f 167/167/167 168/168/168 169/169/169
f 173/173/173 170/170/170 171/171/171
f 171/171/171 172/172/172 173/173/173
f 174/174/174 175/175/175 176/176/176
f 180/180/180 177/177/177 178/178/178
f 178/178/178 179/179/179 180/180/180
f 182/182/182 181/181/181 144/144/144
f 144/144/144 143/143/143 182/182/182
f 136/136/136 137/137/137 183/183/183
f 183/183/183 184/184/184 136/136/136
f 186/186/186 185/185/185 139/139/139
f 139/139/139 138/138/138 186/186/186
f 190/190/190 187/187/187 188/188/188
f 188/188/188 189/189/189 190/190/190
f 194/194/194 191/191/191 192/192/192
f 192/192/192 193/193/193 194/194/194
f 198/198/198 195/195/195 196/196/196
f 196/196/196 197/197/197 198/198/198
f 202/202/202 199/199/199 200/200/200
f 200/200/200 201/201/201 202/202/202
f 206/206/206 203/203/203 204/204/204
f 204/204/204 205/205/205 206/206/206
f 210/210/210 207/207/207 208/208/208
f 208/208/208 209/209/209 210/210/210
f 214/214/214 211/211/211 212/212/212
f 212/212/212 213/213/213 214/214/214
f 218/218/218 215/215/215 216/216/216
f 216/216/216 217/217/217 218/218/218
f 219/219/219 220/220/220 221/221/221
f 223/223/223 222/222/222 189/189/189
f 189/189/189 188/188/188 223/223/223
f 181/181/181 182/182/182 224/224/224
f 224/224/224 225/225/225 181/181/181
f 227/227/227 226/226/226 184/184/184
f 184/184/184 183/183/183 227/227/227
f 231/231/231 228/228/228 229/229/229
f 229/229/229 230/230/230 231/231/231
f 235/235/235 232/232/232 233/233/233
f 233/233/233 234/234/234 235/235/235
f 239/239/239 236/236/236 237/237/237
f 237/237/237 238/238/238 239/239/239
f 243/243/243 240/240/240 241/241/241
f 241/241/241 242/242/242 243/243/243
f 247/247/247 244/244/244 245/245/245
f 245/245/245 246/246/246 247/247/247
f 251/251/251 248/248/248 249/249/249
f 249/249/249 250/250/250 251/251/251
f 255/255/255 252/252/252 253/253/253
f 253/253/253 254/254/254 255/255/255
f 256/256/256 257/257/257 258/258/258
f 260/260/260 259/259/259 230/230/230
f 230/230/230 229/229/229 260/260/260
f 222/222/222 223/223/223 261/261/261
f 261/261/261 262/262/262 222/222/222
f 264/264/264 263/263/263 225/225/225
f 225/225/225 224/224/224 264/264/264
f 268/268/268 265/265/265 266/266/266
f 266/266/266 267/267/267 268/268/268
f 272/272/272 269/269/269 270/270/270
f 270/270/270 271/271/271 272/272/272
f 276/276/276 273/273/273 274/274/274
f 274/274/274 275/275/275 276/276/276
f 280/280/280 277/277/277 278/278/278
f 278/278/278 279/279/279 280/280/280
f 284/284/284 281/281/281 282/282/282
f 282/282/282 283/283/283 284/284/284
f 288/288/288 285/285/285 286/286/286
f 286/286/286 287/287/287 288/288/288
f 292/292/292 289/289/289 290/290/290
f 290/290/290 291/291/291 292/292/292
f 296/296/296 293/293/293 294/294/294
f 294/294/294 295/295/295 296/296/296
f 259/259/259 260/260/260 297/297/297
f 297/297/297 298/298/298 259/259/259
f 300/300/300 299/299/299 262/262/262
f 262/262/262 261/261/261 300/300/300
f 304/304/304 301/301/301 302/302/302
f 302/302/302 303/303/303 304/304/304
f 305/305/305 306/306/306 307/307/307
f 311/311/311 308/308/308 309/309/309
f 309/309/309 310/310/310 311/311/311
f 315/315/315 312/312/312 313/313/313
f 313/313/313 314/314/314 315/315/315
f 319/319/319 316/316/316 317/317/317
f 317/317/317 318/318/318 319/319/319
f 323/323/323 320/320/320 321/321/321
f 321/321/321 322/322/322 323/323/323
f 327/327/327 324/324/324 325/325/325
f 325/325/325 326/326/326 327/327/327
f 331/331/331 328/328/328 329/329/329
f 329/329/329 330/330/330 331/331/331
f 335/335/335 332/332/332 333/333/333
f 333/333/333 334/334/334 335/335/335
f 337/337/337 336/336/336 298/298/298
f 298/298/298 297/297/297 337/337/337
f 341/341/341 338/338/338 339/339/339
f 339/339/339 340/340/340 341/341/341
f 342/342/342 343/343/343 344/344/344
f 348/348/348 345/345/345 346/346/346
f 346/346/346 347/347/347 348/348/348
f 352/352/352 349/349/349 350/350/350
f 350/350/350 351/351/351 352/352/352
f 356/356/356 353/353/353 354/354/354
f 354/354/354 355/355/355 356/356/356
f 360/360/360 357/357/357 358/358/358
f 358/358/358 359/359/359 360/360/360
f 364/364/364 361/361/361 362/362/362
f 362/362/362 363/363/363 364/364/364
f 368/368/368 365/365/365 366/366/366
f 366/366/366 367/367/367 368/368/368
f 370/370/370 369/369/369 334/334/334
f 334/334/334 333/333/333 370/370/370
f 371/371/371 372/372/372 373/373/373
f 377/377/377 374/374/374 375/375/375
f 375/375/375 376/376/376 377/377/377
f 381/381/381 378/378/378 379/379/379
f 379/379/379 380/380/380 381/381/381
f 385/385/385 382/382/382 383/383/383
f 383/383/383 384/384/384 385/385/385
f 361/361/361 364/364/364 386/386/386
f 386/386/386 387/387/387 361/361/361
f 389/389/389 388/388/388 367/367/367
f 367/367/367 366/366/366 389/389/389
f 390/390/390 391/391/391 392/392/392
f 396/396/396 393/393/393 394/394/394
f 394/394/394 395/395/395 396/396/396
f 400/400/400 397/397/397 398/398/398
f 398/398/398 399/399/399 400/400/400
f 404/404/404 401/401/401 402/402/402
f 402/402/402 403/403/403 404/404/404
f 405/405/405 406/406/406 407/407/407
f 411/411/411 408/408/408 409/409/409
f 409/409/409 410/410/410 411/411/411
f 412/412/412 413/413/413 414/414/414
#228 polygons


#
# object CockPitBack_low
#

v -0.160523 0.119898 0.171987
v -0.160523 0.183597 0.171987
v -0.160523 0.183597 0.136524
v -0.160523 0.119898 0.136524
v -0.0804232 0.119898 0.261893
v -0.0804232 0.25511 0.261893
v -0.160523 0.183597 0.171987
v -0.160523 0.119898 0.171987
v -0.160523 0.183597 0.136524
v -0.160523 0.183597 0.171987
v -0.0804232 0.25511 0.261893
v -0.0804232 0.25511 0.136524
v -0.160523 0.119898 0.136524
v -0.160523 0.183597 0.136524
v 0.159877 0.183597 0.136524
v 0.159877 0.119898 0.136524
v 0.159877 0.119898 0.171987
v 0.079777 0.119898 0.261893
v 0.0485264 0.119898 0.375116
v 0.0485264 0.119898 0.408937
v -0.0491726 0.119898 0.408937
v -0.0491726 0.119898 0.375116
v -0.0804232 0.119898 0.261893
v -0.160523 0.119898 0.171987
v -0.160523 0.119898 0.136524
v 0.159877 0.119898 0.136524
v -0.0491726 0.16917099999999998 0.375116
v -0.0804232 0.25511 0.261893
v -0.0804232 0.119898 0.261893
v -0.0491726 0.119898 0.375116
v -0.0804232 0.25511 0.136524
v -0.0804232 0.25511 0.261893
v 0.079777 0.25511 0.261893
v 0.079777 0.25511 0.136524
v 0.079777 0.25511 0.136524
v 0.159877 0.183597 0.136524
v -0.0804232 0.25511 0.136524
v 0.159877 0.183597 0.136524
v 0.159877 0.183597 0.171987
v 0.159877 0.119898 0.171987
v 0.159877 0.119898 0.136524
v 0.079777 0.119898 0.261893
v 0.159877 0.119898 0.171987
v 0.159877 0.183597 0.171987
v 0.079777 0.25511 0.261893
v 0.0485264 0.119898 0.375116
v 0.079777 0.119898 0.261893
v 0.079777 0.25511 0.261893
v 0.0485264 0.16917099999999998 0.375116
v 0.0485264 0.119898 0.375116
v 0.0485264 0.16917099999999998 0.375116
v 0.0485264 0.16917099999999998 0.408937
v 0.0485264 0.119898 0.408937
v -0.0491726 0.16917099999999998 0.375116
v -0.0491726 0.119898 0.375116
v -0.0491726 0.119898 0.408937
v -0.0491726 0.16917099999999998 0.408937
v -0.0804232 0.25511 0.261893
v -0.0491726 0.16917099999999998 0.375116
v 0.0485264 0.16917099999999998 0.375116
v 0.079777 0.25511 0.261893
v 0.079777 0.25511 0.136524
v 0.079777 0.25511 0.261893
v 0.159877 0.183597 0.171987
v 0.159877 0.183597 0.136524
v 0.0485264 0.16917099999999998 0.375116
v -0.0491726 0.16917099999999998 0.375116
v -0.0491726 0.16917099999999998 0.408937
v 0.0485264 0.16917099999999998 0.408937
# 69 vertices

vn -1 4.4535E-15 9.39212E-15
vn -1 4.4535E-15 9.39212E-15
vn -1 4.4535E-15 9.39212E-15
vn -1 4.4535E-15 9.39212E-15
vn -0.74665 2.90775E-08 0.66521699999999992
vn -0.74665 2.90775E-08 0.66521699999999992
vn -0.74665 2.90775E-08 0.66521699999999992
vn -0.74665 2.90775E-08 0.66521699999999992
vn -0.665987 0.745964 -3.26071E-08
vn -0.665987 0.745964 -3.26071E-08
vn -0.665987 0.745964 -3.26071E-08
vn -0.665987 0.745964 -3.26071E-08
vn -6.06407E-15 -4.37114E-08 -1
vn -6.06407E-15 -4.37114E-08 -1
vn -6.06407E-15 -4.37114E-08 -1
vn -6.06407E-15 -4.37114E-08 -1
vn 1.22197E-16 -1 4.37114E-08
vn 1.22197E-16 -1 4.37114E-08
vn 1.22197E-16 -1 4.37114E-08
vn 1.22197E-16 -1 4.37114E-08
vn 1.22197E-16 -1 4.37114E-08
vn 1.22197E-16 -1 4.37114E-08
vn 1.22197E-16 -1 4.37114E-08
vn 1.22197E-16 -1 4.37114E-08
vn 1.22197E-16 -1 4.37114E-08
vn 1.22197E-16 -1 4.37114E-08
vn -0.963956 1.16299E-08 0.26606
vn -0.963956 1.16299E-08 0.26606
vn -0.963956 1.16299E-08 0.26606
vn -0.963956 1.16299E-08 0.26606
vn -3.46518E-16 1 -4.37114E-08
vn -3.46518E-16 1 -4.37114E-08
vn -3.46518E-16 1 -4.37114E-08
vn -3.46518E-16 1 -4.37114E-08
vn -6.09872E-15 -4.37114E-08 -1
vn -6.09872E-15 -4.37114E-08 -1
vn -6.09872E-15 -4.37114E-08 -1
vn 1 3.38971E-15 3.13071E-15
vn 1 3.38971E-15 3.13071E-15
vn 1 3.38971E-15 3.13071E-15
vn 1 3.38971E-15 3.13071E-15
vn 0.74665 2.90775E-08 0.66521699999999992
vn 0.74665 2.90775E-08 0.66521699999999992
vn 0.74665 2.90775E-08 0.66521699999999992
vn 0.74665 2.90775E-08 0.66521699999999992
vn 0.963956 1.16299E-08 0.26606
vn 0.963956 1.16299E-08 0.26606
vn 0.963956 1.16299E-08 0.26606
vn 0.963956 1.16299E-08 0.26606
vn 1 0 0
vn 1 0 0
vn 1 0 0
vn 1 0 0
vn -1 0 0
vn -1 0 0
vn -1 0 0
vn -1 0 0
vn -4.70954E-16 0.796537 0.60459
vn -4.70954E-16 0.796537 0.60459
vn -4.70954E-16 0.796537 0.60459
vn -4.70954E-16 0.796537 0.60459
vn 0.665987 0.745964 -3.26071E-08
vn 0.665987 0.745964 -3.26071E-08
vn 0.665987 0.745964 -3.26071E-08
vn 0.665987 0.745964 -3.26071E-08
vn -2.84099E-16 1 -4.37114E-08
vn -2.84099E-16 1 -4.37114E-08
vn -2.84099E-16 1 -4.37114E-08
vn -2.84099E-16 1 -4.37114E-08
# 69 vertex normals

vt 0.888608 0.881642 0
vt 0.888608 0.935295 0
vt 0.874624 0.935295 0
vt 0.874624 0.881642 0
vt 0.906588 0.881642 0
vt 0.906588 0.995528 0
vt 0.888608 0.935295 0
vt 0.888608 0.881642 0
vt 0.874624 0.935295 0
vt 0.888608 0.935295 0
vt 0.906588 0.995528 0
vt 0.868574 0.995528 0
vt 0.874624 0.881642 0
vt 0.874624 0.935295 0
vt 0.811906 0.935295 0
vt 0.811906 0.881642 0
vt 0.00970676 0.760054 0
vt 0.0332863 0.767873 0
vt 0.0587797 0.765376 0
vt 0.0658315 0.762975 0
vt 0.0717276 0.780295 0
vt 0.0646757 0.782696 0
vt 0.0429543 0.796272 0
vt 0.0290427 0.816853 0
vt 0.0216486 0.819371 0
vt 0.00231261 0.762572 0
vt 0.929372 0.923144 0
vt 0.906588 0.995528 0
vt 0.906588 0.881642 0
vt 0.929372 0.881642 0
vt 0.854324 0.592623 0
vt 0.794921 0.635377 0
vt 0.751166 0.57380699999999992 0
vt 0.810536 0.53161499999999992 0
vt 0.817984 0.996028 0
vt 0.811906 0.935295 0
vt 0.868574 0.995528 0
vt 0.995832 0.935295 0
vt 0.986401 0.935295 0
vt 0.986401 0.881642 0
vt 0.995832 0.881642 0
vt 0.968407 0.881642 0
vt 0.986401 0.881642 0
vt 0.986401 0.935295 0
vt 0.968407 0.995528 0
vt 0.94551 0.881642 0
vt 0.968407 0.881642 0
vt 0.968407 0.995528 0
vt 0.94551 0.923144 0
vt 0.94551 0.881642 0
vt 0.94551 0.923144 0
vt 0.937244 0.923144 0
vt 0.937244 0.881642 0
vt 0.929372 0.923144 0
vt 0.929372 0.881642 0
vt 0.937244 0.881642 0
vt 0.937244 0.923144 0
vt 0.906588 0.995528 0
vt 0.929372 0.923144 0
vt 0.94551 0.923144 0
vt 0.968407 0.995528 0
vt 0.99166 0.995528 0
vt 0.968407 0.995528 0
vt 0.986401 0.935295 0
vt 0.995832 0.935295 0
vt 0.829559 0.853941 0
vt 0.803441 0.853941 0
vt 0.803441 0.880059 0
vt 0.829559 0.880059 0
# 69 texture coords

g CockPitBack_low
usemtl material_0
s 2
f 418/418/418 415/415/415 416/416/416
f 416/416/416 417/417/417 418/418/418
f 422/422/422 419/419/419 420/420/420
f 420/420/420 421/421/421 422/422/422
f 426/426/426 423/423/423 424/424/424
f 424/424/424 425/425/425 426/426/426
f 430/430/430 427/427/427 428/428/428
f 428/428/428 429/429/429 430/430/430
f 440/440/440 431/431/431 432/432/432
f 433/433/433 434/434/434 435/435/435
f 433/433/433 435/435/435 436/436/436
f 433/433/433 436/436/436 437/437/437
f 433/433/433 437/437/437 438/438/438
f 433/433/433 438/438/438 439/439/439
f 439/439/439 440/440/440 432/432/432
f 432/432/432 433/433/433 439/439/439
f 444/444/444 441/441/441 442/442/442
f 442/442/442 443/443/443 444/444/444
f 448/448/448 445/445/445 446/446/446
f 446/446/446 447/447/447 448/448/448
f 451/451/451 449/449/449 450/450/450
f 450/450/450 428/428/428 451/451/451
f 455/455/455 452/452/452 453/453/453
f 453/453/453 454/454/454 455/455/455
f 459/459/459 456/456/456 457/457/457
f 457/457/457 458/458/458 459/459/459
f 463/463/463 460/460/460 461/461/461
f 461/461/461 462/462/462 463/463/463
f 467/467/467 464/464/464 465/465/465
f 465/465/465 466/466/466 467/467/467
f 471/471/471 468/468/468 469/469/469
f 469/469/469 470/470/470 471/471/471
f 475/475/475 472/472/472 473/473/473
f 473/473/473 474/474/474 475/475/475
f 479/479/479 476/476/476 477/477/477
f 477/477/477 478/478/478 479/479/479
f 483/483/483 480/480/480 481/481/481
f 481/481/481 482/482/482 483/483/483
#38 polygons


#
# object Base_low
#

v 0.29992 -0.0207301 -0.53643
v 0.17274999999999998 -0.0207302 -0.871712
v 0.17274999999999998 0.0573964 -0.871712
v 0.29992 0.0573964 -0.53643
v 0.17274999999999998 -0.0207302 -0.871712
v 0.29992 -0.0207301 -0.53643
v 0.260672 -0.0441681 -0.529768
v 0.137292 -0.0441681 -0.855059
v 0.100047 -0.0207302 -1
v 0.100047 0.0573964 -1
v 0.17274999999999998 0.0573964 -0.871712
v 0.17274999999999998 -0.0207302 -0.871712
v 0.29992 0.0573964 -0.53643
v 0.17274999999999998 0.0573964 -0.871712
v 0.108041 0.119898 -0.77796
v 0.20579 0.119898 -0.520244
v 0.278965 -0.0207301 0.261893
v 0.29992 -0.0207301 -0.53643
v 0.29992 0.0573964 -0.53643
v 0.278965 0.0573965 0.261893
v 0.29992 -0.0207301 -0.53643
v 0.278965 -0.0207301 0.261893
v 0.240917 -0.0441681 0.222833
v 0.260672 -0.0441681 -0.529768
v 0.137292 -0.0441681 -0.855059
v 0.260672 -0.0441681 -0.529768
v -0.260672 -0.0441681 -0.529768
v -0.137292 -0.0441681 -0.855059
v 0.100047 -0.0207302 -1
v 0.17274999999999998 -0.0207302 -0.871712
v 0.137292 -0.0441681 -0.855059
v 0.0772873 -0.0441681 -0.960941
v -0.100047 -0.0207302 -1
v -0.100047 0.0573964 -1
v 0.100047 0.0573964 -1
v 0.100047 -0.0207302 -1
v 0.17274999999999998 0.0573964 -0.871712
v 0.100047 0.0573964 -1
v 0.108041 0.119898 -0.77796
v -0.108041 0.119898 -0.77796
v -0.20579 0.119898 -0.520244
v 0.20579 0.119898 -0.520244
v 0.108041 0.119898 -0.77796
v 0.18519 0.119898 0.261893
v 0.278965 0.0573965 0.261893
v 0.29992 0.0573964 -0.53643
v 0.20579 0.119898 -0.520244
v 0.278965 0.0573965 0.341171
v 0.278965 -0.0207301 0.341171
v 0.278965 -0.0207301 0.261893
v 0.278965 0.0573965 0.261893
v 0.278965 -0.0207301 0.261893
v 0.278965 -0.0207301 0.341171
v 0.240917 -0.0441681 0.363441
v 0.240917 -0.0441681 0.222833
v -0.240917 -0.0441681 0.222833
v 0.240917 -0.0441681 0.222833
v -0.29992 -0.0207301 -0.53643
v -0.17274999999999998 -0.0207302 -0.871712
v -0.137292 -0.0441681 -0.855059
v -0.260672 -0.0441681 -0.529768
v 0.0772873 -0.0441681 -0.960941
v -0.0772873 -0.0441681 -0.960941
v -0.100047 -0.0207302 -1
v 0.100047 -0.0207302 -1
v 0.0772873 -0.0441681 -0.960941
v -0.0772873 -0.0441681 -0.960941
v -0.17274999999999998 -0.0207302 -0.871712
v -0.17274999999999998 0.0573964 -0.871712
v -0.100047 0.0573964 -1
v -0.100047 -0.0207302 -1
v -0.108041 0.119898 -0.77796
v 0.108041 0.119898 -0.77796
v 0.100047 0.0573964 -1
v -0.100047 0.0573964 -1
v -0.29992 0.0573964 -0.53643
v -0.20579 0.119898 -0.520244
v -0.108041 0.119898 -0.77796
v -0.17274999999999998 0.0573964 -0.871712
v -0.18519 0.119898 0.261893
v 0.18519 0.119898 0.261893
v 0.278965 0.0573965 0.261893
v 0.18519 0.119898 0.261893
v 0.18519 0.119898 0.341171
v 0.278965 0.0573965 0.341171
v 0.240917 0.0573965 0.363441
v 0.240917 -0.0441681 0.363441
v 0.278965 -0.0207301 0.341171
v 0.278965 0.0573965 0.341171
v 0.240917 -0.0441681 0.363441
v -0.240917 -0.0441681 0.363441
v -0.278965 -0.0207301 0.261893
v -0.29992 -0.0207301 -0.53643
v -0.260672 -0.0441681 -0.529768
v -0.240917 -0.0441681 0.222833
v -0.29992 0.0573964 -0.53643
v -0.17274999999999998 0.0573964 -0.871712
v -0.17274999999999998 -0.0207302 -0.871712
v -0.29992 -0.0207301 -0.53643
v -0.17274999999999998 -0.0207302 -0.871712
v -0.100047 -0.0207302 -1
v -0.0772873 -0.0441681 -0.960941
v -0.137292 -0.0441681 -0.855059
v -0.17274999999999998 0.0573964 -0.871712
v -0.108041 0.119898 -0.77796
v -0.100047 0.0573964 -1
v -0.29992 0.0573964 -0.53643
v -0.278965 0.0573965 0.261893
v -0.18519 0.119898 0.261893
v -0.20579 0.119898 -0.520244
v 0.18519 0.119898 0.341171
v -0.18519 0.119898 0.341171
v 0.278965 0.0573965 0.341171
v 0.18519 0.119898 0.341171
v -0.18519 0.119898 0.341171
v -0.278965 0.0573965 0.341171
v -0.240917 0.0573965 0.363441
v 0.240917 0.0573965 0.363441
v 0.278965 0.0573965 0.341171
v -0.278965 0.0573965 0.341171
v -0.240917 -0.0441681 0.222833
v -0.240917 -0.0441681 0.363441
v -0.278965 -0.0207301 0.341171
v -0.278965 -0.0207301 0.261893
v -0.278965 0.0573965 0.261893
v -0.29992 0.0573964 -0.53643
v -0.29992 -0.0207301 -0.53643
v -0.278965 -0.0207301 0.261893
v -0.18519 0.119898 0.261893
v -0.278965 0.0573965 0.261893
v -0.278965 0.0573965 0.341171
v -0.18519 0.119898 0.341171
v -0.278965 0.0573965 0.341171
v -0.278965 -0.0207301 0.341171
v -0.240917 -0.0441681 0.363441
v -0.240917 0.0573965 0.363441
v -0.278965 -0.0207301 0.261893
v -0.278965 -0.0207301 0.341171
v -0.278965 0.0573965 0.341171
v -0.278965 0.0573965 0.261893
# 140 vertices

vn 0.935003 -1.55018E-08 -0.35464
vn 0.935003 -1.55018E-08 -0.35464
vn 0.935003 -1.55018E-08 -0.35464
vn 0.935003 -1.55018E-08 -0.35464
vn 0.481092 -0.857469 -0.182474
vn 0.481092 -0.857469 -0.182474
vn 0.481092 -0.857469 -0.182474
vn 0.481092 -0.857469 -0.182474
vn 0.870004 -2.15517E-08 -0.493044
vn 0.870004 -2.15517E-08 -0.493044
vn 0.870004 -2.15517E-08 -0.493044
vn 0.870004 -2.15517E-08 -0.493044
vn 0.51864600000000008 0.83205 -0.196719
vn 0.51864600000000008 0.83205 -0.196719
vn 0.51864600000000008 0.83205 -0.196719
vn 0.51864600000000008 0.83205 -0.196719
vn 0.999656 1.14698E-09 0.0262399
vn 0.999656 1.14698E-09 0.0262399
vn 0.999656 1.14698E-09 0.0262399
vn 0.999656 1.14698E-09 0.0262399
vn 0.514358 -0.857469 0.0135014
vn 0.514358 -0.857469 0.0135014
vn 0.514358 -0.857469 0.0135014
vn 0.514358 -0.857469 0.0135014
vn 0 -1 4.37114E-08
vn 0 -1 4.37114E-08
vn 0 -1 4.37114E-08
vn 0 -1 4.37114E-08
vn 0.447648 -0.857469 -0.253689
vn 0.447648 -0.857469 -0.253689
vn 0.447648 -0.857469 -0.253689
vn 0.447648 -0.857469 -0.253689
vn 0 -4.37114E-08 -1
vn 0 -4.37114E-08 -1
vn 0 -4.37114E-08 -1
vn 0 -4.37114E-08 -1
vn 0.452868 0.85384 -0.256647
vn 0.452868 0.85384 -0.256647
vn 0.452868 0.85384 -0.256647
vn -8.13987E-31 1 -4.37114E-08
vn -8.13987E-31 1 -4.37114E-08
vn -8.13987E-31 1 -4.37114E-08
vn -8.13987E-31 1 -4.37114E-08
vn 0.554693 0.831928 0.0145842
vn 0.554693 0.831928 0.0145842
vn 0.554693 0.831928 0.0145842
vn 0.554693 0.831928 0.0145842
vn 1 -1.42109E-15 1.40043E-15
vn 1 -1.42109E-15 1.40043E-15
vn 1 -1.42109E-15 1.40043E-15
vn 1 -1.42109E-15 1.40043E-15
vn 0.52449 -0.851417 3.72166E-08
vn 0.52449 -0.851417 3.72166E-08
vn 0.52449 -0.851417 3.72166E-08
vn 0.52449 -0.851417 3.72166E-08
vn 0 -1 4.37114E-08
vn 0 -1 4.37114E-08
vn -0.481092 -0.857469 -0.182474
vn -0.481092 -0.857469 -0.182474
vn -0.481092 -0.857469 -0.182474
vn -0.481092 -0.857469 -0.182474
vn 0 -1 4.37114E-08
vn 0 -1 4.37114E-08
vn 3.61219E-21 -0.857469 -0.514535
vn 3.61219E-21 -0.857469 -0.514535
vn 3.61219E-21 -0.857469 -0.514535
vn 3.61219E-21 -0.857469 -0.514535
vn -0.870004 -2.15517E-08 -0.493044
vn -0.870004 -2.15517E-08 -0.493044
vn -0.870004 -2.15517E-08 -0.493044
vn -0.870004 -2.15517E-08 -0.493044
vn -2.27956E-18 0.962592 -0.27095599999999996
vn -2.27956E-18 0.962592 -0.27095599999999996
vn -2.27956E-18 0.962592 -0.27095599999999996
vn -2.27956E-18 0.962592 -0.27095599999999996
vn -0.51864600000000008 0.83205 -0.196719
vn -0.51864600000000008 0.83205 -0.196719
vn -0.51864600000000008 0.83205 -0.196719
vn -0.51864600000000008 0.83205 -0.196719
vn 0 1 -4.37114E-08
vn 0 1 -4.37114E-08
vn 0.554608 0.832112 -3.63728E-08
vn 0.554608 0.832112 -3.63728E-08
vn 0.554608 0.832112 -3.63728E-08
vn 0.554608 0.832112 -3.63728E-08
vn 0.50514499999999992 3.77244E-08 0.863034
vn 0.50514499999999992 3.77244E-08 0.863034
vn 0.50514499999999992 3.77244E-08 0.863034
vn 0.50514499999999992 3.77244E-08 0.863034
vn 0 -1 4.37114E-08
vn 0 -1 4.37114E-08
vn -0.514358 -0.857469 0.0135014
vn -0.514358 -0.857469 0.0135014
vn -0.514358 -0.857469 0.0135014
vn -0.514358 -0.857469 0.0135014
vn -0.935003 -1.55018E-08 -0.35464
vn -0.935003 -1.55018E-08 -0.35464
vn -0.935003 -1.55018E-08 -0.35464
vn -0.935003 -1.55018E-08 -0.35464
vn -0.447648 -0.857469 -0.253689
vn -0.447648 -0.857469 -0.253689
vn -0.447648 -0.857469 -0.253689
vn -0.447648 -0.857469 -0.253689
vn -0.452868 0.85384 -0.256647
vn -0.452868 0.85384 -0.256647
vn -0.452868 0.85384 -0.256647
vn -0.554693 0.831928 0.0145842
vn -0.554693 0.831928 0.0145842
vn -0.554693 0.831928 0.0145842
vn -0.554693 0.831928 0.0145842
vn 0 1 -4.37114E-08
vn 0 1 -4.37114E-08
vn -1.84554E-16 4.37114E-08 1
vn -1.84554E-16 4.37114E-08 1
vn -1.84554E-16 4.37114E-08 1
vn -1.84554E-16 4.37114E-08 1
vn -2.84472E-31 1 -4.37114E-08
vn -2.84472E-31 1 -4.37114E-08
vn -2.84472E-31 1 -4.37114E-08
vn -2.84472E-31 1 -4.37114E-08
vn -0.52449 -0.851417 3.72166E-08
vn -0.52449 -0.851417 3.72166E-08
vn -0.52449 -0.851417 3.72166E-08
vn -0.52449 -0.851417 3.72166E-08
vn -0.999656 1.14698E-09 0.0262399
vn -0.999656 1.14698E-09 0.0262399
vn -0.999656 1.14698E-09 0.0262399
vn -0.999656 1.14698E-09 0.0262399
vn -0.554608 0.832112 -3.63728E-08
vn -0.554608 0.832112 -3.63728E-08
vn -0.554608 0.832112 -3.63728E-08
vn -0.554608 0.832112 -3.63728E-08
vn -0.50514499999999992 3.77244E-08 0.863034
vn -0.50514499999999992 3.77244E-08 0.863034
vn -0.50514499999999992 3.77244E-08 0.863034
vn -0.50514499999999992 3.77244E-08 0.863034
vn -1 -3.55271E-16 3.50109E-16
vn -1 -3.55271E-16 3.50109E-16
vn -1 -3.55271E-16 3.50109E-16
vn -1 -3.55271E-16 3.50109E-16
# 140 vertex normals

vt 0.154997 0.970739 0
vt 0.214538 0.970739 0
vt 0.214538 0.997199 0
vt 0.154997 0.997199 0
vt 0.0271009 0.8224 0
vt 0.08091139999999999 0.780006 0
vt 0.0883008 0.800582 0
vt 0.0390487 0.835292 0
vt 0.247093 0.970739 0
vt 0.247093 0.997199 0
vt 0.214538 0.997199 0
vt 0.214538 0.970739 0
vt 0.458961 0.969313 0
vt 0.546396 0.928675 0
vt 0.521706 0.905529 0
vt 0.454481 0.934097 0
vt 0.0434495 0.970739 0
vt 0.154997 0.970739 0
vt 0.154997 0.997199 0
vt 0.0434495 0.997199 0
vt 0.08091139999999999 0.780006 0
vt 0.209037 0.786567 0
vt 0.202252 0.806139 0
vt 0.0883008 0.800582 0
vt 0.0390487 0.835292 0
vt 0.0883008 0.800582 0
vt 0.0883008 0.947249 0
vt 0.0390487 0.912539 0
vt 0.00651132 0.844081 0
vt 0.0271009 0.8224 0
vt 0.0390487 0.835292 0
vt 0.0230172 0.852172 0
vt 0.278999 0.970739 0
vt 0.278999 0.997199 0
vt 0.247093 0.997199 0
vt 0.247093 0.970739 0
vt 0.546396 0.928675 0
vt 0.579798 0.905558 0
vt 0.521706 0.905529 0
vt 0.52127199999999992 0.84342 0
vt 0.453655 0.815794 0
vt 0.454481 0.934097 0
vt 0.521706 0.905529 0
vt 0.249823 0.929604 0
vt 0.250065 0.964176 0
vt 0.458961 0.969313 0
vt 0.454481 0.934097 0
vt 0.0262564 0.997199 0
vt 0.0262564 0.970739 0
vt 0.0434495 0.970739 0
vt 0.0434495 0.997199 0
vt 0.209037 0.786567 0
vt 0.221761 0.786567 0
vt 0.223541 0.806139 0
vt 0.202252 0.806139 0
vt 0.202252 0.941691 0
vt 0.202252 0.806139 0
vt 0.08091139999999999 0.967825 0
vt 0.0271009 0.92543 0
vt 0.0390487 0.912539 0
vt 0.0883008 0.947249 0
vt 0.0230172 0.852172 0
vt 0.0230172 0.895658 0
vt 0.00651132 0.90375 0
vt 0.00651132 0.844081 0
vt 0.0230172 0.852172 0
vt 0.0230172 0.895658 0
vt 0.309942 0.970739 0
vt 0.309942 0.997199 0
vt 0.278999 0.997199 0
vt 0.278999 0.970739 0
vt 0.52127199999999992 0.84342 0
vt 0.521706 0.905529 0
vt 0.579798 0.905558 0
vt 0.579358 0.84258 0
vt 0.457643 0.780518 0
vt 0.453655 0.815794 0
vt 0.52127199999999992 0.84342 0
vt 0.545636 0.819931 0
vt 0.24908 0.823143 0
vt 0.249823 0.929604 0
vt 0.250065 0.964176 0
vt 0.249823 0.929604 0
vt 0.229083 0.929749 0
vt 0.229324 0.964321 0
vt 0.00983716999999999 0.997199 0
vt 0.00983716999999999 0.962801 0
vt 0.0262564 0.970739 0
vt 0.0262564 0.997199 0
vt 0.223541 0.806139 0
vt 0.223541 0.941691 0
vt 0.209037 0.961263 0
vt 0.08091139999999999 0.967825 0
vt 0.0883008 0.947249 0
vt 0.202252 0.941691 0
vt 0.383994 0.997199 0
vt 0.309942 0.997199 0
vt 0.309942 0.970739 0
vt 0.383994 0.970739 0
vt 0.0271009 0.92543 0
vt 0.00651132 0.90375 0
vt 0.0230172 0.895658 0
vt 0.0390487 0.912539 0
vt 0.545636 0.819931 0
vt 0.52127199999999992 0.84342 0
vt 0.579358 0.84258 0
vt 0.457643 0.780518 0
vt 0.248839 0.788572 0
vt 0.24908 0.823143 0
vt 0.453655 0.815794 0
vt 0.229083 0.929749 0
vt 0.22834 0.823288 0
vt 0.432545 0.0143544 0
vt 0.401451 0.0331247 0
vt 0.27863900000000004 0.0331247 0
vt 0.247545 0.0143544 0
vt 0.421103 0.00588719 0
vt 0.261341 0.00582911 0
vt 0.247111 0.0143544 0
vt 0.432104 0.0143544 0
vt 0.202252 0.941691 0
vt 0.223541 0.941691 0
vt 0.221761 0.961263 0
vt 0.209037 0.961263 0
vt 0.549826 0.997199 0
vt 0.383994 0.997199 0
vt 0.383994 0.970739 0
vt 0.549826 0.970739 0
vt 0.24908 0.823143 0
vt 0.248839 0.788572 0
vt 0.228099 0.788716 0
vt 0.22834 0.823288 0
vt 0.566589 0.997199 0
vt 0.566589 0.970739 0
vt 0.578601 0.962801 0
vt 0.578601 0.997199 0
vt 0.549826 0.970739 0
vt 0.566589 0.970739 0
vt 0.566589 0.997199 0
vt 0.549826 0.997199 0
# 140 texture coords

g Base_low
usemtl material_0
s 4
f 487/487/487 484/484/484 485/485/485
f 485/485/485 486/486/486 487/487/487
f 491/491/491 488/488/488 489/489/489
f 489/489/489 490/490/490 491/491/491
f 495/495/495 492/492/492 493/493/493
f 493/493/493 494/494/494 495/495/495
f 499/499/499 496/496/496 497/497/497
f 497/497/497 498/498/498 499/499/499
f 503/503/503 500/500/500 501/501/501
f 501/501/501 502/502/502 503/503/503
f 507/507/507 504/504/504 505/505/505
f 505/505/505 506/506/506 507/507/507
f 511/511/511 508/508/508 509/509/509
f 509/509/509 510/510/510 511/511/511
f 515/515/515 512/512/512 513/513/513
f 513/513/513 514/514/514 515/515/515
f 519/519/519 516/516/516 517/517/517
f 517/517/517 518/518/518 519/519/519
f 520/520/520 521/521/521 522/522/522
f 526/526/526 523/523/523 524/524/524
f 524/524/524 525/525/525 526/526/526
f 530/530/530 527/527/527 528/528/528
f 528/528/528 529/529/529 530/530/530
f 534/534/534 531/531/531 532/532/532
f 532/532/532 533/533/533 534/534/534
f 538/538/538 535/535/535 536/536/536
f 536/536/536 537/537/537 538/538/538
f 540/540/540 539/539/539 510/510/510
f 510/510/510 509/509/509 540/540/540
f 544/544/544 541/541/541 542/542/542
f 542/542/542 543/543/543 544/544/544
f 546/546/546 545/545/545 508/508/508
f 508/508/508 511/511/511 546/546/546
f 550/550/550 547/547/547 548/548/548
f 548/548/548 549/549/549 550/550/550
f 554/554/554 551/551/551 552/552/552
f 552/552/552 553/553/553 554/554/554
f 558/558/558 555/555/555 556/556/556
f 556/556/556 557/557/557 558/558/558
f 562/562/562 559/559/559 560/560/560
f 560/560/560 561/561/561 562/562/562
f 525/525/525 524/524/524 563/563/563
f 563/563/563 564/564/564 525/525/525
f 568/568/568 565/565/565 566/566/566
f 566/566/566 567/567/567 568/568/568
f 572/572/572 569/569/569 570/570/570
f 570/570/570 571/571/571 572/572/572
f 574/574/574 539/539/539 540/540/540
f 540/540/540 573/573/573 574/574/574
f 578/578/578 575/575/575 576/576/576
f 576/576/576 577/577/577 578/578/578
f 582/582/582 579/579/579 580/580/580
f 580/580/580 581/581/581 582/582/582
f 586/586/586 583/583/583 584/584/584
f 584/584/584 585/585/585 586/586/586
f 587/587/587 588/588/588 589/589/589
f 593/593/593 590/590/590 591/591/591
f 591/591/591 592/592/592 593/593/593
f 595/595/595 594/594/594 564/564/564
f 564/564/564 563/563/563 595/595/595
f 599/599/599 596/596/596 597/597/597
f 597/597/597 598/598/598 599/599/599
f 603/603/603 600/600/600 601/601/601
f 601/601/601 602/602/602 603/603/603
f 607/607/607 604/604/604 605/605/605
f 605/605/605 606/606/606 607/607/607
f 611/611/611 608/608/608 609/609/609
f 609/609/609 610/610/610 611/611/611
f 615/615/615 612/612/612 613/613/613
f 613/613/613 614/614/614 615/615/615
f 619/619/619 616/616/616 617/617/617
f 617/617/617 618/618/618 619/619/619
f 623/623/623 620/620/620 621/621/621
f 621/621/621 622/622/622 623/623/623
#74 polygons


#
# object BaseBack_low
#

v 0.094036 -0.0129174 0.729715
v -0.094036 -0.0129174 0.729715
v -0.240917 -0.0441681 0.363441
v 0.240917 -0.0441681 0.363441
v -0.094036 0.0573965 0.729715
v -0.240917 0.0573965 0.363441
v -0.240917 -0.0441681 0.363441
v -0.094036 -0.0129174 0.729715
v 0.240917 0.0573965 0.363441
v -0.240917 0.0573965 0.363441
v -0.0792113 0.104272 0.408937
v 0.0792113 0.104272 0.408937
v 0.240917 0.0573965 0.363441
v 0.094036 0.0573965 0.729715
v 0.094036 -0.0129174 0.729715
v 0.240917 -0.0441681 0.363441
v -0.094036 -0.0129174 0.729715
v 0.094036 -0.0129174 0.729715
v 0.094036 0.0573965 0.729715
v -0.094036 0.0573965 0.729715
v -0.240917 0.0573965 0.363441
v -0.094036 0.0573965 0.729715
v -0.0200538 0.0981823 0.602935
v -0.0792113 0.104272 0.408937
v 0.0792113 0.104272 0.408937
v -0.0792113 0.104272 0.408937
v -0.0792113 0.16917099999999998 0.408937
v 0.0792113 0.16917099999999998 0.408937
v 0.094036 0.0573965 0.729715
v 0.240917 0.0573965 0.363441
v 0.0792113 0.104272 0.408937
v 0.0200538 0.0981823 0.602935
v -0.094036 0.0573965 0.729715
v 0.094036 0.0573965 0.729715
v 0.0200538 0.0981823 0.602935
v -0.0200538 0.0981823 0.602935
v -0.0792113 0.104272 0.408937
v -0.0200538 0.0981823 0.602935
v -0.0200538 0.16308 0.602935
v -0.0792113 0.16917099999999998 0.408937
v 0.0792113 0.16917099999999998 0.408937
v -0.0792113 0.16917099999999998 0.408937
v -0.0200538 0.16308 0.602935
v 0.0200538 0.16308 0.602935
v 0.0200538 0.0981823 0.602935
v 0.0792113 0.104272 0.408937
v 0.0792113 0.16917099999999998 0.408937
v 0.0200538 0.16308 0.602935
v -0.0200538 0.0981823 0.602935
v 0.0200538 0.0981823 0.602935
v 0.0200538 0.16308 0.602935
v -0.0200538 0.16308 0.602935
# 52 vertices

vn -4.11149E-18 -0.99638 0.08501160000000001
vn -4.11149E-18 -0.99638 0.08501160000000001
vn -4.11149E-18 -0.99638 0.08501160000000001
vn -4.11149E-18 -0.99638 0.08501160000000001
vn -0.928151 1.62695E-08 0.372203
vn -0.928151 1.62695E-08 0.372203
vn -0.928151 1.62695E-08 0.372203
vn -0.928151 1.62695E-08 0.372203
vn -5.1517E-17 0.69646699999999992 -0.717588
vn -5.1517E-17 0.69646699999999992 -0.717588
vn -5.1517E-17 0.69646699999999992 -0.717588
vn -5.1517E-17 0.69646699999999992 -0.717588
vn 0.928151 1.62695E-08 0.372203
vn 0.928151 1.62695E-08 0.372203
vn 0.928151 1.62695E-08 0.372203
vn 0.928151 1.62695E-08 0.372203
vn 0 4.37114E-08 1
vn 0 4.37114E-08 1
vn 0 4.37114E-08 1
vn 0 4.37114E-08 1
vn -0.308208 0.943256 0.123596
vn -0.308208 0.943256 0.123596
vn -0.308208 0.943256 0.123596
vn -0.308208 0.943256 0.123596
vn -7.00812E-16 -4.37114E-08 -1
vn -7.00812E-16 -4.37114E-08 -1
vn -7.00812E-16 -4.37114E-08 -1
vn -7.00812E-16 -4.37114E-08 -1
vn 0.308208 0.943256 0.123596
vn 0.308208 0.943256 0.123596
vn 0.308208 0.943256 0.123596
vn 0.308208 0.943256 0.123596
vn -1.79645E-18 0.951952 0.306249
vn -1.79645E-18 0.951952 0.306249
vn -1.79645E-18 0.951952 0.306249
vn -1.79645E-18 0.951952 0.306249
vn -0.956516 1.27497E-08 0.29167900000000004
vn -0.956516 1.27497E-08 0.29167900000000004
vn -0.956516 1.27497E-08 0.29167900000000004
vn -0.956516 1.27497E-08 0.29167900000000004
vn 2.18811E-17 0.999508 0.0313775
vn 2.18811E-17 0.999508 0.0313775
vn 2.18811E-17 0.999508 0.0313775
vn 2.18811E-17 0.999508 0.0313775
vn 0.956516 1.27497E-08 0.29167900000000004
vn 0.956516 1.27497E-08 0.29167900000000004
vn 0.956516 1.27497E-08 0.29167900000000004
vn 0.956516 1.27497E-08 0.29167900000000004
vn 0 4.37114E-08 1
vn 0 4.37114E-08 1
vn 0 4.37114E-08 1
vn 0 4.37114E-08 1
# 52 vertex normals

vt 0.990436 0.54801599999999992 0
vt 0.966548 0.453749 0
vt 0.989052 0.401765 0
vt 0.990436 0.54801599999999992 0
vt 0.896452 0.453847 0
vt 0.929446 0.422882 0
vt 0.989052 0.401765 0
vt 0.966548 0.453749 0
vt 0.910712 0.54169900000000008 0
vt 0.984143 0.560032 0
vt 0.847252 0.545558 0
vt 0.845264 0.52974600000000008 0
vt 0.910712 0.54169900000000008 0
vt 0.906396 0.487439 0
vt 0.990436 0.54801599999999992 0
vt 0.984143 0.560032 0
vt 0.966548 0.453749 0
vt 0.990436 0.54801599999999992 0
vt 0.906396 0.487439 0
vt 0.896452 0.453847 0
vt 0.929446 0.422882 0
vt 0.896452 0.453847 0
vt 0.841166 0.449919 0
vt 0.843816 0.409474 0
vt 0.60793299999999992 0.543629 0
vt 0.62260800000000008 0.54513999999999992 0
vt 0.615833 0.606086 0
vt 0.601247 0.604583 0
vt 0.906396 0.487439 0
vt 0.910712 0.54169900000000008 0
vt 0.845264 0.52974600000000008 0
vt 0.840486 0.492633 0
vt 0.896452 0.453847 0
vt 0.906396 0.487439 0
vt 0.840486 0.492633 0
vt 0.841166 0.449919 0
vt 0.534323 0.536046 0
vt 0.566702 0.535905 0
vt 0.563635 0.563866 0
vt 0.527637 0.597001 0
vt 0.601247 0.604583 0
vt 0.527637 0.597001 0
vt 0.563635 0.563866 0
vt 0.573242 0.564856 0
vt 0.576309 0.536895 0
vt 0.60793299999999992 0.543629 0
vt 0.601247 0.604583 0
vt 0.573242 0.564856 0
vt 0.566702 0.535905 0
vt 0.576309 0.536895 0
vt 0.573242 0.564856 0
vt 0.563635 0.563866 0
# 52 texture coords

g BaseBack_low
usemtl material_0
s 8
f 627/627/627 624/624/624 625/625/625
f 625/625/625 626/626/626 627/627/627
f 631/631/631 628/628/628 629/629/629
f 629/629/629 630/630/630 631/631/631
f 635/635/635 632/632/632 633/633/633
f 633/633/633 634/634/634 635/635/635
f 639/639/639 636/636/636 637/637/637
f 637/637/637 638/638/638 639/639/639
f 643/643/643 640/640/640 641/641/641
f 641/641/641 642/642/642 643/643/643
f 647/647/647 644/644/644 645/645/645
f 645/645/645 646/646/646 647/647/647
f 651/651/651 648/648/648 649/649/649
f 649/649/649 650/650/650 651/651/651
f 655/655/655 652/652/652 653/653/653
f 653/653/653 654/654/654 655/655/655
f 659/659/659 656/656/656 657/657/657
f 657/657/657 658/658/658 659/659/659
f 663/663/663 660/660/660 661/661/661
f 661/661/661 662/662/662 663/663/663
f 667/667/667 664/664/664 665/665/665
f 665/665/665 666/666/666 667/667/667
f 671/671/671 668/668/668 669/669/669
f 669/669/669 670/670/670 671/671/671
f 675/675/675 672/672/672 673/673/673
f 673/673/673 674/674/674 675/675/675
#26 polygons


#
# object BaseLeft_low
#

v -0.368514 0.0573964 -0.470915
v -0.368514 -0.0207301 -0.470915
v -0.392483 -0.0207301 0.104124
v -0.392483 0.0573965 0.104124
v -0.368514 0.0573964 -0.470915
v -0.29992 0.0573964 -0.53643
v -0.29992 -0.0207301 -0.53643
v -0.368514 -0.0207301 -0.470915
v -0.29992 -0.0207301 -0.53643
v -0.28158499999999996 -0.0207301 0.16206200000000002
v -0.392483 -0.0207301 0.104124
v -0.368514 -0.0207301 -0.470915
v -0.392483 -0.0207301 0.104124
v -0.28158499999999996 -0.0207301 0.16206200000000002
v -0.28158499999999996 0.0573965 0.16206200000000002
v -0.392483 0.0573965 0.104124
v -0.28158499999999996 0.0573965 0.16206200000000002
v -0.29992 0.0573964 -0.53643
v -0.368514 0.0573964 -0.470915
v -0.392483 0.0573965 0.104124
# 20 vertices

vn -0.999132 -1.82042E-09 -0.0416464
vn -0.999132 -1.82042E-09 -0.0416464
vn -0.999132 -1.82042E-09 -0.0416464
vn -0.999132 -1.82042E-09 -0.0416464
vn -0.69069 -3.16099E-08 -0.723151
vn -0.69069 -3.16099E-08 -0.723151
vn -0.69069 -3.16099E-08 -0.723151
vn -0.69069 -3.16099E-08 -0.723151
vn 0 -1 4.37114E-08
vn 0 -1 4.37114E-08
vn 0 -1 4.37114E-08
vn 0 -1 4.37114E-08
vn -0.463056 3.87427E-08 0.886329
vn -0.463056 3.87427E-08 0.886329
vn -0.463056 3.87427E-08 0.886329
vn -0.463056 3.87427E-08 0.886329
vn -9.9736E-18 1 -4.37114E-08
vn -9.9736E-18 1 -4.37114E-08
vn -9.9736E-18 1 -4.37114E-08
vn -9.9736E-18 1 -4.37114E-08
# 20 vertex normals

vt 0.0266641 0.357311 0
vt 0.0414517 0.357311 0
vt 0.04100319999999999 0.71946200000000008 0
vt 0.0271126 0.71946200000000008 0
vt 0.0266641 0.357311 0
vt 0.00934824 0.31605 0
vt 0.0587674 0.31605 0
vt 0.0414517 0.357311 0
vt 0.0587674 0.31605 0
vt 0.0597776 0.75595 0
vt 0.04100319999999999 0.71946200000000008 0
vt 0.0414517 0.357311 0
vt 0.04100319999999999 0.71946200000000008 0
vt 0.0597776 0.75595 0
vt 0.00833814 0.75595 0
vt 0.0271126 0.71946200000000008 0
vt 0.00833814 0.75595 0
vt 0.00934824 0.31605 0
vt 0.0266641 0.357311 0
vt 0.0271126 0.71946200000000008 0
# 20 texture coords

g BaseLeft_low
usemtl material_0
s 16
f 679/679/679 676/676/676 677/677/677
f 677/677/677 678/678/678 679/679/679
f 683/683/683 680/680/680 681/681/681
f 681/681/681 682/682/682 683/683/683
f 687/687/687 684/684/684 685/685/685
f 685/685/685 686/686/686 687/687/687
f 691/691/691 688/688/688 689/689/689
f 689/689/689 690/690/690 691/691/691
f 695/695/695 692/692/692 693/693/693
f 693/693/693 694/694/694 695/695/695
#10 polygons


#
# object ConnectLeft_low
#

v -0.305925 0.0292709 0.349614
v -0.361427 0.0292709 0.320617
v -0.372506 0.0417712 0.31482900000000004
v -0.294846 0.0417712 0.355402
v -0.309284 0.0292709 0.147591
v -0.364785 0.0292709 0.118595
v -0.361427 0.0292709 0.320617
v -0.305925 0.0292709 0.349614
v -0.372506 -0.00510478 0.31482900000000004
v -0.361427 0.00739548 0.320617
v -0.372506 0.0417712 0.31482900000000004
v -0.504001 0.0417712 0.566522
v -0.416381 0.0417712 0.566522
v -0.294846 0.0417712 0.355402
v -0.305925 0.00739548 0.349614
v -0.294846 -0.00510477 0.355402
v -0.364785 0.0292709 0.118595
v -0.364785 0.00739547 0.118595
v -0.361427 0.00739548 0.320617
v -0.361427 0.0292709 0.320617
v -0.309284 0.00739547 0.147591
v -0.309284 0.0292709 0.147591
v -0.305925 0.0292709 0.349614
v -0.305925 0.00739548 0.349614
v -0.504001 0.0417712 0.566522
v -0.372506 0.0417712 0.31482900000000004
v -0.372506 -0.00510478 0.31482900000000004
v -0.504001 -0.00510476 0.566522
v -0.416381 0.0417712 0.566522
v -0.504001 0.0417712 0.566522
v -0.504001 0.0417712 0.879029
v -0.416381 0.0417712 0.879029
v -0.416381 -0.00510476 0.566522
v -0.294846 -0.00510477 0.355402
v -0.294846 0.0417712 0.355402
v -0.416381 0.0417712 0.566522
v -0.364785 0.00739547 0.118595
v -0.309284 0.00739547 0.147591
v -0.305925 0.00739548 0.349614
v -0.361427 0.00739548 0.320617
v -0.504001 0.0417712 0.566522
v -0.504001 -0.00510476 0.566522
v -0.582128 -0.00510476 0.613398
v -0.582128 0.0417712 0.613398
v -0.582128 0.0417712 0.879029
v -0.504001 0.0417712 0.879029
v -0.504001 0.0417712 0.566522
v -0.582128 0.0417712 0.613398
v -0.416381 0.0417712 0.879029
v -0.504001 0.0417712 0.879029
v -0.582128 0.0417712 0.879029
v -0.582128 -0.00510475 0.879029
v -0.416381 -0.00510475 0.879029
v -0.416381 -0.00510476 0.566522
v -0.416381 0.0417712 0.566522
v -0.416381 0.0417712 0.879029
v -0.416381 -0.00510475 0.879029
v -0.582128 0.0417712 0.613398
v -0.582128 -0.00510476 0.613398
v -0.582128 -0.00510475 0.879029
v -0.582128 0.0417712 0.879029
v -0.372506 -0.00510478 0.31482900000000004
v -0.294846 -0.00510477 0.355402
v -0.416381 -0.00510476 0.566522
v -0.504001 -0.00510476 0.566522
# 65 vertices

vn 0.463056 -3.87427E-08 -0.886329
vn 0.463056 -3.87427E-08 -0.886329
vn 0.463056 -3.87427E-08 -0.886329
vn 0.463056 -3.87427E-08 -0.886329
vn 7.24081E-17 1 -4.37114E-08
vn 7.24081E-17 1 -4.37114E-08
vn 7.24081E-17 1 -4.37114E-08
vn 7.24081E-17 1 -4.37114E-08
vn 0.463056 -3.87427E-08 -0.886329
vn 0.463056 -3.87427E-08 -0.886329
vn -2.73526E-17 1 -4.37114E-08
vn -2.73526E-17 1 -4.37114E-08
vn -2.73526E-17 1 -4.37114E-08
vn -2.73526E-17 1 -4.37114E-08
vn 0.463056 -3.87427E-08 -0.886329
vn 0.463056 -3.87427E-08 -0.886329
vn -0.999862 7.26554E-10 0.0166216
vn -0.999862 7.26554E-10 0.0166216
vn -0.999862 7.26554E-10 0.0166216
vn -0.999862 7.26554E-10 0.0166216
vn 0.999862 -7.26554E-10 -0.0166216
vn 0.999862 -7.26554E-10 -0.0166216
vn 0.999862 -7.26554E-10 -0.0166216
vn 0.999862 -7.26554E-10 -0.0166216
vn -0.886329 -2.02408E-08 -0.463056
vn -0.886329 -2.02408E-08 -0.463056
vn -0.886329 -2.02408E-08 -0.463056
vn -0.886329 -2.02408E-08 -0.463056
vn 1.5839E-16 1 -4.37114E-08
vn 1.5839E-16 1 -4.37114E-08
vn 1.5839E-16 1 -4.37114E-08
vn 1.5839E-16 1 -4.37114E-08
vn 0.866656 2.18079E-08 0.498907
vn 0.866656 2.18079E-08 0.498907
vn 0.866656 2.18079E-08 0.498907
vn 0.866656 2.18079E-08 0.498907
vn -3.16637E-16 -1 4.37114E-08
vn -3.16637E-16 -1 4.37114E-08
vn -3.16637E-16 -1 4.37114E-08
vn -3.16637E-16 -1 4.37114E-08
vn -0.51449599999999992 -3.74822E-08 -0.857493
vn -0.51449599999999992 -3.74822E-08 -0.857493
vn -0.51449599999999992 -3.74822E-08 -0.857493
vn -0.51449599999999992 -3.74822E-08 -0.857493
vn -2.98036E-16 1 -4.37114E-08
vn -2.98036E-16 1 -4.37114E-08
vn -2.98036E-16 1 -4.37114E-08
vn -2.98036E-16 1 -4.37114E-08
vn 1.11022E-16 4.37114E-08 1
vn 1.11022E-16 4.37114E-08 1
vn 1.11022E-16 4.37114E-08 1
vn 1.11022E-16 4.37114E-08 1
vn 1.11022E-16 4.37114E-08 1
vn 1 2.96059E-16 -1.11022E-16
vn 1 2.96059E-16 -1.11022E-16
vn 1 2.96059E-16 -1.11022E-16
vn 1 2.96059E-16 -1.11022E-16
vn -1 6.85121E-24 1.56737E-16
vn -1 6.85121E-24 1.56737E-16
vn -1 6.85121E-24 1.56737E-16
vn -1 6.85121E-24 1.56737E-16
vn 9.43765E-18 -1 4.37114E-08
vn 9.43765E-18 -1 4.37114E-08
vn 9.43765E-18 -1 4.37114E-08
vn 9.43765E-18 -1 4.37114E-08
# 65 vertex normals

vt 0.473096 0.553241 0
vt 0.472862 0.577408 0
vt 0.482803 0.582311 0
vt 0.48313 0.548496 0
vt 0.438795 0.667982 0
vt 0.463764 0.66803199999999992 0
vt 0.463088 0.779177 0
vt 0.438795 0.779335 0
vt 0.44535 0.582016 0
vt 0.455384 0.57726999999999992 0
vt 0.14061000000000002 0.53672699999999992 0
vt 0.140651 0.64898599999999992 0
vt 0.165626 0.649273 0
vt 0.164862 0.537033 0
vt 0.455618 0.55310400000000008 0
vt 0.445677 0.54820100000000008 0
vt 0.463764 0.66803199999999992 0
vt 0.479197 0.66803199999999992 0
vt 0.47852 0.779177 0
vt 0.463088 0.779177 0
vt 0.422581 0.667982 0
vt 0.438795 0.667982 0
vt 0.438795 0.779335 0
vt 0.423062 0.779335 0
vt 0.140651 0.64898599999999992 0
vt 0.14061000000000002 0.53672699999999992 0
vt 0.120016 0.53672699999999992 0
vt 0.121129 0.64898599999999992 0
vt 0.210372 0.51901699999999992 0
vt 0.173187 0.51869200000000008 0
vt 0.17386099999999998 0.441485 0
vt 0.211045 0.441809 0
vt 0.187023 0.649273 0
vt 0.187047 0.537033 0
vt 0.164862 0.537033 0
vt 0.165626 0.649273 0
vt 0.479197 0.66803199999999992 0
vt 0.500436 0.667982 0
vt 0.49976 0.779335 0
vt 0.47852 0.779177 0
vt 0.173187 0.51869200000000008 0
vt 0.168239 0.535608 0
vt 0.14485999999999998 0.535404 0
vt 0.14108000000000002 0.518528 0
vt 0.141755 0.441205 0
vt 0.17386099999999998 0.441485 0
vt 0.173187 0.51869200000000008 0
vt 0.14108000000000002 0.518528 0
vt 0.196045 0.440609 0
vt 0.158861 0.440285 0
vt 0.126755 0.440005 0
vt 0.13325999999999998 0.422557 0
vt 0.187736 0.422879 0
vt 0.211045 0.441809 0
vt 0.210372 0.51901699999999992 0
vt 0.229126 0.51934 0
vt 0.230183 0.443258 0
vt 0.117531 0.519887 0
vt 0.118622 0.439978 0
vt 0.141755 0.441205 0
vt 0.14108000000000002 0.518528 0
vt 0.20558 0.53672699999999992 0
vt 0.187047 0.537033 0
vt 0.187023 0.649273 0
vt 0.205467 0.64898599999999992 0
# 65 texture coords

g ConnectLeft_low
usemtl material_0
s 32
f 699/699/699 696/696/696 697/697/697
f 697/697/697 698/698/698 699/699/699
f 703/703/703 700/700/700 701/701/701
f 701/701/701 702/702/702 703/703/703
f 705/705/705 704/704/704 698/698/698
f 698/698/698 697/697/697 705/705/705
f 709/709/709 706/706/706 707/707/707
f 707/707/707 708/708/708 709/709/709
f 711/711/711 710/710/710 696/696/696
f 696/696/696 699/699/699 711/711/711
f 715/715/715 712/712/712 713/713/713
f 713/713/713 714/714/714 715/715/715
f 719/719/719 716/716/716 717/717/717
f 717/717/717 718/718/718 719/719/719
f 723/723/723 720/720/720 721/721/721
f 721/721/721 722/722/722 723/723/723
f 710/710/710 711/711/711 704/704/704
f 704/704/704 705/705/705 710/710/710
f 727/727/727 724/724/724 725/725/725
f 725/725/725 726/726/726 727/727/727
f 731/731/731 728/728/728 729/729/729
f 729/729/729 730/730/730 731/731/731
f 735/735/735 732/732/732 733/733/733
f 733/733/733 734/734/734 735/735/735
f 739/739/739 736/736/736 737/737/737
f 737/737/737 738/738/738 739/739/739
f 743/743/743 740/740/740 741/741/741
f 741/741/741 742/742/742 743/743/743
f 748/748/748 744/744/744 745/745/745
f 748/748/748 745/745/745 746/746/746
f 746/746/746 747/747/747 748/748/748
f 752/752/752 749/749/749 750/750/750
f 750/750/750 751/751/751 752/752/752
f 756/756/756 753/753/753 754/754/754
f 754/754/754 755/755/755 756/756/756
f 760/760/760 757/757/757 758/758/758
f 758/758/758 759/759/759 760/760/760
#37 polygons


#
# object JetBaseLeft_low
#

v -0.662412 0.0261459 0.894685
v -0.661616 0.0261459 0.65220199999999992
v -0.661616 -0.13791999999999998 0.65220199999999992
v -0.662412 -0.13791999999999998 0.894685
v -0.661616 0.0261459 0.65220199999999992
v -0.662412 0.0261459 0.894685
v -0.376807 0.0261459 0.894685
v -0.380923 0.0261459 0.65220199999999992
v -0.661616 0.0261459 0.65220199999999992
v -0.577475 0.0261459 0.520396
v -0.577475 -0.091044 0.520396
v -0.661616 -0.13791999999999998 0.65220199999999992
v -0.662412 -0.13791999999999998 0.894685
v -0.661616 -0.13791999999999998 0.65220199999999992
v -0.45905 -0.13791999999999998 0.65220199999999992
v -0.45427 -0.13791999999999998 0.933749
v -0.610376 -0.13791999999999998 0.933749
v -0.610376 0.0261459 0.933749
v -0.662412 0.0261459 0.894685
v -0.662412 -0.13791999999999998 0.894685
v -0.610376 -0.13791999999999998 0.933749
v -0.376144 0.0261459 0.933749
v -0.610376 0.0261459 0.933749
v -0.45427 0.0261459 0.933749
v -0.312039 0.0261459 0.441919
v -0.383161 0.0261459 0.520396
v -0.29801699999999996 0.0261459 0.807841
v -0.577475 0.0261459 0.520396
v -0.461287 0.0261459 0.520396
v -0.577475 0.0261459 0.520396
v -0.461287 0.0261459 0.520396
v -0.461287 -0.091044 0.520396
v -0.577475 -0.091044 0.520396
v -0.661616 -0.13791999999999998 0.65220199999999992
v -0.577475 -0.091044 0.520396
v -0.461287 -0.091044 0.520396
v -0.45905 -0.13791999999999998 0.65220199999999992
v -0.45427 -0.13791999999999998 0.933749
v -0.45905 -0.13791999999999998 0.65220199999999992
v -0.383161 -0.0129174 0.520396
v -0.376144 -0.0129174 0.933749
v -0.610376 -0.13791999999999998 0.933749
v -0.45427 -0.13791999999999998 0.933749
v -0.45427 0.0261459 0.933749
v -0.610376 0.0261459 0.933749
v -0.376144 0.0261459 0.933749
v -0.376144 -0.0129174 0.933749
v -0.29801699999999996 0.0261459 0.807841
v -0.376144 0.0261459 0.933749
v -0.376144 -0.0129174 0.933749
v -0.29801699999999996 -0.0129174 0.807841
v -0.240917 0.0261459 0.363441
v -0.094036 0.0261459 0.729715
v -0.29801699999999996 -0.0129149 0.426447
v -0.29801699999999996 -0.0129174 0.807841
v -0.376144 -0.0129174 0.933749
v -0.383161 -0.0129174 0.520396
v -0.383161 -0.0129174 0.520396
v -0.383161 0.0261459 0.520396
v -0.461287 -0.091044 0.520396
v -0.383161 -0.0129174 0.520396
v -0.45905 -0.13791999999999998 0.65220199999999992
v -0.094036 -0.0129088 0.729715
v -0.29801699999999996 -0.0129174 0.807841
v -0.29801699999999996 -0.0129149 0.426447
v -0.240917 -0.0129088 0.363441
v -0.29801699999999996 0.0261459 0.807841
v -0.29801699999999996 -0.0129174 0.807841
v -0.094036 -0.0129088 0.729715
v -0.094036 0.0261459 0.729715
v -0.383161 0.0261459 0.520396
v -0.240924 0.0261339 0.363446
v -0.240924 -0.0129294 0.363446
v -0.383161 -0.0129174 0.520396
# 74 vertices

vn -0.999995 -1.43427E-10 -0.00328122
vn -0.999995 -1.43427E-10 -0.00328122
vn -0.999995 -1.43427E-10 -0.00328122
vn -0.999995 -1.43427E-10 -0.00328122
vn 0 1 -4.37114E-08
vn 0 1 -4.37114E-08
vn 0 1 -4.37114E-08
vn 0 1 -4.37114E-08
vn -0.842894 -2.35202E-08 -0.53808
vn -0.842894 -2.35202E-08 -0.53808
vn -0.842894 -2.35202E-08 -0.53808
vn -0.842894 -2.35202E-08 -0.53808
vn 0 -1 4.37114E-08
vn 0 -1 4.37114E-08
vn 0 -1 4.37114E-08
vn 0 -1 4.37114E-08
vn 0 -1 4.37114E-08
vn -0.60036199999999992 3.49573E-08 0.799729
vn -0.60036199999999992 3.49573E-08 0.799729
vn -0.60036199999999992 3.49573E-08 0.799729
vn -0.60036199999999992 3.49573E-08 0.799729
vn 0 1 -4.37114E-08
vn 0 1 -4.37114E-08
vn 0 1 -4.37114E-08
vn 0 1 -4.37114E-08
vn 0 1 -4.37114E-08
vn 0 1 -4.37114E-08
vn 0 1 -4.37114E-08
vn 0 1 -4.37114E-08
vn 0 -4.37114E-08 -1
vn 0 -4.37114E-08 -1
vn 0 -4.37114E-08 -1
vn 0 -4.37114E-08 -1
vn 8.08755E-17 -0.942189 -0.335083
vn 8.08755E-17 -0.942189 -0.335083
vn 8.08755E-17 -0.942189 -0.335083
vn 8.08755E-17 -0.942189 -0.335083
vn 0.84791 -0.529944 -0.014394
vn 0.84791 -0.529944 -0.014394
vn 0.84791 -0.529944 -0.014394
vn 0.84791 -0.529944 -0.014394
vn 0 4.37114E-08 1
vn 0 4.37114E-08 1
vn 0 4.37114E-08 1
vn 0 4.37114E-08 1
vn 0 4.37114E-08 1
vn 0 4.37114E-08 1
vn 0.849709 2.30469E-08 0.52725200000000008
vn 0.849709 2.30469E-08 0.52725200000000008
vn 0.849709 2.30469E-08 0.52725200000000008
vn 0.849709 2.30469E-08 0.52725200000000008
vn 1.504E-16 1 -4.37114E-08
vn 1.504E-16 1 -4.37114E-08
vn 1.21885E-05 -1 -3.149E-06
vn 1.21885E-05 -1 -3.149E-06
vn 1.21885E-05 -1 -3.149E-06
vn 1.21885E-05 -1 -3.149E-06
vn 0 -4.37114E-08 -1
vn 0 -4.37114E-08 -1
vn 0.68377 -0.68377 -0.254786
vn 0.68377 -0.68377 -0.254786
vn 0.68377 -0.68377 -0.254786
vn 4.21812E-05 -1 -1.20958E-05
vn 4.21812E-05 -1 -1.20958E-05
vn 4.21812E-05 -1 -1.20958E-05
vn 4.21812E-05 -1 -1.20958E-05
vn 0.357672 4.08198E-08 0.933847
vn 0.357672 4.08198E-08 0.933847
vn 0.357672 4.08198E-08 0.933847
vn 0.357672 4.08198E-08 0.933847
vn 0 -4.37114E-08 -1
vn -0.740985 -2.93531E-08 -0.67152199999999992
vn -0.740985 -2.93531E-08 -0.67152199999999992
vn 0 -4.37114E-08 -1
# 74 vertex normals

vt 0.31088 0.364898 0
vt 0.305877 0.443148 0
vt 0.406842 0.443944 0
vt 0.411845 0.365693 0
vt 0.53033 0.29365799999999996 0
vt 0.561899 0.20667 0
vt 0.465929 0.180862 0
vt 0.436011 0.268295 0
vt 0.305877 0.443148 0
vt 0.305622 0.490627 0
vt 0.377739 0.491195 0
vt 0.406842 0.443944 0
vt 0.557627 0.0635105 0
vt 0.529544 0.13586500000000002 0
vt 0.461073 0.109581 0
vt 0.491752 0.0248308 0
vt 0.544519 0.0450861 0
vt 0.413729 0.652451 0
vt 0.413704 0.665293 0
vt 0.516622 0.66508999999999992 0
vt 0.516647 0.65224800000000008 0
vt 0.470748 0.166777 0
vt 0.54945600000000008 0.187942 0
vt 0.497001 0.173836 0
vt 0.385719 0.33757 0
vt 0.419748 0.31582 0
vt 0.428243 0.204923 0
vt 0.488043 0.32837899999999996 0
vt 0.446001 0.32288 0
vt 0.305622 0.490627 0
vt 0.305268 0.52719000000000008 0
vt 0.377386 0.52775799999999992 0
vt 0.377739 0.491195 0
vt 0.529544 0.13586500000000002 0
vt 0.485984 0.164333 0
vt 0.44671 0.149257 0
vt 0.461073 0.109581 0
vt 0.491752 0.0248308 0
vt 0.461073 0.109581 0
vt 0.4039 0.132824 0
vt 0.449242 0.00851292 0
vt 0.516647 0.65224800000000008 0
vt 0.516721 0.60822299999999992 0
vt 0.413803 0.608426 0
vt 0.413729 0.652451 0
vt 0.41384 0.584645 0
vt 0.438345 0.584596 0
vt 0.41394 0.544851 0
vt 0.41384 0.584645 0
vt 0.438345 0.584596 0
vt 0.438445 0.544803 0
vt 0.35169099999999996 0.35931999999999996 0
vt 0.349615 0.214541 0
vt 0.367988 0.151249 0
vt 0.411736 0.0372824 0
vt 0.449242 0.00851292 0
vt 0.4039 0.132824 0
vt 0.32906999999999996 0.551965 0
vt 0.30503000000000004 0.551775 0
vt 0.44671 0.149257 0
vt 0.4039 0.132824 0
vt 0.461073 0.109581 0
vt 0.342557 0.0375124 0
vt 0.411736 0.0372824 0
vt 0.367988 0.151249 0
vt 0.343905 0.163605 0
vt 0.41394 0.544851 0
vt 0.438445 0.544803 0
vt 0.438537 0.485962 0
vt 0.414038 0.486011 0
vt 0.33126299999999996 0.6016 0
vt 0.30513800000000004 0.601591 0
vt 0.30513800000000004 0.5522 0
vt 0.33126299999999996 0.55220899999999992 0
# 74 texture coords

g JetBaseLeft_low
usemtl material_0
s 64
f 764/764/764 761/761/761 762/762/762
f 762/762/762 763/763/763 764/764/764
f 768/768/768 765/765/765 766/766/766
f 766/766/766 767/767/767 768/768/768
f 772/772/772 769/769/769 770/770/770
f 770/770/770 771/771/771 772/772/772
f 777/777/777 773/773/773 774/774/774
f 777/777/777 774/774/774 775/775/775
f 775/775/775 776/776/776 777/777/777
f 781/781/781 778/778/778 779/779/779
f 779/779/779 780/780/780 781/781/781
f 784/784/784 782/782/782 767/767/767
f 784/784/784 767/767/767 766/766/766
f 766/766/766 783/783/783 784/784/784
f 787/787/787 785/785/785 786/786/786
f 787/787/787 786/786/786 768/768/768
f 787/787/787 768/768/768 767/767/767
f 767/767/767 782/782/782 787/787/787
f 789/789/789 788/788/788 765/765/765
f 789/789/789 765/765/765 768/768/768
f 768/768/768 786/786/786 789/789/789
f 793/793/793 790/790/790 791/791/791
f 791/791/791 792/792/792 793/793/793
f 797/797/797 794/794/794 795/795/795
f 795/795/795 796/796/796 797/797/797
f 801/801/801 798/798/798 799/799/799
f 799/799/799 800/800/800 801/801/801
f 805/805/805 802/802/802 803/803/803
f 803/803/803 804/804/804 805/805/805
f 807/807/807 806/806/806 804/804/804
f 804/804/804 803/803/803 807/807/807
f 811/811/811 808/808/808 809/809/809
f 809/809/809 810/810/810 811/811/811
f 813/813/813 812/812/812 785/785/785
f 785/785/785 787/787/787 813/813/813
f 817/817/817 814/814/814 815/815/815
f 815/815/815 816/816/816 817/817/817
f 819/819/819 818/818/818 792/792/792
f 792/792/792 791/791/791 819/819/819
f 820/820/820 821/821/821 822/822/822
f 826/826/826 823/823/823 824/824/824
f 824/824/824 825/825/825 826/826/826
f 830/830/830 827/827/827 828/828/828
f 828/828/828 829/829/829 830/830/830
f 834/834/834 831/831/831 832/832/832
f 832/832/832 833/833/833 834/834/834
#46 polygons


#
# object JetLeft_low
#

v -0.577802 -0.028288 1
v -0.571862 -0.0317174 1
v -0.553368 -0.0132233 1
v -0.556797 -0.0072834 1
v -0.59265199999999992 -0.0197144 0.933749
v -0.577802 -0.028288 1
v -0.556797 -0.0072834 1
v -0.56537099999999992 0.00756644 0.933749
v -0.58548999999999992 -0.0569808 1
v -0.578631 -0.0569808 1
v -0.553368 -0.0132233 0.937061
v -0.553368 -0.0132233 1
v -0.571862 -0.0317174 1
v -0.571862 -0.0317174 0.937061
v -0.52810500000000008 -0.00645402 1
v -0.52810500000000008 0.00040482 1
v -0.577802 -0.028288 1
v -0.59265199999999992 -0.0197144 0.933749
v -0.602637 -0.0569808 0.933749
v -0.58548999999999992 -0.0569808 1
v -0.56537099999999992 0.00756644 0.933749
v -0.556797 -0.0072834 1
v -0.52810500000000008 0.00040482 1
v -0.52810500000000008 0.0175519 0.933749
v -0.578631 -0.0569808 1
v -0.578631 -0.0569808 0.937061
v -0.571862 -0.0317174 0.937061
v -0.571862 -0.0317174 1
v -0.577802 -0.0856736 1
v -0.571862 -0.0822442 1
v -0.571862 -0.0317174 0.937061
v -0.52810500000000008 -0.0317174 0.937061
v -0.52810500000000008 -0.00645402 0.937061
v -0.553368 -0.0132233 0.937061
v -0.52810500000000008 -0.00645402 0.937061
v -0.52810500000000008 -0.00645402 1
v -0.553368 -0.0132233 1
v -0.553368 -0.0132233 0.937061
v -0.502841 -0.0132233 1
v -0.499412 -0.0072834 1
v -0.58548999999999992 -0.0569808 1
v -0.602637 -0.0569808 0.933749
v -0.59265199999999992 -0.0942472 0.933749
v -0.577802 -0.0856736 1
v -0.52810500000000008 0.0175519 0.933749
v -0.52810500000000008 0.00040482 1
v -0.499412 -0.0072834 1
v -0.490838 0.00756644 0.933749
v -0.571862 -0.0822442 1
v -0.571862 -0.0822442 0.937061
v -0.578631 -0.0569808 0.937061
v -0.578631 -0.0569808 1
v -0.578631 -0.0569808 0.937061
v -0.52810500000000008 -0.0569808 0.937061
v -0.556797 -0.106678 1
v -0.553368 -0.100738 1
v -0.484347 -0.0317174 0.937061
v -0.502841 -0.0132233 0.937061
v -0.502841 -0.0132233 0.937061
v -0.502841 -0.0132233 1
v -0.52810500000000008 -0.00645402 1
v -0.52810500000000008 -0.00645402 0.937061
v -0.484347 -0.0317174 1
v -0.478407 -0.028288 1
v -0.56537099999999992 -0.121528 0.933749
v -0.556797 -0.106678 1
v -0.577802 -0.0856736 1
v -0.59265199999999992 -0.0942472 0.933749
v -0.478407 -0.028288 1
v -0.463557 -0.0197144 0.933749
v -0.490838 0.00756644 0.933749
v -0.499412 -0.0072834 1
v -0.553368 -0.100738 1
v -0.553368 -0.100738 0.937061
v -0.571862 -0.0822442 0.937061
v -0.571862 -0.0822442 1
v -0.571862 -0.0822442 0.937061
v -0.52810500000000008 -0.0822442 0.937061
v -0.477578 -0.0569808 0.937061
v -0.52810500000000008 -0.114366 1
v -0.52810500000000008 -0.107508 1
v -0.502841 -0.0132233 1
v -0.502841 -0.0132233 0.937061
v -0.484347 -0.0317174 0.937061
v -0.484347 -0.0317174 1
v -0.477578 -0.0569808 1
v -0.470719 -0.0569808 1
v -0.52810500000000008 -0.131514 0.933749
v -0.52810500000000008 -0.114366 1
v -0.556797 -0.106678 1
v -0.56537099999999992 -0.121528 0.933749
v -0.470719 -0.0569808 1
v -0.453572 -0.0569808 0.933749
v -0.463557 -0.0197144 0.933749
v -0.478407 -0.028288 1
v -0.52810500000000008 -0.107508 1
v -0.52810500000000008 -0.107508 0.937061
v -0.553368 -0.100738 0.937061
v -0.553368 -0.100738 1
v -0.52810500000000008 -0.107508 0.937061
v -0.553368 -0.100738 0.937061
v -0.484347 -0.0822442 0.937061
v -0.484347 -0.0317174 1
v -0.484347 -0.0317174 0.937061
v -0.477578 -0.0569808 0.937061
v -0.477578 -0.0569808 1
v -0.499412 -0.106678 1
v -0.502841 -0.100738 1
v -0.484347 -0.0822442 1
v -0.478407 -0.0856736 1
v -0.52810500000000008 -0.114366 1
v -0.52810500000000008 -0.131514 0.933749
v -0.490838 -0.121528 0.933749
v -0.499412 -0.106678 1
v -0.478407 -0.0856736 1
v -0.463557 -0.0942472 0.933749
v -0.453572 -0.0569808 0.933749
v -0.470719 -0.0569808 1
v -0.502841 -0.100738 1
v -0.502841 -0.100738 0.937061
v -0.52810500000000008 -0.107508 0.937061
v -0.52810500000000008 -0.107508 1
v -0.502841 -0.100738 0.937061
v -0.477578 -0.0569808 1
v -0.477578 -0.0569808 0.937061
v -0.484347 -0.0822442 0.937061
v -0.484347 -0.0822442 1
v -0.499412 -0.106678 1
v -0.490838 -0.121528 0.933749
v -0.463557 -0.0942472 0.933749
v -0.478407 -0.0856736 1
v -0.484347 -0.0822442 1
v -0.484347 -0.0822442 0.937061
v -0.502841 -0.100738 0.937061
v -0.502841 -0.100738 1
# 135 vertices

vn 0 4.37114E-08 1
vn 0 4.37114E-08 1
vn 0 4.37114E-08 1
vn 0 4.37114E-08 1
vn -0.685994 0.685994 0.242536
vn -0.685994 0.685994 0.242536
vn -0.685994 0.685994 0.242536
vn -0.685994 0.685994 0.242536
vn 0 4.37114E-08 1
vn 0 4.37114E-08 1
vn 0.70710700000000008 -0.70710700000000008 3.09086E-08
vn 0.70710700000000008 -0.70710700000000008 3.09086E-08
vn 0.70710700000000008 -0.70710700000000008 3.09086E-08
vn 0.70710700000000008 -0.70710700000000008 3.09086E-08
vn 0 4.37114E-08 1
vn 0 4.37114E-08 1
vn -0.937086 0.251091 0.242536
vn -0.937086 0.251091 0.242536
vn -0.937086 0.251091 0.242536
vn -0.937086 0.251091 0.242536
vn -0.251091 0.937086 0.242536
vn -0.251091 0.937086 0.242536
vn -0.251091 0.937086 0.242536
vn -0.251091 0.937086 0.242536
vn 0.965926 -0.25881900000000004 1.13133E-08
vn 0.965926 -0.25881900000000004 1.13133E-08
vn 0.965926 -0.25881900000000004 1.13133E-08
vn 0.965926 -0.25881900000000004 1.13133E-08
vn 0 4.37114E-08 1
vn 0 4.37114E-08 1
vn 0 4.37114E-08 1
vn 0 4.37114E-08 1
vn 0 4.37114E-08 1
vn 0 4.37114E-08 1
vn 0.25881900000000004 -0.965926 4.2222E-08
vn 0.25881900000000004 -0.965926 4.2222E-08
vn 0.25881900000000004 -0.965926 4.2222E-08
vn 0.25881900000000004 -0.965926 4.2222E-08
vn 0 4.37114E-08 1
vn 0 4.37114E-08 1
vn -0.937086 -0.251091 0.242536
vn -0.937086 -0.251091 0.242536
vn -0.937086 -0.251091 0.242536
vn -0.937086 -0.251091 0.242536
vn 0.251091 0.937086 0.242536
vn 0.251091 0.937086 0.242536
vn 0.251091 0.937086 0.242536
vn 0.251091 0.937086 0.242536
vn 0.965926 0.25881900000000004 -1.13133E-08
vn 0.965926 0.25881900000000004 -1.13133E-08
vn 0.965926 0.25881900000000004 -1.13133E-08
vn 0.965926 0.25881900000000004 -1.13133E-08
vn 0 4.37114E-08 1
vn 0 4.37114E-08 1
vn 0 4.37114E-08 1
vn 0 4.37114E-08 1
vn 0 4.37114E-08 1
vn 0 4.37114E-08 1
vn -0.25881900000000004 -0.965926 4.2222E-08
vn -0.25881900000000004 -0.965926 4.2222E-08
vn -0.25881900000000004 -0.965926 4.2222E-08
vn -0.25881900000000004 -0.965926 4.2222E-08
vn 0 4.37114E-08 1
vn 0 4.37114E-08 1
vn -0.685994 -0.685994 0.242536
vn -0.685994 -0.685994 0.242536
vn -0.685994 -0.685994 0.242536
vn -0.685994 -0.685994 0.242536
vn 0.685994 0.685994 0.242536
vn 0.685994 0.685994 0.242536
vn 0.685994 0.685994 0.242536
vn 0.685994 0.685994 0.242536
vn 0.70710700000000008 0.70710700000000008 -3.09086E-08
vn 0.70710700000000008 0.70710700000000008 -3.09086E-08
vn 0.70710700000000008 0.70710700000000008 -3.09086E-08
vn 0.70710700000000008 0.70710700000000008 -3.09086E-08
vn 0 4.37114E-08 1
vn 0 4.37114E-08 1
vn 0 4.37114E-08 1
vn 0 4.37114E-08 1
vn 0 4.37114E-08 1
vn -0.70710700000000008 -0.70710700000000008 3.09086E-08
vn -0.70710700000000008 -0.70710700000000008 3.09086E-08
vn -0.70710700000000008 -0.70710700000000008 3.09086E-08
vn -0.70710700000000008 -0.70710700000000008 3.09086E-08
vn 0 4.37114E-08 1
vn 0 4.37114E-08 1
vn -0.251091 -0.937086 0.242536
vn -0.251091 -0.937086 0.242536
vn -0.251091 -0.937086 0.242536
vn -0.251091 -0.937086 0.242536
vn 0.937086 0.251091 0.242536
vn 0.937086 0.251091 0.242536
vn 0.937086 0.251091 0.242536
vn 0.937086 0.251091 0.242536
vn 0.25881900000000004 0.965926 -4.2222E-08
vn 0.25881900000000004 0.965926 -4.2222E-08
vn 0.25881900000000004 0.965926 -4.2222E-08
vn 0.25881900000000004 0.965926 -4.2222E-08
vn 0 4.37114E-08 1
vn 0 4.37114E-08 1
vn 0 4.37114E-08 1
vn -0.965926 -0.25881900000000004 1.13133E-08
vn -0.965926 -0.25881900000000004 1.13133E-08
vn -0.965926 -0.25881900000000004 1.13133E-08
vn -0.965926 -0.25881900000000004 1.13133E-08
vn 0 4.37114E-08 1
vn 0 4.37114E-08 1
vn 0 4.37114E-08 1
vn 0 4.37114E-08 1
vn 0.251091 -0.937086 0.242536
vn 0.251091 -0.937086 0.242536
vn 0.251091 -0.937086 0.242536
vn 0.251091 -0.937086 0.242536
vn 0.937086 -0.251091 0.242536
vn 0.937086 -0.251091 0.242536
vn 0.937086 -0.251091 0.242536
vn 0.937086 -0.251091 0.242536
vn -0.25881900000000004 0.965926 -4.2222E-08
vn -0.25881900000000004 0.965926 -4.2222E-08
vn -0.25881900000000004 0.965926 -4.2222E-08
vn -0.25881900000000004 0.965926 -4.2222E-08
vn 0 4.37114E-08 1
vn -0.965926 0.25881900000000004 -1.13133E-08
vn -0.965926 0.25881900000000004 -1.13133E-08
vn -0.965926 0.25881900000000004 -1.13133E-08
vn -0.965926 0.25881900000000004 -1.13133E-08
vn 0.685994 -0.685994 0.242536
vn 0.685994 -0.685994 0.242536
vn 0.685994 -0.685994 0.242536
vn 0.685994 -0.685994 0.242536
vn -0.70710700000000008 0.70710700000000008 -3.09086E-08
vn -0.70710700000000008 0.70710700000000008 -3.09086E-08
vn -0.70710700000000008 0.70710700000000008 -3.09086E-08
vn -0.70710700000000008 0.70710700000000008 -3.09086E-08
# 135 vertex normals

vt 0.52424400000000008 0.650242 0
vt 0.527384 0.64832199999999992 0
vt 0.537161 0.65867699999999992 0
vt 0.53534800000000008 0.662003 0
vt 0.0121285 0.27746900000000004 0
vt 0.0454084 0.257871 0
vt 0.0560699 0.268745 0
vt 0.0368558 0.302691 0
vt 0.52017899999999992 0.634178 0
vt 0.523805 0.634178 0
vt 0.738226 0.15623500000000002 0
vt 0.738226 0.231139 0
vt 0.748744 0.231139 0
vt 0.748744 0.15623500000000002 0
vt 0.550517 0.662467 0
vt 0.550517 0.666307 0
vt 0.0454084 0.257871 0
vt 0.0121285 0.27746900000000004 0
vt 0.00307761 0.243015 0
vt 0.041506 0.243015 0
vt 0.0368558 0.302691 0
vt 0.0560699 0.268745 0
vt 0.0706339 0.27272600000000004 0
vt 0.0706339 0.31192199999999996 0
vt 0.759262 0.231139 0
vt 0.759262 0.15623500000000002 0
vt 0.748744 0.15623500000000002 0
vt 0.748744 0.231139 0
vt 0.52424400000000008 0.618113 0
vt 0.527384 0.62003299999999992 0
vt 0.527384 0.64832199999999992 0
vt 0.550517 0.64832199999999992 0
vt 0.550517 0.662467 0
vt 0.537161 0.65867699999999992 0
vt 0.727709 0.15623500000000002 0
vt 0.727709 0.231139 0
vt 0.738226 0.231139 0
vt 0.738226 0.15623500000000002 0
vt 0.563874 0.65867699999999992 0
vt 0.56568700000000008 0.662003 0
vt 0.041506 0.243015 0
vt 0.00307761 0.243015 0
vt 0.0121285 0.208562 0
vt 0.0454084 0.22816 0
vt 0.0706339 0.31192199999999996 0
vt 0.0706339 0.27272600000000004 0
vt 0.08519789999999999 0.268745 0
vt 0.104412 0.302691 0
vt 0.76978 0.231139 0
vt 0.76978 0.15623500000000002 0
vt 0.759262 0.15623500000000002 0
vt 0.759262 0.231139 0
vt 0.523805 0.634178 0
vt 0.550517 0.634178 0
vt 0.53534800000000008 0.606352 0
vt 0.537161 0.60967800000000008 0
vt 0.573651 0.64832199999999992 0
vt 0.563874 0.65867699999999992 0
vt 0.843403 0.15623500000000002 0
vt 0.843403 0.231139 0
vt 0.853921 0.231139 0
vt 0.853921 0.15623500000000002 0
vt 0.573651 0.64832199999999992 0
vt 0.57679100000000008 0.650242 0
vt 0.0368558 0.18334 0
vt 0.0560699 0.217286 0
vt 0.0454084 0.22816 0
vt 0.0121285 0.208562 0
vt 0.0958595 0.257871 0
vt 0.129139 0.27746900000000004 0
vt 0.104412 0.302691 0
vt 0.08519789999999999 0.268745 0
vt 0.780297 0.231139 0
vt 0.780297 0.15623500000000002 0
vt 0.76978 0.15623500000000002 0
vt 0.76978 0.231139 0
vt 0.527384 0.62003299999999992 0
vt 0.550517 0.62003299999999992 0
vt 0.57723 0.634178 0
vt 0.550517 0.602048 0
vt 0.550517 0.605888 0
vt 0.843403 0.231139 0
vt 0.843403 0.15623500000000002 0
vt 0.832886 0.15623500000000002 0
vt 0.832886 0.231139 0
vt 0.57723 0.634178 0
vt 0.580856 0.634178 0
vt 0.0706339 0.17410900000000002 0
vt 0.0706339 0.213305 0
vt 0.0560699 0.217286 0
vt 0.0368558 0.18334 0
vt 0.0997619 0.243015 0
vt 0.13819 0.243015 0
vt 0.129139 0.27746900000000004 0
vt 0.0958595 0.257871 0
vt 0.790815 0.231139 0
vt 0.790815 0.15623500000000002 0
vt 0.780297 0.15623500000000002 0
vt 0.780297 0.231139 0
vt 0.550517 0.605888 0
vt 0.537161 0.60967800000000008 0
vt 0.573651 0.62003299999999992 0
vt 0.832886 0.231139 0
vt 0.832886 0.15623500000000002 0
vt 0.822368 0.15623500000000002 0
vt 0.822368 0.231139 0
vt 0.56568700000000008 0.606352 0
vt 0.563874 0.60967800000000008 0
vt 0.573651 0.62003299999999992 0
vt 0.57679100000000008 0.618113 0
vt 0.0706339 0.213305 0
vt 0.0706339 0.17410900000000002 0
vt 0.104412 0.18334 0
vt 0.08519789999999999 0.217286 0
vt 0.0958595 0.22816 0
vt 0.129139 0.208562 0
vt 0.13819 0.243015 0
vt 0.0997619 0.243015 0
vt 0.801333 0.231139 0
vt 0.801333 0.15623500000000002 0
vt 0.790815 0.15623500000000002 0
vt 0.790815 0.231139 0
vt 0.563874 0.60967800000000008 0
vt 0.822368 0.231139 0
vt 0.822368 0.15623500000000002 0
vt 0.81185 0.15623500000000002 0
vt 0.81185 0.231139 0
vt 0.08519789999999999 0.217286 0
vt 0.104412 0.18334 0
vt 0.129139 0.208562 0
vt 0.0958595 0.22816 0
vt 0.81185 0.231139 0
vt 0.81185 0.15623500000000002 0
vt 0.801333 0.15623500000000002 0
vt 0.801333 0.231139 0
# 135 texture coords

g JetLeft_low
usemtl material_0
s 128
f 838/838/838 835/835/835 836/836/836
f 836/836/836 837/837/837 838/838/838
f 842/842/842 839/839/839 840/840/840
f 840/840/840 841/841/841 842/842/842
f 844/844/844 836/836/836 835/835/835
f 835/835/835 843/843/843 844/844/844
f 848/848/848 845/845/845 846/846/846
f 846/846/846 847/847/847 848/848/848
f 837/837/837 849/849/849 850/850/850
f 850/850/850 838/838/838 837/837/837
f 854/854/854 851/851/851 852/852/852
f 852/852/852 853/853/853 854/854/854
f 858/858/858 855/855/855 856/856/856
f 856/856/856 857/857/857 858/858/858
f 862/862/862 859/859/859 860/860/860
f 860/860/860 861/861/861 862/862/862
f 864/864/864 844/844/844 843/843/843
f 843/843/843 863/863/863 864/864/864
f 868/868/868 865/865/865 866/866/866
f 866/866/866 867/867/867 868/868/868
f 872/872/872 869/869/869 870/870/870
f 870/870/870 871/871/871 872/872/872
f 849/849/849 873/873/873 874/874/874
f 874/874/874 850/850/850 849/849/849
f 878/878/878 875/875/875 876/876/876
f 876/876/876 877/877/877 878/878/878
f 882/882/882 879/879/879 880/880/880
f 880/880/880 881/881/881 882/882/882
f 886/886/886 883/883/883 884/884/884
f 884/884/884 885/885/885 886/886/886
f 865/865/865 887/887/887 888/888/888
f 888/888/888 866/866/866 865/865/865
f 890/890/890 864/864/864 863/863/863
f 863/863/863 889/889/889 890/890/890
f 892/892/892 867/867/867 866/866/866
f 866/866/866 891/891/891 892/892/892
f 896/896/896 893/893/893 894/894/894
f 894/894/894 895/895/895 896/896/896
f 873/873/873 897/897/897 898/898/898
f 898/898/898 874/874/874 873/873/873
f 902/902/902 899/899/899 900/900/900
f 900/900/900 901/901/901 902/902/902
f 906/906/906 903/903/903 904/904/904
f 904/904/904 905/905/905 906/906/906
f 910/910/910 907/907/907 908/908/908
f 908/908/908 909/909/909 910/910/910
f 887/887/887 911/911/911 912/912/912
f 912/912/912 888/888/888 887/887/887
f 891/891/891 866/866/866 888/888/888
f 888/888/888 913/913/913 891/891/891
f 915/915/915 890/890/890 889/889/889
f 889/889/889 914/914/914 915/915/915
f 919/919/919 916/916/916 917/917/917
f 917/917/917 918/918/918 919/919/919
f 897/897/897 920/920/920 921/921/921
f 921/921/921 898/898/898 897/897/897
f 925/925/925 922/922/922 923/923/923
f 923/923/923 924/924/924 925/925/925
f 929/929/929 926/926/926 927/927/927
f 927/927/927 928/928/928 929/929/929
f 933/933/933 930/930/930 931/931/931
f 931/931/931 932/932/932 933/933/933
f 935/935/935 934/934/934 912/912/912
f 912/912/912 911/911/911 935/935/935
f 913/913/913 888/888/888 912/912/912
f 912/912/912 936/936/936 913/913/913
f 940/940/940 937/937/937 938/938/938
f 938/938/938 939/939/939 940/940/940
f 942/942/942 915/915/915 914/914/914
f 914/914/914 941/941/941 942/942/942
f 920/920/920 943/943/943 944/944/944
f 944/944/944 921/921/921 920/920/920
f 948/948/948 945/945/945 946/946/946
f 946/946/946 947/947/947 948/948/948
f 952/952/952 949/949/949 950/950/950
f 950/950/950 951/951/951 952/952/952
f 956/956/956 953/953/953 954/954/954
f 954/954/954 955/955/955 956/956/956
f 957/957/957 936/936/936 912/912/912
f 912/912/912 934/934/934 957/957/957
f 961/961/961 958/958/958 959/959/959
f 959/959/959 960/960/960 961/961/961
f 943/943/943 942/942/942 941/941/941
f 941/941/941 944/944/944 943/943/943
f 965/965/965 962/962/962 963/963/963
f 963/963/963 964/964/964 965/965/965
f 969/969/969 966/966/966 967/967/967
f 967/967/967 968/968/968 969/969/969
#88 polygons


#
# object MainJet_low
#

v -0.12439 -0.0988566 0.933749
v -0.108459 -0.0988566 0.933749
v -0.100203 -0.0573512 0.933749
v -0.114922 -0.0512545 0.933749
v -0.156253 -0.0988566 0.777496
v -0.12439 -0.0988566 0.933749
v -0.114922 -0.0512545 0.933749
v -0.14435899999999998 -0.0390611 0.777496
v -0.114922 -0.146459 0.933749
v -0.100203 -0.14036199999999998 0.933749
v -0.108459 -0.0988566 0.933749
v -0.108459 -0.0988566 0.746245
v -0.100203 -0.0573513 0.746245
v -0.100203 -0.0573512 0.933749
v -0.076692 -0.0221646 0.933749
v -0.0879572 -0.0108994 0.933749
v -0.14435899999999998 -0.0390611 0.777496
v -0.14435899999999998 -0.0390611 0.729715
v -0.156253 -0.0988566 0.729715
v -0.156253 -0.0988566 0.777496
v -0.14435899999999998 -0.15865199999999998 0.777496
v -0.114922 -0.146459 0.933749
v -0.12439 -0.0988566 0.933749
v -0.156253 -0.0988566 0.777496
v -0.14435899999999998 -0.0390611 0.777496
v -0.114922 -0.0512545 0.933749
v -0.0879572 -0.0108994 0.933749
v -0.110488 0.011631 0.777496
v -0.100203 -0.14036199999999998 0.933749
v -0.100203 -0.14036199999999998 0.746245
v -0.108459 -0.0988566 0.746245
v -0.108459 -0.0988566 0.933749
v -0.0879572 -0.186814 0.933749
v -0.076692 -0.17554900000000002 0.933749
v -0.108459 -0.0988566 0.746245
v 0 -0.0988566 0.746245
v 0 -0.0573513 0.746245
v -0.100203 -0.0573513 0.746245
v -0.100203 -0.0573512 0.933749
v -0.100203 -0.0573513 0.746245
v -0.076692 -0.0221647 0.746245
v -0.076692 -0.0221646 0.933749
v -0.0415054 0.00134626 0.933749
v -0.0476021 0.016065 0.933749
v -0.110488 0.011631 0.777496
v -0.110488 0.011631 0.729715
v -0.14435899999999998 -0.0390611 0.729715
v -0.14435899999999998 -0.0390611 0.777496
v -0.156253 -0.0988566 0.777496
v -0.156253 -0.0988566 0.729715
v -0.14435899999999998 -0.15865199999999998 0.729715
v -0.14435899999999998 -0.15865199999999998 0.777496
v -0.110488 -0.209344 0.777496
v -0.0879572 -0.186814 0.933749
v -0.114922 -0.146459 0.933749
v -0.14435899999999998 -0.15865199999999998 0.777496
v -0.110488 0.011631 0.777496
v -0.0879572 -0.0108994 0.933749
v -0.0476021 0.016065 0.933749
v -0.0597955 0.0455025 0.777496
v -0.076692 -0.17554900000000002 0.933749
v -0.076692 -0.17554900000000002 0.746245
v -0.100203 -0.14036199999999998 0.746245
v -0.100203 -0.14036199999999998 0.933749
v -0.100203 -0.14036199999999998 0.746245
v 0 -0.14036199999999998 0.746245
v -0.0476021 -0.213778 0.933749
v -0.0415054 -0.19906 0.933749
v 0.108459 -0.0988566 0.746245
v 0.100203 -0.0573513 0.746245
v 0 -0.0221647 0.746245
v -0.076692 -0.0221647 0.746245
v -0.076692 -0.0221646 0.933749
v -0.076692 -0.0221647 0.746245
v -0.0415054 0.00134626 0.746245
v -0.0415054 0.00134626 0.933749
v 0 0.00960222 0.933749
v 0 0.0255336 0.933749
v -0.0597955 0.0455025 0.777496
v -0.0597955 0.0455025 0.729715
v -0.110488 0.011631 0.729715
v -0.110488 0.011631 0.777496
v -0.14435899999999998 -0.15865199999999998 0.777496
v -0.14435899999999998 -0.15865199999999998 0.729715
v -0.110488 -0.209344 0.729715
v -0.110488 -0.209344 0.777496
v -0.0597955 -0.243216 0.777496
v -0.0476021 -0.213778 0.933749
v -0.0879572 -0.186814 0.933749
v -0.110488 -0.209344 0.777496
v -0.0597955 0.0455025 0.777496
v -0.0476021 0.016065 0.933749
v 0 0.0255336 0.933749
v 0 0.0573965 0.777496
v -0.0415054 -0.19906 0.933749
v -0.0415054 -0.19906 0.746245
v -0.076692 -0.17554900000000002 0.746245
v -0.076692 -0.17554900000000002 0.933749
v -0.076692 -0.17554900000000002 0.746245
v 0 -0.17554900000000002 0.746245
v 0.100203 -0.14036199999999998 0.746245
v 0 -0.223247 0.933749
v 0 -0.207315 0.933749
v 0.100203 -0.0573512 0.933749
v 0.100203 -0.0573513 0.746245
v 0.108459 -0.0988566 0.746245
v 0.108459 -0.0988566 0.933749
v 0.076692 -0.0221647 0.746245
v 0 0.00960222 0.746245
v -0.0415054 0.00134626 0.746245
v -0.0415054 0.00134626 0.933749
v -0.0415054 0.00134626 0.746245
v 0 0.00960222 0.746245
v 0 0.00960222 0.933749
v 0.0415054 0.00134626 0.933749
v 0.0476021 0.016065 0.933749
v 0 0.0573965 0.777496
v 0 0.0573965 0.729715
v -0.0597955 0.0455025 0.729715
v -0.0597955 0.0455025 0.777496
v -0.0597955 -0.243216 0.729715
v -0.0597955 -0.243216 0.777496
v -0.110488 -0.209344 0.777496
v -0.110488 -0.209344 0.729715
v 0 -0.25511 0.777496
v 0 -0.223247 0.933749
v -0.0476021 -0.213778 0.933749
v -0.0597955 -0.243216 0.777496
v 0 0.0573965 0.777496
v 0 0.0255336 0.933749
v 0.0476021 0.016065 0.933749
v 0.0597955 0.0455025 0.777496
v 0 -0.207315 0.933749
v 0 -0.207315 0.746245
v -0.0415054 -0.19906 0.746245
v -0.0415054 -0.19906 0.933749
v 0 -0.207315 0.746245
v -0.0415054 -0.19906 0.746245
v 0.076692 -0.17554900000000002 0.746245
v 0.108459 -0.0988566 0.933749
v 0.108459 -0.0988566 0.746245
v 0.100203 -0.14036199999999998 0.746245
v 0.100203 -0.14036199999999998 0.933749
v 0.0476021 -0.213778 0.933749
v 0.0415054 -0.19906 0.933749
v 0.108459 -0.0988566 0.933749
v 0.12439 -0.0988566 0.933749
v 0.114922 -0.0512545 0.933749
v 0.100203 -0.0573512 0.933749
v 0.076692 -0.0221646 0.933749
v 0.076692 -0.0221647 0.746245
v 0.100203 -0.0573513 0.746245
v 0.100203 -0.0573512 0.933749
v 0.0415054 0.00134626 0.746245
v 0 0.00960222 0.933749
v 0 0.00960222 0.746245
v 0.0415054 0.00134626 0.746245
v 0.0415054 0.00134626 0.933749
v 0.076692 -0.0221646 0.933749
v 0.0879572 -0.0108994 0.933749
v 0.0597955 0.0455025 0.777496
v 0.0597955 0.0455025 0.729715
v 0 0.0573965 0.729715
v 0 0.0573965 0.777496
v 0 -0.25511 0.729715
v 0 -0.25511 0.777496
v -0.0597955 -0.243216 0.777496
v -0.0597955 -0.243216 0.729715
v 0.0597955 -0.243216 0.777496
v 0.0476021 -0.213778 0.933749
v 0 -0.223247 0.933749
v 0 -0.25511 0.777496
v 0.0597955 0.0455025 0.777496
v 0.0476021 0.016065 0.933749
v 0.0879572 -0.0108994 0.933749
v 0.110488 0.011631 0.777496
v 0.0415054 -0.19906 0.933749
v 0.0415054 -0.19906 0.746245
v 0 -0.207315 0.746245
v 0 -0.207315 0.933749
v 0.0415054 -0.19906 0.746245
v 0.100203 -0.14036199999999998 0.933749
v 0.100203 -0.14036199999999998 0.746245
v 0.076692 -0.17554900000000002 0.746245
v 0.076692 -0.17554900000000002 0.933749
v 0.100203 -0.14036199999999998 0.933749
v 0.114922 -0.146459 0.933749
v 0.0879572 -0.186814 0.933749
v 0.076692 -0.17554900000000002 0.933749
v 0.14435899999999998 -0.0390611 0.777496
v 0.114922 -0.0512545 0.933749
v 0.12439 -0.0988566 0.933749
v 0.156253 -0.0988566 0.777496
v 0.0415054 0.00134626 0.933749
v 0.0415054 0.00134626 0.746245
v 0.076692 -0.0221647 0.746245
v 0.076692 -0.0221646 0.933749
v 0.110488 0.011631 0.777496
v 0.110488 0.011631 0.729715
v 0.0597955 0.0455025 0.729715
v 0.0597955 0.0455025 0.777496
v 0.0597955 -0.243216 0.729715
v 0.0597955 -0.243216 0.777496
v 0 -0.25511 0.777496
v 0 -0.25511 0.729715
v 0.110488 -0.209344 0.777496
v 0.0879572 -0.186814 0.933749
v 0.0476021 -0.213778 0.933749
v 0.0597955 -0.243216 0.777496
v 0.110488 0.011631 0.777496
v 0.0879572 -0.0108994 0.933749
v 0.114922 -0.0512545 0.933749
v 0.14435899999999998 -0.0390611 0.777496
v 0.076692 -0.17554900000000002 0.933749
v 0.076692 -0.17554900000000002 0.746245
v 0.0415054 -0.19906 0.746245
v 0.0415054 -0.19906 0.933749
v 0.156253 -0.0988566 0.777496
v 0.12439 -0.0988566 0.933749
v 0.114922 -0.146459 0.933749
v 0.14435899999999998 -0.15865199999999998 0.777496
v 0.156253 -0.0988566 0.777496
v 0.156253 -0.0988566 0.729715
v 0.14435899999999998 -0.0390611 0.729715
v 0.14435899999999998 -0.0390611 0.777496
v 0.14435899999999998 -0.0390611 0.777496
v 0.14435899999999998 -0.0390611 0.729715
v 0.110488 0.011631 0.729715
v 0.110488 0.011631 0.777496
v 0.110488 -0.209344 0.729715
v 0.110488 -0.209344 0.777496
v 0.0597955 -0.243216 0.777496
v 0.0597955 -0.243216 0.729715
v 0.14435899999999998 -0.15865199999999998 0.777496
v 0.114922 -0.146459 0.933749
v 0.0879572 -0.186814 0.933749
v 0.110488 -0.209344 0.777496
v 0.14435899999999998 -0.15865199999999998 0.777496
v 0.14435899999999998 -0.15865199999999998 0.729715
v 0.156253 -0.0988566 0.729715
v 0.156253 -0.0988566 0.777496
v 0.110488 -0.209344 0.777496
v 0.110488 -0.209344 0.729715
v 0.14435899999999998 -0.15865199999999998 0.729715
v 0.14435899999999998 -0.15865199999999998 0.777496
# 245 vertices

vn 0 4.37114E-08 1
vn 0 4.37114E-08 1
vn 0 4.37114E-08 1
vn 0 4.37114E-08 1
vn -0.961739 0.191302 0.196116
vn -0.961739 0.191302 0.196116
vn -0.961739 0.191302 0.196116
vn -0.961739 0.191302 0.196116
vn 0 4.37114E-08 1
vn 0 4.37114E-08 1
vn 0.980785 -0.19509 8.52767E-09
vn 0.980785 -0.19509 8.52767E-09
vn 0.980785 -0.19509 8.52767E-09
vn 0.980785 -0.19509 8.52767E-09
vn 0 4.37114E-08 1
vn 0 4.37114E-08 1
vn -0.980785 0.19509 -8.52767E-09
vn -0.980785 0.19509 -8.52767E-09
vn -0.980785 0.19509 -8.52767E-09
vn -0.980785 0.19509 -8.52767E-09
vn -0.961739 -0.191302 0.196116
vn -0.961739 -0.191302 0.196116
vn -0.961739 -0.191302 0.196116
vn -0.961739 -0.191302 0.196116
vn -0.815323 0.54478099999999992 0.196116
vn -0.815323 0.54478099999999992 0.196116
vn -0.815323 0.54478099999999992 0.196116
vn -0.815323 0.54478099999999992 0.196116
vn 0.980785 0.19509 -8.52767E-09
vn 0.980785 0.19509 -8.52767E-09
vn 0.980785 0.19509 -8.52767E-09
vn 0.980785 0.19509 -8.52767E-09
vn 0 4.37114E-08 1
vn 0 4.37114E-08 1
vn 0 4.37114E-08 1
vn 0 4.37114E-08 1
vn 0 4.37114E-08 1
vn 0 4.37114E-08 1
vn 0.83147 -0.55557 2.42847E-08
vn 0.83147 -0.55557 2.42847E-08
vn 0.83147 -0.55557 2.42847E-08
vn 0.83147 -0.55557 2.42847E-08
vn 0 4.37114E-08 1
vn 0 4.37114E-08 1
vn -0.83147 0.55557 -2.42847E-08
vn -0.83147 0.55557 -2.42847E-08
vn -0.83147 0.55557 -2.42847E-08
vn -0.83147 0.55557 -2.42847E-08
vn -0.980785 -0.19509 8.52767E-09
vn -0.980785 -0.19509 8.52767E-09
vn -0.980785 -0.19509 8.52767E-09
vn -0.980785 -0.19509 8.52767E-09
vn -0.815323 -0.54478099999999992 0.196116
vn -0.815323 -0.54478099999999992 0.196116
vn -0.815323 -0.54478099999999992 0.196116
vn -0.815323 -0.54478099999999992 0.196116
vn -0.54478099999999992 0.815323 0.196116
vn -0.54478099999999992 0.815323 0.196116
vn -0.54478099999999992 0.815323 0.196116
vn -0.54478099999999992 0.815323 0.196116
vn 0.83147 0.55557 -2.42847E-08
vn 0.83147 0.55557 -2.42847E-08
vn 0.83147 0.55557 -2.42847E-08
vn 0.83147 0.55557 -2.42847E-08
vn 0 4.37114E-08 1
vn 0 4.37114E-08 1
vn 0 4.37114E-08 1
vn 0 4.37114E-08 1
vn 0 4.37114E-08 1
vn 0 4.37114E-08 1
vn 0 4.37114E-08 1
vn 0 4.37114E-08 1
vn 0.55557 -0.83147 3.63447E-08
vn 0.55557 -0.83147 3.63447E-08
vn 0.55557 -0.83147 3.63447E-08
vn 0.55557 -0.83147 3.63447E-08
vn 0 4.37114E-08 1
vn 0 4.37114E-08 1
vn -0.55557 0.83147 -3.63447E-08
vn -0.55557 0.83147 -3.63447E-08
vn -0.55557 0.83147 -3.63447E-08
vn -0.55557 0.83147 -3.63447E-08
vn -0.83147 -0.55557 2.42847E-08
vn -0.83147 -0.55557 2.42847E-08
vn -0.83147 -0.55557 2.42847E-08
vn -0.83147 -0.55557 2.42847E-08
vn -0.54478099999999992 -0.815323 0.196116
vn -0.54478099999999992 -0.815323 0.196116
vn -0.54478099999999992 -0.815323 0.196116
vn -0.54478099999999992 -0.815323 0.196116
vn -0.191302 0.961739 0.196116
vn -0.191302 0.961739 0.196116
vn -0.191302 0.961739 0.196116
vn -0.191302 0.961739 0.196116
vn 0.55557 0.83147 -3.63447E-08
vn 0.55557 0.83147 -3.63447E-08
vn 0.55557 0.83147 -3.63447E-08
vn 0.55557 0.83147 -3.63447E-08
vn 0 4.37114E-08 1
vn 0 4.37114E-08 1
vn 0 4.37114E-08 1
vn 0 4.37114E-08 1
vn 0 4.37114E-08 1
vn -0.980785 -0.19509 8.52767E-09
vn -0.980785 -0.19509 8.52767E-09
vn -0.980785 -0.19509 8.52767E-09
vn -0.980785 -0.19509 8.52767E-09
vn 0 4.37114E-08 1
vn 0 4.37114E-08 1
vn 0 4.37114E-08 1
vn 0.19509 -0.980785 4.28715E-08
vn 0.19509 -0.980785 4.28715E-08
vn 0.19509 -0.980785 4.28715E-08
vn 0.19509 -0.980785 4.28715E-08
vn 0 4.37114E-08 1
vn 0 4.37114E-08 1
vn -0.19509 0.980785 -4.28715E-08
vn -0.19509 0.980785 -4.28715E-08
vn -0.19509 0.980785 -4.28715E-08
vn -0.19509 0.980785 -4.28715E-08
vn -0.55557 -0.83147 3.63447E-08
vn -0.55557 -0.83147 3.63447E-08
vn -0.55557 -0.83147 3.63447E-08
vn -0.55557 -0.83147 3.63447E-08
vn -0.191302 -0.961739 0.196116
vn -0.191302 -0.961739 0.196116
vn -0.191302 -0.961739 0.196116
vn -0.191302 -0.961739 0.196116
vn 0.191302 0.961739 0.196116
vn 0.191302 0.961739 0.196116
vn 0.191302 0.961739 0.196116
vn 0.191302 0.961739 0.196116
vn 0.19509 0.980785 -4.28715E-08
vn 0.19509 0.980785 -4.28715E-08
vn 0.19509 0.980785 -4.28715E-08
vn 0.19509 0.980785 -4.28715E-08
vn 0 4.37114E-08 1
vn 0 4.37114E-08 1
vn 0 4.37114E-08 1
vn -0.980785 0.19509 -8.52767E-09
vn -0.980785 0.19509 -8.52767E-09
vn -0.980785 0.19509 -8.52767E-09
vn -0.980785 0.19509 -8.52767E-09
vn 0 4.37114E-08 1
vn 0 4.37114E-08 1
vn 0 4.37114E-08 1
vn 0 4.37114E-08 1
vn 0 4.37114E-08 1
vn 0 4.37114E-08 1
vn -0.83147 -0.55557 2.42847E-08
vn -0.83147 -0.55557 2.42847E-08
vn -0.83147 -0.55557 2.42847E-08
vn -0.83147 -0.55557 2.42847E-08
vn 0 4.37114E-08 1
vn -0.19509 -0.980785 4.28715E-08
vn -0.19509 -0.980785 4.28715E-08
vn -0.19509 -0.980785 4.28715E-08
vn -0.19509 -0.980785 4.28715E-08
vn 0 4.37114E-08 1
vn 0 4.37114E-08 1
vn 0.19509 0.980785 -4.28715E-08
vn 0.19509 0.980785 -4.28715E-08
vn 0.19509 0.980785 -4.28715E-08
vn 0.19509 0.980785 -4.28715E-08
vn -0.19509 -0.980785 4.28715E-08
vn -0.19509 -0.980785 4.28715E-08
vn -0.19509 -0.980785 4.28715E-08
vn -0.19509 -0.980785 4.28715E-08
vn 0.191302 -0.961739 0.196116
vn 0.191302 -0.961739 0.196116
vn 0.191302 -0.961739 0.196116
vn 0.191302 -0.961739 0.196116
vn 0.54478099999999992 0.815323 0.196116
vn 0.54478099999999992 0.815323 0.196116
vn 0.54478099999999992 0.815323 0.196116
vn 0.54478099999999992 0.815323 0.196116
vn -0.19509 0.980785 -4.28715E-08
vn -0.19509 0.980785 -4.28715E-08
vn -0.19509 0.980785 -4.28715E-08
vn -0.19509 0.980785 -4.28715E-08
vn 0 4.37114E-08 1
vn -0.83147 0.55557 -2.42847E-08
vn -0.83147 0.55557 -2.42847E-08
vn -0.83147 0.55557 -2.42847E-08
vn -0.83147 0.55557 -2.42847E-08
vn 0 4.37114E-08 1
vn 0 4.37114E-08 1
vn 0 4.37114E-08 1
vn 0 4.37114E-08 1
vn 0.961739 0.191302 0.196116
vn 0.961739 0.191302 0.196116
vn 0.961739 0.191302 0.196116
vn 0.961739 0.191302 0.196116
vn -0.55557 -0.83147 3.63447E-08
vn -0.55557 -0.83147 3.63447E-08
vn -0.55557 -0.83147 3.63447E-08
vn -0.55557 -0.83147 3.63447E-08
vn 0.55557 0.83147 -3.63447E-08
vn 0.55557 0.83147 -3.63447E-08
vn 0.55557 0.83147 -3.63447E-08
vn 0.55557 0.83147 -3.63447E-08
vn 0.19509 -0.980785 4.28715E-08
vn 0.19509 -0.980785 4.28715E-08
vn 0.19509 -0.980785 4.28715E-08
vn 0.19509 -0.980785 4.28715E-08
vn 0.54478099999999992 -0.815323 0.196116
vn 0.54478099999999992 -0.815323 0.196116
vn 0.54478099999999992 -0.815323 0.196116
vn 0.54478099999999992 -0.815323 0.196116
vn 0.815323 0.54478099999999992 0.196116
vn 0.815323 0.54478099999999992 0.196116
vn 0.815323 0.54478099999999992 0.196116
vn 0.815323 0.54478099999999992 0.196116
vn -0.55557 0.83147 -3.63447E-08
vn -0.55557 0.83147 -3.63447E-08
vn -0.55557 0.83147 -3.63447E-08
vn -0.55557 0.83147 -3.63447E-08
vn 0.961739 -0.191302 0.196116
vn 0.961739 -0.191302 0.196116
vn 0.961739 -0.191302 0.196116
vn 0.961739 -0.191302 0.196116
vn 0.980785 0.19509 -8.52767E-09
vn 0.980785 0.19509 -8.52767E-09
vn 0.980785 0.19509 -8.52767E-09
vn 0.980785 0.19509 -8.52767E-09
vn 0.83147 0.55557 -2.42847E-08
vn 0.83147 0.55557 -2.42847E-08
vn 0.83147 0.55557 -2.42847E-08
vn 0.83147 0.55557 -2.42847E-08
vn 0.55557 -0.83147 3.63447E-08
vn 0.55557 -0.83147 3.63447E-08
vn 0.55557 -0.83147 3.63447E-08
vn 0.55557 -0.83147 3.63447E-08
vn 0.815323 -0.54478099999999992 0.196116
vn 0.815323 -0.54478099999999992 0.196116
vn 0.815323 -0.54478099999999992 0.196116
vn 0.815323 -0.54478099999999992 0.196116
vn 0.980785 -0.19509 8.52767E-09
vn 0.980785 -0.19509 8.52767E-09
vn 0.980785 -0.19509 8.52767E-09
vn 0.980785 -0.19509 8.52767E-09
vn 0.83147 -0.55557 2.42847E-08
vn 0.83147 -0.55557 2.42847E-08
vn 0.83147 -0.55557 2.42847E-08
vn 0.83147 -0.55557 2.42847E-08
# 245 vertex normals

vt 0.880058 0.065 0
vt 0.887479 0.065 0
vt 0.891324 0.0854753 0
vt 0.884468 0.0884829 0
vt 0.610339 0.400739 0
vt 0.610339 0.531134 0
vt 0.591674 0.531134 0
vt 0.591674 0.400739 0
vt 0.884468 0.0415171 0
vt 0.891324 0.0445247 0
vt 0.624876 0.352425 0
vt 0.624876 0.237575 0
vt 0.60797 0.237575 0
vt 0.60797 0.352425 0
vt 0.902276 0.102833 0
vt 0.897029 0.108391 0
vt 0.591674 0.400739 0
vt 0.591674 0.360866 0
vt 0.610339 0.360866 0
vt 0.610339 0.400739 0
vt 0.629004 0.400739 0
vt 0.629004 0.531134 0
vt 0.610339 0.531134 0
vt 0.610339 0.400739 0
vt 0.591674 0.400739 0
vt 0.591674 0.531134 0
vt 0.573008 0.531134 0
vt 0.573008 0.400739 0
vt 0.641782 0.352425 0
vt 0.641782 0.237575 0
vt 0.624876 0.237575 0
vt 0.624876 0.352425 0
vt 0.897029 0.0216093 0
vt 0.902276 0.0271666 0
vt 0.887479 0.065 0
vt 0.938 0.065 0
vt 0.938 0.0854753 0
vt 0.891324 0.0854753 0
vt 0.60797 0.352425 0
vt 0.60797 0.237575 0
vt 0.591064 0.237575 0
vt 0.591064 0.352425 0
vt 0.918666 0.114432 0
vt 0.915826 0.121693 0
vt 0.573008 0.400739 0
vt 0.573008 0.360866 0
vt 0.591674 0.360866 0
vt 0.591674 0.400739 0
vt 0.610339 0.400739 0
vt 0.610339 0.360866 0
vt 0.629004 0.360866 0
vt 0.629004 0.400739 0
vt 0.64766900000000008 0.400739 0
vt 0.64766900000000008 0.531134 0
vt 0.629004 0.531134 0
vt 0.629004 0.400739 0
vt 0.573008 0.400739 0
vt 0.573008 0.531134 0
vt 0.554343 0.531134 0
vt 0.554343 0.400739 0
vt 0.65868800000000008 0.352425 0
vt 0.65868800000000008 0.237575 0
vt 0.641782 0.237575 0
vt 0.641782 0.352425 0
vt 0.891324 0.0445247 0
vt 0.938 0.0445247 0
vt 0.915826 0.00830737 0
vt 0.918666 0.0155683 0
vt 0.988521 0.065 0
vt 0.984676 0.0854753 0
vt 0.938 0.102833 0
vt 0.902276 0.102833 0
vt 0.591064 0.352425 0
vt 0.591064 0.237575 0
vt 0.57415799999999992 0.237575 0
vt 0.57415799999999992 0.352425 0
vt 0.938 0.118505 0
vt 0.938 0.126364 0
vt 0.554343 0.400739 0
vt 0.554343 0.360866 0
vt 0.573008 0.360866 0
vt 0.573008 0.400739 0
vt 0.629004 0.400739 0
vt 0.629004 0.360866 0
vt 0.64766900000000008 0.360866 0
vt 0.64766900000000008 0.400739 0
vt 0.666335 0.400739 0
vt 0.666335 0.531134 0
vt 0.64766900000000008 0.531134 0
vt 0.64766900000000008 0.400739 0
vt 0.554343 0.400739 0
vt 0.554343 0.531134 0
vt 0.535678 0.531134 0
vt 0.535678 0.400739 0
vt 0.675594 0.352425 0
vt 0.675594 0.237575 0
vt 0.65868800000000008 0.237575 0
vt 0.65868800000000008 0.352425 0
vt 0.902276 0.0271666 0
vt 0.938 0.0271666 0
vt 0.984676 0.0445247 0
vt 0.938 0.0036363 0
vt 0.938 0.0114955 0
vt 0.77703 0.352425 0
vt 0.77703 0.237575 0
vt 0.760124 0.237575 0
vt 0.760124 0.352425 0
vt 0.973724 0.102833 0
vt 0.938 0.118505 0
vt 0.918666 0.114432 0
vt 0.57415799999999992 0.352425 0
vt 0.57415799999999992 0.237575 0
vt 0.557252 0.237575 0
vt 0.557252 0.352425 0
vt 0.957334 0.114432 0
vt 0.960174 0.121693 0
vt 0.535678 0.400739 0
vt 0.535678 0.360866 0
vt 0.554343 0.360866 0
vt 0.554343 0.400739 0
vt 0.666335 0.360866 0
vt 0.666335 0.400739 0
vt 0.64766900000000008 0.400739 0
vt 0.64766900000000008 0.360866 0
vt 0.68500000000000008 0.400739 0
vt 0.68500000000000008 0.531134 0
vt 0.666335 0.531134 0
vt 0.666335 0.400739 0
vt 0.834322 0.400739 0
vt 0.834322 0.531134 0
vt 0.815657 0.531134 0
vt 0.815657 0.400739 0
vt 0.6925 0.352425 0
vt 0.6925 0.237575 0
vt 0.675594 0.237575 0
vt 0.675594 0.352425 0
vt 0.938 0.0114955 0
vt 0.918666 0.0155683 0
vt 0.973724 0.0271666 0
vt 0.760124 0.352425 0
vt 0.760124 0.237575 0
vt 0.743218 0.237575 0
vt 0.743218 0.352425 0
vt 0.960174 0.00830737 0
vt 0.957334 0.0155683 0
vt 0.988521 0.065 0
vt 0.995942 0.065 0
vt 0.991532 0.0884829 0
vt 0.984676 0.0854753 0
vt 0.793936 0.352425 0
vt 0.793936 0.237575 0
vt 0.77703 0.237575 0
vt 0.77703 0.352425 0
vt 0.957334 0.114432 0
vt 0.827748 0.352425 0
vt 0.827748 0.237575 0
vt 0.810842 0.237575 0
vt 0.810842 0.352425 0
vt 0.973724 0.102833 0
vt 0.978971 0.108391 0
vt 0.815657 0.400739 0
vt 0.815657 0.360866 0
vt 0.834322 0.360866 0
vt 0.834322 0.400739 0
vt 0.68500000000000008 0.360866 0
vt 0.68500000000000008 0.400739 0
vt 0.666335 0.400739 0
vt 0.666335 0.360866 0
vt 0.703665 0.400739 0
vt 0.703665 0.531134 0
vt 0.68500000000000008 0.531134 0
vt 0.68500000000000008 0.400739 0
vt 0.815657 0.400739 0
vt 0.815657 0.531134 0
vt 0.796992 0.531134 0
vt 0.796992 0.400739 0
vt 0.709406 0.352425 0
vt 0.709406 0.237575 0
vt 0.6925 0.237575 0
vt 0.6925 0.352425 0
vt 0.957334 0.0155683 0
vt 0.743218 0.352425 0
vt 0.743218 0.237575 0
vt 0.726312 0.237575 0
vt 0.726312 0.352425 0
vt 0.984676 0.0445247 0
vt 0.991532 0.0415171 0
vt 0.978971 0.0216093 0
vt 0.973724 0.0271666 0
vt 0.778326 0.400739 0
vt 0.778326 0.531134 0
vt 0.759661 0.531134 0
vt 0.759661 0.400739 0
vt 0.810842 0.352425 0
vt 0.810842 0.237575 0
vt 0.793936 0.237575 0
vt 0.793936 0.352425 0
vt 0.796992 0.400739 0
vt 0.796992 0.360866 0
vt 0.815657 0.360866 0
vt 0.815657 0.400739 0
vt 0.703665 0.360866 0
vt 0.703665 0.400739 0
vt 0.68500000000000008 0.400739 0
vt 0.68500000000000008 0.360866 0
vt 0.722331 0.400739 0
vt 0.722331 0.531134 0
vt 0.703665 0.531134 0
vt 0.703665 0.400739 0
vt 0.796992 0.400739 0
vt 0.796992 0.531134 0
vt 0.778326 0.531134 0
vt 0.778326 0.400739 0
vt 0.726312 0.352425 0
vt 0.726312 0.237575 0
vt 0.709406 0.237575 0
vt 0.709406 0.352425 0
vt 0.759661 0.400739 0
vt 0.759661 0.531134 0
vt 0.740996 0.531134 0
vt 0.740996 0.400739 0
vt 0.759661 0.400739 0
vt 0.759661 0.360866 0
vt 0.778326 0.360866 0
vt 0.778326 0.400739 0
vt 0.778326 0.400739 0
vt 0.778326 0.360866 0
vt 0.796992 0.360866 0
vt 0.796992 0.400739 0
vt 0.722331 0.360866 0
vt 0.722331 0.400739 0
vt 0.703665 0.400739 0
vt 0.703665 0.360866 0
vt 0.740996 0.400739 0
vt 0.740996 0.531134 0
vt 0.722331 0.531134 0
vt 0.722331 0.400739 0
vt 0.740996 0.400739 0
vt 0.740996 0.360866 0
vt 0.759661 0.360866 0
vt 0.759661 0.400739 0
vt 0.722331 0.400739 0
vt 0.722331 0.360866 0
vt 0.740996 0.360866 0
vt 0.740996 0.400739 0
# 245 texture coords

g MainJet_low
usemtl material_0
s 256
f 973/973/973 970/970/970 971/971/971
f 971/971/971 972/972/972 973/973/973
f 977/977/977 974/974/974 975/975/975
f 975/975/975 976/976/976 977/977/977
f 979/979/979 971/971/971 970/970/970
f 970/970/970 978/978/978 979/979/979
f 983/983/983 980/980/980 981/981/981
f 981/981/981 982/982/982 983/983/983
f 972/972/972 984/984/984 985/985/985
f 985/985/985 973/973/973 972/972/972
f 989/989/989 986/986/986 987/987/987
f 987/987/987 988/988/988 989/989/989
f 993/993/993 990/990/990 991/991/991
f 991/991/991 992/992/992 993/993/993
f 997/997/997 994/994/994 995/995/995
f 995/995/995 996/996/996 997/997/997
f 1001/1001/1001 998/998/998 999/999/999
f 999/999/999 1000/1000/1000 1001/1001/1001
f 1003/1003/1003 979/979/979 978/978/978
f 978/978/978 1002/1002/1002 1003/1003/1003
f 1007/1007/1007 1004/1004/1004 1005/1005/1005
f 1005/1005/1005 1006/1006/1006 1007/1007/1007
f 1011/1011/1011 1008/1008/1008 1009/1009/1009
f 1009/1009/1009 1010/1010/1010 1011/1011/1011
f 984/984/984 1012/1012/1012 1013/1013/1013
f 1013/1013/1013 985/985/985 984/984/984
f 1017/1017/1017 1014/1014/1014 1015/1015/1015
f 1015/1015/1015 1016/1016/1016 1017/1017/1017
f 1021/1021/1021 1018/1018/1018 1019/1019/1019
f 1019/1019/1019 1020/1020/1020 1021/1021/1021
f 1025/1025/1025 1022/1022/1022 1023/1023/1023
f 1023/1023/1023 1024/1024/1024 1025/1025/1025
f 1029/1029/1029 1026/1026/1026 1027/1027/1027
f 1027/1027/1027 1028/1028/1028 1029/1029/1029
f 1033/1033/1033 1030/1030/1030 1031/1031/1031
f 1031/1031/1031 1032/1032/1032 1033/1033/1033
f 1004/1004/1004 1034/1034/1034 1035/1035/1035
f 1035/1035/1035 1005/1005/1005 1004/1004/1004
f 1037/1037/1037 1003/1003/1003 1002/1002/1002
f 1002/1002/1002 1036/1036/1036 1037/1037/1037
f 1039/1039/1039 1006/1006/1006 1005/1005/1005
f 1005/1005/1005 1038/1038/1038 1039/1039/1039
f 1041/1041/1041 1007/1007/1007 1006/1006/1006
f 1006/1006/1006 1040/1040/1040 1041/1041/1041
f 1045/1045/1045 1042/1042/1042 1043/1043/1043
f 1043/1043/1043 1044/1044/1044 1045/1045/1045
f 1012/1012/1012 1046/1046/1046 1047/1047/1047
f 1047/1047/1047 1013/1013/1013 1012/1012/1012
f 1051/1051/1051 1048/1048/1048 1049/1049/1049
f 1049/1049/1049 1050/1050/1050 1051/1051/1051
f 1055/1055/1055 1052/1052/1052 1053/1053/1053
f 1053/1053/1053 1054/1054/1054 1055/1055/1055
f 1059/1059/1059 1056/1056/1056 1057/1057/1057
f 1057/1057/1057 1058/1058/1058 1059/1059/1059
f 1063/1063/1063 1060/1060/1060 1061/1061/1061
f 1061/1061/1061 1062/1062/1062 1063/1063/1063
f 1067/1067/1067 1064/1064/1064 1065/1065/1065
f 1065/1065/1065 1066/1066/1066 1067/1067/1067
f 1034/1034/1034 1068/1068/1068 1069/1069/1069
f 1069/1069/1069 1035/1035/1035 1034/1034/1034
f 1038/1038/1038 1005/1005/1005 1035/1035/1035
f 1035/1035/1035 1070/1070/1070 1038/1038/1038
f 1072/1072/1072 1037/1037/1037 1036/1036/1036
f 1036/1036/1036 1071/1071/1071 1072/1072/1072
f 1076/1076/1076 1073/1073/1073 1074/1074/1074
f 1074/1074/1074 1075/1075/1075 1076/1076/1076
f 1077/1077/1077 1040/1040/1040 1006/1006/1006
f 1006/1006/1006 1039/1039/1039 1077/1077/1077
f 1079/1079/1079 1041/1041/1041 1040/1040/1040
f 1040/1040/1040 1078/1078/1078 1079/1079/1079
f 1083/1083/1083 1080/1080/1080 1081/1081/1081
f 1081/1081/1081 1082/1082/1082 1083/1083/1083
f 1046/1046/1046 1084/1084/1084 1085/1085/1085
f 1085/1085/1085 1047/1047/1047 1046/1046/1046
f 1089/1089/1089 1086/1086/1086 1087/1087/1087
f 1087/1087/1087 1088/1088/1088 1089/1089/1089
f 1093/1093/1093 1090/1090/1090 1091/1091/1091
f 1091/1091/1091 1092/1092/1092 1093/1093/1093
f 1097/1097/1097 1094/1094/1094 1095/1095/1095
f 1095/1095/1095 1096/1096/1096 1097/1097/1097
f 1101/1101/1101 1098/1098/1098 1099/1099/1099
f 1099/1099/1099 1100/1100/1100 1101/1101/1101
f 1105/1105/1105 1102/1102/1102 1103/1103/1103
f 1103/1103/1103 1104/1104/1104 1105/1105/1105
f 1107/1107/1107 1106/1106/1106 1069/1069/1069
f 1069/1069/1069 1068/1068/1068 1107/1107/1107
f 1070/1070/1070 1035/1035/1035 1069/1069/1069
f 1069/1069/1069 1108/1108/1108 1070/1070/1070
f 1112/1112/1112 1109/1109/1109 1110/1110/1110
f 1110/1110/1110 1111/1111/1111 1112/1112/1112
f 1114/1114/1114 1072/1072/1072 1071/1071/1071
f 1071/1071/1071 1113/1113/1113 1114/1114/1114
f 1118/1118/1118 1115/1115/1115 1116/1116/1116
f 1116/1116/1116 1117/1117/1117 1118/1118/1118
f 1122/1122/1122 1119/1119/1119 1120/1120/1120
f 1120/1120/1120 1121/1121/1121 1122/1122/1122
f 1123/1123/1123 1078/1078/1078 1040/1040/1040
f 1040/1040/1040 1077/1077/1077 1123/1123/1123
f 1127/1127/1127 1124/1124/1124 1125/1125/1125
f 1125/1125/1125 1126/1126/1126 1127/1127/1127
f 1084/1084/1084 1128/1128/1128 1129/1129/1129
f 1129/1129/1129 1085/1085/1085 1084/1084/1084
f 1133/1133/1133 1130/1130/1130 1131/1131/1131
f 1131/1131/1131 1132/1132/1132 1133/1133/1133
f 1137/1137/1137 1134/1134/1134 1135/1135/1135
f 1135/1135/1135 1136/1136/1136 1137/1137/1137
f 1141/1141/1141 1138/1138/1138 1139/1139/1139
f 1139/1139/1139 1140/1140/1140 1141/1141/1141
f 1145/1145/1145 1142/1142/1142 1143/1143/1143
f 1143/1143/1143 1144/1144/1144 1145/1145/1145
f 1149/1149/1149 1146/1146/1146 1147/1147/1147
f 1147/1147/1147 1148/1148/1148 1149/1149/1149
f 1150/1150/1150 1108/1108/1108 1069/1069/1069
f 1069/1069/1069 1106/1106/1106 1150/1150/1150
f 1154/1154/1154 1151/1151/1151 1152/1152/1152
f 1152/1152/1152 1153/1153/1153 1154/1154/1154
f 1115/1115/1115 1155/1155/1155 1156/1156/1156
f 1156/1156/1156 1116/1116/1116 1115/1115/1115
f 1158/1158/1158 1114/1114/1114 1113/1113/1113
f 1113/1113/1113 1157/1157/1157 1158/1158/1158
f 1162/1162/1162 1159/1159/1159 1160/1160/1160
f 1160/1160/1160 1161/1161/1161 1162/1162/1162
f 1128/1128/1128 1118/1118/1118 1117/1117/1117
f 1117/1117/1117 1129/1129/1129 1128/1128/1128
f 1166/1166/1166 1163/1163/1163 1164/1164/1164
f 1164/1164/1164 1165/1165/1165 1166/1166/1166
f 1170/1170/1170 1167/1167/1167 1168/1168/1168
f 1168/1168/1168 1169/1169/1169 1170/1170/1170
f 1174/1174/1174 1171/1171/1171 1172/1172/1172
f 1172/1172/1172 1173/1173/1173 1174/1174/1174
f 1178/1178/1178 1175/1175/1175 1176/1176/1176
f 1176/1176/1176 1177/1177/1177 1178/1178/1178
f 1182/1182/1182 1179/1179/1179 1180/1180/1180
f 1180/1180/1180 1181/1181/1181 1182/1182/1182
f 1186/1186/1186 1183/1183/1183 1184/1184/1184
f 1184/1184/1184 1185/1185/1185 1186/1186/1186
f 1155/1155/1155 1158/1158/1158 1157/1157/1157
f 1157/1157/1157 1156/1156/1156 1155/1155/1155
f 1190/1190/1190 1187/1187/1187 1188/1188/1188
f 1188/1188/1188 1189/1189/1189 1190/1190/1190
f 1194/1194/1194 1191/1191/1191 1192/1192/1192
f 1192/1192/1192 1193/1193/1193 1194/1194/1194
f 1198/1198/1198 1195/1195/1195 1196/1196/1196
f 1196/1196/1196 1197/1197/1197 1198/1198/1198
f 1202/1202/1202 1199/1199/1199 1200/1200/1200
f 1200/1200/1200 1201/1201/1201 1202/1202/1202
f 1206/1206/1206 1203/1203/1203 1204/1204/1204
f 1204/1204/1204 1205/1205/1205 1206/1206/1206
f 1210/1210/1210 1207/1207/1207 1208/1208/1208
f 1208/1208/1208 1209/1209/1209 1210/1210/1210
f 1214/1214/1214 1211/1211/1211 1212/1212/1212
f 1212/1212/1212 1213/1213/1213 1214/1214/1214
#152 polygons


#
# object MainJet2_low
#

v -0.14435899999999998 -0.15865199999999998 0.729715
v -0.0764218 -0.13051199999999998 0.432834
v -0.0584907 -0.15734699999999998 0.432834
v -0.110488 -0.209344 0.729715
v -0.156253 -0.0988567 0.729715
v -0.0827184 -0.0988567 0.432834
v -0.0764218 -0.13051199999999998 0.432834
v -0.14435899999999998 -0.15865199999999998 0.729715
v -0.110488 -0.209344 0.729715
v -0.0584907 -0.15734699999999998 0.432834
v -0.031655 -0.17527799999999998 0.432834
v -0.0597955 -0.243216 0.729715
v -0.14435899999999998 -0.03906119999999999 0.729715
v -0.0764218 -0.0672017 0.432834
v -0.0827184 -0.0988567 0.432834
v -0.156253 -0.0988567 0.729715
v -0.0597955 -0.243216 0.729715
v -0.031655 -0.17527799999999998 0.432834
v 0 -0.181575 0.432834
v 0 -0.25511 0.729715
v -0.110488 0.011631 0.729715
v -0.0584907 -0.040366 0.432834
v -0.0610312 -0.0441681 0.432834
v -0.0764218 -0.0672017 0.432834
v -0.14435899999999998 -0.03906119999999999 0.729715
v 0 -0.25511 0.729715
v 0 -0.181575 0.432834
v 0.0316549 -0.17527799999999998 0.432834
v 0.0597955 -0.243216 0.729715
v -0.0597955 0.0455025 0.729715
v -0.031655 -0.0224349 0.432834
v -0.0584907 -0.040366 0.432834
v -0.110488 0.011631 0.729715
v 0.0597955 -0.243216 0.729715
v 0.0316549 -0.17527799999999998 0.432834
v 0.0584907 -0.15734699999999998 0.432834
v 0.110488 -0.209344 0.729715
v 0 0.0573965 0.729715
v 0 -0.0161383 0.432834
v -0.031655 -0.0224349 0.432834
v -0.0597955 0.0455025 0.729715
v 0.110488 -0.209344 0.729715
v 0.0584907 -0.15734699999999998 0.432834
v 0.0764218 -0.13051199999999998 0.432834
v 0.14435899999999998 -0.15865199999999998 0.729715
v 0.0597955 0.0455025 0.729715
v 0.0316549 -0.0224349 0.432834
v 0 -0.0161383 0.432834
v 0 0.0573965 0.729715
v 0.14435899999999998 -0.15865199999999998 0.729715
v 0.0764218 -0.13051199999999998 0.432834
v 0.08271829999999999 -0.0988567 0.432834
v 0.156253 -0.0988567 0.729715
v 0.110488 0.011631 0.729715
v 0.0584907 -0.040366 0.432834
v 0.0316549 -0.0224349 0.432834
v 0.0597955 0.0455025 0.729715
v 0.156253 -0.0988567 0.729715
v 0.08271829999999999 -0.0988567 0.432834
v 0.0764218 -0.0672017 0.432834
v 0.14435899999999998 -0.03906119999999999 0.729715
v 0.14435899999999998 -0.03906119999999999 0.729715
v 0.0764218 -0.0672017 0.432834
v 0.0610312 -0.0441681 0.432834
v 0.0584907 -0.040366 0.432834
v 0.110488 0.011631 0.729715
# 66 vertices

vn -0.80797 -0.539868 -0.236066
vn -0.80797 -0.539868 -0.236066
vn -0.80797 -0.539868 -0.236066
vn -0.80797 -0.539868 -0.236066
vn -0.953065 -0.189577 -0.236066
vn -0.953065 -0.189577 -0.236066
vn -0.953065 -0.189577 -0.236066
vn -0.953065 -0.189577 -0.236066
vn -0.539868 -0.80797 -0.236066
vn -0.539868 -0.80797 -0.236066
vn -0.539868 -0.80797 -0.236066
vn -0.539868 -0.80797 -0.236066
vn -0.953065 0.189576 -0.236066
vn -0.953065 0.189576 -0.236066
vn -0.953065 0.189576 -0.236066
vn -0.953065 0.189576 -0.236066
vn -0.189577 -0.953065 -0.236066
vn -0.189577 -0.953065 -0.236066
vn -0.189577 -0.953065 -0.236066
vn -0.189577 -0.953065 -0.236066
vn -0.80797 0.539868 -0.236066
vn -0.80797 0.539868 -0.236066
vn -0.80797 0.539868 -0.236066
vn -0.80797 0.539868 -0.236066
vn -0.80797 0.539868 -0.236066
vn 0.189577 -0.953065 -0.236066
vn 0.189577 -0.953065 -0.236066
vn 0.189577 -0.953065 -0.236066
vn 0.189577 -0.953065 -0.236066
vn -0.539868 0.80797 -0.236066
vn -0.539868 0.80797 -0.236066
vn -0.539868 0.80797 -0.236066
vn -0.539868 0.80797 -0.236066
vn 0.539868 -0.80797 -0.236066
vn 0.539868 -0.80797 -0.236066
vn 0.539868 -0.80797 -0.236066
vn 0.539868 -0.80797 -0.236066
vn -0.189576 0.953065 -0.236066
vn -0.189576 0.953065 -0.236066
vn -0.189576 0.953065 -0.236066
vn -0.189576 0.953065 -0.236066
vn 0.80797 -0.539868 -0.236066
vn 0.80797 -0.539868 -0.236066
vn 0.80797 -0.539868 -0.236066
vn 0.80797 -0.539868 -0.236066
vn 0.189576 0.953065 -0.236066
vn 0.189576 0.953065 -0.236066
vn 0.189576 0.953065 -0.236066
vn 0.189576 0.953065 -0.236066
vn 0.953065 -0.189577 -0.236066
vn 0.953065 -0.189577 -0.236066
vn 0.953065 -0.189577 -0.236066
vn 0.953065 -0.189577 -0.236066
vn 0.539868 0.80797 -0.236066
vn 0.539868 0.80797 -0.236066
vn 0.539868 0.80797 -0.236066
vn 0.539868 0.80797 -0.236066
vn 0.953065 0.189576 -0.236066
vn 0.953065 0.189576 -0.236066
vn 0.953065 0.189576 -0.236066
vn 0.953065 0.189576 -0.236066
vn 0.80797 0.539868 -0.236066
vn 0.80797 0.539868 -0.236066
vn 0.80797 0.539868 -0.236066
vn 0.80797 0.539868 -0.236066
vn 0.80797 0.539868 -0.236066
# 66 vertex normals

vt 0.684593 0.147017 0
vt 0.684593 0.00498293 0
vt 0.702062 0.00498293 0
vt 0.702062 0.147017 0
vt 0.667125 0.147017 0
vt 0.667125 0.00498293 0
vt 0.684593 0.00498293 0
vt 0.684593 0.147017 0
vt 0.702062 0.147017 0
vt 0.702062 0.00498293 0
vt 0.719531 0.00498293 0
vt 0.719531 0.147017 0
vt 0.649656 0.147017 0
vt 0.649656 0.00498293 0
vt 0.667125 0.00498293 0
vt 0.667125 0.147017 0
vt 0.719531 0.147017 0
vt 0.719531 0.00498293 0
vt 0.737 0.00498293 0
vt 0.737 0.147017 0
vt 0.63218700000000008 0.147017 0
vt 0.63218700000000008 0.00498293 0
vt 0.63462300000000008 0.00498293 0
vt 0.649656 0.00498293 0
vt 0.649656 0.147017 0
vt 0.737 0.147017 0
vt 0.737 0.00498293 0
vt 0.754469 0.00498293 0
vt 0.754469 0.147017 0
vt 0.614718 0.147017 0
vt 0.614718 0.00498293 0
vt 0.63218700000000008 0.00498293 0
vt 0.63218700000000008 0.147017 0
vt 0.754469 0.147017 0
vt 0.754469 0.00498293 0
vt 0.771938 0.00498293 0
vt 0.771938 0.147017 0
vt 0.59724999999999992 0.147017 0
vt 0.59724999999999992 0.00498293 0
vt 0.614718 0.00498293 0
vt 0.614718 0.147017 0
vt 0.771938 0.147017 0
vt 0.771938 0.00498293 0
vt 0.789406 0.00498293 0
vt 0.789406 0.147017 0
vt 0.859282 0.147017 0
vt 0.859282 0.00498293 0
vt 0.87675 0.00498293 0
vt 0.87675 0.147017 0
vt 0.789406 0.147017 0
vt 0.789406 0.00498293 0
vt 0.806875 0.00498293 0
vt 0.806875 0.147017 0
vt 0.841813 0.147017 0
vt 0.841813 0.00498293 0
vt 0.859282 0.00498293 0
vt 0.859282 0.147017 0
vt 0.806875 0.147017 0
vt 0.806875 0.00498293 0
vt 0.824344 0.00498293 0
vt 0.824344 0.147017 0
vt 0.824344 0.147017 0
vt 0.824344 0.00498293 0
vt 0.839377 0.00498293 0
vt 0.841813 0.00498293 0
vt 0.841813 0.147017 0
# 66 texture coords

g MainJet2_low
usemtl material_0
s 512
f 1218/1218/1218 1215/1215/1215 1216/1216/1216
f 1216/1216/1216 1217/1217/1217 1218/1218/1218
f 1222/1222/1222 1219/1219/1219 1220/1220/1220
f 1220/1220/1220 1221/1221/1221 1222/1222/1222
f 1226/1226/1226 1223/1223/1223 1224/1224/1224
f 1224/1224/1224 1225/1225/1225 1226/1226/1226
f 1230/1230/1230 1227/1227/1227 1228/1228/1228
f 1228/1228/1228 1229/1229/1229 1230/1230/1230
f 1234/1234/1234 1231/1231/1231 1232/1232/1232
f 1232/1232/1232 1233/1233/1233 1234/1234/1234
f 1239/1239/1239 1235/1235/1235 1236/1236/1236
f 1239/1239/1239 1236/1236/1236 1237/1237/1237
f 1237/1237/1237 1238/1238/1238 1239/1239/1239
f 1243/1243/1243 1240/1240/1240 1241/1241/1241
f 1241/1241/1241 1242/1242/1242 1243/1243/1243
f 1247/1247/1247 1244/1244/1244 1245/1245/1245
f 1245/1245/1245 1246/1246/1246 1247/1247/1247
f 1251/1251/1251 1248/1248/1248 1249/1249/1249
f 1249/1249/1249 1250/1250/1250 1251/1251/1251
f 1255/1255/1255 1252/1252/1252 1253/1253/1253
f 1253/1253/1253 1254/1254/1254 1255/1255/1255
f 1259/1259/1259 1256/1256/1256 1257/1257/1257
f 1257/1257/1257 1258/1258/1258 1259/1259/1259
f 1263/1263/1263 1260/1260/1260 1261/1261/1261
f 1261/1261/1261 1262/1262/1262 1263/1263/1263
f 1267/1267/1267 1264/1264/1264 1265/1265/1265
f 1265/1265/1265 1266/1266/1266 1267/1267/1267
f 1271/1271/1271 1268/1268/1268 1269/1269/1269
f 1269/1269/1269 1270/1270/1270 1271/1271/1271
f 1275/1275/1275 1272/1272/1272 1273/1273/1273
f 1273/1273/1273 1274/1274/1274 1275/1275/1275
f 1280/1280/1280 1276/1276/1276 1277/1277/1277
f 1280/1280/1280 1277/1277/1277 1278/1278/1278
f 1278/1278/1278 1279/1279/1279 1280/1280/1280
#34 polygons


#
# object Bottom_low
#

v -0.056151 -0.131999 -0.0843346
v -0.118652 -0.194501 0.228172
v -0.144428 -0.131999 0.228172
v -0.081927 -0.06949809999999999 -0.0843346
v 0.118652 -0.194501 0.228172
v -0.118652 -0.194501 0.228172
v -0.056151 -0.131999 -0.0843346
v 0.056151 -0.131999 -0.0843346
v -0.144428 -0.131999 0.228172
v -0.118652 -0.194501 0.228172
v -0.0874016 -0.194501 0.432834
v -0.113178 -0.131999 0.432834
v -0.081927 -0.06949809999999999 -0.0843346
v -0.144428 -0.131999 0.228172
v -0.144428 -0.03824749999999999 0.228172
v -0.081927 -0.03824749999999999 -0.0843346
v -0.081927 -0.0441681 -0.0843346
v -0.081927 -0.0645105 -0.0843346
v -0.056151 -0.131999 -0.0843346
v -0.081927 -0.06949809999999999 -0.0843346
v -0.06630170000000001 -0.0645105 -0.0843346
v -0.0456931 -0.106669 -0.0843346
v 0.118652 -0.194501 0.228172
v 0.0874016 -0.194501 0.432834
v -0.0874016 -0.194501 0.432834
v -0.118652 -0.194501 0.228172
v 0.056151 -0.131999 -0.0843346
v -0.056151 -0.131999 -0.0843346
v -0.0456931 -0.106669 -0.0843346
v 0.045693 -0.106669 -0.0843346
v 0.118652 -0.194501 0.228172
v 0.056151 -0.131999 -0.0843346
v 0.081927 -0.06949809999999999 -0.0843346
v 0.144428 -0.131999 0.228172
v 0.0874016 -0.194501 0.432834
v 0.113178 -0.131999 0.432834
v -0.113178 -0.131999 0.432834
v -0.0874016 -0.194501 0.432834
v -0.144428 -0.131999 0.228172
v -0.113178 -0.131999 0.432834
v -0.113178 -0.0382474 0.432834
v -0.144428 -0.03824749999999999 0.228172
v -0.081927 -0.0645105 -0.0843346
v -0.081927 -0.0441681 -0.0843346
v -0.191304 -0.0441681 -0.0843346
v -0.191304 -0.0645105 -0.0843346
v -0.081927 -0.0645105 -0.0843346
v -0.06630170000000001 -0.0645105 -0.0843346
v -0.081927 -0.06949809999999999 -0.0843346
v -0.06630170000000001 -0.0645105 -0.0843346
v -0.06630170000000001 -0.0645106 -0.960941
v -0.0456931 -0.106669 -0.770992
v -0.0456931 -0.106669 -0.0843346
v 0.118652 -0.194501 0.228172
v 0.144428 -0.131999 0.228172
v 0.113178 -0.131999 0.432834
v 0.0874016 -0.194501 0.432834
v -0.0456931 -0.106669 -0.770992
v 0.045693 -0.106669 -0.770992
v 0.045693 -0.106669 -0.0843346
v -0.0456931 -0.106669 -0.0843346
v 0.081927 -0.06949809999999999 -0.0843346
v 0.056151 -0.131999 -0.0843346
v 0.045693 -0.106669 -0.0843346
v 0.06630170000000001 -0.0645105 -0.0843346
v 0.144428 -0.131999 0.228172
v 0.081927 -0.06949809999999999 -0.0843346
v 0.081927 -0.0645105 -0.0843346
v 0.081927 -0.0441681 -0.0843346
v 0.081927 -0.03824749999999999 -0.0843346
v 0.144428 -0.03824749999999999 0.228172
v -0.113178 -0.0382474 0.432834
v -0.113178 -0.131999 0.432834
v 0.113178 -0.131999 0.432834
v 0.113178 -0.0382474 0.432834
v -0.191304 -0.0645105 -0.0843346
v -0.191304 -0.0441681 -0.0843346
v -0.06630170000000001 -0.0441681 -0.960941
v -0.06630170000000001 -0.0645106 -0.960941
v -0.06630170000000001 -0.0645106 -0.960941
v -0.06630170000000001 -0.0645105 -0.0843346
v -0.081927 -0.0645105 -0.0843346
v -0.191304 -0.0645105 -0.0843346
v -0.0456931 -0.106669 -0.770992
v -0.06630170000000001 -0.0645106 -0.960941
v 0.06630170000000001 -0.0645106 -0.960941
v 0.045693 -0.106669 -0.770992
v 0.113178 -0.131999 0.432834
v 0.144428 -0.131999 0.228172
v 0.144428 -0.03824749999999999 0.228172
v 0.113178 -0.0382474 0.432834
v 0.06630170000000001 -0.0645105 -0.0843346
v 0.045693 -0.106669 -0.0843346
v 0.045693 -0.106669 -0.770992
v 0.06630170000000001 -0.0645106 -0.960941
v 0.081927 -0.0645105 -0.0843346
v 0.081927 -0.06949809999999999 -0.0843346
v 0.06630170000000001 -0.0645105 -0.0843346
v 0.081927 -0.0441681 -0.0843346
v 0.081927 -0.0645105 -0.0843346
v 0.191304 -0.0645105 -0.0843346
v 0.191304 -0.0441681 -0.0843346
v 0.06630170000000001 -0.0645106 -0.960941
v -0.06630170000000001 -0.0645106 -0.960941
v -0.06630170000000001 -0.0441681 -0.960941
v 0.06630170000000001 -0.0441681 -0.960941
v 0.06630170000000001 -0.0645105 -0.0843346
v 0.06630170000000001 -0.0645106 -0.960941
v 0.191304 -0.0645105 -0.0843346
v 0.081927 -0.0645105 -0.0843346
v 0.191304 -0.0441681 -0.0843346
v 0.191304 -0.0645105 -0.0843346
v 0.06630170000000001 -0.0645106 -0.960941
v 0.06630170000000001 -0.0441681 -0.960941
# 114 vertices

vn -0.894472 -0.368887 -0.252672
vn -0.894472 -0.368887 -0.252672
vn -0.894472 -0.368887 -0.252672
vn -0.894472 -0.368887 -0.252672
vn 0 -0.980581 -0.196116
vn 0 -0.980581 -0.196116
vn 0 -0.980581 -0.196116
vn 0 -0.980581 -0.196116
vn -0.915393 -0.377515 0.13977500000000002
vn -0.915393 -0.377515 0.13977500000000002
vn -0.915393 -0.377515 0.13977500000000002
vn -0.915393 -0.377515 0.13977500000000002
vn -0.980581 -8.57251E-09 -0.196116
vn -0.980581 -8.57251E-09 -0.196116
vn -0.980581 -8.57251E-09 -0.196116
vn -0.980581 -8.57251E-09 -0.196116
vn -0.980581 -8.57251E-09 -0.196116
vn -0.980581 -8.57251E-09 -0.196116
vn -3.34386E-15 -4.37114E-08 -1
vn -3.34386E-15 -4.37114E-08 -1
vn -3.34386E-15 -4.37114E-08 -1
vn -3.34386E-15 -4.37114E-08 -1
vn 0 -1 4.37114E-08
vn 0 -1 4.37114E-08
vn 0 -1 4.37114E-08
vn 0 -1 4.37114E-08
vn 0 -4.37114E-08 -1
vn 0 -4.37114E-08 -1
vn 0 -4.37114E-08 -1
vn 0 -4.37114E-08 -1
vn 0.894472 -0.368887 -0.252672
vn 0.894472 -0.368887 -0.252672
vn 0.894472 -0.368887 -0.252672
vn 0.894472 -0.368887 -0.252672
vn 0 4.37114E-08 1
vn 0 4.37114E-08 1
vn 0 4.37114E-08 1
vn 0 4.37114E-08 1
vn -0.988542 6.59799E-09 0.150944
vn -0.988542 6.59799E-09 0.150944
vn -0.988542 6.59799E-09 0.150944
vn -0.988542 6.59799E-09 0.150944
vn 0 4.37114E-08 1
vn 0 4.37114E-08 1
vn 0 4.37114E-08 1
vn 0 4.37114E-08 1
vn 0 -4.37114E-08 -1
vn 0 -4.37114E-08 -1
vn 0 -4.37114E-08 -1
vn -0.898404 -0.439169 1.91967E-08
vn -0.898404 -0.439169 1.91967E-08
vn -0.898404 -0.439169 1.91967E-08
vn -0.898404 -0.439169 1.91967E-08
vn 0.915393 -0.377515 0.13977500000000002
vn 0.915393 -0.377515 0.13977500000000002
vn 0.915393 -0.377515 0.13977500000000002
vn 0.915393 -0.377515 0.13977500000000002
vn 3.03724E-16 -1 4.37114E-08
vn 3.03724E-16 -1 4.37114E-08
vn 3.03724E-16 -1 4.37114E-08
vn 3.03724E-16 -1 4.37114E-08
vn 3.34386E-15 -4.37114E-08 -1
vn 3.34386E-15 -4.37114E-08 -1
vn 3.34386E-15 -4.37114E-08 -1
vn 3.34386E-15 -4.37114E-08 -1
vn 0.980581 -8.57251E-09 -0.196116
vn 0.980581 -8.57251E-09 -0.196116
vn 0.980581 -8.57251E-09 -0.196116
vn 0.980581 -8.57251E-09 -0.196116
vn 0.980581 -8.57251E-09 -0.196116
vn 0.980581 -8.57251E-09 -0.196116
vn 0 4.37114E-08 1
vn 0 4.37114E-08 1
vn 0 4.37114E-08 1
vn 0 4.37114E-08 1
vn -0.989985 -6.17074E-09 -0.14116999999999998
vn -0.989985 -6.17074E-09 -0.14116999999999998
vn -0.989985 -6.17074E-09 -0.14116999999999998
vn -0.989985 -6.17074E-09 -0.14116999999999998
vn 2.88173E-31 -1 4.37114E-08
vn 2.88173E-31 -1 4.37114E-08
vn 2.88173E-31 -1 4.37114E-08
vn 2.88173E-31 -1 4.37114E-08
vn -6.04355E-16 -0.976244 -0.216675
vn -6.04355E-16 -0.976244 -0.216675
vn -6.04355E-16 -0.976244 -0.216675
vn -6.04355E-16 -0.976244 -0.216675
vn 0.988542 6.59799E-09 0.150944
vn 0.988542 6.59799E-09 0.150944
vn 0.988542 6.59799E-09 0.150944
vn 0.988542 6.59799E-09 0.150944
vn 0.898404 -0.439169 1.91967E-08
vn 0.898404 -0.439169 1.91967E-08
vn 0.898404 -0.439169 1.91967E-08
vn 0.898404 -0.439169 1.91967E-08
vn 0 -4.37114E-08 -1
vn 0 -4.37114E-08 -1
vn 0 -4.37114E-08 -1
vn 0 4.37114E-08 1
vn 0 4.37114E-08 1
vn 0 4.37114E-08 1
vn 0 4.37114E-08 1
vn 0 -4.37114E-08 -1
vn 0 -4.37114E-08 -1
vn 0 -4.37114E-08 -1
vn 0 -4.37114E-08 -1
vn -2.88173E-31 -1 4.37114E-08
vn -2.88173E-31 -1 4.37114E-08
vn -2.88173E-31 -1 4.37114E-08
vn -2.88173E-31 -1 4.37114E-08
vn 0.989985 -6.17075E-09 -0.14116999999999998
vn 0.989985 -6.17075E-09 -0.14116999999999998
vn 0.989985 -6.17075E-09 -0.14116999999999998
vn 0.989985 -6.17075E-09 -0.14116999999999998
# 114 vertex normals

vt 0.421389 0.319284 0
vt 0.363385 0.353466 0
vt 0.436547 0.362998 0
vt 0.485051 0.330816 0
vt 0.933198 0.791582 0
vt 0.866979 0.788916 0
vt 0.86729 0.86764 0
vt 0.93444 0.866968 0
vt 0.806571 0.790105 0
vt 0.812853 0.745696 0
vt 0.856899 0.742601 0
vt 0.866979 0.788916 0
vt 0.485051 0.330816 0
vt 0.436547 0.362998 0
vt 0.554814 0.35574299999999996 0
vt 0.55464 0.331731 0
vt 0.54203500000000008 0.331437 0
vt 0.485774 0.330143 0
vt 0.86729 0.86764 0
vt 0.857621 0.870745 0
vt 0.855264 0.877633 0
vt 0.873381 0.879399 0
vt 0.933198 0.791582 0
vt 0.946288 0.742498 0
vt 0.856899 0.742601 0
vt 0.866979 0.788916 0
vt 0.93444 0.866968 0
vt 0.86729 0.86764 0
vt 0.873381 0.879399 0
vt 0.929028 0.878775 0
vt 0.00408568 0.00576848 0
vt 0.00385154 0.0422285 0
vt 0.0753125 0.0354914 0
vt 0.0968467 0.0012313 0
vt 0.946288 0.742498 0
vt 0.946102 0.725727 0
vt 0.856638 0.726236 0
vt 0.856899 0.742601 0
vt 0.806571 0.790105 0
vt 0.866979 0.788916 0
vt 0.86729 0.86764 0
vt 0.810258 0.844399 0
vt 0.859272 0.70362100000000008 0
vt 0.856412 0.713971 0
vt 0.832665 0.713971 0
vt 0.832665 0.70362100000000008 0
vt 0.856201 0.870607 0
vt 0.855264 0.877633 0
vt 0.857621 0.870745 0
vt 0.859272 0.70362100000000008 0
vt 0.881504 0.561045 0
vt 0.887557 0.594939 0
vt 0.88311 0.70362100000000008 0
vt 0.996437 0.743703 0
vt 0.995754 0.783169 0
vt 0.933198 0.791582 0
vt 0.946288 0.742498 0
vt 0.887557 0.594939 0
vt 0.914397 0.594939 0
vt 0.916822 0.70362100000000008 0
vt 0.88311 0.70362100000000008 0
vt 0.947228 0.863275 0
vt 0.93444 0.866968 0
vt 0.929028 0.878775 0
vt 0.947565 0.871987 0
vt 0.0968467 0.0012313 0
vt 0.0753125 0.0354914 0
vt 0.07974539999999999 0.0354465 0
vt 0.189725 0.0233636 0
vt 0.194988 0.0233103 0
vt 0.195772 0.00138826 0
vt 0.867075 0.705322 0
vt 0.856638 0.726236 0
vt 0.946102 0.725727 0
vt 0.935368 0.704813 0
vt 0.814475 0.70362100000000008 0
vt 0.802349 0.70362100000000008 0
vt 0.866548 0.572804 0
vt 0.881504 0.561045 0
vt 0.881504 0.561045 0
vt 0.859272 0.70362100000000008 0
vt 0.859272 0.70362100000000008 0
vt 0.814475 0.70362100000000008 0
vt 0.887557 0.594939 0
vt 0.881504 0.561045 0
vt 0.920449 0.561045 0
vt 0.914397 0.594939 0
vt 0.933198 0.791582 0
vt 0.995754 0.783169 0
vt 0.995928 0.84237 0
vt 0.93444 0.866968 0
vt 0.939851 0.70362100000000008 0
vt 0.916822 0.70362100000000008 0
vt 0.914397 0.594939 0
vt 0.920449 0.561045 0
vt 0.948645 0.863469 0
vt 0.947228 0.863275 0
vt 0.947565 0.871987 0
vt 0.94664 0.713454 0
vt 0.94444 0.70362100000000008 0
vt 0.970905 0.70362100000000008 0
vt 0.970905 0.713454 0
vt 0.920449 0.561045 0
vt 0.881504 0.561045 0
vt 0.881504 0.55553300000000008 0
vt 0.920449 0.55553300000000008 0
vt 0.939851 0.70362100000000008 0
vt 0.920449 0.561045 0
vt 0.98101 0.70362100000000008 0
vt 0.94444 0.70362100000000008 0
vt 0.992328 0.70362100000000008 0
vt 0.98101 0.70362100000000008 0
vt 0.920449 0.561045 0
vt 0.934597 0.572804 0
# 114 texture coords

g Bottom_low
usemtl material_0
s 1024
f 1284/1284/1284 1281/1281/1281 1282/1282/1282
f 1282/1282/1282 1283/1283/1283 1284/1284/1284
f 1288/1288/1288 1285/1285/1285 1286/1286/1286
f 1286/1286/1286 1287/1287/1287 1288/1288/1288
f 1292/1292/1292 1289/1289/1289 1290/1290/1290
f 1290/1290/1290 1291/1291/1291 1292/1292/1292
f 1298/1298/1298 1293/1293/1293 1294/1294/1294
f 1298/1298/1298 1294/1294/1294 1295/1295/1295
f 1295/1295/1295 1296/1296/1296 1297/1297/1297
f 1295/1295/1295 1297/1297/1297 1298/1298/1298
f 1302/1302/1302 1299/1299/1299 1300/1300/1300
f 1300/1300/1300 1301/1301/1301 1302/1302/1302
f 1306/1306/1306 1303/1303/1303 1304/1304/1304
f 1304/1304/1304 1305/1305/1305 1306/1306/1306
f 1310/1310/1310 1307/1307/1307 1308/1308/1308
f 1308/1308/1308 1309/1309/1309 1310/1310/1310
f 1314/1314/1314 1311/1311/1311 1312/1312/1312
f 1312/1312/1312 1313/1313/1313 1314/1314/1314
f 1318/1318/1318 1315/1315/1315 1316/1316/1316
f 1316/1316/1316 1317/1317/1317 1318/1318/1318
f 1322/1322/1322 1319/1319/1319 1320/1320/1320
f 1320/1320/1320 1321/1321/1321 1322/1322/1322
f 1326/1326/1326 1323/1323/1323 1324/1324/1324
f 1324/1324/1324 1325/1325/1325 1326/1326/1326
f 1327/1327/1327 1328/1328/1328 1329/1329/1329
f 1333/1333/1333 1330/1330/1330 1331/1331/1331
f 1331/1331/1331 1332/1332/1332 1333/1333/1333
f 1337/1337/1337 1334/1334/1334 1335/1335/1335
f 1335/1335/1335 1336/1336/1336 1337/1337/1337
f 1341/1341/1341 1338/1338/1338 1339/1339/1339
f 1339/1339/1339 1340/1340/1340 1341/1341/1341
f 1345/1345/1345 1342/1342/1342 1343/1343/1343
f 1343/1343/1343 1344/1344/1344 1345/1345/1345
f 1351/1351/1351 1346/1346/1346 1347/1347/1347
f 1351/1351/1351 1347/1347/1347 1348/1348/1348
f 1351/1351/1351 1348/1348/1348 1349/1349/1349
f 1349/1349/1349 1350/1350/1350 1351/1351/1351
f 1355/1355/1355 1352/1352/1352 1353/1353/1353
f 1353/1353/1353 1354/1354/1354 1355/1355/1355
f 1359/1359/1359 1356/1356/1356 1357/1357/1357
f 1357/1357/1357 1358/1358/1358 1359/1359/1359
f 1363/1363/1363 1360/1360/1360 1361/1361/1361
f 1361/1361/1361 1362/1362/1362 1363/1363/1363
f 1367/1367/1367 1364/1364/1364 1365/1365/1365
f 1365/1365/1365 1366/1366/1366 1367/1367/1367
f 1371/1371/1371 1368/1368/1368 1369/1369/1369
f 1369/1369/1369 1370/1370/1370 1371/1371/1371
f 1375/1375/1375 1372/1372/1372 1373/1373/1373
f 1373/1373/1373 1374/1374/1374 1375/1375/1375
f 1376/1376/1376 1377/1377/1377 1378/1378/1378
f 1382/1382/1382 1379/1379/1379 1380/1380/1380
f 1380/1380/1380 1381/1381/1381 1382/1382/1382
f 1386/1386/1386 1383/1383/1383 1384/1384/1384
f 1384/1384/1384 1385/1385/1385 1386/1386/1386
f 1390/1390/1390 1387/1387/1387 1388/1388/1388
f 1388/1388/1388 1389/1389/1389 1390/1390/1390
f 1394/1394/1394 1391/1391/1391 1392/1392/1392
f 1392/1392/1392 1393/1393/1393 1394/1394/1394
#58 polygons


#
# object GunConnectLeft_low
#

v -0.489412 0.0347398 0.0407629
v -0.519172 0.0175519 0.0415441
v -0.389733 0.0175519 0.0381465
v -0.389733 0.0347398 0.0381465
v -0.389733 0.000364067 0.0381465
v -0.489412 0.000364067 0.0407629
v -0.489412 0.0347398 0.0407629
v -0.389733 0.0347398 0.0381465
v -0.38582 0.0347398 -0.0557404
v -0.491872 0.0347398 -0.0529567
v -0.491872 0.000364063 -0.0529567
v -0.38582 0.000364063 -0.0557404
v -0.389733 0.000364067 0.0381465
v -0.489412 0.000364067 0.0407629
v -0.38582 0.0347398 -0.0557404
v -0.38582 0.0175519 -0.0557404
v -0.521632 0.0175519 -0.0521755
v -0.491872 0.0347398 -0.0529567
v -0.491872 0.000364063 -0.0529567
v -0.521632 0.0175519 -0.0521755
v -0.38582 0.0175519 -0.0557404
v -0.38582 0.000364063 -0.0557404
# 22 vertices

vn 0.0262399 4.36963E-08 0.999656
vn 0.0262399 4.36963E-08 0.999656
vn 0.0262399 4.36963E-08 0.999656
vn 0.0262399 4.36963E-08 0.999656
vn 0.0262399 4.36963E-08 0.999656
vn 0.0262399 4.36963E-08 0.999656
vn 0 1 -4.37114E-08
vn 0 1 -4.37114E-08
vn 0 1 -4.37114E-08
vn 0 1 -4.37114E-08
vn 0 -1 4.37114E-08
vn 0 -1 4.37114E-08
vn 0 -1 4.37114E-08
vn 0 -1 4.37114E-08
vn -0.0262399 -4.36963E-08 -0.999656
vn -0.0262399 -4.36963E-08 -0.999656
vn -0.0262399 -4.36963E-08 -0.999656
vn -0.0262399 -4.36963E-08 -0.999656
vn -0.0262399 -4.36963E-08 -0.999656
vn -0.0262399 -4.36963E-08 -0.999656
vn -0.0262399 -4.36963E-08 -0.999656
vn -0.0262399 -4.36963E-08 -0.999656
# 22 vertex normals

vt 0.246716 0.454637 0
vt 0.233465 0.448513 0
vt 0.291238 0.448816 0
vt 0.291205 0.455046 0
vt 0.291269 0.442888 0
vt 0.246778 0.442832 0
vt 0.246716 0.454637 0
vt 0.291205 0.455046 0
vt 0.29278 0.48798 0
vt 0.245446 0.48755 0
vt 0.245373 0.50144 0
vt 0.292709 0.501505 0
vt 0.290798 0.532906 0
vt 0.246306 0.532849 0
vt 0.29278 0.48798 0
vt 0.29274699999999996 0.494288 0
vt 0.232129 0.493971 0
vt 0.245446 0.48755 0
vt 0.245373 0.50144 0
vt 0.232129 0.493971 0
vt 0.29274699999999996 0.494288 0
vt 0.292709 0.501505 0
# 22 texture coords

g GunConnectLeft_low
usemtl material_0
s 2048
f 1398/1398/1398 1395/1395/1395 1396/1396/1396
f 1396/1396/1396 1397/1397/1397 1398/1398/1398
f 1400/1400/1400 1399/1399/1399 1397/1397/1397
f 1397/1397/1397 1396/1396/1396 1400/1400/1400
f 1404/1404/1404 1401/1401/1401 1402/1402/1402
f 1402/1402/1402 1403/1403/1403 1404/1404/1404
f 1408/1408/1408 1405/1405/1405 1406/1406/1406
f 1406/1406/1406 1407/1407/1407 1408/1408/1408
f 1412/1412/1412 1409/1409/1409 1410/1410/1410
f 1410/1410/1410 1411/1411/1411 1412/1412/1412
f 1416/1416/1416 1413/1413/1413 1414/1414/1414
f 1414/1414/1414 1415/1415/1415 1416/1416/1416
#12 polygons


#
# object GunLeftTopBack_low
#

v -0.484808 0.0519276 0.0406421
v -0.488088 0.0519276 -0.0843174
v -0.492692 0.0691155 -0.0841966
v -0.489412 0.0691155 0.0407629
v -0.489412 0.0691155 0.0407629
v -0.503416 0.0610272 0.0645685
v -0.50097899999999992 0.0519276 0.06450450000000001
v -0.484808 0.0519276 0.0406421
v -0.489412 0.0347398 0.0407629
v -0.492692 0.0347398 -0.0841966
v -0.488088 0.0519276 -0.0843174
v -0.484808 0.0519276 0.0406421
v -0.488088 0.0519276 -0.0843174
v -0.522452 0.0519276 -0.0834154
v -0.522452 0.0691155 -0.0834154
v -0.492692 0.0691155 -0.0841966
v -0.489412 0.0691155 0.0407629
v -0.492692 0.0691155 -0.0841966
v -0.50527 0.0816978 -0.08386639999999999
v -0.50199000000000008 0.0816978 0.0410931
v -0.50199000000000008 0.0816978 0.0410931
v -0.51007499999999992 0.0676886 0.0647433
v -0.503416 0.0610272 0.0645685
v -0.489412 0.0691155 0.0407629
v -0.484808 0.0519276 0.0406421
v -0.50097899999999992 0.0519276 0.06450450000000001
v -0.503416 0.042828 0.0645685
v -0.489412 0.0347398 0.0407629
v -0.50199000000000008 0.0221574 0.0410931
v -0.50527 0.0221574 -0.08386639999999999
v -0.492692 0.0347398 -0.0841966
v -0.489412 0.0347398 0.0407629
v -0.492692 0.0347398 -0.0841966
v -0.522452 0.0347398 -0.0834154
v -0.552212 0.0691155 -0.0826342
v -0.556816 0.0519276 -0.0825134
v -0.522452 0.0863033 -0.0834154
v -0.50527 0.0816978 -0.08386639999999999
v -0.50199000000000008 0.0816978 0.0410931
v -0.50527 0.0816978 -0.08386639999999999
v -0.522452 0.0863033 -0.0834154
v -0.519172 0.0863033 0.0415441
v -0.519172 0.0863033 0.0415441
v -0.519172 0.0701268 0.064982
v -0.51007499999999992 0.0676886 0.0647433
v -0.50199000000000008 0.0816978 0.0410931
v -0.519172 0.0701268 0.064982
v -0.519172 0.0610272 0.064982
v -0.503416 0.0610272 0.0645685
v -0.51007499999999992 0.0676886 0.0647433
v -0.519172 0.042828 0.064982
v -0.519172 0.0337284 0.0649821
v -0.51007499999999992 0.0361667 0.0647433
v -0.503416 0.042828 0.0645685
v -0.489412 0.0347398 0.0407629
v -0.503416 0.042828 0.0645685
v -0.51007499999999992 0.0361667 0.0647433
v -0.50199000000000008 0.0221574 0.0410931
v -0.519172 0.0175519 0.0415441
v -0.522452 0.0175519 -0.0834154
v -0.50527 0.0221574 -0.08386639999999999
v -0.50199000000000008 0.0221574 0.0410931
v -0.522452 0.0175519 -0.0834154
v -0.50527 0.0221574 -0.08386639999999999
v -0.552212 0.0347398 -0.0826342
v -0.53963399999999992 0.0816978 -0.08296439999999999
v -0.548932 0.0691155 0.0423252
v -0.552212 0.0691155 -0.0826342
v -0.556816 0.0519276 -0.0825134
v -0.553535 0.0519276 0.0424461
v -0.519172 0.0863033 0.0415441
v -0.522452 0.0863033 -0.0834154
v -0.53963399999999992 0.0816978 -0.08296439999999999
v -0.536354 0.0816978 0.0419951
v -0.536354 0.0816978 0.0419951
v -0.52826799999999992 0.0676886 0.0652208
v -0.519172 0.0701268 0.064982
v -0.519172 0.0863033 0.0415441
v -0.52826799999999992 0.0676886 0.0652208
v -0.53492700000000008 0.0610272 0.0653956
v -0.548932 0.0347398 0.0423252
v -0.53492700000000008 0.042828 0.0653956
v -0.53736399999999992 0.0519276 0.06545960000000001
v -0.553535 0.0519276 0.0424461
v -0.53492700000000008 0.042828 0.0653956
v -0.52826799999999992 0.0361667 0.0652208
v -0.50199000000000008 0.0221574 0.0410931
v -0.51007499999999992 0.0361667 0.0647433
v -0.519172 0.0337284 0.0649821
v -0.519172 0.0175519 0.0415441
v -0.536354 0.0221574 0.0419951
v -0.53963399999999992 0.0221574 -0.08296439999999999
v -0.522452 0.0175519 -0.0834154
v -0.519172 0.0175519 0.0415441
v -0.53963399999999992 0.0221574 -0.08296439999999999
v -0.553535 0.0519276 0.0424461
v -0.556816 0.0519276 -0.0825134
v -0.552212 0.0347398 -0.0826342
v -0.548932 0.0347398 0.0423252
v -0.536354 0.0816978 0.0419951
v -0.53963399999999992 0.0816978 -0.08296439999999999
v -0.552212 0.0691155 -0.0826342
v -0.548932 0.0691155 0.0423252
v -0.548932 0.0691155 0.0423252
v -0.53492700000000008 0.0610272 0.0653956
v -0.52826799999999992 0.0676886 0.0652208
v -0.536354 0.0816978 0.0419951
v -0.536354 0.0221574 0.0419951
v -0.52826799999999992 0.0361667 0.0652208
v -0.53492700000000008 0.042828 0.0653956
v -0.548932 0.0347398 0.0423252
v -0.519172 0.0175519 0.0415441
v -0.519172 0.0337284 0.0649821
v -0.52826799999999992 0.0361667 0.0652208
v -0.536354 0.0221574 0.0419951
v -0.548932 0.0347398 0.0423252
v -0.552212 0.0347398 -0.0826342
v -0.53963399999999992 0.0221574 -0.08296439999999999
v -0.536354 0.0221574 0.0419951
v -0.519172 0.0523013 0.064982
v -0.50097899999999992 0.0519276 0.06450450000000001
v -0.500981 0.0519376 0.0645046
v -0.53736399999999992 0.0519276 0.06545960000000001
v -0.553535 0.0519276 0.0424461
v -0.53736399999999992 0.0519276 0.06545960000000001
v -0.53492700000000008 0.0610272 0.0653956
v -0.548932 0.0691155 0.0423252
# 127 vertices

vn 0.965593 0.25881900000000004 -0.0253458
vn 0.965593 0.25881900000000004 -0.0253458
vn 0.965593 0.25881900000000004 -0.0253458
vn 0.965593 0.25881900000000004 -0.0253458
vn 0.80886 0.212805 0.54814300000000008
vn 0.80886 0.212805 0.54814300000000008
vn 0.80886 0.212805 0.54814300000000008
vn 0.80886 0.212805 0.54814300000000008
vn 0.965593 -0.25881900000000004 -0.0253458
vn 0.965593 -0.25881900000000004 -0.0253458
vn 0.965593 -0.25881900000000004 -0.0253458
vn 0.965593 -0.25881900000000004 -0.0253458
vn -0.0262399 -4.36963E-08 -0.999656
vn -0.0262399 -4.36963E-08 -0.999656
vn -0.0262399 -4.36963E-08 -0.999656
vn -0.0262399 -4.36963E-08 -0.999656
vn 0.706863 0.70710700000000008 -0.01855439999999999
vn 0.706863 0.70710700000000008 -0.01855439999999999
vn 0.706863 0.70710700000000008 -0.01855439999999999
vn 0.706863 0.70710700000000008 -0.01855439999999999
vn 0.597876 0.583241 0.54988499999999992
vn 0.597876 0.583241 0.54988499999999992
vn 0.597876 0.583241 0.54988499999999992
vn 0.597876 0.583241 0.54988499999999992
vn 0.80886 -0.212805 0.54814300000000008
vn 0.80886 -0.212805 0.54814300000000008
vn 0.80886 -0.212805 0.54814300000000008
vn 0.80886 -0.212805 0.54814300000000008
vn 0.706863 -0.70710700000000008 -0.01855439999999999
vn 0.706863 -0.70710700000000008 -0.01855439999999999
vn 0.706863 -0.70710700000000008 -0.01855439999999999
vn 0.706863 -0.70710700000000008 -0.01855439999999999
vn -0.0262399 -4.36963E-08 -0.999656
vn -0.0262399 -4.36963E-08 -0.999656
vn -0.0262399 -4.36963E-08 -0.999656
vn -0.0262399 -4.36963E-08 -0.999656
vn -0.0262399 -4.36963E-08 -0.999656
vn -0.0262399 -4.36963E-08 -0.999656
vn 0.25873 0.965926 -0.00679142
vn 0.25873 0.965926 -0.00679142
vn 0.25873 0.965926 -0.00679142
vn 0.25873 0.965926 -0.00679142
vn 0.229239 0.801093 0.552901
vn 0.229239 0.801093 0.552901
vn 0.229239 0.801093 0.552901
vn 0.229239 0.801093 0.552901
vn 0.0262399 4.36963E-08 0.999656
vn 0.0262399 4.36963E-08 0.999656
vn 0.0262399 4.36963E-08 0.999656
vn 0.0262399 4.36963E-08 0.999656
vn 0.0262399 4.36963E-08 0.999656
vn 0.0262399 4.36963E-08 0.999656
vn 0.0262399 4.36963E-08 0.999656
vn 0.0262399 4.36963E-08 0.999656
vn 0.597876 -0.583241 0.54988499999999992
vn 0.597876 -0.583241 0.54988499999999992
vn 0.597876 -0.583241 0.54988499999999992
vn 0.597876 -0.583241 0.54988499999999992
vn 0.25873 -0.965926 -0.00679134
vn 0.25873 -0.965926 -0.00679134
vn 0.25873 -0.965926 -0.00679134
vn 0.25873 -0.965926 -0.00679134
vn -0.0262399 -4.36963E-08 -0.999656
vn -0.0262399 -4.36963E-08 -0.999656
vn -0.0262399 -4.36963E-08 -0.999656
vn -0.0262399 -4.36963E-08 -0.999656
vn -0.965593 0.25881900000000004 0.0253458
vn -0.965593 0.25881900000000004 0.0253458
vn -0.965593 0.25881900000000004 0.0253458
vn -0.965593 0.25881900000000004 0.0253458
vn -0.25873 0.965926 0.00679134
vn -0.25873 0.965926 0.00679134
vn -0.25873 0.965926 0.00679134
vn -0.25873 0.965926 0.00679134
vn -0.201473 0.806133 0.55638
vn -0.201473 0.806133 0.55638
vn -0.201473 0.806133 0.55638
vn -0.201473 0.806133 0.55638
vn 0.0262399 4.36963E-08 0.999656
vn 0.0262399 4.36963E-08 0.999656
vn -0.798553 -0.217843 0.561121
vn -0.798553 -0.217843 0.561121
vn -0.798553 -0.217843 0.561121
vn -0.798553 -0.217843 0.561121
vn 0.0262399 4.36963E-08 0.999656
vn 0.0262399 4.36963E-08 0.999656
vn 0.229239 -0.801093 0.552902
vn 0.229239 -0.801093 0.552902
vn 0.229239 -0.801093 0.552902
vn 0.229239 -0.801093 0.552902
vn -0.25873 -0.965926 0.00679142
vn -0.25873 -0.965926 0.00679142
vn -0.25873 -0.965926 0.00679142
vn -0.25873 -0.965926 0.00679142
vn -0.0262399 -4.36963E-08 -0.999656
vn -0.965593 -0.25881900000000004 0.0253458
vn -0.965593 -0.25881900000000004 0.0253458
vn -0.965593 -0.25881900000000004 0.0253458
vn -0.965593 -0.25881900000000004 0.0253458
vn -0.706863 0.70710700000000008 0.01855439999999999
vn -0.706863 0.70710700000000008 0.01855439999999999
vn -0.706863 0.70710700000000008 0.01855439999999999
vn -0.706863 0.70710700000000008 0.01855439999999999
vn -0.57884100000000008 0.59331999999999992 0.559387
vn -0.57884100000000008 0.59331999999999992 0.559387
vn -0.57884100000000008 0.59331999999999992 0.559387
vn -0.57884100000000008 0.59331999999999992 0.559387
vn -0.57884100000000008 -0.59331999999999992 0.559388
vn -0.57884100000000008 -0.59331999999999992 0.559388
vn -0.57884100000000008 -0.59331999999999992 0.559388
vn -0.57884100000000008 -0.59331999999999992 0.559388
vn -0.201473 -0.806133 0.55638
vn -0.201473 -0.806133 0.55638
vn -0.201473 -0.806133 0.55638
vn -0.201473 -0.806133 0.55638
vn -0.706863 -0.70710700000000008 0.01855439999999999
vn -0.706863 -0.70710700000000008 0.01855439999999999
vn -0.706863 -0.70710700000000008 0.01855439999999999
vn -0.706863 -0.70710700000000008 0.01855439999999999
vn 0.0262399 4.36963E-08 0.999656
vn 0.0262399 4.36963E-08 0.999656
vn 0.0262399 4.36963E-08 0.999656
vn 0.0262399 4.36963E-08 0.999656
vn -0.798553 0.217843 0.561121
vn -0.798553 0.217843 0.561121
vn -0.798553 0.217843 0.561121
vn -0.798553 0.217843 0.561121
# 127 vertex normals

vt 0.270021 0.720618 0
vt 0.270021 0.66216 0
vt 0.27735700000000004 0.662165 0
vt 0.276718 0.720622 0
vt 0.286103 0.183433 0
vt 0.279045 0.175322 0
vt 0.282622 0.170617 0
vt 0.292858 0.174547 0
vt 0.26332299999999996 0.720622 0
vt 0.26268399999999996 0.662165 0
vt 0.270021 0.66216 0
vt 0.270021 0.720618 0
vt 0.0944056 0.0978751 0
vt 0.0672519 0.102908 0
vt 0.06976549999999999 0.11647 0
vt 0.0932812 0.112111 0
vt 0.276718 0.720622 0
vt 0.27735700000000004 0.662165 0
vt 0.284592 0.662179 0
vt 0.283487 0.720633 0
vt 0.275329 0.187702 0
vt 0.27334199999999996 0.17758199999999998 0
vt 0.279045 0.175322 0
vt 0.286103 0.183433 0
vt 0.292858 0.174547 0
vt 0.282622 0.170617 0
vt 0.28311199999999996 0.16472800000000002 0
vt 0.293784 0.16342300000000002 0
vt 0.256554 0.720633 0
vt 0.255449 0.662179 0
vt 0.26268399999999996 0.662165 0
vt 0.26332299999999996 0.720622 0
vt 0.088254 0.0849873 0
vt 0.0647383 0.0893457 0
vt 0.0462499 0.120828 0
vt 0.0400983 0.10794 0
vt 0.072279 0.130032 0
vt 0.0851823 0.123882 0
vt 0.283487 0.720633 0
vt 0.284592 0.662179 0
vt 0.29166399999999996 0.66219799999999992 0
vt 0.290389 0.720648 0
vt 0.263424 0.186208 0
vt 0.26703900000000004 0.176791 0
vt 0.27334199999999996 0.17758199999999998 0
vt 0.275329 0.187702 0
vt 0.26703900000000004 0.176791 0
vt 0.26907199999999996 0.171494 0
vt 0.279045 0.175322 0
vt 0.27334199999999996 0.17758199999999998 0
vt 0.27313900000000004 0.16089999999999998 0
vt 0.27517200000000004 0.155602 0
vt 0.280385 0.15923200000000002 0
vt 0.28311199999999996 0.16472800000000002 0
vt 0.293784 0.16342300000000002 0
vt 0.28311199999999996 0.16472800000000002 0
vt 0.280385 0.15923200000000002 0
vt 0.288634 0.15304200000000002 0
vt 0.249652 0.720648 0
vt 0.248377 0.66219799999999992 0
vt 0.255449 0.662179 0
vt 0.256554 0.720633 0
vt 0.0622248 0.0757837 0
vt 0.076475 0.07690130000000001 0
vt 0.0412227 0.0937041 0
vt 0.0580288 0.128914 0
vt 0.220672 0.720673 0
vt 0.221311 0.662231 0
vt 0.228009 0.66223600000000008 0
vt 0.228009 0.720677 0
vt 0.206365 0.720648 0
vt 0.20764 0.66219799999999992 0
vt 0.214542 0.66221699999999992 0
vt 0.213437 0.720663 0
vt 0.253577 0.17935200000000002 0
vt 0.261826 0.173161 0
vt 0.26703900000000004 0.176791 0
vt 0.263424 0.186208 0
vt 0.261826 0.173161 0
vt 0.25909900000000004 0.167665 0
vt 0.256108 0.14896 0
vt 0.263165 0.15707099999999998 0
vt 0.259589 0.161776 0
vt 0.249353 0.15784699999999998 0
vt 0.263165 0.15707099999999998 0
vt 0.26886900000000004 0.154811 0
vt 0.288634 0.15304200000000002 0
vt 0.280385 0.15923200000000002 0
vt 0.27517200000000004 0.155602 0
vt 0.278787 0.14618600000000002 0
vt 0.242581 0.720663 0
vt 0.241475 0.66221699999999992 0
vt 0.248377 0.66219799999999992 0
vt 0.249652 0.720648 0
vt 0.0493215 0.0819339 0
vt 0.228009 0.720677 0
vt 0.228009 0.66223600000000008 0
vt 0.234706 0.662231 0
vt 0.235346 0.720673 0
vt 0.213437 0.720663 0
vt 0.214542 0.66221699999999992 0
vt 0.221311 0.662231 0
vt 0.220672 0.720673 0
vt 0.248427 0.16897100000000002 0
vt 0.25909900000000004 0.167665 0
vt 0.261826 0.173161 0
vt 0.253577 0.17935200000000002 0
vt 0.266882 0.14469199999999998 0
vt 0.26886900000000004 0.154811 0
vt 0.263165 0.15707099999999998 0
vt 0.256108 0.14896 0
vt 0.278787 0.14618600000000002 0
vt 0.27517200000000004 0.155602 0
vt 0.26886900000000004 0.154811 0
vt 0.266882 0.14469199999999998 0
vt 0.235346 0.720673 0
vt 0.234706 0.662231 0
vt 0.241475 0.66221699999999992 0
vt 0.242581 0.720663 0
vt 0.271022 0.166414 0
vt 0.282622 0.170617 0
vt 0.282618 0.170622 0
vt 0.259589 0.161776 0
vt 0.249353 0.15784699999999998 0
vt 0.259589 0.161776 0
vt 0.25909900000000004 0.167665 0
vt 0.248427 0.16897100000000002 0
# 127 texture coords

g GunLeftTopBack_low
usemtl material_0
s 4096
f 1420/1420/1420 1417/1417/1417 1418/1418/1418
f 1418/1418/1418 1419/1419/1419 1420/1420/1420
f 1424/1424/1424 1421/1421/1421 1422/1422/1422
f 1422/1422/1422 1423/1423/1423 1424/1424/1424
f 1428/1428/1428 1425/1425/1425 1426/1426/1426
f 1426/1426/1426 1427/1427/1427 1428/1428/1428
f 1432/1432/1432 1429/1429/1429 1430/1430/1430
f 1430/1430/1430 1431/1431/1431 1432/1432/1432
f 1436/1436/1436 1433/1433/1433 1434/1434/1434
f 1434/1434/1434 1435/1435/1435 1436/1436/1436
f 1440/1440/1440 1437/1437/1437 1438/1438/1438
f 1438/1438/1438 1439/1439/1439 1440/1440/1440
f 1444/1444/1444 1441/1441/1441 1442/1442/1442
f 1442/1442/1442 1443/1443/1443 1444/1444/1444
f 1448/1448/1448 1445/1445/1445 1446/1446/1446
f 1446/1446/1446 1447/1447/1447 1448/1448/1448
f 1429/1429/1429 1449/1449/1449 1450/1450/1450
f 1450/1450/1450 1430/1430/1430 1429/1429/1429
f 1452/1452/1452 1451/1451/1451 1431/1431/1431
f 1431/1431/1431 1430/1430/1430 1452/1452/1452
f 1454/1454/1454 1432/1432/1432 1431/1431/1431
f 1431/1431/1431 1453/1453/1453 1454/1454/1454
f 1458/1458/1458 1455/1455/1455 1456/1456/1456
f 1456/1456/1456 1457/1457/1457 1458/1458/1458
f 1462/1462/1462 1459/1459/1459 1460/1460/1460
f 1460/1460/1460 1461/1461/1461 1462/1462/1462
f 1466/1466/1466 1463/1463/1463 1464/1464/1464
f 1464/1464/1464 1465/1465/1465 1466/1466/1466
f 1470/1470/1470 1467/1467/1467 1468/1468/1468
f 1468/1468/1468 1469/1469/1469 1470/1470/1470
f 1474/1474/1474 1471/1471/1471 1472/1472/1472
f 1472/1472/1472 1473/1473/1473 1474/1474/1474
f 1478/1478/1478 1475/1475/1475 1476/1476/1476
f 1476/1476/1476 1477/1477/1477 1478/1478/1478
f 1480/1480/1480 1479/1479/1479 1450/1450/1450
f 1450/1450/1450 1449/1449/1449 1480/1480/1480
f 1481/1481/1481 1452/1452/1452 1430/1430/1430
f 1430/1430/1430 1450/1450/1450 1481/1481/1481
f 1482/1482/1482 1453/1453/1453 1431/1431/1431
f 1431/1431/1431 1451/1451/1451 1482/1482/1482
f 1486/1486/1486 1483/1483/1483 1484/1484/1484
f 1484/1484/1484 1485/1485/1485 1486/1486/1486
f 1490/1490/1490 1487/1487/1487 1488/1488/1488
f 1488/1488/1488 1489/1489/1489 1490/1490/1490
f 1494/1494/1494 1491/1491/1491 1492/1492/1492
f 1492/1492/1492 1493/1493/1493 1494/1494/1494
f 1496/1496/1496 1464/1464/1464 1463/1463/1463
f 1463/1463/1463 1495/1495/1495 1496/1496/1496
f 1500/1500/1500 1497/1497/1497 1498/1498/1498
f 1498/1498/1498 1499/1499/1499 1500/1500/1500
f 1502/1502/1502 1468/1468/1468 1467/1467/1467
f 1467/1467/1467 1501/1501/1501 1502/1502/1502
f 1506/1506/1506 1503/1503/1503 1504/1504/1504
f 1504/1504/1504 1505/1505/1505 1506/1506/1506
f 1510/1510/1510 1507/1507/1507 1508/1508/1508
f 1508/1508/1508 1509/1509/1509 1510/1510/1510
f 1511/1511/1511 1481/1481/1481 1450/1450/1450
f 1450/1450/1450 1479/1479/1479 1511/1511/1511
f 1515/1515/1515 1512/1512/1512 1513/1513/1513
f 1513/1513/1513 1514/1514/1514 1515/1515/1515
f 1519/1519/1519 1516/1516/1516 1517/1517/1517
f 1517/1517/1517 1518/1518/1518 1519/1519/1519
f 1523/1523/1523 1520/1520/1520 1521/1521/1521
f 1521/1521/1521 1522/1522/1522 1523/1523/1523
f 1527/1527/1527 1524/1524/1524 1525/1525/1525
f 1525/1525/1525 1526/1526/1526 1527/1527/1527
f 1531/1531/1531 1528/1528/1528 1529/1529/1529
f 1529/1529/1529 1530/1530/1530 1531/1531/1531
f 1535/1535/1535 1532/1532/1532 1533/1533/1533
f 1533/1533/1533 1534/1534/1534 1535/1535/1535
f 1537/1537/1537 1536/1536/1536 1467/1467/1467
f 1467/1467/1467 1470/1470/1470 1537/1537/1537
f 1464/1464/1464 1536/1536/1536 1537/1537/1537
f 1464/1464/1464 1537/1537/1537 1538/1538/1538
f 1538/1538/1538 1465/1465/1465 1464/1464/1464
f 1501/1501/1501 1467/1467/1467 1536/1536/1536
f 1501/1501/1501 1536/1536/1536 1539/1539/1539
f 1539/1539/1539 1536/1536/1536 1464/1464/1464
f 1539/1539/1539 1464/1464/1464 1496/1496/1496
f 1539/1539/1539 1496/1496/1496 1539/1539/1539
f 1539/1539/1539 1539/1539/1539 1501/1501/1501
f 1543/1543/1543 1540/1540/1540 1541/1541/1541
f 1541/1541/1541 1542/1542/1542 1543/1543/1543
#83 polygons


#
# object GunLeftMidTop_low
#

v -0.503895 0.0412103 -0.0839025
v -0.505945 0.0412103 -0.162002
v -0.50307500000000008 0.0519276 -0.162078
v -0.50102500000000008 0.0519276 -0.08397780000000001
v -0.511738 0.0333648 -0.0836966
v -0.513788 0.0333648 -0.161796
v -0.505945 0.0412103 -0.162002
v -0.503895 0.0412103 -0.0839025
v -0.50102500000000008 0.0519276 -0.08397780000000001
v -0.50307500000000008 0.0519276 -0.162078
v -0.505945 0.0626448 -0.162002
v -0.503895 0.0626448 -0.0839025
v -0.522452 0.0304931 -0.0834154
v -0.524502 0.0304931 -0.161515
v -0.513788 0.0333648 -0.161796
v -0.511738 0.0333648 -0.0836966
v -0.503895 0.0626448 -0.0839025
v -0.505945 0.0626448 -0.162002
v -0.513788 0.07049039999999999 -0.161796
v -0.511738 0.07049039999999999 -0.0836966
v -0.533165 0.0333648 -0.08313420000000001
v -0.535215 0.0333648 -0.16123399999999998
v -0.524502 0.0304931 -0.161515
v -0.522452 0.0304931 -0.0834154
v -0.511738 0.07049039999999999 -0.0836966
v -0.513788 0.07049039999999999 -0.161796
v -0.524502 0.0733621 -0.161515
v -0.522452 0.0733621 -0.0834154
v -0.54100800000000008 0.0412103 -0.0829283
v -0.54305800000000008 0.0412103 -0.161028
v -0.535215 0.0333648 -0.16123399999999998
v -0.533165 0.0333648 -0.08313420000000001
v -0.522452 0.0733621 -0.0834154
v -0.524502 0.0733621 -0.161515
v -0.535215 0.07049039999999999 -0.16123399999999998
v -0.533165 0.07049039999999999 -0.08313420000000001
v -0.543879 0.0519276 -0.082853
v -0.545929 0.0519276 -0.16095300000000002
v -0.54305800000000008 0.0412103 -0.161028
v -0.54100800000000008 0.0412103 -0.0829283
v -0.533165 0.07049039999999999 -0.08313420000000001
v -0.535215 0.07049039999999999 -0.16123399999999998
v -0.54305800000000008 0.0626448 -0.161028
v -0.54100800000000008 0.0626448 -0.0829283
v -0.54100800000000008 0.0626448 -0.0829283
v -0.54305800000000008 0.0626448 -0.161028
v -0.545929 0.0519276 -0.16095300000000002
v -0.543879 0.0519276 -0.082853
# 48 vertices

vn 0.965593 -0.25881900000000004 -0.0253458
vn 0.965593 -0.25881900000000004 -0.0253458
vn 0.965593 -0.25881900000000004 -0.0253458
vn 0.965593 -0.25881900000000004 -0.0253458
vn 0.706863 -0.70710700000000008 -0.01855439999999999
vn 0.706863 -0.70710700000000008 -0.01855439999999999
vn 0.706863 -0.70710700000000008 -0.01855439999999999
vn 0.706863 -0.70710700000000008 -0.01855439999999999
vn 0.965593 0.25881900000000004 -0.0253458
vn 0.965593 0.25881900000000004 -0.0253458
vn 0.965593 0.25881900000000004 -0.0253458
vn 0.965593 0.25881900000000004 -0.0253458
vn 0.25873 -0.965926 -0.00679134
vn 0.25873 -0.965926 -0.00679134
vn 0.25873 -0.965926 -0.00679134
vn 0.25873 -0.965926 -0.00679134
vn 0.706863 0.70710700000000008 -0.01855439999999999
vn 0.706863 0.70710700000000008 -0.01855439999999999
vn 0.706863 0.70710700000000008 -0.01855439999999999
vn 0.706863 0.70710700000000008 -0.01855439999999999
vn -0.25873 -0.965926 0.00679142
vn -0.25873 -0.965926 0.00679142
vn -0.25873 -0.965926 0.00679142
vn -0.25873 -0.965926 0.00679142
vn 0.25873 0.965926 -0.00679142
vn 0.25873 0.965926 -0.00679142
vn 0.25873 0.965926 -0.00679142
vn 0.25873 0.965926 -0.00679142
vn -0.706863 -0.70710700000000008 0.01855439999999999
vn -0.706863 -0.70710700000000008 0.01855439999999999
vn -0.706863 -0.70710700000000008 0.01855439999999999
vn -0.706863 -0.70710700000000008 0.01855439999999999
vn -0.25873 0.965926 0.00679134
vn -0.25873 0.965926 0.00679134
vn -0.25873 0.965926 0.00679134
vn -0.25873 0.965926 0.00679134
vn -0.965593 -0.25881900000000004 0.0253458
vn -0.965593 -0.25881900000000004 0.0253458
vn -0.965593 -0.25881900000000004 0.0253458
vn -0.965593 -0.25881900000000004 0.0253458
vn -0.706863 0.70710700000000008 0.01855439999999999
vn -0.706863 0.70710700000000008 0.01855439999999999
vn -0.706863 0.70710700000000008 0.01855439999999999
vn -0.706863 0.70710700000000008 0.01855439999999999
vn -0.965593 0.25881900000000004 0.0253458
vn -0.965593 0.25881900000000004 0.0253458
vn -0.965593 0.25881900000000004 0.0253458
vn -0.965593 0.25881900000000004 0.0253458
# 48 vertex normals

vt 0.397872 0.723779 0
vt 0.397418 0.672158 0
vt 0.40262 0.67210899999999992 0
vt 0.40262 0.723729 0
vt 0.393073 0.723915 0
vt 0.392288 0.67229399999999992 0
vt 0.397418 0.672158 0
vt 0.397872 0.723779 0
vt 0.40262 0.723729 0
vt 0.40262 0.67210899999999992 0
vt 0.407823 0.672158 0
vt 0.407369 0.723779 0
vt 0.38818 0.724101 0
vt 0.387273 0.67248 0
vt 0.392288 0.67229399999999992 0
vt 0.393073 0.723915 0
vt 0.407369 0.723779 0
vt 0.407823 0.672158 0
vt 0.412953 0.67229399999999992 0
vt 0.412168 0.723915 0
vt 0.383165 0.724287 0
vt 0.38238 0.672666 0
vt 0.387273 0.67248 0
vt 0.38818 0.724101 0
vt 0.412168 0.723915 0
vt 0.412953 0.67229399999999992 0
vt 0.417967 0.67248 0
vt 0.417061 0.724101 0
vt 0.378035 0.724423 0
vt 0.377581 0.672802 0
vt 0.38238 0.672666 0
vt 0.383165 0.724287 0
vt 0.35748600000000004 0.724101 0
vt 0.358392 0.67248 0
vt 0.363286 0.672666 0
vt 0.3625 0.724287 0
vt 0.372833 0.724473 0
vt 0.372833 0.672852 0
vt 0.377581 0.672802 0
vt 0.378035 0.724423 0
vt 0.3625 0.724287 0
vt 0.363286 0.672666 0
vt 0.368085 0.672802 0
vt 0.36763 0.724423 0
vt 0.36763 0.724423 0
vt 0.368085 0.672802 0
vt 0.372833 0.672852 0
vt 0.372833 0.724473 0
# 48 texture coords

g GunLeftMidTop_low
usemtl material_0
s 8192
f 1547/1547/1547 1544/1544/1544 1545/1545/1545
f 1545/1545/1545 1546/1546/1546 1547/1547/1547
f 1551/1551/1551 1548/1548/1548 1549/1549/1549
f 1549/1549/1549 1550/1550/1550 1551/1551/1551
f 1555/1555/1555 1552/1552/1552 1553/1553/1553
f 1553/1553/1553 1554/1554/1554 1555/1555/1555
f 1559/1559/1559 1556/1556/1556 1557/1557/1557
f 1557/1557/1557 1558/1558/1558 1559/1559/1559
f 1563/1563/1563 1560/1560/1560 1561/1561/1561
f 1561/1561/1561 1562/1562/1562 1563/1563/1563
f 1567/1567/1567 1564/1564/1564 1565/1565/1565
f 1565/1565/1565 1566/1566/1566 1567/1567/1567
f 1571/1571/1571 1568/1568/1568 1569/1569/1569
f 1569/1569/1569 1570/1570/1570 1571/1571/1571
f 1575/1575/1575 1572/1572/1572 1573/1573/1573
f 1573/1573/1573 1574/1574/1574 1575/1575/1575
f 1579/1579/1579 1576/1576/1576 1577/1577/1577
f 1577/1577/1577 1578/1578/1578 1579/1579/1579
f 1583/1583/1583 1580/1580/1580 1581/1581/1581
f 1581/1581/1581 1582/1582/1582 1583/1583/1583
f 1587/1587/1587 1584/1584/1584 1585/1585/1585
f 1585/1585/1585 1586/1586/1586 1587/1587/1587
f 1591/1591/1591 1588/1588/1588 1589/1589/1589
f 1589/1589/1589 1590/1590/1590 1591/1591/1591
#24 polygons


#
# object GunLeftMidBottom_low
#

v -0.503895 -0.027541 -0.0839025
v -0.505945 -0.027541 -0.162002
v -0.50307500000000008 -0.0168238 -0.162078
v -0.50102500000000008 -0.0168238 -0.08397780000000001
v -0.511738 -0.03538659999999999 -0.0836966
v -0.513788 -0.03538659999999999 -0.161796
v -0.505945 -0.027541 -0.162002
v -0.503895 -0.027541 -0.0839025
v -0.50102500000000008 -0.0168238 -0.08397780000000001
v -0.50307500000000008 -0.0168238 -0.162078
v -0.505945 -0.00610655 -0.162002
v -0.503895 -0.00610654 -0.0839025
v -0.522452 -0.0382583 -0.0834154
v -0.524502 -0.0382583 -0.161515
v -0.513788 -0.03538659999999999 -0.161796
v -0.511738 -0.03538659999999999 -0.0836966
v -0.503895 -0.00610654 -0.0839025
v -0.505945 -0.00610655 -0.162002
v -0.513788 0.00173901 -0.161796
v -0.511738 0.00173902 -0.0836966
v -0.533165 -0.03538659999999999 -0.08313420000000001
v -0.535215 -0.03538659999999999 -0.16123399999999998
v -0.524502 -0.0382583 -0.161515
v -0.522452 -0.0382583 -0.0834154
v -0.511738 0.00173902 -0.0836966
v -0.513788 0.00173901 -0.161796
v -0.524502 0.00461069 -0.161515
v -0.522452 0.00461069 -0.0834154
v -0.54100800000000008 -0.027541 -0.0829283
v -0.54305800000000008 -0.027541 -0.161028
v -0.535215 -0.03538659999999999 -0.16123399999999998
v -0.533165 -0.03538659999999999 -0.08313420000000001
v -0.522452 0.00461069 -0.0834154
v -0.524502 0.00461069 -0.161515
v -0.535215 0.00173901 -0.16123399999999998
v -0.533165 0.00173902 -0.08313420000000001
v -0.543879 -0.0168238 -0.082853
v -0.545929 -0.0168238 -0.16095300000000002
v -0.54305800000000008 -0.027541 -0.161028
v -0.54100800000000008 -0.027541 -0.0829283
v -0.533165 0.00173902 -0.08313420000000001
v -0.535215 0.00173901 -0.16123399999999998
v -0.54305800000000008 -0.00610655 -0.161028
v -0.54100800000000008 -0.00610654 -0.0829283
v -0.54100800000000008 -0.00610654 -0.0829283
v -0.54305800000000008 -0.00610655 -0.161028
v -0.545929 -0.0168238 -0.16095300000000002
v -0.543879 -0.0168238 -0.082853
# 48 vertices

vn 0.965593 -0.25881900000000004 -0.0253458
vn 0.965593 -0.25881900000000004 -0.0253458
vn 0.965593 -0.25881900000000004 -0.0253458
vn 0.965593 -0.25881900000000004 -0.0253458
vn 0.706863 -0.70710700000000008 -0.01855439999999999
vn 0.706863 -0.70710700000000008 -0.01855439999999999
vn 0.706863 -0.70710700000000008 -0.01855439999999999
vn 0.706863 -0.70710700000000008 -0.01855439999999999
vn 0.965593 0.25881900000000004 -0.0253458
vn 0.965593 0.25881900000000004 -0.0253458
vn 0.965593 0.25881900000000004 -0.0253458
vn 0.965593 0.25881900000000004 -0.0253458
vn 0.25873 -0.965926 -0.00679134
vn 0.25873 -0.965926 -0.00679134
vn 0.25873 -0.965926 -0.00679134
vn 0.25873 -0.965926 -0.00679134
vn 0.706863 0.70710700000000008 -0.01855439999999999
vn 0.706863 0.70710700000000008 -0.01855439999999999
vn 0.706863 0.70710700000000008 -0.01855439999999999
vn 0.706863 0.70710700000000008 -0.01855439999999999
vn -0.25873 -0.965926 0.00679142
vn -0.25873 -0.965926 0.00679142
vn -0.25873 -0.965926 0.00679142
vn -0.25873 -0.965926 0.00679142
vn 0.25873 0.965926 -0.00679142
vn 0.25873 0.965926 -0.00679142
vn 0.25873 0.965926 -0.00679142
vn 0.25873 0.965926 -0.00679142
vn -0.706863 -0.70710700000000008 0.01855439999999999
vn -0.706863 -0.70710700000000008 0.01855439999999999
vn -0.706863 -0.70710700000000008 0.01855439999999999
vn -0.706863 -0.70710700000000008 0.01855439999999999
vn -0.25873 0.965926 0.00679134
vn -0.25873 0.965926 0.00679134
vn -0.25873 0.965926 0.00679134
vn -0.25873 0.965926 0.00679134
vn -0.965593 -0.25881900000000004 0.0253458
vn -0.965593 -0.25881900000000004 0.0253458
vn -0.965593 -0.25881900000000004 0.0253458
vn -0.965593 -0.25881900000000004 0.0253458
vn -0.706863 0.70710700000000008 0.01855439999999999
vn -0.706863 0.70710700000000008 0.01855439999999999
vn -0.706863 0.70710700000000008 0.01855439999999999
vn -0.706863 0.70710700000000008 0.01855439999999999
vn -0.965593 0.25881900000000004 0.0253458
vn -0.965593 0.25881900000000004 0.0253458
vn -0.965593 0.25881900000000004 0.0253458
vn -0.965593 0.25881900000000004 0.0253458
# 48 vertex normals

vt 0.397773 0.779198 0
vt 0.397318 0.727577 0
vt 0.402521 0.727527 0
vt 0.402521 0.779148 0
vt 0.392974 0.779334 0
vt 0.392188 0.727713 0
vt 0.397318 0.727577 0
vt 0.397773 0.779198 0
vt 0.402521 0.779148 0
vt 0.402521 0.727527 0
vt 0.407724 0.727577 0
vt 0.407269 0.779198 0
vt 0.38808 0.77952 0
vt 0.387174 0.727899 0
vt 0.392188 0.727713 0
vt 0.392974 0.779334 0
vt 0.407269 0.779198 0
vt 0.407724 0.727577 0
vt 0.412854 0.727713 0
vt 0.412068 0.779334 0
vt 0.383066 0.779706 0
vt 0.382281 0.728085 0
vt 0.387174 0.727899 0
vt 0.38808 0.77952 0
vt 0.412068 0.779334 0
vt 0.412854 0.727713 0
vt 0.417868 0.727899 0
vt 0.416962 0.77952 0
vt 0.377936 0.779842 0
vt 0.377482 0.728221 0
vt 0.382281 0.728085 0
vt 0.383066 0.779706 0
vt 0.357387 0.77952 0
vt 0.35829299999999996 0.727899 0
vt 0.363186 0.728085 0
vt 0.362401 0.779706 0
vt 0.372734 0.779892 0
vt 0.372734 0.728271 0
vt 0.377482 0.728221 0
vt 0.377936 0.779842 0
vt 0.362401 0.779706 0
vt 0.363186 0.728085 0
vt 0.367985 0.728221 0
vt 0.367531 0.779842 0
vt 0.367531 0.779842 0
vt 0.367985 0.728221 0
vt 0.372734 0.728271 0
vt 0.372734 0.779892 0
# 48 texture coords

g GunLeftMidBottom_low
usemtl material_0
s 16384
f 1595/1595/1595 1592/1592/1592 1593/1593/1593
f 1593/1593/1593 1594/1594/1594 1595/1595/1595
f 1599/1599/1599 1596/1596/1596 1597/1597/1597
f 1597/1597/1597 1598/1598/1598 1599/1599/1599
f 1603/1603/1603 1600/1600/1600 1601/1601/1601
f 1601/1601/1601 1602/1602/1602 1603/1603/1603
f 1607/1607/1607 1604/1604/1604 1605/1605/1605
f 1605/1605/1605 1606/1606/1606 1607/1607/1607
f 1611/1611/1611 1608/1608/1608 1609/1609/1609
f 1609/1609/1609 1610/1610/1610 1611/1611/1611
f 1615/1615/1615 1612/1612/1612 1613/1613/1613
f 1613/1613/1613 1614/1614/1614 1615/1615/1615
f 1619/1619/1619 1616/1616/1616 1617/1617/1617
f 1617/1617/1617 1618/1618/1618 1619/1619/1619
f 1623/1623/1623 1620/1620/1620 1621/1621/1621
f 1621/1621/1621 1622/1622/1622 1623/1623/1623
f 1627/1627/1627 1624/1624/1624 1625/1625/1625
f 1625/1625/1625 1626/1626/1626 1627/1627/1627
f 1631/1631/1631 1628/1628/1628 1629/1629/1629
f 1629/1629/1629 1630/1630/1630 1631/1631/1631
f 1635/1635/1635 1632/1632/1632 1633/1633/1633
f 1633/1633/1633 1634/1634/1634 1635/1635/1635
f 1639/1639/1639 1636/1636/1636 1637/1637/1637
f 1637/1637/1637 1638/1638/1638 1639/1639/1639
#24 polygons


#
# object GunLeftBottomBack_low
#

v -0.484808 -0.0168238 0.0406421
v -0.488088 -0.0168238 -0.0843174
v -0.492692 0.000364073 -0.0841966
v -0.489412 0.000364076 0.0407629
v -0.489412 0.000364076 0.0407629
v -0.503416 -0.00772418 0.0645685
v -0.50097899999999992 -0.0168238 0.06450450000000001
v -0.484808 -0.0168238 0.0406421
v -0.489412 -0.0340116 0.0407629
v -0.492692 -0.0340116 -0.0841966
v -0.488088 -0.0168238 -0.0843174
v -0.484808 -0.0168238 0.0406421
v -0.488088 -0.0168238 -0.0843174
v -0.522452 -0.0168238 -0.0834154
v -0.522452 0.000364073 -0.0834154
v -0.492692 0.000364073 -0.0841966
v -0.489412 0.000364076 0.0407629
v -0.492692 0.000364073 -0.0841966
v -0.50527 0.0129464 -0.08386639999999999
v -0.50199000000000008 0.0129465 0.0410931
v -0.50199000000000008 0.0129465 0.0410931
v -0.51007499999999992 -0.00106281999999999 0.0647433
v -0.503416 -0.00772418 0.0645685
v -0.489412 0.000364076 0.0407629
v -0.50199000000000008 -0.046594 0.0410931
v -0.50527 -0.046594 -0.08386639999999999
v -0.492692 -0.0340116 -0.0841966
v -0.489412 -0.0340116 0.0407629
v -0.492692 -0.0340116 -0.0841966
v -0.522452 -0.0340116 -0.0834154
v -0.552212 0.000364073 -0.0826342
v -0.556816 -0.0168238 -0.0825134
v -0.522452 0.0175519 -0.0834154
v -0.50527 0.0129464 -0.08386639999999999
v -0.50199000000000008 0.0129465 0.0410931
v -0.50527 0.0129464 -0.08386639999999999
v -0.522452 0.0175519 -0.0834154
v -0.519172 0.0175519 0.0415441
v -0.519172 0.0175519 0.0415441
v -0.519172 0.0013754 0.064982
v -0.51007499999999992 -0.00106281999999999 0.0647433
v -0.50199000000000008 0.0129465 0.0410931
v -0.519172 0.0013754 0.064982
v -0.519172 -0.00772418 0.064982
v -0.503416 -0.00772418 0.0645685
v -0.51007499999999992 -0.00106281999999999 0.0647433
v -0.519172 -0.0259234 0.064982
v -0.519172 -0.0350229 0.0649821
v -0.51007499999999992 -0.0325847 0.0647433
v -0.503416 -0.0259234 0.0645685
v -0.489412 -0.0340116 0.0407629
v -0.503416 -0.0259234 0.0645685
v -0.51007499999999992 -0.0325847 0.0647433
v -0.50199000000000008 -0.046594 0.0410931
v -0.519172 -0.0511995 0.0415441
v -0.522452 -0.0511995 -0.0834154
v -0.50527 -0.046594 -0.08386639999999999
v -0.50199000000000008 -0.046594 0.0410931
v -0.522452 -0.0511995 -0.0834154
v -0.50527 -0.046594 -0.08386639999999999
v -0.552212 -0.0340116 -0.0826342
v -0.53963399999999992 0.0129464 -0.08296439999999999
v -0.548932 0.000364076 0.0423252
v -0.552212 0.000364073 -0.0826342
v -0.556816 -0.0168238 -0.0825134
v -0.553535 -0.0168238 0.0424461
v -0.519172 0.0175519 0.0415441
v -0.522452 0.0175519 -0.0834154
v -0.53963399999999992 0.0129464 -0.08296439999999999
v -0.536354 0.0129465 0.0419951
v -0.536354 0.0129465 0.0419951
v -0.52826799999999992 -0.00106281999999999 0.0652208
v -0.519172 0.0013754 0.064982
v -0.519172 0.0175519 0.0415441
v -0.52826799999999992 -0.00106281999999999 0.0652208
v -0.53492700000000008 -0.00772418 0.0653956
v -0.548932 -0.0340116 0.0423252
v -0.53492700000000008 -0.0259234 0.0653956
v -0.53736399999999992 -0.0168238 0.06545960000000001
v -0.553535 -0.0168238 0.0424461
v -0.53492700000000008 -0.0259234 0.0653956
v -0.52826799999999992 -0.0325847 0.0652208
v -0.50199000000000008 -0.046594 0.0410931
v -0.51007499999999992 -0.0325847 0.0647433
v -0.519172 -0.0350229 0.0649821
v -0.519172 -0.0511995 0.0415441
v -0.536354 -0.046594 0.0419951
v -0.53963399999999992 -0.046594 -0.08296439999999999
v -0.522452 -0.0511995 -0.0834154
v -0.519172 -0.0511995 0.0415441
v -0.53963399999999992 -0.046594 -0.08296439999999999
v -0.553535 -0.0168238 0.0424461
v -0.556816 -0.0168238 -0.0825134
v -0.552212 -0.0340116 -0.0826342
v -0.548932 -0.0340116 0.0423252
v -0.536354 0.0129465 0.0419951
v -0.53963399999999992 0.0129464 -0.08296439999999999
v -0.552212 0.000364073 -0.0826342
v -0.548932 0.000364076 0.0423252
v -0.548932 0.000364076 0.0423252
v -0.53492700000000008 -0.00772418 0.0653956
v -0.52826799999999992 -0.00106281999999999 0.0652208
v -0.536354 0.0129465 0.0419951
v -0.536354 -0.046594 0.0419951
v -0.52826799999999992 -0.0325847 0.0652208
v -0.53492700000000008 -0.0259234 0.0653956
v -0.548932 -0.0340116 0.0423252
v -0.519172 -0.0511995 0.0415441
v -0.519172 -0.0350229 0.0649821
v -0.52826799999999992 -0.0325847 0.0652208
v -0.536354 -0.046594 0.0419951
v -0.548932 -0.0340116 0.0423252
v -0.552212 -0.0340116 -0.0826342
v -0.53963399999999992 -0.046594 -0.08296439999999999
v -0.536354 -0.046594 0.0419951
v -0.519172 -0.0166064 0.064982
v -0.50097899999999992 -0.0168238 0.06450450000000001
v -0.484808 -0.0168238 0.0406421
v -0.50097899999999992 -0.0168238 0.06450450000000001
v -0.503416 -0.0259234 0.0645685
v -0.489412 -0.0340116 0.0407629
v -0.53736399999999992 -0.0168238 0.06545960000000001
v -0.553535 -0.0168238 0.0424461
v -0.53736399999999992 -0.0168238 0.06545960000000001
v -0.53492700000000008 -0.00772418 0.0653956
v -0.548932 0.000364076 0.0423252
# 126 vertices

vn 0.965593 0.25881900000000004 -0.0253458
vn 0.965593 0.25881900000000004 -0.0253458
vn 0.965593 0.25881900000000004 -0.0253458
vn 0.965593 0.25881900000000004 -0.0253458
vn 0.80886 0.212805 0.54814300000000008
vn 0.80886 0.212805 0.54814300000000008
vn 0.80886 0.212805 0.54814300000000008
vn 0.80886 0.212805 0.54814300000000008
vn 0.965593 -0.25881900000000004 -0.0253458
vn 0.965593 -0.25881900000000004 -0.0253458
vn 0.965593 -0.25881900000000004 -0.0253458
vn 0.965593 -0.25881900000000004 -0.0253458
vn -0.0262399 -4.36963E-08 -0.999656
vn -0.0262399 -4.36963E-08 -0.999656
vn -0.0262399 -4.36963E-08 -0.999656
vn -0.0262399 -4.36963E-08 -0.999656
vn 0.706863 0.70710700000000008 -0.01855439999999999
vn 0.706863 0.70710700000000008 -0.01855439999999999
vn 0.706863 0.70710700000000008 -0.01855439999999999
vn 0.706863 0.70710700000000008 -0.01855439999999999
vn 0.597876 0.583241 0.54988499999999992
vn 0.597876 0.583241 0.54988499999999992
vn 0.597876 0.583241 0.54988499999999992
vn 0.597876 0.583241 0.54988499999999992
vn 0.706863 -0.70710700000000008 -0.01855439999999999
vn 0.706863 -0.70710700000000008 -0.01855439999999999
vn 0.706863 -0.70710700000000008 -0.01855439999999999
vn 0.706863 -0.70710700000000008 -0.01855439999999999
vn -0.0262399 -4.36963E-08 -0.999656
vn -0.0262399 -4.36963E-08 -0.999656
vn -0.0262399 -4.36963E-08 -0.999656
vn -0.0262399 -4.36963E-08 -0.999656
vn -0.0262399 -4.36963E-08 -0.999656
vn -0.0262399 -4.36963E-08 -0.999656
vn 0.25873 0.965926 -0.00679142
vn 0.25873 0.965926 -0.00679142
vn 0.25873 0.965926 -0.00679142
vn 0.25873 0.965926 -0.00679142
vn 0.229239 0.801093 0.552901
vn 0.229239 0.801093 0.552901
vn 0.229239 0.801093 0.552901
vn 0.229239 0.801093 0.552901
vn 0.0262399 4.36963E-08 0.999656
vn 0.0262399 4.36963E-08 0.999656
vn 0.0262399 4.36963E-08 0.999656
vn 0.0262399 4.36963E-08 0.999656
vn 0.0262399 4.36963E-08 0.999656
vn 0.0262399 4.36963E-08 0.999656
vn 0.0262399 4.36963E-08 0.999656
vn 0.0262399 4.36963E-08 0.999656
vn 0.597876 -0.583241 0.54988499999999992
vn 0.597876 -0.583241 0.54988499999999992
vn 0.597876 -0.583241 0.54988499999999992
vn 0.597876 -0.583241 0.54988499999999992
vn 0.25873 -0.965926 -0.00679134
vn 0.25873 -0.965926 -0.00679134
vn 0.25873 -0.965926 -0.00679134
vn 0.25873 -0.965926 -0.00679134
vn -0.0262399 -4.36963E-08 -0.999656
vn -0.0262399 -4.36963E-08 -0.999656
vn -0.0262399 -4.36963E-08 -0.999656
vn -0.0262399 -4.36963E-08 -0.999656
vn -0.965593 0.25881900000000004 0.0253458
vn -0.965593 0.25881900000000004 0.0253458
vn -0.965593 0.25881900000000004 0.0253458
vn -0.965593 0.25881900000000004 0.0253458
vn -0.25873 0.965926 0.00679134
vn -0.25873 0.965926 0.00679134
vn -0.25873 0.965926 0.00679134
vn -0.25873 0.965926 0.00679134
vn -0.201473 0.806133 0.55638
vn -0.201473 0.806133 0.55638
vn -0.201473 0.806133 0.55638
vn -0.201473 0.806133 0.55638
vn 0.0262399 4.36963E-08 0.999656
vn 0.0262399 4.36963E-08 0.999656
vn -0.798553 -0.217843 0.561121
vn -0.798553 -0.217843 0.561121
vn -0.798553 -0.217843 0.561121
vn -0.798553 -0.217843 0.561121
vn 0.0262399 4.36963E-08 0.999656
vn 0.0262399 4.36963E-08 0.999656
vn 0.229239 -0.801093 0.552902
vn 0.229239 -0.801093 0.552902
vn 0.229239 -0.801093 0.552902
vn 0.229239 -0.801093 0.552902
vn -0.25873 -0.965926 0.00679142
vn -0.25873 -0.965926 0.00679142
vn -0.25873 -0.965926 0.00679142
vn -0.25873 -0.965926 0.00679142
vn -0.0262399 -4.36963E-08 -0.999656
vn -0.965593 -0.25881900000000004 0.0253458
vn -0.965593 -0.25881900000000004 0.0253458
vn -0.965593 -0.25881900000000004 0.0253458
vn -0.965593 -0.25881900000000004 0.0253458
vn -0.706863 0.70710700000000008 0.01855439999999999
vn -0.706863 0.70710700000000008 0.01855439999999999
vn -0.706863 0.70710700000000008 0.01855439999999999
vn -0.706863 0.70710700000000008 0.01855439999999999
vn -0.57884100000000008 0.59331999999999992 0.559387
vn -0.57884100000000008 0.59331999999999992 0.559387
vn -0.57884100000000008 0.59331999999999992 0.559387
vn -0.57884100000000008 0.59331999999999992 0.559387
vn -0.57884100000000008 -0.59331999999999992 0.559388
vn -0.57884100000000008 -0.59331999999999992 0.559388
vn -0.57884100000000008 -0.59331999999999992 0.559388
vn -0.57884100000000008 -0.59331999999999992 0.559388
vn -0.201473 -0.806133 0.55638
vn -0.201473 -0.806133 0.55638
vn -0.201473 -0.806133 0.55638
vn -0.201473 -0.806133 0.55638
vn -0.706863 -0.70710700000000008 0.01855439999999999
vn -0.706863 -0.70710700000000008 0.01855439999999999
vn -0.706863 -0.70710700000000008 0.01855439999999999
vn -0.706863 -0.70710700000000008 0.01855439999999999
vn 0.0262399 4.36963E-08 0.999656
vn 0.0262399 4.36963E-08 0.999656
vn 0.80886 -0.212805 0.54814300000000008
vn 0.80886 -0.212805 0.54814300000000008
vn 0.80886 -0.212805 0.54814300000000008
vn 0.80886 -0.212805 0.54814300000000008
vn 0.0262399 4.36963E-08 0.999656
vn -0.965593 0.25881900000000004 0.0253458
vn 0.0262399 4.36963E-08 0.999656
vn -0.57884100000000008 0.59331999999999992 0.559387
vn -0.965593 0.25881900000000004 0.0253458
# 126 vertex normals

vt 0.182931 0.720618 0
vt 0.182931 0.66216 0
vt 0.190268 0.662165 0
vt 0.189629 0.720622 0
vt 0.388 0.186212 0
vt 0.377281 0.185373 0
vt 0.376534 0.179511 0
vt 0.386589 0.17513899999999998 0
vt 0.176233 0.720622 0
vt 0.175594 0.662165 0
vt 0.182931 0.66216 0
vt 0.182931 0.720618 0
vt 0.59576700000000008 0.16597500000000002 0
vt 0.56781499999999992 0.16597500000000002 0
vt 0.56781499999999992 0.179399 0
vt 0.592023 0.179399 0
vt 0.189629 0.720622 0
vt 0.190268 0.662165 0
vt 0.197503 0.662179 0
vt 0.196397 0.720633 0
vt 0.383307 0.196807 0
vt 0.374796 0.190983 0
vt 0.377281 0.185373 0
vt 0.388 0.186212 0
vt 0.169464 0.720633 0
vt 0.168359 0.662179 0
vt 0.175594 0.662165 0
vt 0.176233 0.720622 0
vt 0.592023 0.152551 0
vt 0.56781499999999992 0.152551 0
vt 0.543608 0.179399 0
vt 0.539863 0.16597500000000002 0
vt 0.56781499999999992 0.192823 0
vt 0.58179099999999992 0.189226 0
vt 0.196397 0.720633 0
vt 0.197503 0.662179 0
vt 0.204574 0.66219799999999992 0
vt 0.203299 0.720648 0
vt 0.373768 0.204086 0
vt 0.369746 0.194836 0
vt 0.374796 0.190983 0
vt 0.383307 0.196807 0
vt 0.369746 0.194836 0
vt 0.367484 0.189633 0
vt 0.377281 0.185373 0
vt 0.374796 0.190983 0
vt 0.362959 0.179226 0
vt 0.360696 0.17402300000000002 0
vt 0.366959 0.172958 0
vt 0.372756 0.17496600000000002 0
vt 0.379453 0.166555 0
vt 0.372756 0.17496600000000002 0
vt 0.366959 0.172958 0
vt 0.368503 0.16276099999999998 0
vt 0.16256200000000002 0.720648 0
vt 0.16128700000000002 0.66219799999999992 0
vt 0.168359 0.662179 0
vt 0.169464 0.720633 0
vt 0.56781499999999992 0.139127 0
vt 0.58179099999999992 0.14272399999999998 0
vt 0.543608 0.152551 0
vt 0.553839 0.189226 0
vt 0.133582 0.720673 0
vt 0.134221 0.662231 0
vt 0.14091899999999998 0.66223600000000008 0
vt 0.14091899999999998 0.720677 0
vt 0.119276 0.720648 0
vt 0.120551 0.66219799999999992 0
vt 0.12745300000000002 0.66221699999999992 0
vt 0.12634699999999998 0.720663 0
vt 0.36194 0.206098 0
vt 0.363484 0.195901 0
vt 0.369746 0.194836 0
vt 0.373768 0.204086 0
vt 0.363484 0.195901 0
vt 0.35768699999999996 0.193893 0
vt 0.342443 0.182647 0
vt 0.35316199999999996 0.183486 0
vt 0.35390899999999996 0.189348 0
vt 0.343854 0.19372 0
vt 0.35316199999999996 0.183486 0
vt 0.355646 0.177877 0
vt 0.368503 0.16276099999999998 0
vt 0.366959 0.172958 0
vt 0.360696 0.17402300000000002 0
vt 0.356674 0.164773 0
vt 0.155491 0.720663 0
vt 0.154386 0.66221699999999992 0
vt 0.16128700000000002 0.66219799999999992 0
vt 0.16256200000000002 0.720648 0
vt 0.553839 0.14272399999999998 0
vt 0.14091899999999998 0.720677 0
vt 0.14091899999999998 0.66223600000000008 0
vt 0.147617 0.662231 0
vt 0.148256 0.720673 0
vt 0.12634699999999998 0.720663 0
vt 0.12745300000000002 0.66221699999999992 0
vt 0.134221 0.662231 0
vt 0.133582 0.720673 0
vt 0.35099000000000004 0.202304 0
vt 0.35768699999999996 0.193893 0
vt 0.363484 0.195901 0
vt 0.36194 0.206098 0
vt 0.347136 0.17205200000000002 0
vt 0.355646 0.177877 0
vt 0.35316199999999996 0.183486 0
vt 0.342443 0.182647 0
vt 0.356674 0.164773 0
vt 0.360696 0.17402300000000002 0
vt 0.355646 0.177877 0
vt 0.347136 0.17205200000000002 0
vt 0.148256 0.720673 0
vt 0.147617 0.662231 0
vt 0.154386 0.66221699999999992 0
vt 0.155491 0.720663 0
vt 0.365275 0.184554 0
vt 0.376534 0.179511 0
vt 0.386589 0.17513899999999998 0
vt 0.376534 0.179511 0
vt 0.372756 0.17496600000000002 0
vt 0.379453 0.166555 0
vt 0.35390899999999996 0.189348 0
vt 0.343854 0.19372 0
vt 0.35390899999999996 0.189348 0
vt 0.35768699999999996 0.193893 0
vt 0.35099000000000004 0.202304 0
# 126 texture coords

g GunLeftBottomBack_low
usemtl material_0
s 32768
f 1643/1643/1643 1640/1640/1640 1641/1641/1641
f 1641/1641/1641 1642/1642/1642 1643/1643/1643
f 1647/1647/1647 1644/1644/1644 1645/1645/1645
f 1645/1645/1645 1646/1646/1646 1647/1647/1647
f 1651/1651/1651 1648/1648/1648 1649/1649/1649
f 1649/1649/1649 1650/1650/1650 1651/1651/1651
f 1655/1655/1655 1652/1652/1652 1653/1653/1653
f 1653/1653/1653 1654/1654/1654 1655/1655/1655
f 1659/1659/1659 1656/1656/1656 1657/1657/1657
f 1657/1657/1657 1658/1658/1658 1659/1659/1659
f 1663/1663/1663 1660/1660/1660 1661/1661/1661
f 1661/1661/1661 1662/1662/1662 1663/1663/1663
f 1667/1667/1667 1664/1664/1664 1665/1665/1665
f 1665/1665/1665 1666/1666/1666 1667/1667/1667
f 1652/1652/1652 1668/1668/1668 1669/1669/1669
f 1669/1669/1669 1653/1653/1653 1652/1652/1652
f 1671/1671/1671 1670/1670/1670 1654/1654/1654
f 1654/1654/1654 1653/1653/1653 1671/1671/1671
f 1673/1673/1673 1655/1655/1655 1654/1654/1654
f 1654/1654/1654 1672/1672/1672 1673/1673/1673
f 1677/1677/1677 1674/1674/1674 1675/1675/1675
f 1675/1675/1675 1676/1676/1676 1677/1677/1677
f 1681/1681/1681 1678/1678/1678 1679/1679/1679
f 1679/1679/1679 1680/1680/1680 1681/1681/1681
f 1685/1685/1685 1682/1682/1682 1683/1683/1683
f 1683/1683/1683 1684/1684/1684 1685/1685/1685
f 1689/1689/1689 1686/1686/1686 1687/1687/1687
f 1687/1687/1687 1688/1688/1688 1689/1689/1689
f 1693/1693/1693 1690/1690/1690 1691/1691/1691
f 1691/1691/1691 1692/1692/1692 1693/1693/1693
f 1697/1697/1697 1694/1694/1694 1695/1695/1695
f 1695/1695/1695 1696/1696/1696 1697/1697/1697
f 1699/1699/1699 1698/1698/1698 1669/1669/1669
f 1669/1669/1669 1668/1668/1668 1699/1699/1699
f 1700/1700/1700 1671/1671/1671 1653/1653/1653
f 1653/1653/1653 1669/1669/1669 1700/1700/1700
f 1701/1701/1701 1672/1672/1672 1654/1654/1654
f 1654/1654/1654 1670/1670/1670 1701/1701/1701
f 1705/1705/1705 1702/1702/1702 1703/1703/1703
f 1703/1703/1703 1704/1704/1704 1705/1705/1705
f 1709/1709/1709 1706/1706/1706 1707/1707/1707
f 1707/1707/1707 1708/1708/1708 1709/1709/1709
f 1713/1713/1713 1710/1710/1710 1711/1711/1711
f 1711/1711/1711 1712/1712/1712 1713/1713/1713
f 1715/1715/1715 1683/1683/1683 1682/1682/1682
f 1682/1682/1682 1714/1714/1714 1715/1715/1715
f 1719/1719/1719 1716/1716/1716 1717/1717/1717
f 1717/1717/1717 1718/1718/1718 1719/1719/1719
f 1721/1721/1721 1687/1687/1687 1686/1686/1686
f 1686/1686/1686 1720/1720/1720 1721/1721/1721
f 1725/1725/1725 1722/1722/1722 1723/1723/1723
f 1723/1723/1723 1724/1724/1724 1725/1725/1725
f 1729/1729/1729 1726/1726/1726 1727/1727/1727
f 1727/1727/1727 1728/1728/1728 1729/1729/1729
f 1730/1730/1730 1700/1700/1700 1669/1669/1669
f 1669/1669/1669 1698/1698/1698 1730/1730/1730
f 1734/1734/1734 1731/1731/1731 1732/1732/1732
f 1732/1732/1732 1733/1733/1733 1734/1734/1734
f 1738/1738/1738 1735/1735/1735 1736/1736/1736
f 1736/1736/1736 1737/1737/1737 1738/1738/1738
f 1742/1742/1742 1739/1739/1739 1740/1740/1740
f 1740/1740/1740 1741/1741/1741 1742/1742/1742
f 1746/1746/1746 1743/1743/1743 1744/1744/1744
f 1744/1744/1744 1745/1745/1745 1746/1746/1746
f 1750/1750/1750 1747/1747/1747 1748/1748/1748
f 1748/1748/1748 1749/1749/1749 1750/1750/1750
f 1754/1754/1754 1751/1751/1751 1752/1752/1752
f 1752/1752/1752 1753/1753/1753 1754/1754/1754
f 1756/1756/1756 1755/1755/1755 1686/1686/1686
f 1686/1686/1686 1689/1689/1689 1756/1756/1756
f 1755/1755/1755 1756/1756/1756 1684/1684/1684
f 1684/1684/1684 1683/1683/1683 1755/1755/1755
f 1760/1760/1760 1757/1757/1757 1758/1758/1758
f 1758/1758/1758 1759/1759/1759 1760/1760/1760
f 1761/1761/1761 1755/1755/1755 1683/1683/1683
f 1683/1683/1683 1715/1715/1715 1761/1761/1761
f 1755/1755/1755 1761/1761/1761 1720/1720/1720
f 1720/1720/1720 1686/1686/1686 1755/1755/1755
f 1765/1765/1765 1762/1762/1762 1763/1763/1763
f 1763/1763/1763 1764/1764/1764 1765/1765/1765
#80 polygons


#
# object GunLeftTopFront_low
#

v -0.559194 0.0519276 -0.17310900000000002
v -0.54949099999999992 0.0519276 -0.213989
v -0.546187 0.0395927 -0.214076
v -0.55459 0.0347397 -0.17323
v -0.546187 0.0642625 -0.214076
v -0.52483 0.0642625 -0.214637
v -0.52483 0.0519276 -0.214637
v -0.54949099999999992 0.0519276 -0.213989
v -0.54201200000000008 0.0221574 -0.17356
v -0.53716 0.0305629 -0.214313
v -0.52483 0.0272578 -0.214637
v -0.52483 0.0175519 -0.174011
v -0.55459 0.0347397 -0.17323
v -0.546187 0.0395927 -0.214076
v -0.53716 0.0305629 -0.214313
v -0.54201200000000008 0.0221574 -0.17356
v -0.559194 0.0519276 -0.17310900000000002
v -0.55459 0.06911539999999999 -0.17323
v -0.546187 0.0642625 -0.214076
v -0.54949099999999992 0.0519276 -0.213989
v -0.554262 0.0347397 -0.16073399999999998
v -0.558866 0.0519276 -0.160613
v -0.559194 0.0519276 -0.17310900000000002
v -0.55459 0.0347397 -0.17323
v -0.524502 0.06911539999999999 -0.161515
v -0.524502 0.0519276 -0.161515
v -0.490138 0.0519276 -0.162417
v -0.494742 0.06911539999999999 -0.162296
v -0.524502 0.0347397 -0.161515
v -0.494742 0.0347397 -0.162296
v -0.490138 0.0519276 -0.162417
v -0.494742 0.0347397 -0.162296
v -0.49507 0.0347397 -0.174792
v -0.490466 0.0519276 -0.17491300000000002
v -0.494742 0.06911539999999999 -0.162296
v -0.490138 0.0519276 -0.162417
v -0.490466 0.0519276 -0.17491300000000002
v -0.49507 0.06911539999999999 -0.174792
v -0.49507 0.06911539999999999 -0.174792
v -0.490466 0.0519276 -0.17491300000000002
v -0.50016799999999992 0.0519276 -0.215284
v -0.503472 0.0642625 -0.215197
v -0.49507 0.0347397 -0.174792
v -0.503472 0.0395927 -0.215197
v -0.50016799999999992 0.0519276 -0.215284
v -0.490466 0.0519276 -0.17491300000000002
v -0.503472 0.0642625 -0.215197
v -0.50016799999999992 0.0519276 -0.215284
v -0.558866 0.0519276 -0.160613
v -0.554262 0.06911539999999999 -0.16073399999999998
v -0.55459 0.06911539999999999 -0.17323
v -0.559194 0.0519276 -0.17310900000000002
v -0.554262 0.06911539999999999 -0.16073399999999998
v -0.558866 0.0519276 -0.160613
v -0.554262 0.0347397 -0.16073399999999998
v -0.52483 0.0765974 -0.214637
v -0.53716 0.0732922 -0.214313
v -0.503472 0.0395927 -0.215197
v -0.49507 0.0347397 -0.174792
v -0.507648 0.0221574 -0.174462
v -0.512499 0.0305629 -0.21496
v -0.52483 0.0175519 -0.174011
v -0.52483 0.0272578 -0.214637
v -0.512499 0.0305629 -0.21496
v -0.507648 0.0221574 -0.174462
v -0.524502 0.0175519 -0.161515
v -0.54168400000000008 0.0221574 -0.16106400000000002
v -0.54201200000000008 0.0221574 -0.17356
v -0.52483 0.0175519 -0.174011
v -0.54168400000000008 0.0221574 -0.16106400000000002
v -0.554262 0.0347397 -0.16073399999999998
v -0.55459 0.0347397 -0.17323
v -0.54201200000000008 0.0221574 -0.17356
v -0.55459 0.06911539999999999 -0.17323
v -0.54201200000000008 0.0816978 -0.17356
v -0.53716 0.0732922 -0.214313
v -0.546187 0.0642625 -0.214076
v -0.524502 0.0863033 -0.161515
v -0.50732 0.0816978 -0.161966
v -0.50732 0.0221574 -0.161966
v -0.524502 0.0175519 -0.161515
v -0.494742 0.0347397 -0.162296
v -0.50732 0.0221574 -0.161966
v -0.507648 0.0221574 -0.174462
v -0.49507 0.0347397 -0.174792
v -0.50732 0.0816978 -0.161966
v -0.494742 0.06911539999999999 -0.162296
v -0.49507 0.06911539999999999 -0.174792
v -0.507648 0.0816978 -0.174462
v -0.512499 0.0732922 -0.214961
v -0.507648 0.0816978 -0.174462
v -0.49507 0.06911539999999999 -0.174792
v -0.503472 0.0642625 -0.215197
v -0.512499 0.0732922 -0.214961
v -0.554262 0.06911539999999999 -0.16073399999999998
v -0.54168400000000008 0.0816978 -0.16106400000000002
v -0.54201200000000008 0.0816978 -0.17356
v -0.55459 0.06911539999999999 -0.17323
v -0.54168400000000008 0.0816978 -0.16106400000000002
v -0.54168400000000008 0.0221574 -0.16106400000000002
v -0.54201200000000008 0.0816978 -0.17356
v -0.52483 0.0863033 -0.174011
v -0.52483 0.0765974 -0.214637
v -0.53716 0.0732922 -0.214313
v -0.50732 0.0221574 -0.161966
v -0.524502 0.0175519 -0.161515
v -0.52483 0.0175519 -0.174011
v -0.507648 0.0221574 -0.174462
v -0.524502 0.0863033 -0.161515
v -0.50732 0.0816978 -0.161966
v -0.507648 0.0816978 -0.174462
v -0.52483 0.0863033 -0.174011
v -0.52483 0.0863033 -0.174011
v -0.507648 0.0816978 -0.174462
v -0.512499 0.0732922 -0.214961
v -0.52483 0.0765974 -0.214637
v -0.54168400000000008 0.0816978 -0.16106400000000002
v -0.524502 0.0863033 -0.161515
v -0.52483 0.0863033 -0.174011
v -0.54201200000000008 0.0816978 -0.17356
v -0.52483 0.0398791 -0.214637
v -0.52483 0.0272578 -0.214637
v -0.53716 0.0305629 -0.214313
v -0.546187 0.0395927 -0.214076
v -0.503472 0.0395927 -0.215197
v -0.512499 0.0305629 -0.21496
# 126 vertices

vn -0.941894 -0.25072100000000004 -0.223549
vn -0.941894 -0.25072100000000004 -0.223549
vn -0.941894 -0.25072100000000004 -0.223549
vn -0.941894 -0.25072100000000004 -0.223549
vn -0.0262399 -4.36963E-08 -0.999656
vn -0.0262399 -4.36963E-08 -0.999656
vn -0.0262399 -4.36963E-08 -0.999656
vn -0.0262399 -4.36963E-08 -0.999656
vn -0.257787 -0.939754 -0.224517
vn -0.257787 -0.939754 -0.224517
vn -0.257787 -0.939754 -0.224517
vn -0.257787 -0.939754 -0.224517
vn -0.692203 -0.68609 -0.22391
vn -0.692203 -0.68609 -0.22391
vn -0.692203 -0.68609 -0.22391
vn -0.692203 -0.68609 -0.22391
vn -0.941894 0.25072100000000004 -0.223549
vn -0.941894 0.25072100000000004 -0.223549
vn -0.941894 0.25072100000000004 -0.223549
vn -0.941894 0.25072100000000004 -0.223549
vn -0.965593 -0.25881900000000004 0.0253458
vn -0.965593 -0.25881900000000004 0.0253458
vn -0.965593 -0.25881900000000004 0.0253458
vn -0.965593 -0.25881900000000004 0.0253458
vn 0.0262399 4.36963E-08 0.999656
vn 0.0262399 4.36963E-08 0.999656
vn 0.0262399 4.36963E-08 0.999656
vn 0.0262399 4.36963E-08 0.999656
vn 0.0262399 4.36963E-08 0.999656
vn 0.0262399 4.36963E-08 0.999656
vn 0.965593 -0.25881900000000004 -0.0253458
vn 0.965593 -0.25881900000000004 -0.0253458
vn 0.965593 -0.25881900000000004 -0.0253458
vn 0.965593 -0.25881900000000004 -0.0253458
vn 0.965593 0.25881900000000004 -0.0253458
vn 0.965593 0.25881900000000004 -0.0253458
vn 0.965593 0.25881900000000004 -0.0253458
vn 0.965593 0.25881900000000004 -0.0253458
vn 0.940548 0.25352200000000004 -0.226046
vn 0.940548 0.25352200000000004 -0.226046
vn 0.940548 0.25352200000000004 -0.226046
vn 0.940548 0.25352200000000004 -0.226046
vn 0.940548 -0.25352200000000004 -0.226046
vn 0.940548 -0.25352200000000004 -0.226046
vn 0.940548 -0.25352200000000004 -0.226046
vn 0.940548 -0.25352200000000004 -0.226046
vn -0.0262399 -4.36963E-08 -0.999656
vn -0.0262399 -4.36963E-08 -0.999656
vn -0.965593 0.25881900000000004 0.0253458
vn -0.965593 0.25881900000000004 0.0253458
vn -0.965593 0.25881900000000004 0.0253458
vn -0.965593 0.25881900000000004 0.0253458
vn 0.0262399 4.36963E-08 0.999656
vn 0.0262399 4.36963E-08 0.999656
vn 0.0262399 4.36963E-08 0.999656
vn -0.0262399 -4.36963E-08 -0.999656
vn -0.0262399 -4.36963E-08 -0.999656
vn 0.686005 -0.691693 -0.225739
vn 0.686005 -0.691693 -0.225739
vn 0.686005 -0.691693 -0.225739
vn 0.686005 -0.691693 -0.225739
vn 0.246734 -0.942557 -0.225186
vn 0.246734 -0.942557 -0.225186
vn 0.246734 -0.942557 -0.225186
vn 0.246734 -0.942557 -0.225186
vn -0.25873 -0.965926 0.00679142
vn -0.25873 -0.965926 0.00679142
vn -0.25873 -0.965926 0.00679142
vn -0.25873 -0.965926 0.00679142
vn -0.706863 -0.70710700000000008 0.01855439999999999
vn -0.706863 -0.70710700000000008 0.01855439999999999
vn -0.706863 -0.70710700000000008 0.01855439999999999
vn -0.706863 -0.70710700000000008 0.01855439999999999
vn -0.692203 0.68609 -0.22391
vn -0.692203 0.68609 -0.22391
vn -0.692203 0.68609 -0.22391
vn -0.692203 0.68609 -0.22391
vn 0.0262399 4.36963E-08 0.999656
vn 0.0262399 4.36963E-08 0.999656
vn 0.0262399 4.36963E-08 0.999656
vn 0.0262399 4.36963E-08 0.999656
vn 0.706863 -0.70710700000000008 -0.01855439999999999
vn 0.706863 -0.70710700000000008 -0.01855439999999999
vn 0.706863 -0.70710700000000008 -0.01855439999999999
vn 0.706863 -0.70710700000000008 -0.01855439999999999
vn 0.706863 0.70710700000000008 -0.01855439999999999
vn 0.706863 0.70710700000000008 -0.01855439999999999
vn 0.706863 0.70710700000000008 -0.01855439999999999
vn 0.706863 0.70710700000000008 -0.01855439999999999
vn 0.686005 0.691693 -0.225739
vn 0.686005 0.691693 -0.225739
vn 0.686005 0.691693 -0.225739
vn 0.686005 0.691693 -0.225739
vn -0.0262399 -4.36963E-08 -0.999656
vn -0.706863 0.70710700000000008 0.01855439999999999
vn -0.706863 0.70710700000000008 0.01855439999999999
vn -0.706863 0.70710700000000008 0.01855439999999999
vn -0.706863 0.70710700000000008 0.01855439999999999
vn 0.0262399 4.36963E-08 0.999656
vn 0.0262399 4.36963E-08 0.999656
vn -0.257787 0.939754 -0.224517
vn -0.257787 0.939754 -0.224517
vn -0.257787 0.939754 -0.224517
vn -0.257787 0.939754 -0.224517
vn 0.25873 -0.965926 -0.00679134
vn 0.25873 -0.965926 -0.00679134
vn 0.25873 -0.965926 -0.00679134
vn 0.25873 -0.965926 -0.00679134
vn 0.25873 0.965926 -0.00679142
vn 0.25873 0.965926 -0.00679142
vn 0.25873 0.965926 -0.00679142
vn 0.25873 0.965926 -0.00679142
vn 0.246734 0.942557 -0.225186
vn 0.246734 0.942557 -0.225186
vn 0.246734 0.942557 -0.225186
vn 0.246734 0.942557 -0.225186
vn -0.25873 0.965926 0.00679134
vn -0.25873 0.965926 0.00679134
vn -0.25873 0.965926 0.00679134
vn -0.25873 0.965926 0.00679134
vn -0.0262399 -4.36963E-08 -0.999656
vn -0.0262399 -4.36963E-08 -0.999656
vn -0.0262399 -4.36963E-08 -0.999656
vn -0.0262399 -4.36963E-08 -0.999656
vn -0.0262399 -4.36963E-08 -0.999656
vn -0.0262399 -4.36963E-08 -0.999656
# 126 vertex normals

vt 0.898324 0.305244 0
vt 0.86893 0.30189500000000004 0
vt 0.868751 0.30235 0
vt 0.892525 0.32001800000000004 0
vt 0.883673 0.26101999999999996 0
vt 0.909545 0.254088 0
vt 0.905654 0.239567 0
vt 0.87578 0.247571 0
vt 0.880154 0.32990599999999996 0
vt 0.868371 0.30265399999999996 0
vt 0.86789 0.302726 0
vt 0.864525 0.33226099999999996 0
vt 0.892525 0.32001800000000004 0
vt 0.868751 0.30235 0
vt 0.868371 0.30265399999999996 0
vt 0.880154 0.32990599999999996 0
vt 0.898324 0.305244 0
vt 0.895997 0.289545 0
vt 0.868858 0.301412 0
vt 0.86893 0.30189500000000004 0
vt 0.897556 0.323979 0
vt 0.904628 0.305963 0
vt 0.898324 0.305244 0
vt 0.892525 0.32001800000000004 0
vt 0.0710059 0.257181 0
vt 0.0710059 0.243235 0
vt 0.0973833 0.243235 0
vt 0.0938493 0.257181 0
vt 0.0710059 0.229289 0
vt 0.0938493 0.229289 0
vt 0.830659 0.297535 0
vt 0.833497 0.31668 0
vt 0.839997 0.314033 0
vt 0.837669 0.298334 0
vt 0.837731 0.279519 0
vt 0.830659 0.297535 0
vt 0.837669 0.298334 0
vt 0.843468 0.283561 0
vt 0.843468 0.283561 0
vt 0.837669 0.298334 0
vt 0.867064 0.30168299999999996 0
vt 0.867242 0.301228 0
vt 0.839997 0.314033 0
vt 0.867135 0.302166 0
vt 0.867064 0.30168299999999996 0
vt 0.837669 0.298334 0
vt 0.935417 0.247156 0
vt 0.935528 0.231562 0
vt 0.904628 0.305963 0
vt 0.90179 0.286818 0
vt 0.895997 0.289545 0
vt 0.898324 0.305244 0
vt 0.0481624 0.257181 0
vt 0.0446285 0.243235 0
vt 0.0481624 0.229289 0
vt 0.913436 0.26861 0
vt 0.897457 0.268721 0
vt 0.867135 0.302166 0
vt 0.839997 0.314033 0
vt 0.849826 0.326451 0
vt 0.867438 0.302548 0
vt 0.864525 0.33226099999999996 0
vt 0.86789 0.302726 0
vt 0.867438 0.302548 0
vt 0.849826 0.326451 0
vt 0.86341 0.33891 0
vt 0.882469 0.336038 0
vt 0.880154 0.32990599999999996 0
vt 0.864525 0.33226099999999996 0
vt 0.882469 0.336038 0
vt 0.897556 0.323979 0
vt 0.892525 0.32001800000000004 0
vt 0.880154 0.32990599999999996 0
vt 0.895997 0.289545 0
vt 0.886167 0.277127 0
vt 0.868556 0.30103 0
vt 0.868858 0.301412 0
vt 0.0710059 0.271127 0
vt 0.08419459999999999 0.26739 0
vt 0.08419459999999999 0.219079 0
vt 0.0710059 0.215342 0
vt 0.833497 0.31668 0
vt 0.845485 0.331824 0
vt 0.849826 0.326451 0
vt 0.839997 0.314033 0
vt 0.852818 0.267459 0
vt 0.837731 0.279519 0
vt 0.843468 0.283561 0
vt 0.85584 0.27367200000000004 0
vt 0.867623 0.30092400000000004 0
vt 0.85584 0.27367200000000004 0
vt 0.843468 0.283561 0
vt 0.867242 0.301228 0
vt 0.927331 0.260716 0
vt 0.90179 0.286818 0
vt 0.889803 0.271673 0
vt 0.886167 0.277127 0
vt 0.895997 0.289545 0
vt 0.0578172 0.26739 0
vt 0.0578172 0.219079 0
vt 0.886167 0.277127 0
vt 0.871469 0.27131699999999996 0
vt 0.868104 0.300852 0
vt 0.868556 0.30103 0
vt 0.845485 0.331824 0
vt 0.86341 0.33891 0
vt 0.864525 0.33226099999999996 0
vt 0.849826 0.326451 0
vt 0.871878 0.264588 0
vt 0.852818 0.267459 0
vt 0.85584 0.27367200000000004 0
vt 0.871469 0.27131699999999996 0
vt 0.871469 0.27131699999999996 0
vt 0.85584 0.27367200000000004 0
vt 0.867623 0.30092400000000004 0
vt 0.868104 0.300852 0
vt 0.889803 0.271673 0
vt 0.871878 0.264588 0
vt 0.871469 0.27131699999999996 0
vt 0.886167 0.277127 0
vt 0.901853 0.225382 0
vt 0.897872 0.210523 0
vt 0.883978 0.218417 0
vt 0.875891 0.231977 0
vt 0.927635 0.218113 0
vt 0.913852 0.210412 0
# 126 texture coords

g GunLeftTopFront_low
usemtl material_0
s 65536
f 1769/1769/1769 1766/1766/1766 1767/1767/1767
f 1767/1767/1767 1768/1768/1768 1769/1769/1769
f 1773/1773/1773 1770/1770/1770 1771/1771/1771
f 1771/1771/1771 1772/1772/1772 1773/1773/1773
f 1777/1777/1777 1774/1774/1774 1775/1775/1775
f 1775/1775/1775 1776/1776/1776 1777/1777/1777
f 1781/1781/1781 1778/1778/1778 1779/1779/1779
f 1779/1779/1779 1780/1780/1780 1781/1781/1781
f 1785/1785/1785 1782/1782/1782 1783/1783/1783
f 1783/1783/1783 1784/1784/1784 1785/1785/1785
f 1789/1789/1789 1786/1786/1786 1787/1787/1787
f 1787/1787/1787 1788/1788/1788 1789/1789/1789
f 1793/1793/1793 1790/1790/1790 1791/1791/1791
f 1791/1791/1791 1792/1792/1792 1793/1793/1793
f 1792/1792/1792 1791/1791/1791 1794/1794/1794
f 1794/1794/1794 1795/1795/1795 1792/1792/1792
f 1799/1799/1799 1796/1796/1796 1797/1797/1797
f 1797/1797/1797 1798/1798/1798 1799/1799/1799
f 1803/1803/1803 1800/1800/1800 1801/1801/1801
f 1801/1801/1801 1802/1802/1802 1803/1803/1803
f 1807/1807/1807 1804/1804/1804 1805/1805/1805
f 1805/1805/1805 1806/1806/1806 1807/1807/1807
f 1811/1811/1811 1808/1808/1808 1809/1809/1809
f 1809/1809/1809 1810/1810/1810 1811/1811/1811
f 1813/1813/1813 1772/1772/1772 1771/1771/1771
f 1771/1771/1771 1812/1812/1812 1813/1813/1813
f 1817/1817/1817 1814/1814/1814 1815/1815/1815
f 1815/1815/1815 1816/1816/1816 1817/1817/1817
f 1790/1790/1790 1818/1818/1818 1819/1819/1819
f 1819/1819/1819 1791/1791/1791 1790/1790/1790
f 1791/1791/1791 1819/1819/1819 1820/1820/1820
f 1820/1820/1820 1794/1794/1794 1791/1791/1791
f 1822/1822/1822 1821/1821/1821 1771/1771/1771
f 1771/1771/1771 1770/1770/1770 1822/1822/1822
f 1826/1826/1826 1823/1823/1823 1824/1824/1824
f 1824/1824/1824 1825/1825/1825 1826/1826/1826
f 1830/1830/1830 1827/1827/1827 1828/1828/1828
f 1828/1828/1828 1829/1829/1829 1830/1830/1830
f 1834/1834/1834 1831/1831/1831 1832/1832/1832
f 1832/1832/1832 1833/1833/1833 1834/1834/1834
f 1838/1838/1838 1835/1835/1835 1836/1836/1836
f 1836/1836/1836 1837/1837/1837 1838/1838/1838
f 1842/1842/1842 1839/1839/1839 1840/1840/1840
f 1840/1840/1840 1841/1841/1841 1842/1842/1842
f 1844/1844/1844 1843/1843/1843 1790/1790/1790
f 1790/1790/1790 1793/1793/1793 1844/1844/1844
f 1846/1846/1846 1845/1845/1845 1795/1795/1795
f 1795/1795/1795 1794/1794/1794 1846/1846/1846
f 1850/1850/1850 1847/1847/1847 1848/1848/1848
f 1848/1848/1848 1849/1849/1849 1850/1850/1850
f 1854/1854/1854 1851/1851/1851 1852/1852/1852
f 1852/1852/1852 1853/1853/1853 1854/1854/1854
f 1858/1858/1858 1855/1855/1855 1856/1856/1856
f 1856/1856/1856 1857/1857/1857 1858/1858/1858
f 1859/1859/1859 1812/1812/1812 1771/1771/1771
f 1771/1771/1771 1821/1821/1821 1859/1859/1859
f 1863/1863/1863 1860/1860/1860 1861/1861/1861
f 1861/1861/1861 1862/1862/1862 1863/1863/1863
f 1843/1843/1843 1864/1864/1864 1818/1818/1818
f 1818/1818/1818 1790/1790/1790 1843/1843/1843
f 1865/1865/1865 1846/1846/1846 1794/1794/1794
f 1794/1794/1794 1820/1820/1820 1865/1865/1865
f 1869/1869/1869 1866/1866/1866 1867/1867/1867
f 1867/1867/1867 1868/1868/1868 1869/1869/1869
f 1873/1873/1873 1870/1870/1870 1871/1871/1871
f 1871/1871/1871 1872/1872/1872 1873/1873/1873
f 1877/1877/1877 1874/1874/1874 1875/1875/1875
f 1875/1875/1875 1876/1876/1876 1877/1877/1877
f 1881/1881/1881 1878/1878/1878 1879/1879/1879
f 1879/1879/1879 1880/1880/1880 1881/1881/1881
f 1885/1885/1885 1882/1882/1882 1883/1883/1883
f 1883/1883/1883 1884/1884/1884 1885/1885/1885
f 1889/1889/1889 1886/1886/1886 1887/1887/1887
f 1887/1887/1887 1888/1888/1888 1889/1889/1889
f 1889/1889/1889 1773/1773/1773 1772/1772/1772
f 1772/1772/1772 1886/1886/1886 1889/1889/1889
f 1772/1772/1772 1813/1813/1813 1890/1890/1890
f 1890/1890/1890 1886/1886/1886 1772/1772/1772
f 1887/1887/1887 1886/1886/1886 1890/1890/1890
f 1890/1890/1890 1891/1891/1891 1887/1887/1887
#80 polygons


#
# object GunLefBottomFront_low
#

v -0.559194 -0.0168238 -0.17310900000000002
v -0.54949099999999992 -0.0168238 -0.213989
v -0.546187 -0.0291587 -0.214076
v -0.55459 -0.0340116 -0.17323
v -0.546187 -0.00448889999999999 -0.214076
v -0.52483 -0.00448889999999999 -0.214637
v -0.52483 -0.0168238 -0.214637
v -0.54949099999999992 -0.0168238 -0.213989
v -0.54201200000000008 -0.046594 -0.17356
v -0.53716 -0.0381885 -0.214313
v -0.52483 -0.0414936 -0.214637
v -0.52483 -0.0511995 -0.174011
v -0.55459 -0.0340116 -0.17323
v -0.546187 -0.0291587 -0.214076
v -0.53716 -0.0381885 -0.214313
v -0.54201200000000008 -0.046594 -0.17356
v -0.559194 -0.0168238 -0.17310900000000002
v -0.55459 0.000364061 -0.17323
v -0.546187 -0.00448889999999999 -0.214076
v -0.54949099999999992 -0.0168238 -0.213989
v -0.554262 -0.0340116 -0.16073399999999998
v -0.558866 -0.0168238 -0.160613
v -0.559194 -0.0168238 -0.17310900000000002
v -0.55459 -0.0340116 -0.17323
v -0.524502 0.000364061 -0.161515
v -0.524502 -0.0168238 -0.161515
v -0.490138 -0.0168238 -0.162417
v -0.494742 0.000364061 -0.162296
v -0.524502 -0.0340116 -0.161515
v -0.494742 -0.0340116 -0.162296
v -0.490138 -0.0168238 -0.162417
v -0.494742 -0.0340116 -0.162296
v -0.49507 -0.0340116 -0.174792
v -0.490466 -0.0168238 -0.17491300000000002
v -0.494742 0.000364061 -0.162296
v -0.490138 -0.0168238 -0.162417
v -0.490466 -0.0168238 -0.17491300000000002
v -0.49507 0.000364061 -0.174792
v -0.49507 0.000364061 -0.174792
v -0.490466 -0.0168238 -0.17491300000000002
v -0.50016799999999992 -0.0168238 -0.215284
v -0.503472 -0.00448889999999999 -0.215197
v -0.49507 -0.0340116 -0.174792
v -0.503472 -0.0291587 -0.215197
v -0.50016799999999992 -0.0168238 -0.215284
v -0.490466 -0.0168238 -0.17491300000000002
v -0.503472 -0.00448889999999999 -0.215197
v -0.50016799999999992 -0.0168238 -0.215284
v -0.558866 -0.0168238 -0.160613
v -0.554262 0.000364061 -0.16073399999999998
v -0.55459 0.000364061 -0.17323
v -0.559194 -0.0168238 -0.17310900000000002
v -0.554262 0.000364061 -0.16073399999999998
v -0.558866 -0.0168238 -0.160613
v -0.554262 -0.0340116 -0.16073399999999998
v -0.52483 0.00784599 -0.214637
v -0.53716 0.00454087 -0.214313
v -0.503472 -0.0291587 -0.215197
v -0.49507 -0.0340116 -0.174792
v -0.507648 -0.046594 -0.174462
v -0.512499 -0.0381885 -0.21496
v -0.52483 -0.0511995 -0.174011
v -0.52483 -0.0414936 -0.214637
v -0.512499 -0.0381885 -0.21496
v -0.507648 -0.046594 -0.174462
v -0.524502 -0.0511995 -0.161515
v -0.54168400000000008 -0.046594 -0.16106400000000002
v -0.54201200000000008 -0.046594 -0.17356
v -0.52483 -0.0511995 -0.174011
v -0.54168400000000008 -0.046594 -0.16106400000000002
v -0.554262 -0.0340116 -0.16073399999999998
v -0.55459 -0.0340116 -0.17323
v -0.54201200000000008 -0.046594 -0.17356
v -0.55459 0.000364061 -0.17323
v -0.54201200000000008 0.0129464 -0.17356
v -0.53716 0.00454087 -0.214313
v -0.546187 -0.00448889999999999 -0.214076
v -0.524502 0.0175519 -0.161515
v -0.50732 0.0129464 -0.161966
v -0.50732 -0.046594 -0.161966
v -0.524502 -0.0511995 -0.161515
v -0.494742 -0.0340116 -0.162296
v -0.50732 -0.046594 -0.161966
v -0.507648 -0.046594 -0.174462
v -0.49507 -0.0340116 -0.174792
v -0.50732 0.0129464 -0.161966
v -0.494742 0.000364061 -0.162296
v -0.49507 0.000364061 -0.174792
v -0.507648 0.0129464 -0.174462
v -0.512499 0.00454087 -0.214961
v -0.507648 0.0129464 -0.174462
v -0.49507 0.000364061 -0.174792
v -0.503472 -0.00448889999999999 -0.215197
v -0.512499 0.00454087 -0.214961
v -0.554262 0.000364061 -0.16073399999999998
v -0.54168400000000008 0.0129464 -0.16106400000000002
v -0.54201200000000008 0.0129464 -0.17356
v -0.55459 0.000364061 -0.17323
v -0.54168400000000008 0.0129464 -0.16106400000000002
v -0.54168400000000008 -0.046594 -0.16106400000000002
v -0.54201200000000008 0.0129464 -0.17356
v -0.52483 0.0175519 -0.174011
v -0.52483 0.00784599 -0.214637
v -0.53716 0.00454087 -0.214313
v -0.50732 -0.046594 -0.161966
v -0.524502 -0.0511995 -0.161515
v -0.52483 -0.0511995 -0.174011
v -0.507648 -0.046594 -0.174462
v -0.524502 0.0175519 -0.161515
v -0.50732 0.0129464 -0.161966
v -0.507648 0.0129464 -0.174462
v -0.52483 0.0175519 -0.174011
v -0.52483 0.0175519 -0.174011
v -0.507648 0.0129464 -0.174462
v -0.512499 0.00454087 -0.214961
v -0.52483 0.00784599 -0.214637
v -0.54168400000000008 0.0129464 -0.16106400000000002
v -0.524502 0.0175519 -0.161515
v -0.52483 0.0175519 -0.174011
v -0.54201200000000008 0.0129464 -0.17356
v -0.503472 -0.0291587 -0.215197
v -0.52483 -0.0290285 -0.214637
v -0.512499 -0.0381885 -0.21496
v -0.52483 -0.0414936 -0.214637
v -0.53716 -0.0381885 -0.214313
v -0.546187 -0.0291587 -0.214076
# 126 vertices

vn -0.941894 -0.25072100000000004 -0.223549
vn -0.941894 -0.25072100000000004 -0.223549
vn -0.941894 -0.25072100000000004 -0.223549
vn -0.941894 -0.25072100000000004 -0.223549
vn -0.0262399 -4.36963E-08 -0.999656
vn -0.0262399 -4.36963E-08 -0.999656
vn -0.0262399 -4.36963E-08 -0.999656
vn -0.0262399 -4.36963E-08 -0.999656
vn -0.257787 -0.939754 -0.224517
vn -0.257787 -0.939754 -0.224517
vn -0.257787 -0.939754 -0.224517
vn -0.257787 -0.939754 -0.224517
vn -0.692203 -0.68609 -0.22391
vn -0.692203 -0.68609 -0.22391
vn -0.692203 -0.68609 -0.22391
vn -0.692203 -0.68609 -0.22391
vn -0.941894 0.25072100000000004 -0.223549
vn -0.941894 0.25072100000000004 -0.223549
vn -0.941894 0.25072100000000004 -0.223549
vn -0.941894 0.25072100000000004 -0.223549
vn -0.965593 -0.25881900000000004 0.0253458
vn -0.965593 -0.25881900000000004 0.0253458
vn -0.965593 -0.25881900000000004 0.0253458
vn -0.965593 -0.25881900000000004 0.0253458
vn 0.0262399 4.36963E-08 0.999656
vn 0.0262399 4.36963E-08 0.999656
vn 0.0262399 4.36963E-08 0.999656
vn 0.0262399 4.36963E-08 0.999656
vn 0.0262399 4.36963E-08 0.999656
vn 0.0262399 4.36963E-08 0.999656
vn 0.965593 -0.25881900000000004 -0.0253458
vn 0.965593 -0.25881900000000004 -0.0253458
vn 0.965593 -0.25881900000000004 -0.0253458
vn 0.965593 -0.25881900000000004 -0.0253458
vn 0.965593 0.25881900000000004 -0.0253458
vn 0.965593 0.25881900000000004 -0.0253458
vn 0.965593 0.25881900000000004 -0.0253458
vn 0.965593 0.25881900000000004 -0.0253458
vn 0.940548 0.25352200000000004 -0.226046
vn 0.940548 0.25352200000000004 -0.226046
vn 0.940548 0.25352200000000004 -0.226046
vn 0.940548 0.25352200000000004 -0.226046
vn 0.940548 -0.25352200000000004 -0.226046
vn 0.940548 -0.25352200000000004 -0.226046
vn 0.940548 -0.25352200000000004 -0.226046
vn 0.940548 -0.25352200000000004 -0.226046
vn -0.0262399 -4.36963E-08 -0.999656
vn -0.0262399 -4.36963E-08 -0.999656
vn -0.965593 0.25881900000000004 0.0253458
vn -0.965593 0.25881900000000004 0.0253458
vn -0.965593 0.25881900000000004 0.0253458
vn -0.965593 0.25881900000000004 0.0253458
vn 0.0262399 4.36963E-08 0.999656
vn 0.0262399 4.36963E-08 0.999656
vn 0.0262399 4.36963E-08 0.999656
vn -0.0262399 -4.36963E-08 -0.999656
vn -0.0262399 -4.36963E-08 -0.999656
vn 0.686005 -0.691693 -0.225739
vn 0.686005 -0.691693 -0.225739
vn 0.686005 -0.691693 -0.225739
vn 0.686005 -0.691693 -0.225739
vn 0.246734 -0.942557 -0.225186
vn 0.246734 -0.942557 -0.225186
vn 0.246734 -0.942557 -0.225186
vn 0.246734 -0.942557 -0.225186
vn -0.25873 -0.965926 0.00679142
vn -0.25873 -0.965926 0.00679142
vn -0.25873 -0.965926 0.00679142
vn -0.25873 -0.965926 0.00679142
vn -0.706863 -0.70710700000000008 0.01855439999999999
vn -0.706863 -0.70710700000000008 0.01855439999999999
vn -0.706863 -0.70710700000000008 0.01855439999999999
vn -0.706863 -0.70710700000000008 0.01855439999999999
vn -0.692203 0.68609 -0.22391
vn -0.692203 0.68609 -0.22391
vn -0.692203 0.68609 -0.22391
vn -0.692203 0.68609 -0.22391
vn 0.0262399 4.36963E-08 0.999656
vn 0.0262399 4.36963E-08 0.999656
vn 0.0262399 4.36963E-08 0.999656
vn 0.0262399 4.36963E-08 0.999656
vn 0.706863 -0.70710700000000008 -0.01855439999999999
vn 0.706863 -0.70710700000000008 -0.01855439999999999
vn 0.706863 -0.70710700000000008 -0.01855439999999999
vn 0.706863 -0.70710700000000008 -0.01855439999999999
vn 0.706863 0.70710700000000008 -0.01855439999999999
vn 0.706863 0.70710700000000008 -0.01855439999999999
vn 0.706863 0.70710700000000008 -0.01855439999999999
vn 0.706863 0.70710700000000008 -0.01855439999999999
vn 0.686005 0.691693 -0.225739
vn 0.686005 0.691693 -0.225739
vn 0.686005 0.691693 -0.225739
vn 0.686005 0.691693 -0.225739
vn -0.0262399 -4.36963E-08 -0.999656
vn -0.706863 0.70710700000000008 0.01855439999999999
vn -0.706863 0.70710700000000008 0.01855439999999999
vn -0.706863 0.70710700000000008 0.01855439999999999
vn -0.706863 0.70710700000000008 0.01855439999999999
vn 0.0262399 4.36963E-08 0.999656
vn 0.0262399 4.36963E-08 0.999656
vn -0.257787 0.939754 -0.224517
vn -0.257787 0.939754 -0.224517
vn -0.257787 0.939754 -0.224517
vn -0.257787 0.939754 -0.224517
vn 0.25873 -0.965926 -0.00679134
vn 0.25873 -0.965926 -0.00679134
vn 0.25873 -0.965926 -0.00679134
vn 0.25873 -0.965926 -0.00679134
vn 0.25873 0.965926 -0.00679142
vn 0.25873 0.965926 -0.00679142
vn 0.25873 0.965926 -0.00679142
vn 0.25873 0.965926 -0.00679142
vn 0.246734 0.942557 -0.225186
vn 0.246734 0.942557 -0.225186
vn 0.246734 0.942557 -0.225186
vn 0.246734 0.942557 -0.225186
vn -0.25873 0.965926 0.00679134
vn -0.25873 0.965926 0.00679134
vn -0.25873 0.965926 0.00679134
vn -0.25873 0.965926 0.00679134
vn -0.0262399 -4.36963E-08 -0.999656
vn -0.0262399 -4.36963E-08 -0.999656
vn -0.0262399 -4.36963E-08 -0.999656
vn -0.0262399 -4.36963E-08 -0.999656
vn -0.0262399 -4.36963E-08 -0.999656
vn -0.0262399 -4.36963E-08 -0.999656
# 126 vertex normals

vt 0.992561 0.290771 0
vt 0.965081 0.290196 0
vt 0.964881 0.290885 0
vt 0.98839 0.30519 0
vt 0.867201 0.199544 0
vt 0.893073 0.192612 0
vt 0.889181 0.17809 0
vt 0.859307 0.186095 0
vt 0.977604 0.31558199999999996 0
vt 0.964365 0.291383 0
vt 0.963671 0.29155399999999996 0
vt 0.963092 0.31916499999999996 0
vt 0.98839 0.30519 0
vt 0.964881 0.290885 0
vt 0.964365 0.291383 0
vt 0.977604 0.31558199999999996 0
vt 0.992561 0.290771 0
vt 0.988998 0.276191 0
vt 0.96491 0.28949799999999996 0
vt 0.965081 0.290196 0
vt 0.993844 0.308697 0
vt 0.998989 0.290906 0
vt 0.992561 0.290771 0
vt 0.98839 0.30519 0
vt 0.56499999999999992 0.955578 0
vt 0.56499999999999992 0.945 0
vt 0.58500700000000008 0.945 0
vt 0.582327 0.955578 0
vt 0.56499999999999992 0.934422 0
vt 0.582327 0.934422 0
vt 0.927766 0.289414 0
vt 0.932162 0.307405 0
vt 0.938402 0.30414200000000004 0
vt 0.934839 0.289562 0
vt 0.932912 0.271623 0
vt 0.927766 0.289414 0
vt 0.934839 0.289562 0
vt 0.939009 0.275144 0
vt 0.939009 0.275144 0
vt 0.934839 0.289562 0
vt 0.962319 0.290138 0
vt 0.962519 0.289448 0
vt 0.938402 0.30414200000000004 0
vt 0.962489 0.290835 0
vt 0.962319 0.290138 0
vt 0.934839 0.289562 0
vt 0.918944 0.18568 0
vt 0.919055 0.17008599999999998 0
vt 0.998989 0.290906 0
vt 0.994593 0.272915 0
vt 0.988998 0.276191 0
vt 0.992561 0.290771 0
vt 0.547673 0.955578 0
vt 0.54499299999999992 0.945 0
vt 0.547673 0.934422 0
vt 0.896964 0.207134 0
vt 0.880984 0.207245 0
vt 0.962489 0.290835 0
vt 0.938402 0.30414200000000004 0
vt 0.948743 0.314978 0
vt 0.962984 0.291354 0
vt 0.963092 0.31916499999999996 0
vt 0.963671 0.29155399999999996 0
vt 0.962984 0.291354 0
vt 0.948743 0.314978 0
vt 0.962628 0.325942 0
vt 0.980534 0.321521 0
vt 0.977604 0.31558199999999996 0
vt 0.963092 0.31916499999999996 0
vt 0.980534 0.321521 0
vt 0.993844 0.308697 0
vt 0.98839 0.30519 0
vt 0.977604 0.31558199999999996 0
vt 0.988998 0.276191 0
vt 0.978656 0.265356 0
vt 0.964415 0.28898 0
vt 0.96491 0.28949799999999996 0
vt 0.56499999999999992 0.966156 0
vt 0.57500399999999992 0.963322 0
vt 0.57500399999999992 0.926678 0
vt 0.56499999999999992 0.923844 0
vt 0.932162 0.307405 0
vt 0.944922 0.32077499999999996 0
vt 0.948743 0.314978 0
vt 0.938402 0.30414200000000004 0
vt 0.946221 0.258799 0
vt 0.932912 0.271623 0
vt 0.939009 0.275144 0
vt 0.949795 0.264751 0
vt 0.963035 0.288951 0
vt 0.949795 0.264751 0
vt 0.939009 0.275144 0
vt 0.962519 0.289448 0
vt 0.910858 0.19924 0
vt 0.994593 0.272915 0
vt 0.981833 0.25954500000000004 0
vt 0.978656 0.265356 0
vt 0.988998 0.276191 0
vt 0.55499600000000008 0.963322 0
vt 0.55499600000000008 0.926678 0
vt 0.978656 0.265356 0
vt 0.964307 0.261168 0
vt 0.963729 0.288779 0
vt 0.964415 0.28898 0
vt 0.944922 0.32077499999999996 0
vt 0.962628 0.325942 0
vt 0.963092 0.31916499999999996 0
vt 0.948743 0.314978 0
vt 0.964127 0.254378 0
vt 0.946221 0.258799 0
vt 0.949795 0.264751 0
vt 0.964307 0.261168 0
vt 0.964307 0.261168 0
vt 0.949795 0.264751 0
vt 0.963035 0.288951 0
vt 0.963729 0.288779 0
vt 0.981833 0.25954500000000004 0
vt 0.964127 0.254378 0
vt 0.964307 0.261168 0
vt 0.978656 0.265356 0
vt 0.911162 0.156637 0
vt 0.885331 0.163722 0
vt 0.897379 0.14893600000000002 0
vt 0.881399 0.14904700000000002 0
vt 0.867505 0.156941 0
vt 0.859419 0.17050100000000002 0
# 126 texture coords

g GunLefBottomFront_low
usemtl material_0
s 131072
f 1895/1895/1895 1892/1892/1892 1893/1893/1893
f 1893/1893/1893 1894/1894/1894 1895/1895/1895
f 1899/1899/1899 1896/1896/1896 1897/1897/1897
f 1897/1897/1897 1898/1898/1898 1899/1899/1899
f 1903/1903/1903 1900/1900/1900 1901/1901/1901
f 1901/1901/1901 1902/1902/1902 1903/1903/1903
f 1907/1907/1907 1904/1904/1904 1905/1905/1905
f 1905/1905/1905 1906/1906/1906 1907/1907/1907
f 1911/1911/1911 1908/1908/1908 1909/1909/1909
f 1909/1909/1909 1910/1910/1910 1911/1911/1911
f 1915/1915/1915 1912/1912/1912 1913/1913/1913
f 1913/1913/1913 1914/1914/1914 1915/1915/1915
f 1919/1919/1919 1916/1916/1916 1917/1917/1917
f 1917/1917/1917 1918/1918/1918 1919/1919/1919
f 1918/1918/1918 1917/1917/1917 1920/1920/1920
f 1920/1920/1920 1921/1921/1921 1918/1918/1918
f 1925/1925/1925 1922/1922/1922 1923/1923/1923
f 1923/1923/1923 1924/1924/1924 1925/1925/1925
f 1929/1929/1929 1926/1926/1926 1927/1927/1927
f 1927/1927/1927 1928/1928/1928 1929/1929/1929
f 1933/1933/1933 1930/1930/1930 1931/1931/1931
f 1931/1931/1931 1932/1932/1932 1933/1933/1933
f 1937/1937/1937 1934/1934/1934 1935/1935/1935
f 1935/1935/1935 1936/1936/1936 1937/1937/1937
f 1939/1939/1939 1898/1898/1898 1897/1897/1897
f 1897/1897/1897 1938/1938/1938 1939/1939/1939
f 1943/1943/1943 1940/1940/1940 1941/1941/1941
f 1941/1941/1941 1942/1942/1942 1943/1943/1943
f 1916/1916/1916 1944/1944/1944 1945/1945/1945
f 1945/1945/1945 1917/1917/1917 1916/1916/1916
f 1917/1917/1917 1945/1945/1945 1946/1946/1946
f 1946/1946/1946 1920/1920/1920 1917/1917/1917
f 1948/1948/1948 1947/1947/1947 1897/1897/1897
f 1897/1897/1897 1896/1896/1896 1948/1948/1948
f 1952/1952/1952 1949/1949/1949 1950/1950/1950
f 1950/1950/1950 1951/1951/1951 1952/1952/1952
f 1956/1956/1956 1953/1953/1953 1954/1954/1954
f 1954/1954/1954 1955/1955/1955 1956/1956/1956
f 1960/1960/1960 1957/1957/1957 1958/1958/1958
f 1958/1958/1958 1959/1959/1959 1960/1960/1960
f 1964/1964/1964 1961/1961/1961 1962/1962/1962
f 1962/1962/1962 1963/1963/1963 1964/1964/1964
f 1968/1968/1968 1965/1965/1965 1966/1966/1966
f 1966/1966/1966 1967/1967/1967 1968/1968/1968
f 1970/1970/1970 1969/1969/1969 1916/1916/1916
f 1916/1916/1916 1919/1919/1919 1970/1970/1970
f 1972/1972/1972 1971/1971/1971 1921/1921/1921
f 1921/1921/1921 1920/1920/1920 1972/1972/1972
f 1976/1976/1976 1973/1973/1973 1974/1974/1974
f 1974/1974/1974 1975/1975/1975 1976/1976/1976
f 1980/1980/1980 1977/1977/1977 1978/1978/1978
f 1978/1978/1978 1979/1979/1979 1980/1980/1980
f 1984/1984/1984 1981/1981/1981 1982/1982/1982
f 1982/1982/1982 1983/1983/1983 1984/1984/1984
f 1985/1985/1985 1938/1938/1938 1897/1897/1897
f 1897/1897/1897 1947/1947/1947 1985/1985/1985
f 1989/1989/1989 1986/1986/1986 1987/1987/1987
f 1987/1987/1987 1988/1988/1988 1989/1989/1989
f 1969/1969/1969 1990/1990/1990 1944/1944/1944
f 1944/1944/1944 1916/1916/1916 1969/1969/1969
f 1991/1991/1991 1972/1972/1972 1920/1920/1920
f 1920/1920/1920 1946/1946/1946 1991/1991/1991
f 1995/1995/1995 1992/1992/1992 1993/1993/1993
f 1993/1993/1993 1994/1994/1994 1995/1995/1995
f 1999/1999/1999 1996/1996/1996 1997/1997/1997
f 1997/1997/1997 1998/1998/1998 1999/1999/1999
f 2003/2003/2003 2000/2000/2000 2001/2001/2001
f 2001/2001/2001 2002/2002/2002 2003/2003/2003
f 2007/2007/2007 2004/2004/2004 2005/2005/2005
f 2005/2005/2005 2006/2006/2006 2007/2007/2007
f 2011/2011/2011 2008/2008/2008 2009/2009/2009
f 2009/2009/2009 2010/2010/2010 2011/2011/2011
f 1898/1898/1898 1939/1939/1939 2012/2012/2012
f 2012/2012/2012 2013/2013/2013 1898/1898/1898
f 2015/2015/2015 2013/2013/2013 2012/2012/2012
f 2012/2012/2012 2014/2014/2014 2015/2015/2015
f 2017/2017/2017 2013/2013/2013 2015/2015/2015
f 2015/2015/2015 2016/2016/2016 2017/2017/2017
f 2017/2017/2017 1899/1899/1899 1898/1898/1898
f 1898/1898/1898 2013/2013/2013 2017/2017/2017
#80 polygons


#
# object GunRightTopFront_low
#

v 0.48981 0.0519276 -0.17310900000000002
v 0.499512 0.0519276 -0.213989
v 0.50281600000000008 0.0395927 -0.214076
v 0.494414 0.0347397 -0.17323
v 0.50281600000000008 0.0642625 -0.214076
v 0.524174 0.0642625 -0.214637
v 0.524174 0.0519276 -0.214637
v 0.499512 0.0519276 -0.213989
v 0.506992 0.0221574 -0.17356
v 0.51184300000000008 0.0305629 -0.214313
v 0.524174 0.0272578 -0.214637
v 0.524174 0.0175519 -0.174011
v 0.494414 0.0347397 -0.17323
v 0.50281600000000008 0.0395927 -0.214076
v 0.51184300000000008 0.0305629 -0.214313
v 0.506992 0.0221574 -0.17356
v 0.48981 0.0519276 -0.17310900000000002
v 0.494414 0.06911539999999999 -0.17323
v 0.50281600000000008 0.0642625 -0.214076
v 0.499512 0.0519276 -0.213989
v 0.494742 0.0347397 -0.16073399999999998
v 0.490138 0.0519276 -0.160613
v 0.48981 0.0519276 -0.17310900000000002
v 0.494414 0.0347397 -0.17323
v 0.524502 0.06911539999999999 -0.161515
v 0.524502 0.0519276 -0.161515
v 0.558866 0.0519276 -0.162417
v 0.554262 0.06911539999999999 -0.162296
v 0.524502 0.0347397 -0.161515
v 0.554262 0.0347397 -0.162296
v 0.558866 0.0519276 -0.162417
v 0.554262 0.0347397 -0.162296
v 0.553934 0.0347397 -0.174792
v 0.558538 0.0519276 -0.17491300000000002
v 0.554262 0.06911539999999999 -0.162296
v 0.558866 0.0519276 -0.162417
v 0.558538 0.0519276 -0.17491300000000002
v 0.553934 0.06911539999999999 -0.174792
v 0.553934 0.06911539999999999 -0.174792
v 0.558538 0.0519276 -0.17491300000000002
v 0.548835 0.0519276 -0.215284
v 0.545531 0.0642625 -0.215197
v 0.553934 0.0347397 -0.174792
v 0.545531 0.0395927 -0.215197
v 0.548835 0.0519276 -0.215284
v 0.558538 0.0519276 -0.17491300000000002
v 0.545531 0.0642625 -0.215197
v 0.548835 0.0519276 -0.215284
v 0.490138 0.0519276 -0.160613
v 0.494742 0.06911539999999999 -0.16073399999999998
v 0.494414 0.06911539999999999 -0.17323
v 0.48981 0.0519276 -0.17310900000000002
v 0.494742 0.06911539999999999 -0.16073399999999998
v 0.490138 0.0519276 -0.160613
v 0.494742 0.0347397 -0.16073399999999998
v 0.524174 0.0765974 -0.214637
v 0.51184300000000008 0.0732922 -0.214313
v 0.545531 0.0395927 -0.215197
v 0.553934 0.0347397 -0.174792
v 0.54135599999999992 0.0221574 -0.174462
v 0.536504 0.0305629 -0.21496
v 0.524174 0.0175519 -0.174011
v 0.524174 0.0272578 -0.214637
v 0.536504 0.0305629 -0.21496
v 0.54135599999999992 0.0221574 -0.174462
v 0.524502 0.0175519 -0.161515
v 0.50732 0.0221574 -0.16106400000000002
v 0.506992 0.0221574 -0.17356
v 0.524174 0.0175519 -0.174011
v 0.50732 0.0221574 -0.16106400000000002
v 0.494742 0.0347397 -0.16073399999999998
v 0.494414 0.0347397 -0.17323
v 0.506992 0.0221574 -0.17356
v 0.494414 0.06911539999999999 -0.17323
v 0.506992 0.0816978 -0.17356
v 0.51184300000000008 0.0732922 -0.214313
v 0.50281600000000008 0.0642625 -0.214076
v 0.524502 0.0863033 -0.161515
v 0.54168400000000008 0.0816978 -0.161966
v 0.54168400000000008 0.0221574 -0.161966
v 0.524502 0.0175519 -0.161515
v 0.554262 0.0347397 -0.162296
v 0.54168400000000008 0.0221574 -0.161966
v 0.54135599999999992 0.0221574 -0.174462
v 0.553934 0.0347397 -0.174792
v 0.54168400000000008 0.0816978 -0.161966
v 0.554262 0.06911539999999999 -0.162296
v 0.553934 0.06911539999999999 -0.174792
v 0.54135599999999992 0.0816978 -0.174462
v 0.536504 0.0732922 -0.214961
v 0.54135599999999992 0.0816978 -0.174462
v 0.553934 0.06911539999999999 -0.174792
v 0.545531 0.0642625 -0.215197
v 0.536504 0.0732922 -0.214961
v 0.494742 0.06911539999999999 -0.16073399999999998
v 0.50732 0.0816978 -0.16106400000000002
v 0.506992 0.0816978 -0.17356
v 0.494414 0.06911539999999999 -0.17323
v 0.50732 0.0816978 -0.16106400000000002
v 0.50732 0.0221574 -0.16106400000000002
v 0.506992 0.0816978 -0.17356
v 0.524174 0.0863033 -0.174011
v 0.524174 0.0765974 -0.214637
v 0.51184300000000008 0.0732922 -0.214313
v 0.54168400000000008 0.0221574 -0.161966
v 0.524502 0.0175519 -0.161515
v 0.524174 0.0175519 -0.174011
v 0.54135599999999992 0.0221574 -0.174462
v 0.524502 0.0863033 -0.161515
v 0.54168400000000008 0.0816978 -0.161966
v 0.54135599999999992 0.0816978 -0.174462
v 0.524174 0.0863033 -0.174011
v 0.524174 0.0863033 -0.174011
v 0.54135599999999992 0.0816978 -0.174462
v 0.536504 0.0732922 -0.214961
v 0.524174 0.0765974 -0.214637
v 0.50732 0.0816978 -0.16106400000000002
v 0.524502 0.0863033 -0.161515
v 0.524174 0.0863033 -0.174011
v 0.506992 0.0816978 -0.17356
v 0.524174 0.0387293 -0.214637
v 0.524174 0.0272578 -0.214637
v 0.51184300000000008 0.0305629 -0.214313
v 0.50281600000000008 0.0395927 -0.214076
v 0.545531 0.0395927 -0.215197
v 0.536504 0.0305629 -0.21496
# 126 vertices

vn -0.941894 -0.25072100000000004 -0.223549
vn -0.941894 -0.25072100000000004 -0.223549
vn -0.941894 -0.25072100000000004 -0.223549
vn -0.941894 -0.25072100000000004 -0.223549
vn -0.0262399 -4.36963E-08 -0.999656
vn -0.0262399 -4.36963E-08 -0.999656
vn -0.0262399 -4.36963E-08 -0.999656
vn -0.0262399 -4.36963E-08 -0.999656
vn -0.257787 -0.939754 -0.224517
vn -0.257787 -0.939754 -0.224517
vn -0.257787 -0.939754 -0.224517
vn -0.257787 -0.939754 -0.224517
vn -0.692203 -0.68609 -0.22391
vn -0.692203 -0.68609 -0.22391
vn -0.692203 -0.68609 -0.22391
vn -0.692203 -0.68609 -0.22391
vn -0.941894 0.25072100000000004 -0.223549
vn -0.941894 0.25072100000000004 -0.223549
vn -0.941894 0.25072100000000004 -0.223549
vn -0.941894 0.25072100000000004 -0.223549
vn -0.965593 -0.25881900000000004 0.0253458
vn -0.965593 -0.25881900000000004 0.0253458
vn -0.965593 -0.25881900000000004 0.0253458
vn -0.965593 -0.25881900000000004 0.0253458
vn 0.0262399 4.36963E-08 0.999656
vn 0.0262399 4.36963E-08 0.999656
vn 0.0262399 4.36963E-08 0.999656
vn 0.0262399 4.36963E-08 0.999656
vn 0.0262399 4.36963E-08 0.999656
vn 0.0262399 4.36963E-08 0.999656
vn 0.965593 -0.25881900000000004 -0.0253458
vn 0.965593 -0.25881900000000004 -0.0253458
vn 0.965593 -0.25881900000000004 -0.0253458
vn 0.965593 -0.25881900000000004 -0.0253458
vn 0.965593 0.25881900000000004 -0.0253458
vn 0.965593 0.25881900000000004 -0.0253458
vn 0.965593 0.25881900000000004 -0.0253458
vn 0.965593 0.25881900000000004 -0.0253458
vn 0.940548 0.25352200000000004 -0.226046
vn 0.940548 0.25352200000000004 -0.226046
vn 0.940548 0.25352200000000004 -0.226046
vn 0.940548 0.25352200000000004 -0.226046
vn 0.940548 -0.25352200000000004 -0.226046
vn 0.940548 -0.25352200000000004 -0.226046
vn 0.940548 -0.25352200000000004 -0.226046
vn 0.940548 -0.25352200000000004 -0.226046
vn -0.0262399 -4.36963E-08 -0.999656
vn -0.0262399 -4.36963E-08 -0.999656
vn -0.965593 0.25881900000000004 0.0253458
vn -0.965593 0.25881900000000004 0.0253458
vn -0.965593 0.25881900000000004 0.0253458
vn -0.965593 0.25881900000000004 0.0253458
vn 0.0262399 4.36963E-08 0.999656
vn 0.0262399 4.36963E-08 0.999656
vn 0.0262399 4.36963E-08 0.999656
vn -0.0262399 -4.36963E-08 -0.999656
vn -0.0262399 -4.36963E-08 -0.999656
vn 0.686005 -0.691693 -0.225739
vn 0.686005 -0.691693 -0.225739
vn 0.686005 -0.691693 -0.225739
vn 0.686005 -0.691693 -0.225739
vn 0.246734 -0.942557 -0.225186
vn 0.246734 -0.942557 -0.225186
vn 0.246734 -0.942557 -0.225186
vn 0.246734 -0.942557 -0.225186
vn -0.25873 -0.965926 0.00679142
vn -0.25873 -0.965926 0.00679142
vn -0.25873 -0.965926 0.00679142
vn -0.25873 -0.965926 0.00679142
vn -0.706863 -0.70710700000000008 0.01855439999999999
vn -0.706863 -0.70710700000000008 0.01855439999999999
vn -0.706863 -0.70710700000000008 0.01855439999999999
vn -0.706863 -0.70710700000000008 0.01855439999999999
vn -0.692203 0.68609 -0.22391
vn -0.692203 0.68609 -0.22391
vn -0.692203 0.68609 -0.22391
vn -0.692203 0.68609 -0.22391
vn 0.0262399 4.36963E-08 0.999656
vn 0.0262399 4.36963E-08 0.999656
vn 0.0262399 4.36963E-08 0.999656
vn 0.0262399 4.36963E-08 0.999656
vn 0.706863 -0.70710700000000008 -0.01855439999999999
vn 0.706863 -0.70710700000000008 -0.01855439999999999
vn 0.706863 -0.70710700000000008 -0.01855439999999999
vn 0.706863 -0.70710700000000008 -0.01855439999999999
vn 0.706863 0.70710700000000008 -0.01855439999999999
vn 0.706863 0.70710700000000008 -0.01855439999999999
vn 0.706863 0.70710700000000008 -0.01855439999999999
vn 0.706863 0.70710700000000008 -0.01855439999999999
vn 0.686005 0.691693 -0.225739
vn 0.686005 0.691693 -0.225739
vn 0.686005 0.691693 -0.225739
vn 0.686005 0.691693 -0.225739
vn -0.0262399 -4.36963E-08 -0.999656
vn -0.706863 0.70710700000000008 0.01855439999999999
vn -0.706863 0.70710700000000008 0.01855439999999999
vn -0.706863 0.70710700000000008 0.01855439999999999
vn -0.706863 0.70710700000000008 0.01855439999999999
vn 0.0262399 4.36963E-08 0.999656
vn 0.0262399 4.36963E-08 0.999656
vn -0.257787 0.939754 -0.224517
vn -0.257787 0.939754 -0.224517
vn -0.257787 0.939754 -0.224517
vn -0.257787 0.939754 -0.224517
vn 0.25873 -0.965926 -0.00679134
vn 0.25873 -0.965926 -0.00679134
vn 0.25873 -0.965926 -0.00679134
vn 0.25873 -0.965926 -0.00679134
vn 0.25873 0.965926 -0.00679142
vn 0.25873 0.965926 -0.00679142
vn 0.25873 0.965926 -0.00679142
vn 0.25873 0.965926 -0.00679142
vn 0.246734 0.942557 -0.225186
vn 0.246734 0.942557 -0.225186
vn 0.246734 0.942557 -0.225186
vn 0.246734 0.942557 -0.225186
vn -0.25873 0.965926 0.00679134
vn -0.25873 0.965926 0.00679134
vn -0.25873 0.965926 0.00679134
vn -0.25873 0.965926 0.00679134
vn -0.0262399 -4.36963E-08 -0.999656
vn -0.0262399 -4.36963E-08 -0.999656
vn -0.0262399 -4.36963E-08 -0.999656
vn -0.0262399 -4.36963E-08 -0.999656
vn -0.0262399 -4.36963E-08 -0.999656
vn -0.0262399 -4.36963E-08 -0.999656
# 126 vertex normals

vt 0.907615 0.378884 0
vt 0.87836 0.37555 0
vt 0.878168 0.37604 0
vt 0.901829 0.393624 0
vt 0.945838 0.244364 0
vt 0.971709 0.237431 0
vt 0.967818 0.22291 0
vt 0.937944 0.230914 0
vt 0.889485 0.403491 0
vt 0.877758 0.376367 0
vt 0.87724 0.376446 0
vt 0.873891 0.40584 0
vt 0.901829 0.393624 0
vt 0.878168 0.37604 0
vt 0.877758 0.376367 0
vt 0.889485 0.403491 0
vt 0.907615 0.378884 0
vt 0.905293 0.363219 0
vt 0.878283 0.37503 0
vt 0.87836 0.37555 0
vt 0.907351 0.39792 0
vt 0.914514 0.37967 0
vt 0.907615 0.378884 0
vt 0.901829 0.393624 0
vt 0.750968 0.559828 0
vt 0.750968 0.55025 0
vt 0.769084 0.55025 0
vt 0.766657 0.559828 0
vt 0.750968 0.54067200000000008 0
vt 0.766657 0.54067200000000008 0
vt 0.839584 0.371133 0
vt 0.842459 0.390526 0
vt 0.849417 0.387652 0
vt 0.847095 0.371988 0
vt 0.846748 0.35288199999999996 0
vt 0.839584 0.371133 0
vt 0.847095 0.371988 0
vt 0.852881 0.357248 0
vt 0.852881 0.357248 0
vt 0.847095 0.371988 0
vt 0.87635 0.375321 0
vt 0.876542 0.374832 0
vt 0.849417 0.387652 0
vt 0.876427 0.375842 0
vt 0.87635 0.375321 0
vt 0.847095 0.371988 0
vt 0.997581 0.230499 0
vt 0.997692 0.214905 0
vt 0.914514 0.37967 0
vt 0.91164 0.360276 0
vt 0.905293 0.363219 0
vt 0.907615 0.378884 0
vt 0.735279 0.559828 0
vt 0.732852 0.55025 0
vt 0.735279 0.54067200000000008 0
vt 0.9756 0.251953 0
vt 0.959621 0.252064 0
vt 0.876427 0.375842 0
vt 0.849417 0.387652 0
vt 0.859225 0.400043 0
vt 0.876753 0.376253 0
vt 0.873891 0.40584 0
vt 0.87724 0.376446 0
vt 0.876753 0.376253 0
vt 0.859225 0.400043 0
vt 0.87276 0.413045 0
vt 0.892068 0.410136 0
vt 0.889485 0.403491 0
vt 0.873891 0.40584 0
vt 0.892068 0.410136 0
vt 0.907351 0.39792 0
vt 0.901829 0.393624 0
vt 0.889485 0.403491 0
vt 0.905293 0.363219 0
vt 0.895485 0.350829 0
vt 0.877957 0.374619 0
vt 0.878283 0.37503 0
vt 0.750968 0.569407 0
vt 0.760026 0.56684 0
vt 0.760026 0.53366 0
vt 0.750968 0.53109399999999992 0
vt 0.842459 0.390526 0
vt 0.854603 0.405867 0
vt 0.859225 0.400043 0
vt 0.849417 0.387652 0
vt 0.862031 0.34066600000000004 0
vt 0.846748 0.35288199999999996 0
vt 0.852881 0.357248 0
vt 0.865225 0.347381 0
vt 0.876952 0.374504 0
vt 0.865225 0.347381 0
vt 0.852881 0.357248 0
vt 0.876542 0.374832 0
vt 0.989495 0.244059 0
vt 0.91164 0.360276 0
vt 0.899496 0.344935 0
vt 0.895485 0.350829 0
vt 0.905293 0.363219 0
vt 0.74191 0.56684 0
vt 0.74191 0.53366 0
vt 0.895485 0.350829 0
vt 0.880819 0.34503099999999996 0
vt 0.87747 0.374426 0
vt 0.877957 0.374619 0
vt 0.854603 0.405867 0
vt 0.87276 0.413045 0
vt 0.873891 0.40584 0
vt 0.859225 0.400043 0
vt 0.881338 0.33775699999999996 0
vt 0.862031 0.34066600000000004 0
vt 0.865225 0.347381 0
vt 0.880819 0.34503099999999996 0
vt 0.880819 0.34503099999999996 0
vt 0.865225 0.347381 0
vt 0.876952 0.374504 0
vt 0.87747 0.374426 0
vt 0.899496 0.344935 0
vt 0.881338 0.33775699999999996 0
vt 0.880819 0.34503099999999996 0
vt 0.895485 0.350829 0
vt 0.963655 0.207372 0
vt 0.960036 0.193866 0
vt 0.946142 0.20176 0
vt 0.938056 0.21532 0
vt 0.989799 0.201456 0
vt 0.976016 0.193755 0
# 126 texture coords

g GunRightTopFront_low
usemtl material_0
s 262144
f 2021/2021/2021 2018/2018/2018 2019/2019/2019
f 2019/2019/2019 2020/2020/2020 2021/2021/2021
f 2025/2025/2025 2022/2022/2022 2023/2023/2023
f 2023/2023/2023 2024/2024/2024 2025/2025/2025
f 2029/2029/2029 2026/2026/2026 2027/2027/2027
f 2027/2027/2027 2028/2028/2028 2029/2029/2029
f 2033/2033/2033 2030/2030/2030 2031/2031/2031
f 2031/2031/2031 2032/2032/2032 2033/2033/2033
f 2037/2037/2037 2034/2034/2034 2035/2035/2035
f 2035/2035/2035 2036/2036/2036 2037/2037/2037
f 2041/2041/2041 2038/2038/2038 2039/2039/2039
f 2039/2039/2039 2040/2040/2040 2041/2041/2041
f 2045/2045/2045 2042/2042/2042 2043/2043/2043
f 2043/2043/2043 2044/2044/2044 2045/2045/2045
f 2044/2044/2044 2043/2043/2043 2046/2046/2046
f 2046/2046/2046 2047/2047/2047 2044/2044/2044
f 2051/2051/2051 2048/2048/2048 2049/2049/2049
f 2049/2049/2049 2050/2050/2050 2051/2051/2051
f 2055/2055/2055 2052/2052/2052 2053/2053/2053
f 2053/2053/2053 2054/2054/2054 2055/2055/2055
f 2059/2059/2059 2056/2056/2056 2057/2057/2057
f 2057/2057/2057 2058/2058/2058 2059/2059/2059
f 2063/2063/2063 2060/2060/2060 2061/2061/2061
f 2061/2061/2061 2062/2062/2062 2063/2063/2063
f 2065/2065/2065 2024/2024/2024 2023/2023/2023
f 2023/2023/2023 2064/2064/2064 2065/2065/2065
f 2069/2069/2069 2066/2066/2066 2067/2067/2067
f 2067/2067/2067 2068/2068/2068 2069/2069/2069
f 2042/2042/2042 2070/2070/2070 2071/2071/2071
f 2071/2071/2071 2043/2043/2043 2042/2042/2042
f 2043/2043/2043 2071/2071/2071 2072/2072/2072
f 2072/2072/2072 2046/2046/2046 2043/2043/2043
f 2074/2074/2074 2073/2073/2073 2023/2023/2023
f 2023/2023/2023 2022/2022/2022 2074/2074/2074
f 2078/2078/2078 2075/2075/2075 2076/2076/2076
f 2076/2076/2076 2077/2077/2077 2078/2078/2078
f 2082/2082/2082 2079/2079/2079 2080/2080/2080
f 2080/2080/2080 2081/2081/2081 2082/2082/2082
f 2086/2086/2086 2083/2083/2083 2084/2084/2084
f 2084/2084/2084 2085/2085/2085 2086/2086/2086
f 2090/2090/2090 2087/2087/2087 2088/2088/2088
f 2088/2088/2088 2089/2089/2089 2090/2090/2090
f 2094/2094/2094 2091/2091/2091 2092/2092/2092
f 2092/2092/2092 2093/2093/2093 2094/2094/2094
f 2096/2096/2096 2095/2095/2095 2042/2042/2042
f 2042/2042/2042 2045/2045/2045 2096/2096/2096
f 2098/2098/2098 2097/2097/2097 2047/2047/2047
f 2047/2047/2047 2046/2046/2046 2098/2098/2098
f 2102/2102/2102 2099/2099/2099 2100/2100/2100
f 2100/2100/2100 2101/2101/2101 2102/2102/2102
f 2106/2106/2106 2103/2103/2103 2104/2104/2104
f 2104/2104/2104 2105/2105/2105 2106/2106/2106
f 2110/2110/2110 2107/2107/2107 2108/2108/2108
f 2108/2108/2108 2109/2109/2109 2110/2110/2110
f 2111/2111/2111 2064/2064/2064 2023/2023/2023
f 2023/2023/2023 2073/2073/2073 2111/2111/2111
f 2115/2115/2115 2112/2112/2112 2113/2113/2113
f 2113/2113/2113 2114/2114/2114 2115/2115/2115
f 2095/2095/2095 2116/2116/2116 2070/2070/2070
f 2070/2070/2070 2042/2042/2042 2095/2095/2095
f 2117/2117/2117 2098/2098/2098 2046/2046/2046
f 2046/2046/2046 2072/2072/2072 2117/2117/2117
f 2121/2121/2121 2118/2118/2118 2119/2119/2119
f 2119/2119/2119 2120/2120/2120 2121/2121/2121
f 2125/2125/2125 2122/2122/2122 2123/2123/2123
f 2123/2123/2123 2124/2124/2124 2125/2125/2125
f 2129/2129/2129 2126/2126/2126 2127/2127/2127
f 2127/2127/2127 2128/2128/2128 2129/2129/2129
f 2133/2133/2133 2130/2130/2130 2131/2131/2131
f 2131/2131/2131 2132/2132/2132 2133/2133/2133
f 2137/2137/2137 2134/2134/2134 2135/2135/2135
f 2135/2135/2135 2136/2136/2136 2137/2137/2137
f 2141/2141/2141 2138/2138/2138 2139/2139/2139
f 2139/2139/2139 2140/2140/2140 2141/2141/2141
f 2025/2025/2025 2024/2024/2024 2138/2138/2138
f 2138/2138/2138 2141/2141/2141 2025/2025/2025
f 2138/2138/2138 2024/2024/2024 2065/2065/2065
f 2065/2065/2065 2142/2142/2142 2138/2138/2138
f 2139/2139/2139 2138/2138/2138 2142/2142/2142
f 2142/2142/2142 2143/2143/2143 2139/2139/2139
#80 polygons


#
# object GunRightBottomFront_low
#

v 0.48981 -0.0168238 -0.17310900000000002
v 0.499512 -0.0168238 -0.213989
v 0.50281600000000008 -0.0291587 -0.214076
v 0.494414 -0.0340116 -0.17323
v 0.50281600000000008 -0.00448889999999999 -0.214076
v 0.524174 -0.00448889999999999 -0.214637
v 0.524174 -0.0168238 -0.214637
v 0.499512 -0.0168238 -0.213989
v 0.506992 -0.046594 -0.17356
v 0.51184300000000008 -0.0381885 -0.214313
v 0.524174 -0.0414936 -0.214637
v 0.524174 -0.0511995 -0.174011
v 0.494414 -0.0340116 -0.17323
v 0.50281600000000008 -0.0291587 -0.214076
v 0.51184300000000008 -0.0381885 -0.214313
v 0.506992 -0.046594 -0.17356
v 0.48981 -0.0168238 -0.17310900000000002
v 0.494414 0.000364061 -0.17323
v 0.50281600000000008 -0.00448889999999999 -0.214076
v 0.499512 -0.0168238 -0.213989
v 0.494742 -0.0340116 -0.16073399999999998
v 0.490138 -0.0168238 -0.160613
v 0.48981 -0.0168238 -0.17310900000000002
v 0.494414 -0.0340116 -0.17323
v 0.524502 0.000364061 -0.161515
v 0.524502 -0.0168238 -0.161515
v 0.558866 -0.0168238 -0.162417
v 0.554262 0.000364061 -0.162296
v 0.524502 -0.0340116 -0.161515
v 0.554262 -0.0340116 -0.162296
v 0.558866 -0.0168238 -0.162417
v 0.554262 -0.0340116 -0.162296
v 0.553934 -0.0340116 -0.174792
v 0.558538 -0.0168238 -0.17491300000000002
v 0.554262 0.000364061 -0.162296
v 0.558866 -0.0168238 -0.162417
v 0.558538 -0.0168238 -0.17491300000000002
v 0.553934 0.000364061 -0.174792
v 0.553934 0.000364061 -0.174792
v 0.558538 -0.0168238 -0.17491300000000002
v 0.548835 -0.0168238 -0.215284
v 0.545531 -0.00448889999999999 -0.215197
v 0.553934 -0.0340116 -0.174792
v 0.545531 -0.0291587 -0.215197
v 0.548835 -0.0168238 -0.215284
v 0.558538 -0.0168238 -0.17491300000000002
v 0.545531 -0.00448889999999999 -0.215197
v 0.548835 -0.0168238 -0.215284
v 0.490138 -0.0168238 -0.160613
v 0.494742 0.000364061 -0.16073399999999998
v 0.494414 0.000364061 -0.17323
v 0.48981 -0.0168238 -0.17310900000000002
v 0.494742 0.000364061 -0.16073399999999998
v 0.490138 -0.0168238 -0.160613
v 0.494742 -0.0340116 -0.16073399999999998
v 0.524174 0.00784599 -0.214637
v 0.51184300000000008 0.00454087 -0.214313
v 0.545531 -0.0291587 -0.215197
v 0.553934 -0.0340116 -0.174792
v 0.54135599999999992 -0.046594 -0.174462
v 0.536504 -0.0381885 -0.21496
v 0.524174 -0.0511995 -0.174011
v 0.524174 -0.0414936 -0.214637
v 0.536504 -0.0381885 -0.21496
v 0.54135599999999992 -0.046594 -0.174462
v 0.524502 -0.0511995 -0.161515
v 0.50732 -0.046594 -0.16106400000000002
v 0.506992 -0.046594 -0.17356
v 0.524174 -0.0511995 -0.174011
v 0.50732 -0.046594 -0.16106400000000002
v 0.494742 -0.0340116 -0.16073399999999998
v 0.494414 -0.0340116 -0.17323
v 0.506992 -0.046594 -0.17356
v 0.494414 0.000364061 -0.17323
v 0.506992 0.0129464 -0.17356
v 0.51184300000000008 0.00454087 -0.214313
v 0.50281600000000008 -0.00448889999999999 -0.214076
v 0.524502 0.0175519 -0.161515
v 0.54168400000000008 0.0129464 -0.161966
v 0.54168400000000008 -0.046594 -0.161966
v 0.524502 -0.0511995 -0.161515
v 0.554262 -0.0340116 -0.162296
v 0.54168400000000008 -0.046594 -0.161966
v 0.54135599999999992 -0.046594 -0.174462
v 0.553934 -0.0340116 -0.174792
v 0.54168400000000008 0.0129464 -0.161966
v 0.554262 0.000364061 -0.162296
v 0.553934 0.000364061 -0.174792
v 0.54135599999999992 0.0129464 -0.174462
v 0.536504 0.00454087 -0.214961
v 0.54135599999999992 0.0129464 -0.174462
v 0.553934 0.000364061 -0.174792
v 0.545531 -0.00448889999999999 -0.215197
v 0.536504 0.00454087 -0.214961
v 0.494742 0.000364061 -0.16073399999999998
v 0.50732 0.0129464 -0.16106400000000002
v 0.506992 0.0129464 -0.17356
v 0.494414 0.000364061 -0.17323
v 0.50732 0.0129464 -0.16106400000000002
v 0.50732 -0.046594 -0.16106400000000002
v 0.506992 0.0129464 -0.17356
v 0.524174 0.0175519 -0.174011
v 0.524174 0.00784599 -0.214637
v 0.51184300000000008 0.00454087 -0.214313
v 0.54168400000000008 -0.046594 -0.161966
v 0.524502 -0.0511995 -0.161515
v 0.524174 -0.0511995 -0.174011
v 0.54135599999999992 -0.046594 -0.174462
v 0.524502 0.0175519 -0.161515
v 0.54168400000000008 0.0129464 -0.161966
v 0.54135599999999992 0.0129464 -0.174462
v 0.524174 0.0175519 -0.174011
v 0.524174 0.0175519 -0.174011
v 0.54135599999999992 0.0129464 -0.174462
v 0.536504 0.00454087 -0.214961
v 0.524174 0.00784599 -0.214637
v 0.50732 0.0129464 -0.16106400000000002
v 0.524502 0.0175519 -0.161515
v 0.524174 0.0175519 -0.174011
v 0.506992 0.0129464 -0.17356
v 0.524174 -0.029341 -0.214637
v 0.524174 -0.0414936 -0.214637
v 0.51184300000000008 -0.0381885 -0.214313
v 0.50281600000000008 -0.0291587 -0.214076
v 0.545531 -0.0291587 -0.215197
v 0.536504 -0.0381885 -0.21496
# 126 vertices

vn -0.941894 -0.25072100000000004 -0.223549
vn -0.941894 -0.25072100000000004 -0.223549
vn -0.941894 -0.25072100000000004 -0.223549
vn -0.941894 -0.25072100000000004 -0.223549
vn -0.0262399 -4.36963E-08 -0.999656
vn -0.0262399 -4.36963E-08 -0.999656
vn -0.0262399 -4.36963E-08 -0.999656
vn -0.0262399 -4.36963E-08 -0.999656
vn -0.257787 -0.939754 -0.224517
vn -0.257787 -0.939754 -0.224517
vn -0.257787 -0.939754 -0.224517
vn -0.257787 -0.939754 -0.224517
vn -0.692203 -0.68609 -0.22391
vn -0.692203 -0.68609 -0.22391
vn -0.692203 -0.68609 -0.22391
vn -0.692203 -0.68609 -0.22391
vn -0.941894 0.25072100000000004 -0.223549
vn -0.941894 0.25072100000000004 -0.223549
vn -0.941894 0.25072100000000004 -0.223549
vn -0.941894 0.25072100000000004 -0.223549
vn -0.965593 -0.25881900000000004 0.0253458
vn -0.965593 -0.25881900000000004 0.0253458
vn -0.965593 -0.25881900000000004 0.0253458
vn -0.965593 -0.25881900000000004 0.0253458
vn 0.0262399 4.36963E-08 0.999656
vn 0.0262399 4.36963E-08 0.999656
vn 0.0262399 4.36963E-08 0.999656
vn 0.0262399 4.36963E-08 0.999656
vn 0.0262399 4.36963E-08 0.999656
vn 0.0262399 4.36963E-08 0.999656
vn 0.965593 -0.25881900000000004 -0.0253458
vn 0.965593 -0.25881900000000004 -0.0253458
vn 0.965593 -0.25881900000000004 -0.0253458
vn 0.965593 -0.25881900000000004 -0.0253458
vn 0.965593 0.25881900000000004 -0.0253458
vn 0.965593 0.25881900000000004 -0.0253458
vn 0.965593 0.25881900000000004 -0.0253458
vn 0.965593 0.25881900000000004 -0.0253458
vn 0.940548 0.25352200000000004 -0.226046
vn 0.940548 0.25352200000000004 -0.226046
vn 0.940548 0.25352200000000004 -0.226046
vn 0.940548 0.25352200000000004 -0.226046
vn 0.940548 -0.25352200000000004 -0.226046
vn 0.940548 -0.25352200000000004 -0.226046
vn 0.940548 -0.25352200000000004 -0.226046
vn 0.940548 -0.25352200000000004 -0.226046
vn -0.0262399 -4.36963E-08 -0.999656
vn -0.0262399 -4.36963E-08 -0.999656
vn -0.965593 0.25881900000000004 0.0253458
vn -0.965593 0.25881900000000004 0.0253458
vn -0.965593 0.25881900000000004 0.0253458
vn -0.965593 0.25881900000000004 0.0253458
vn 0.0262399 4.36963E-08 0.999656
vn 0.0262399 4.36963E-08 0.999656
vn 0.0262399 4.36963E-08 0.999656
vn -0.0262399 -4.36963E-08 -0.999656
vn -0.0262399 -4.36963E-08 -0.999656
vn 0.686005 -0.691693 -0.225739
vn 0.686005 -0.691693 -0.225739
vn 0.686005 -0.691693 -0.225739
vn 0.686005 -0.691693 -0.225739
vn 0.246734 -0.942557 -0.225186
vn 0.246734 -0.942557 -0.225186
vn 0.246734 -0.942557 -0.225186
vn 0.246734 -0.942557 -0.225186
vn -0.25873 -0.965926 0.00679142
vn -0.25873 -0.965926 0.00679142
vn -0.25873 -0.965926 0.00679142
vn -0.25873 -0.965926 0.00679142
vn -0.706863 -0.70710700000000008 0.01855439999999999
vn -0.706863 -0.70710700000000008 0.01855439999999999
vn -0.706863 -0.70710700000000008 0.01855439999999999
vn -0.706863 -0.70710700000000008 0.01855439999999999
vn -0.692203 0.68609 -0.22391
vn -0.692203 0.68609 -0.22391
vn -0.692203 0.68609 -0.22391
vn -0.692203 0.68609 -0.22391
vn 0.0262399 4.36963E-08 0.999656
vn 0.0262399 4.36963E-08 0.999656
vn 0.0262399 4.36963E-08 0.999656
vn 0.0262399 4.36963E-08 0.999656
vn 0.706863 -0.70710700000000008 -0.01855439999999999
vn 0.706863 -0.70710700000000008 -0.01855439999999999
vn 0.706863 -0.70710700000000008 -0.01855439999999999
vn 0.706863 -0.70710700000000008 -0.01855439999999999
vn 0.706863 0.70710700000000008 -0.01855439999999999
vn 0.706863 0.70710700000000008 -0.01855439999999999
vn 0.706863 0.70710700000000008 -0.01855439999999999
vn 0.706863 0.70710700000000008 -0.01855439999999999
vn 0.686005 0.691693 -0.225739
vn 0.686005 0.691693 -0.225739
vn 0.686005 0.691693 -0.225739
vn 0.686005 0.691693 -0.225739
vn -0.0262399 -4.36963E-08 -0.999656
vn -0.706863 0.70710700000000008 0.01855439999999999
vn -0.706863 0.70710700000000008 0.01855439999999999
vn -0.706863 0.70710700000000008 0.01855439999999999
vn -0.706863 0.70710700000000008 0.01855439999999999
vn 0.0262399 4.36963E-08 0.999656
vn 0.0262399 4.36963E-08 0.999656
vn -0.257787 0.939754 -0.224517
vn -0.257787 0.939754 -0.224517
vn -0.257787 0.939754 -0.224517
vn -0.257787 0.939754 -0.224517
vn 0.25873 -0.965926 -0.00679134
vn 0.25873 -0.965926 -0.00679134
vn 0.25873 -0.965926 -0.00679134
vn 0.25873 -0.965926 -0.00679134
vn 0.25873 0.965926 -0.00679142
vn 0.25873 0.965926 -0.00679142
vn 0.25873 0.965926 -0.00679142
vn 0.25873 0.965926 -0.00679142
vn 0.246734 0.942557 -0.225186
vn 0.246734 0.942557 -0.225186
vn 0.246734 0.942557 -0.225186
vn 0.246734 0.942557 -0.225186
vn -0.25873 0.965926 0.00679134
vn -0.25873 0.965926 0.00679134
vn -0.25873 0.965926 0.00679134
vn -0.25873 0.965926 0.00679134
vn -0.0262399 -4.36963E-08 -0.999656
vn -0.0262399 -4.36963E-08 -0.999656
vn -0.0262399 -4.36963E-08 -0.999656
vn -0.0262399 -4.36963E-08 -0.999656
vn -0.0262399 -4.36963E-08 -0.999656
vn -0.0262399 -4.36963E-08 -0.999656
# 126 vertex normals

vt 0.984728 0.364374 0
vt 0.956999 0.363794 0
vt 0.956825 0.364394 0
vt 0.980547 0.378828 0
vt 0.929365 0.182888 0
vt 0.955237 0.175955 0
vt 0.951346 0.161434 0
vt 0.921472 0.169438 0
vt 0.969735 0.389247 0
vt 0.956376 0.364828 0
vt 0.955771 0.364977 0
vt 0.955187 0.392838 0
vt 0.980547 0.378828 0
vt 0.956825 0.364394 0
vt 0.956376 0.364828 0
vt 0.969735 0.389247 0
vt 0.984728 0.364374 0
vt 0.981156 0.349758 0
vt 0.95685 0.363186 0
vt 0.956999 0.363794 0
vt 0.986398 0.382586 0
vt 0.991624 0.364519 0
vt 0.984728 0.364374 0
vt 0.980547 0.378828 0
vt 0.564468 0.814333 0
vt 0.564468 0.80375 0
vt 0.584484 0.80375 0
vt 0.58180299999999992 0.814333 0
vt 0.564468 0.793167 0
vt 0.58180299999999992 0.793167 0
vt 0.919295 0.363004 0
vt 0.923759 0.381274 0
vt 0.930436 0.377779 0
vt 0.926864 0.363162 0
vt 0.92452 0.344937 0
vt 0.919295 0.363004 0
vt 0.926864 0.363162 0
vt 0.931045 0.348709 0
vt 0.931045 0.348709 0
vt 0.926864 0.363162 0
vt 0.954593 0.363743 0
vt 0.954767 0.363142 0
vt 0.930436 0.377779 0
vt 0.954742 0.364351 0
vt 0.954593 0.363743 0
vt 0.926864 0.363162 0
vt 0.981108 0.169023 0
vt 0.98122 0.153429 0
vt 0.991624 0.364519 0
vt 0.98716 0.34624899999999996 0
vt 0.981156 0.349758 0
vt 0.984728 0.364374 0
vt 0.547133 0.814333 0
vt 0.544451 0.80375 0
vt 0.547133 0.793167 0
vt 0.959128 0.190477 0
vt 0.943148 0.190588 0
vt 0.954742 0.364351 0
vt 0.930436 0.377779 0
vt 0.940803 0.388641 0
vt 0.955173 0.364802 0
vt 0.955187 0.392838 0
vt 0.955771 0.364977 0
vt 0.955173 0.364802 0
vt 0.940803 0.388641 0
vt 0.954698 0.400099 0
vt 0.972883 0.395609 0
vt 0.969735 0.389247 0
vt 0.955187 0.392838 0
vt 0.972883 0.395609 0
vt 0.986398 0.382586 0
vt 0.980547 0.378828 0
vt 0.969735 0.389247 0
vt 0.981156 0.349758 0
vt 0.970789 0.33889599999999996 0
vt 0.956419 0.362734 0
vt 0.95685 0.363186 0
vt 0.564468 0.824916 0
vt 0.574476 0.82208 0
vt 0.574476 0.78542 0
vt 0.564468 0.782584 0
vt 0.923759 0.381274 0
vt 0.936718 0.394852 0
vt 0.940803 0.388641 0
vt 0.930436 0.377779 0
vt 0.938036 0.331913 0
vt 0.92452 0.344937 0
vt 0.931045 0.348709 0
vt 0.941858 0.33828999999999996 0
vt 0.955217 0.362709 0
vt 0.941858 0.33828999999999996 0
vt 0.931045 0.348709 0
vt 0.954767 0.363142 0
vt 0.973022 0.182583 0
vt 0.98716 0.34624899999999996 0
vt 0.974201 0.332671 0
vt 0.970789 0.33889599999999996 0
vt 0.981156 0.349758 0
vt 0.554459 0.82208 0
vt 0.554459 0.78542 0
vt 0.970789 0.33889599999999996 0
vt 0.956405 0.334698 0
vt 0.955821 0.36256 0
vt 0.956419 0.362734 0
vt 0.936718 0.394852 0
vt 0.954698 0.400099 0
vt 0.955187 0.392838 0
vt 0.940803 0.388641 0
vt 0.956221 0.327424 0
vt 0.938036 0.331913 0
vt 0.941858 0.33828999999999996 0
vt 0.956405 0.334698 0
vt 0.956405 0.334698 0
vt 0.941858 0.33828999999999996 0
vt 0.955217 0.362709 0
vt 0.955821 0.36256 0
vt 0.974201 0.332671 0
vt 0.956221 0.327424 0
vt 0.956405 0.334698 0
vt 0.970789 0.33889599999999996 0
vt 0.947397 0.146697 0
vt 0.943563 0.13239 0
vt 0.929669 0.140284 0
vt 0.921583 0.153844 0
vt 0.973326 0.13998 0
vt 0.959543 0.132279 0
# 126 texture coords

g GunRightBottomFront_low
usemtl material_0
s 524288
f 2147/2147/2147 2144/2144/2144 2145/2145/2145
f 2145/2145/2145 2146/2146/2146 2147/2147/2147
f 2151/2151/2151 2148/2148/2148 2149/2149/2149
f 2149/2149/2149 2150/2150/2150 2151/2151/2151
f 2155/2155/2155 2152/2152/2152 2153/2153/2153
f 2153/2153/2153 2154/2154/2154 2155/2155/2155
f 2159/2159/2159 2156/2156/2156 2157/2157/2157
f 2157/2157/2157 2158/2158/2158 2159/2159/2159
f 2163/2163/2163 2160/2160/2160 2161/2161/2161
f 2161/2161/2161 2162/2162/2162 2163/2163/2163
f 2167/2167/2167 2164/2164/2164 2165/2165/2165
f 2165/2165/2165 2166/2166/2166 2167/2167/2167
f 2171/2171/2171 2168/2168/2168 2169/2169/2169
f 2169/2169/2169 2170/2170/2170 2171/2171/2171
f 2170/2170/2170 2169/2169/2169 2172/2172/2172
f 2172/2172/2172 2173/2173/2173 2170/2170/2170
f 2177/2177/2177 2174/2174/2174 2175/2175/2175
f 2175/2175/2175 2176/2176/2176 2177/2177/2177
f 2181/2181/2181 2178/2178/2178 2179/2179/2179
f 2179/2179/2179 2180/2180/2180 2181/2181/2181
f 2185/2185/2185 2182/2182/2182 2183/2183/2183
f 2183/2183/2183 2184/2184/2184 2185/2185/2185
f 2189/2189/2189 2186/2186/2186 2187/2187/2187
f 2187/2187/2187 2188/2188/2188 2189/2189/2189
f 2191/2191/2191 2150/2150/2150 2149/2149/2149
f 2149/2149/2149 2190/2190/2190 2191/2191/2191
f 2195/2195/2195 2192/2192/2192 2193/2193/2193
f 2193/2193/2193 2194/2194/2194 2195/2195/2195
f 2168/2168/2168 2196/2196/2196 2197/2197/2197
f 2197/2197/2197 2169/2169/2169 2168/2168/2168
f 2169/2169/2169 2197/2197/2197 2198/2198/2198
f 2198/2198/2198 2172/2172/2172 2169/2169/2169
f 2200/2200/2200 2199/2199/2199 2149/2149/2149
f 2149/2149/2149 2148/2148/2148 2200/2200/2200
f 2204/2204/2204 2201/2201/2201 2202/2202/2202
f 2202/2202/2202 2203/2203/2203 2204/2204/2204
f 2208/2208/2208 2205/2205/2205 2206/2206/2206
f 2206/2206/2206 2207/2207/2207 2208/2208/2208
f 2212/2212/2212 2209/2209/2209 2210/2210/2210
f 2210/2210/2210 2211/2211/2211 2212/2212/2212
f 2216/2216/2216 2213/2213/2213 2214/2214/2214
f 2214/2214/2214 2215/2215/2215 2216/2216/2216
f 2220/2220/2220 2217/2217/2217 2218/2218/2218
f 2218/2218/2218 2219/2219/2219 2220/2220/2220
f 2222/2222/2222 2221/2221/2221 2168/2168/2168
f 2168/2168/2168 2171/2171/2171 2222/2222/2222
f 2224/2224/2224 2223/2223/2223 2173/2173/2173
f 2173/2173/2173 2172/2172/2172 2224/2224/2224
f 2228/2228/2228 2225/2225/2225 2226/2226/2226
f 2226/2226/2226 2227/2227/2227 2228/2228/2228
f 2232/2232/2232 2229/2229/2229 2230/2230/2230
f 2230/2230/2230 2231/2231/2231 2232/2232/2232
f 2236/2236/2236 2233/2233/2233 2234/2234/2234
f 2234/2234/2234 2235/2235/2235 2236/2236/2236
f 2237/2237/2237 2190/2190/2190 2149/2149/2149
f 2149/2149/2149 2199/2199/2199 2237/2237/2237
f 2241/2241/2241 2238/2238/2238 2239/2239/2239
f 2239/2239/2239 2240/2240/2240 2241/2241/2241
f 2221/2221/2221 2242/2242/2242 2196/2196/2196
f 2196/2196/2196 2168/2168/2168 2221/2221/2221
f 2243/2243/2243 2224/2224/2224 2172/2172/2172
f 2172/2172/2172 2198/2198/2198 2243/2243/2243
f 2247/2247/2247 2244/2244/2244 2245/2245/2245
f 2245/2245/2245 2246/2246/2246 2247/2247/2247
f 2251/2251/2251 2248/2248/2248 2249/2249/2249
f 2249/2249/2249 2250/2250/2250 2251/2251/2251
f 2255/2255/2255 2252/2252/2252 2253/2253/2253
f 2253/2253/2253 2254/2254/2254 2255/2255/2255
f 2259/2259/2259 2256/2256/2256 2257/2257/2257
f 2257/2257/2257 2258/2258/2258 2259/2259/2259
f 2263/2263/2263 2260/2260/2260 2261/2261/2261
f 2261/2261/2261 2262/2262/2262 2263/2263/2263
f 2267/2267/2267 2264/2264/2264 2265/2265/2265
f 2265/2265/2265 2266/2266/2266 2267/2267/2267
f 2267/2267/2267 2151/2151/2151 2150/2150/2150
f 2150/2150/2150 2264/2264/2264 2267/2267/2267
f 2264/2264/2264 2150/2150/2150 2191/2191/2191
f 2191/2191/2191 2268/2268/2268 2264/2264/2264
f 2265/2265/2265 2264/2264/2264 2268/2268/2268
f 2268/2268/2268 2269/2269/2269 2265/2265/2265
#80 polygons


#
# object GunRightTopBack_low
#

v 0.548932 0.0691155 0.0423252
v 0.552212 0.06911539999999999 -0.0826342
v 0.53963399999999992 0.0816978 -0.08296439999999999
v 0.536354 0.0816978 0.0419951
v 0.536354 0.0816978 0.0419951
v 0.52826799999999992 0.0676886 0.0652208
v 0.53492700000000008 0.0610272 0.0653956
v 0.548932 0.0691155 0.0423252
v 0.553535 0.0519276 0.0424461
v 0.556816 0.0519276 -0.0825134
v 0.552212 0.06911539999999999 -0.0826342
v 0.548932 0.0691155 0.0423252
v 0.552212 0.06911539999999999 -0.0826342
v 0.522452 0.06911539999999999 -0.0834154
v 0.522452 0.0863033 -0.0834154
v 0.53963399999999992 0.0816978 -0.08296439999999999
v 0.536354 0.0816978 0.0419951
v 0.53963399999999992 0.0816978 -0.08296439999999999
v 0.522452 0.0863033 -0.0834154
v 0.519172 0.0863033 0.0415441
v 0.519172 0.0863033 0.0415441
v 0.519172 0.0701268 0.064982
v 0.52826799999999992 0.0676886 0.0652208
v 0.536354 0.0816978 0.0419951
v 0.519172 0.0701268 0.064982
v 0.519172 0.0610272 0.064982
v 0.53492700000000008 0.0610272 0.0653956
v 0.52826799999999992 0.0676886 0.0652208
v 0.548932 0.0691155 0.0423252
v 0.53492700000000008 0.0610272 0.0653956
v 0.537365 0.0519276 0.06545960000000001
v 0.553535 0.0519276 0.0424461
v 0.548932 0.0347398 0.0423252
v 0.552212 0.0347398 -0.0826342
v 0.556816 0.0519276 -0.0825134
v 0.553535 0.0519276 0.0424461
v 0.556816 0.0519276 -0.0825134
v 0.522452 0.0519276 -0.0834154
v 0.492692 0.06911539999999999 -0.0841966
v 0.50527 0.0816978 -0.08386639999999999
v 0.519172 0.0863033 0.0415441
v 0.522452 0.0863033 -0.0834154
v 0.50527 0.0816978 -0.08386639999999999
v 0.50199000000000008 0.0816978 0.0410931
v 0.50199000000000008 0.0816978 0.0410931
v 0.51007499999999992 0.0676886 0.0647433
v 0.519172 0.0701268 0.064982
v 0.519172 0.0863033 0.0415441
v 0.503416 0.0610272 0.0645685
v 0.51007499999999992 0.0676886 0.0647433
v 0.553535 0.0519276 0.0424461
v 0.537365 0.0519276 0.06545960000000001
v 0.53492700000000008 0.042828 0.0653956
v 0.548932 0.0347398 0.0423252
v 0.536354 0.0221574 0.0419951
v 0.53963399999999992 0.0221574 -0.08296439999999999
v 0.552212 0.0347398 -0.0826342
v 0.548932 0.0347398 0.0423252
v 0.552212 0.0347398 -0.0826342
v 0.522452 0.0347398 -0.0834154
v 0.488088 0.0519276 -0.0843174
v 0.50199000000000008 0.0816978 0.0410931
v 0.50527 0.0816978 -0.08386639999999999
v 0.492692 0.06911539999999999 -0.0841966
v 0.489412 0.0691155 0.0407629
v 0.489412 0.0691155 0.0407629
v 0.503416 0.0610272 0.0645685
v 0.51007499999999992 0.0676886 0.0647433
v 0.50199000000000008 0.0816978 0.0410931
v 0.53492700000000008 0.042828 0.0653956
v 0.519172 0.042828 0.064982
v 0.519172 0.0337284 0.064982
v 0.52826799999999992 0.0361667 0.0652208
v 0.548932 0.0347398 0.0423252
v 0.53492700000000008 0.042828 0.0653956
v 0.52826799999999992 0.0361667 0.0652208
v 0.536354 0.0221574 0.0419951
v 0.519172 0.0175519 0.0415441
v 0.522452 0.0175519 -0.0834154
v 0.53963399999999992 0.0221574 -0.08296439999999999
v 0.536354 0.0221574 0.0419951
v 0.53963399999999992 0.0221574 -0.08296439999999999
v 0.522452 0.0175519 -0.0834154
v 0.492692 0.0347398 -0.0841966
v 0.489412 0.0691155 0.0407629
v 0.492692 0.06911539999999999 -0.0841966
v 0.488088 0.0519276 -0.0843174
v 0.484808 0.0519276 0.0406421
v 0.489412 0.0347398 0.0407629
v 0.503416 0.042828 0.0645685
v 0.50097899999999992 0.0519276 0.06450450000000001
v 0.484808 0.0519276 0.0406421
v 0.503416 0.042828 0.0645685
v 0.51007499999999992 0.0361667 0.0647433
v 0.536354 0.0221574 0.0419951
v 0.52826799999999992 0.0361667 0.0652208
v 0.519172 0.0337284 0.064982
v 0.519172 0.0175519 0.0415441
v 0.50199000000000008 0.0221574 0.0410931
v 0.50527 0.0221574 -0.08386639999999999
v 0.522452 0.0175519 -0.0834154
v 0.519172 0.0175519 0.0415441
v 0.50527 0.0221574 -0.08386639999999999
v 0.484808 0.0519276 0.0406421
v 0.488088 0.0519276 -0.0843174
v 0.492692 0.0347398 -0.0841966
v 0.489412 0.0347398 0.0407629
v 0.50199000000000008 0.0221574 0.0410931
v 0.51007499999999992 0.0361667 0.0647433
v 0.503416 0.042828 0.0645685
v 0.489412 0.0347398 0.0407629
v 0.519172 0.0175519 0.0415441
v 0.519172 0.0337284 0.064982
v 0.51007499999999992 0.0361667 0.0647433
v 0.50199000000000008 0.0221574 0.0410931
v 0.489412 0.0347398 0.0407629
v 0.492692 0.0347398 -0.0841966
v 0.50527 0.0221574 -0.08386639999999999
v 0.50199000000000008 0.0221574 0.0410931
v 0.537365 0.0519276 0.06545960000000001
v 0.519172 0.0513816 0.064982
v 0.50097899999999992 0.0519276 0.06450450000000001
v 0.484808 0.0519276 0.0406421
v 0.50097899999999992 0.0519276 0.06450450000000001
v 0.503416 0.0610272 0.0645685
v 0.489412 0.0691155 0.0407629
# 126 vertices

vn 0.706863 0.70710700000000008 0.01855439999999999
vn 0.706863 0.70710700000000008 0.01855439999999999
vn 0.706863 0.70710700000000008 0.01855439999999999
vn 0.706863 0.70710700000000008 0.01855439999999999
vn 0.57884100000000008 0.59331999999999992 0.559387
vn 0.57884100000000008 0.59331999999999992 0.559387
vn 0.57884100000000008 0.59331999999999992 0.559387
vn 0.57884100000000008 0.59331999999999992 0.559387
vn 0.965593 0.25881900000000004 0.0253458
vn 0.965593 0.25881900000000004 0.0253458
vn 0.965593 0.25881900000000004 0.0253458
vn 0.965593 0.25881900000000004 0.0253458
vn 0.0262399 -4.36963E-08 -0.999656
vn 0.0262399 -4.36963E-08 -0.999656
vn 0.0262399 -4.36963E-08 -0.999656
vn 0.0262399 -4.36963E-08 -0.999656
vn 0.25873 0.965926 0.00679134
vn 0.25873 0.965926 0.00679134
vn 0.25873 0.965926 0.00679134
vn 0.25873 0.965926 0.00679134
vn 0.201473 0.806133 0.55638
vn 0.201473 0.806133 0.55638
vn 0.201473 0.806133 0.55638
vn 0.201473 0.806133 0.55638
vn -0.0262399 4.36963E-08 0.999656
vn -0.0262399 4.36963E-08 0.999656
vn -0.0262399 4.36963E-08 0.999656
vn -0.0262399 4.36963E-08 0.999656
vn 0.798553 0.217843 0.561121
vn 0.798553 0.217843 0.561121
vn 0.798553 0.217843 0.561121
vn 0.798553 0.217843 0.561121
vn 0.965593 -0.25881900000000004 0.0253458
vn 0.965593 -0.25881900000000004 0.0253458
vn 0.965593 -0.25881900000000004 0.0253458
vn 0.965593 -0.25881900000000004 0.0253458
vn 0.0262399 -4.36963E-08 -0.999656
vn 0.0262399 -4.36963E-08 -0.999656
vn 0.0262399 -4.36963E-08 -0.999656
vn 0.0262399 -4.36963E-08 -0.999656
vn -0.25873 0.965926 -0.00679142
vn -0.25873 0.965926 -0.00679142
vn -0.25873 0.965926 -0.00679142
vn -0.25873 0.965926 -0.00679142
vn -0.229239 0.801093 0.552901
vn -0.229239 0.801093 0.552901
vn -0.229239 0.801093 0.552901
vn -0.229239 0.801093 0.552901
vn -0.0262399 4.36963E-08 0.999656
vn -0.0262399 4.36963E-08 0.999656
vn 0.798553 -0.217843 0.561121
vn 0.798553 -0.217843 0.561121
vn 0.798553 -0.217843 0.561121
vn 0.798553 -0.217843 0.561121
vn 0.706863 -0.70710700000000008 0.01855439999999999
vn 0.706863 -0.70710700000000008 0.01855439999999999
vn 0.706863 -0.70710700000000008 0.01855439999999999
vn 0.706863 -0.70710700000000008 0.01855439999999999
vn 0.0262399 -4.36963E-08 -0.999656
vn 0.0262399 -4.36963E-08 -0.999656
vn 0.0262399 -4.36963E-08 -0.999656
vn -0.706863 0.70710700000000008 -0.01855439999999999
vn -0.706863 0.70710700000000008 -0.01855439999999999
vn -0.706863 0.70710700000000008 -0.01855439999999999
vn -0.706863 0.70710700000000008 -0.01855439999999999
vn -0.597876 0.583241 0.54988499999999992
vn -0.597876 0.583241 0.54988499999999992
vn -0.597876 0.583241 0.54988499999999992
vn -0.597876 0.583241 0.54988499999999992
vn -0.0262399 4.36963E-08 0.999656
vn -0.0262399 4.36963E-08 0.999656
vn -0.0262399 4.36963E-08 0.999656
vn -0.0262399 4.36963E-08 0.999656
vn 0.57884100000000008 -0.59331999999999992 0.559388
vn 0.57884100000000008 -0.59331999999999992 0.559388
vn 0.57884100000000008 -0.59331999999999992 0.559388
vn 0.57884100000000008 -0.59331999999999992 0.559388
vn 0.25873 -0.965926 0.00679142
vn 0.25873 -0.965926 0.00679142
vn 0.25873 -0.965926 0.00679142
vn 0.25873 -0.965926 0.00679142
vn 0.0262399 -4.36963E-08 -0.999656
vn 0.0262399 -4.36963E-08 -0.999656
vn 0.0262399 -4.36963E-08 -0.999656
vn -0.965593 0.25881900000000004 -0.0253458
vn -0.965593 0.25881900000000004 -0.0253458
vn -0.965593 0.25881900000000004 -0.0253458
vn -0.965593 0.25881900000000004 -0.0253458
vn -0.80886 -0.212805 0.54814300000000008
vn -0.80886 -0.212805 0.54814300000000008
vn -0.80886 -0.212805 0.54814300000000008
vn -0.80886 -0.212805 0.54814300000000008
vn -0.0262399 4.36963E-08 0.999656
vn -0.0262399 4.36963E-08 0.999656
vn 0.201473 -0.806133 0.55638
vn 0.201473 -0.806133 0.55638
vn 0.201473 -0.806133 0.55638
vn 0.201473 -0.806133 0.55638
vn -0.25873 -0.965926 -0.00679134
vn -0.25873 -0.965926 -0.00679134
vn -0.25873 -0.965926 -0.00679134
vn -0.25873 -0.965926 -0.00679134
vn 0.0262399 -4.36963E-08 -0.999656
vn -0.965593 -0.25881900000000004 -0.0253458
vn -0.965593 -0.25881900000000004 -0.0253458
vn -0.965593 -0.25881900000000004 -0.0253458
vn -0.965593 -0.25881900000000004 -0.0253458
vn -0.597876 -0.583241 0.54988499999999992
vn -0.597876 -0.583241 0.54988499999999992
vn -0.597876 -0.583241 0.54988499999999992
vn -0.597876 -0.583241 0.54988499999999992
vn -0.229239 -0.801093 0.552902
vn -0.229239 -0.801093 0.552902
vn -0.229239 -0.801093 0.552902
vn -0.229239 -0.801093 0.552902
vn -0.706863 -0.70710700000000008 -0.01855439999999999
vn -0.706863 -0.70710700000000008 -0.01855439999999999
vn -0.706863 -0.70710700000000008 -0.01855439999999999
vn -0.706863 -0.70710700000000008 -0.01855439999999999
vn -0.0262399 4.36963E-08 0.999656
vn -0.0262399 4.36963E-08 0.999656
vn -0.0262399 4.36963E-08 0.999656
vn -0.80886 0.212805 0.54814300000000008
vn -0.80886 0.212805 0.54814300000000008
vn -0.80886 0.212805 0.54814300000000008
vn -0.80886 0.212805 0.54814300000000008
# 126 vertex normals

vt 0.27578000000000004 0.779889 0
vt 0.27514100000000004 0.721446 0
vt 0.28191 0.721432 0
vt 0.283015 0.779878 0
vt 0.31957400000000004 0.204686 0
vt 0.31758599999999996 0.194566 0
vt 0.32329000000000004 0.192306 0
vt 0.33034799999999996 0.200417 0
vt 0.268443 0.779893 0
vt 0.268443 0.721451 0
vt 0.27514100000000004 0.721446 0
vt 0.27578000000000004 0.779889 0
vt 0.59218400000000008 0.122223 0
vt 0.56928500000000008 0.122223 0
vt 0.56928500000000008 0.13492199999999998 0
vt 0.582506 0.131519 0
vt 0.283015 0.779878 0
vt 0.28191 0.721432 0
vt 0.288812 0.721413 0
vt 0.290087 0.779863 0
vt 0.30766900000000004 0.203191 0
vt 0.31128299999999996 0.193775 0
vt 0.31758599999999996 0.194566 0
vt 0.31957400000000004 0.204686 0
vt 0.31128299999999996 0.193775 0
vt 0.313317 0.188478 0
vt 0.32329000000000004 0.192306 0
vt 0.31758599999999996 0.194566 0
vt 0.33034799999999996 0.200417 0
vt 0.32329000000000004 0.192306 0
vt 0.326866 0.187601 0
vt 0.337103 0.191531 0
vt 0.26110699999999996 0.779889 0
vt 0.26174599999999996 0.721446 0
vt 0.268443 0.721451 0
vt 0.268443 0.779893 0
vt 0.595727 0.109525 0
vt 0.56928500000000008 0.109525 0
vt 0.546386 0.122223 0
vt 0.556064 0.131519 0
vt 0.206063 0.779863 0
vt 0.204788 0.721413 0
vt 0.21186 0.721394 0
vt 0.212965 0.779849 0
vt 0.297821 0.196336 0
vt 0.30607 0.190145 0
vt 0.31128299999999996 0.193775 0
vt 0.30766900000000004 0.203191 0
vt 0.30334299999999996 0.184649 0
vt 0.30607 0.190145 0
vt 0.337103 0.191531 0
vt 0.326866 0.187601 0
vt 0.327357 0.181712 0
vt 0.33802900000000004 0.180406 0
vt 0.253872 0.779878 0
vt 0.254977 0.721432 0
vt 0.26174599999999996 0.721446 0
vt 0.26110699999999996 0.779889 0
vt 0.59218400000000008 0.0968266 0
vt 0.56928500000000008 0.0968266 0
vt 0.542844 0.109525 0
vt 0.212965 0.779849 0
vt 0.21186 0.721394 0
vt 0.219095 0.72138 0
vt 0.219734 0.779838 0
vt 0.292671 0.185955 0
vt 0.30334299999999996 0.184649 0
vt 0.30607 0.190145 0
vt 0.297821 0.196336 0
vt 0.327357 0.181712 0
vt 0.31738300000000004 0.17788300000000002 0
vt 0.319417 0.17258599999999998 0
vt 0.32462999999999996 0.17621600000000002 0
vt 0.33802900000000004 0.180406 0
vt 0.327357 0.181712 0
vt 0.32462999999999996 0.17621600000000002 0
vt 0.332879 0.17002600000000002 0
vt 0.2468 0.779863 0
vt 0.248075 0.721413 0
vt 0.254977 0.721432 0
vt 0.253872 0.779878 0
vt 0.582506 0.0875307 0
vt 0.56928500000000008 0.0841281 0
vt 0.546386 0.0968266 0
vt 0.219734 0.779838 0
vt 0.219095 0.72138 0
vt 0.226432 0.721375 0
vt 0.226432 0.779834 0
vt 0.300352 0.165944 0
vt 0.30741 0.17405499999999998 0
vt 0.303834 0.17876 0
vt 0.293597 0.17483000000000002 0
vt 0.30741 0.17405499999999998 0
vt 0.313114 0.171795 0
vt 0.332879 0.17002600000000002 0
vt 0.32462999999999996 0.17621600000000002 0
vt 0.319417 0.17258599999999998 0
vt 0.323032 0.16317 0
vt 0.239898 0.779849 0
vt 0.241003 0.721394 0
vt 0.248075 0.721413 0
vt 0.2468 0.779863 0
vt 0.556064 0.0875307 0
vt 0.226432 0.779834 0
vt 0.226432 0.721375 0
vt 0.233768 0.72138 0
vt 0.233129 0.779838 0
vt 0.311126 0.16167599999999998 0
vt 0.313114 0.171795 0
vt 0.30741 0.17405499999999998 0
vt 0.300352 0.165944 0
vt 0.323032 0.16317 0
vt 0.319417 0.17258599999999998 0
vt 0.313114 0.171795 0
vt 0.311126 0.16167599999999998 0
vt 0.233129 0.779838 0
vt 0.233768 0.72138 0
vt 0.241003 0.721394 0
vt 0.239898 0.779849 0
vt 0.326866 0.187601 0
vt 0.31547199999999996 0.182863 0
vt 0.303834 0.17876 0
vt 0.293597 0.17483000000000002 0
vt 0.303834 0.17876 0
vt 0.30334299999999996 0.184649 0
vt 0.292671 0.185955 0
# 126 texture coords

g GunRightTopBack_low
usemtl material_0
s 1048576
f 2273/2273/2273 2270/2270/2270 2271/2271/2271
f 2271/2271/2271 2272/2272/2272 2273/2273/2273
f 2277/2277/2277 2274/2274/2274 2275/2275/2275
f 2275/2275/2275 2276/2276/2276 2277/2277/2277
f 2281/2281/2281 2278/2278/2278 2279/2279/2279
f 2279/2279/2279 2280/2280/2280 2281/2281/2281
f 2285/2285/2285 2282/2282/2282 2283/2283/2283
f 2283/2283/2283 2284/2284/2284 2285/2285/2285
f 2289/2289/2289 2286/2286/2286 2287/2287/2287
f 2287/2287/2287 2288/2288/2288 2289/2289/2289
f 2293/2293/2293 2290/2290/2290 2291/2291/2291
f 2291/2291/2291 2292/2292/2292 2293/2293/2293
f 2297/2297/2297 2294/2294/2294 2295/2295/2295
f 2295/2295/2295 2296/2296/2296 2297/2297/2297
f 2301/2301/2301 2298/2298/2298 2299/2299/2299
f 2299/2299/2299 2300/2300/2300 2301/2301/2301
f 2305/2305/2305 2302/2302/2302 2303/2303/2303
f 2303/2303/2303 2304/2304/2304 2305/2305/2305
f 2307/2307/2307 2283/2283/2283 2282/2282/2282
f 2282/2282/2282 2306/2306/2306 2307/2307/2307
f 2284/2284/2284 2283/2283/2283 2308/2308/2308
f 2308/2308/2308 2309/2309/2309 2284/2284/2284
f 2313/2313/2313 2310/2310/2310 2311/2311/2311
f 2311/2311/2311 2312/2312/2312 2313/2313/2313
f 2317/2317/2317 2314/2314/2314 2315/2315/2315
f 2315/2315/2315 2316/2316/2316 2317/2317/2317
f 2319/2319/2319 2318/2318/2318 2295/2295/2295
f 2295/2295/2295 2294/2294/2294 2319/2319/2319
f 2323/2323/2323 2320/2320/2320 2321/2321/2321
f 2321/2321/2321 2322/2322/2322 2323/2323/2323
f 2327/2327/2327 2324/2324/2324 2325/2325/2325
f 2325/2325/2325 2326/2326/2326 2327/2327/2327
f 2329/2329/2329 2307/2307/2307 2306/2306/2306
f 2306/2306/2306 2328/2328/2328 2329/2329/2329
f 2283/2283/2283 2307/2307/2307 2330/2330/2330
f 2330/2330/2330 2308/2308/2308 2283/2283/2283
f 2334/2334/2334 2331/2331/2331 2332/2332/2332
f 2332/2332/2332 2333/2333/2333 2334/2334/2334
f 2338/2338/2338 2335/2335/2335 2336/2336/2336
f 2336/2336/2336 2337/2337/2337 2338/2338/2338
f 2342/2342/2342 2339/2339/2339 2340/2340/2340
f 2340/2340/2340 2341/2341/2341 2342/2342/2342
f 2346/2346/2346 2343/2343/2343 2344/2344/2344
f 2344/2344/2344 2345/2345/2345 2346/2346/2346
f 2350/2350/2350 2347/2347/2347 2348/2348/2348
f 2348/2348/2348 2349/2349/2349 2350/2350/2350
f 2352/2352/2352 2329/2329/2329 2328/2328/2328
f 2328/2328/2328 2351/2351/2351 2352/2352/2352
f 2307/2307/2307 2329/2329/2329 2353/2353/2353
f 2353/2353/2353 2330/2330/2330 2307/2307/2307
f 2357/2357/2357 2354/2354/2354 2355/2355/2355
f 2355/2355/2355 2356/2356/2356 2357/2357/2357
f 2361/2361/2361 2358/2358/2358 2359/2359/2359
f 2359/2359/2359 2360/2360/2360 2361/2361/2361
f 2363/2363/2363 2341/2341/2341 2340/2340/2340
f 2340/2340/2340 2362/2362/2362 2363/2363/2363
f 2367/2367/2367 2364/2364/2364 2365/2365/2365
f 2365/2365/2365 2366/2366/2366 2367/2367/2367
f 2371/2371/2371 2368/2368/2368 2369/2369/2369
f 2369/2369/2369 2370/2370/2370 2371/2371/2371
f 2372/2372/2372 2353/2353/2353 2329/2329/2329
f 2329/2329/2329 2352/2352/2352 2372/2372/2372
f 2376/2376/2376 2373/2373/2373 2374/2374/2374
f 2374/2374/2374 2375/2375/2375 2376/2376/2376
f 2380/2380/2380 2377/2377/2377 2378/2378/2378
f 2378/2378/2378 2379/2379/2379 2380/2380/2380
f 2384/2384/2384 2381/2381/2381 2382/2382/2382
f 2382/2382/2382 2383/2383/2383 2384/2384/2384
f 2388/2388/2388 2385/2385/2385 2386/2386/2386
f 2386/2386/2386 2387/2387/2387 2388/2388/2388
f 2339/2339/2339 2389/2389/2389 2390/2390/2390
f 2390/2390/2390 2340/2340/2340 2339/2339/2339
f 2390/2390/2390 2389/2389/2389 2296/2296/2296
f 2296/2296/2296 2295/2295/2295 2390/2390/2390
f 2318/2318/2318 2391/2391/2391 2390/2390/2390
f 2390/2390/2390 2295/2295/2295 2318/2318/2318
f 2340/2340/2340 2390/2390/2390 2391/2391/2391
f 2391/2391/2391 2362/2362/2362 2340/2340/2340
f 2395/2395/2395 2392/2392/2392 2393/2393/2393
f 2393/2393/2393 2394/2394/2394 2395/2395/2395
#80 polygons


#
# object GunRightBottomBack_low
#

v 0.553535 -0.0168238 0.0424461
v 0.556816 -0.0168238 -0.0825134
v 0.552212 0.000364069 -0.0826342
v 0.548932 0.000364076 0.0423252
v 0.548932 0.000364076 0.0423252
v 0.53492700000000008 -0.00772418 0.0653956
v 0.537365 -0.0168238 0.06545960000000001
v 0.553535 -0.0168238 0.0424461
v 0.548932 -0.0340116 0.0423252
v 0.552212 -0.0340116 -0.0826342
v 0.556816 -0.0168238 -0.0825134
v 0.553535 -0.0168238 0.0424461
v 0.522452 0.000364069 -0.0834154
v 0.552212 0.000364069 -0.0826342
v 0.556816 -0.0168238 -0.0825134
v 0.522452 -0.0168238 -0.0834154
v 0.548932 0.000364076 0.0423252
v 0.552212 0.000364069 -0.0826342
v 0.53963399999999992 0.0129464 -0.08296439999999999
v 0.536354 0.0129465 0.0419951
v 0.536354 0.0129465 0.0419951
v 0.52826799999999992 -0.00106281999999999 0.0652208
v 0.53492700000000008 -0.00772418 0.0653956
v 0.548932 0.000364076 0.0423252
v 0.553535 -0.0168238 0.0424461
v 0.537365 -0.0168238 0.06545960000000001
v 0.53492700000000008 -0.0259234 0.0653956
v 0.548932 -0.0340116 0.0423252
v 0.536354 -0.046594 0.0419951
v 0.53963399999999992 -0.046594 -0.08296439999999999
v 0.552212 -0.0340116 -0.0826342
v 0.548932 -0.0340116 0.0423252
v 0.552212 -0.0340116 -0.0826342
v 0.522452 -0.0340116 -0.0834154
v 0.522452 0.0175519 -0.0834154
v 0.53963399999999992 0.0129464 -0.08296439999999999
v 0.488088 -0.0168238 -0.0843174
v 0.492692 0.000364069 -0.0841966
v 0.536354 0.0129465 0.0419951
v 0.53963399999999992 0.0129464 -0.08296439999999999
v 0.522452 0.0175519 -0.0834154
v 0.519172 0.0175519 0.0415441
v 0.519172 0.0175519 0.0415441
v 0.519172 0.0013754 0.064982
v 0.52826799999999992 -0.00106281999999999 0.0652208
v 0.536354 0.0129465 0.0419951
v 0.519172 0.0013754 0.064982
v 0.519172 -0.00772418 0.064982
v 0.53492700000000008 -0.00772418 0.0653956
v 0.52826799999999992 -0.00106281999999999 0.0652208
v 0.53492700000000008 -0.0259234 0.0653956
v 0.519172 -0.0259234 0.064982
v 0.519172 -0.035023 0.064982
v 0.52826799999999992 -0.0325847 0.0652208
v 0.548932 -0.0340116 0.0423252
v 0.53492700000000008 -0.0259234 0.0653956
v 0.52826799999999992 -0.0325847 0.0652208
v 0.536354 -0.046594 0.0419951
v 0.519172 -0.0511995 0.0415441
v 0.522452 -0.0511995 -0.0834154
v 0.53963399999999992 -0.046594 -0.08296439999999999
v 0.536354 -0.046594 0.0419951
v 0.53963399999999992 -0.046594 -0.08296439999999999
v 0.522452 -0.0511995 -0.0834154
v 0.492692 -0.0340116 -0.0841966
v 0.50527 0.0129464 -0.08386639999999999
v 0.489412 0.000364076 0.0407629
v 0.492692 0.000364069 -0.0841966
v 0.488088 -0.0168238 -0.0843174
v 0.484808 -0.0168238 0.0406421
v 0.519172 0.0175519 0.0415441
v 0.522452 0.0175519 -0.0834154
v 0.50527 0.0129464 -0.08386639999999999
v 0.50199000000000008 0.0129465 0.0410931
v 0.50199000000000008 0.0129465 0.0410931
v 0.51007499999999992 -0.00106281999999999 0.0647433
v 0.519172 0.0013754 0.064982
v 0.519172 0.0175519 0.0415441
v 0.503416 -0.00772418 0.0645685
v 0.51007499999999992 -0.00106281999999999 0.0647433
v 0.489412 -0.0340116 0.0407629
v 0.503416 -0.0259234 0.0645685
v 0.50097899999999992 -0.0168238 0.06450450000000001
v 0.484808 -0.0168238 0.0406421
v 0.503416 -0.0259234 0.0645685
v 0.51007499999999992 -0.0325847 0.0647433
v 0.536354 -0.046594 0.0419951
v 0.52826799999999992 -0.0325847 0.0652208
v 0.519172 -0.035023 0.064982
v 0.519172 -0.0511995 0.0415441
v 0.50199000000000008 -0.046594 0.0410931
v 0.50527 -0.046594 -0.08386639999999999
v 0.522452 -0.0511995 -0.0834154
v 0.519172 -0.0511995 0.0415441
v 0.50527 -0.046594 -0.08386639999999999
v 0.484808 -0.0168238 0.0406421
v 0.488088 -0.0168238 -0.0843174
v 0.492692 -0.0340116 -0.0841966
v 0.489412 -0.0340116 0.0407629
v 0.50199000000000008 0.0129465 0.0410931
v 0.50527 0.0129464 -0.08386639999999999
v 0.492692 0.000364069 -0.0841966
v 0.489412 0.000364076 0.0407629
v 0.489412 0.000364076 0.0407629
v 0.503416 -0.00772418 0.0645685
v 0.51007499999999992 -0.00106281999999999 0.0647433
v 0.50199000000000008 0.0129465 0.0410931
v 0.50199000000000008 -0.046594 0.0410931
v 0.51007499999999992 -0.0325847 0.0647433
v 0.503416 -0.0259234 0.0645685
v 0.489412 -0.0340116 0.0407629
v 0.519172 -0.0511995 0.0415441
v 0.519172 -0.035023 0.064982
v 0.51007499999999992 -0.0325847 0.0647433
v 0.50199000000000008 -0.046594 0.0410931
v 0.489412 -0.0340116 0.0407629
v 0.492692 -0.0340116 -0.0841966
v 0.50527 -0.046594 -0.08386639999999999
v 0.50199000000000008 -0.046594 0.0410931
v 0.537365 -0.0168238 0.06545960000000001
v 0.519172 -0.016997 0.064982
v 0.50097899999999992 -0.0168238 0.06450450000000001
v 0.484808 -0.0168238 0.0406421
v 0.50097899999999992 -0.0168238 0.06450450000000001
v 0.503416 -0.00772418 0.0645685
v 0.489412 0.000364076 0.0407629
# 126 vertices

vn 0.965593 0.25881900000000004 0.0253458
vn 0.965593 0.25881900000000004 0.0253458
vn 0.965593 0.25881900000000004 0.0253458
vn 0.965593 0.25881900000000004 0.0253458
vn 0.798553 0.217843 0.561121
vn 0.798553 0.217843 0.561121
vn 0.798553 0.217843 0.561121
vn 0.798553 0.217843 0.561121
vn 0.965593 -0.25881900000000004 0.0253458
vn 0.965593 -0.25881900000000004 0.0253458
vn 0.965593 -0.25881900000000004 0.0253458
vn 0.965593 -0.25881900000000004 0.0253458
vn 0.0262399 -4.36963E-08 -0.999656
vn 0.0262399 -4.36963E-08 -0.999656
vn 0.0262399 -4.36963E-08 -0.999656
vn 0.0262399 -4.36963E-08 -0.999656
vn 0.706863 0.70710700000000008 0.01855439999999999
vn 0.706863 0.70710700000000008 0.01855439999999999
vn 0.706863 0.70710700000000008 0.01855439999999999
vn 0.706863 0.70710700000000008 0.01855439999999999
vn 0.57884100000000008 0.59331999999999992 0.559387
vn 0.57884100000000008 0.59331999999999992 0.559387
vn 0.57884100000000008 0.59331999999999992 0.559387
vn 0.57884100000000008 0.59331999999999992 0.559387
vn 0.798553 -0.217843 0.561121
vn 0.798553 -0.217843 0.561121
vn 0.798553 -0.217843 0.561121
vn 0.798553 -0.217843 0.561121
vn 0.706863 -0.70710700000000008 0.01855439999999999
vn 0.706863 -0.70710700000000008 0.01855439999999999
vn 0.706863 -0.70710700000000008 0.01855439999999999
vn 0.706863 -0.70710700000000008 0.01855439999999999
vn 0.0262399 -4.36963E-08 -0.999656
vn 0.0262399 -4.36963E-08 -0.999656
vn 0.0262399 -4.36963E-08 -0.999656
vn 0.0262399 -4.36963E-08 -0.999656
vn 0.0262399 -4.36963E-08 -0.999656
vn 0.0262399 -4.36963E-08 -0.999656
vn 0.25873 0.965926 0.00679134
vn 0.25873 0.965926 0.00679134
vn 0.25873 0.965926 0.00679134
vn 0.25873 0.965926 0.00679134
vn 0.201473 0.806133 0.55638
vn 0.201473 0.806133 0.55638
vn 0.201473 0.806133 0.55638
vn 0.201473 0.806133 0.55638
vn -0.0262399 4.36963E-08 0.999656
vn -0.0262399 4.36963E-08 0.999656
vn -0.0262399 4.36963E-08 0.999656
vn -0.0262399 4.36963E-08 0.999656
vn -0.0262399 4.36963E-08 0.999656
vn -0.0262399 4.36963E-08 0.999656
vn -0.0262399 4.36963E-08 0.999656
vn -0.0262399 4.36963E-08 0.999656
vn 0.57884100000000008 -0.59331999999999992 0.559388
vn 0.57884100000000008 -0.59331999999999992 0.559388
vn 0.57884100000000008 -0.59331999999999992 0.559388
vn 0.57884100000000008 -0.59331999999999992 0.559388
vn 0.25873 -0.965926 0.00679142
vn 0.25873 -0.965926 0.00679142
vn 0.25873 -0.965926 0.00679142
vn 0.25873 -0.965926 0.00679142
vn 0.0262399 -4.36963E-08 -0.999656
vn 0.0262399 -4.36963E-08 -0.999656
vn 0.0262399 -4.36963E-08 -0.999656
vn 0.0262399 -4.36963E-08 -0.999656
vn -0.965593 0.25881900000000004 -0.0253458
vn -0.965593 0.25881900000000004 -0.0253458
vn -0.965593 0.25881900000000004 -0.0253458
vn -0.965593 0.25881900000000004 -0.0253458
vn -0.25873 0.965926 -0.00679142
vn -0.25873 0.965926 -0.00679142
vn -0.25873 0.965926 -0.00679142
vn -0.25873 0.965926 -0.00679142
vn -0.229239 0.801093 0.552901
vn -0.229239 0.801093 0.552901
vn -0.229239 0.801093 0.552901
vn -0.229239 0.801093 0.552901
vn -0.0262399 4.36963E-08 0.999656
vn -0.0262399 4.36963E-08 0.999656
vn -0.80886 -0.212805 0.54814300000000008
vn -0.80886 -0.212805 0.54814300000000008
vn -0.80886 -0.212805 0.54814300000000008
vn -0.80886 -0.212805 0.54814300000000008
vn -0.0262399 4.36963E-08 0.999656
vn -0.0262399 4.36963E-08 0.999656
vn 0.201473 -0.806133 0.55638
vn 0.201473 -0.806133 0.55638
vn 0.201473 -0.806133 0.55638
vn 0.201473 -0.806133 0.55638
vn -0.25873 -0.965926 -0.00679134
vn -0.25873 -0.965926 -0.00679134
vn -0.25873 -0.965926 -0.00679134
vn -0.25873 -0.965926 -0.00679134
vn 0.0262399 -4.36963E-08 -0.999656
vn -0.965593 -0.25881900000000004 -0.0253458
vn -0.965593 -0.25881900000000004 -0.0253458
vn -0.965593 -0.25881900000000004 -0.0253458
vn -0.965593 -0.25881900000000004 -0.0253458
vn -0.706863 0.70710700000000008 -0.01855439999999999
vn -0.706863 0.70710700000000008 -0.01855439999999999
vn -0.706863 0.70710700000000008 -0.01855439999999999
vn -0.706863 0.70710700000000008 -0.01855439999999999
vn -0.597876 0.583241 0.54988499999999992
vn -0.597876 0.583241 0.54988499999999992
vn -0.597876 0.583241 0.54988499999999992
vn -0.597876 0.583241 0.54988499999999992
vn -0.597876 -0.583241 0.54988499999999992
vn -0.597876 -0.583241 0.54988499999999992
vn -0.597876 -0.583241 0.54988499999999992
vn -0.597876 -0.583241 0.54988499999999992
vn -0.229239 -0.801093 0.552902
vn -0.229239 -0.801093 0.552902
vn -0.229239 -0.801093 0.552902
vn -0.229239 -0.801093 0.552902
vn -0.706863 -0.70710700000000008 -0.01855439999999999
vn -0.706863 -0.70710700000000008 -0.01855439999999999
vn -0.706863 -0.70710700000000008 -0.01855439999999999
vn -0.706863 -0.70710700000000008 -0.01855439999999999
vn -0.0262399 4.36963E-08 0.999656
vn -0.0262399 4.36963E-08 0.999656
vn -0.0262399 4.36963E-08 0.999656
vn -0.80886 0.212805 0.54814300000000008
vn -0.80886 0.212805 0.54814300000000008
vn -0.80886 0.212805 0.54814300000000008
vn -0.80886 0.212805 0.54814300000000008
# 126 vertex normals

vt 0.180631 0.779893 0
vt 0.180631 0.721451 0
vt 0.187329 0.721446 0
vt 0.187968 0.779889 0
vt 0.431461 0.167314 0
vt 0.420742 0.16647600000000002 0
vt 0.419995 0.160613 0
vt 0.430051 0.156241 0
vt 0.173295 0.779889 0
vt 0.173934 0.721446 0
vt 0.180631 0.721451 0
vt 0.180631 0.779893 0
vt 0.567785 0.0412539 0
vt 0.591731 0.0412539 0
vt 0.59543500000000008 0.027975 0
vt 0.567785 0.027975 0
vt 0.187968 0.779889 0
vt 0.187329 0.721446 0
vt 0.194098 0.721432 0
vt 0.195203 0.779878 0
vt 0.426769 0.17791000000000002 0
vt 0.418258 0.17208499999999998 0
vt 0.420742 0.16647600000000002 0
vt 0.431461 0.167314 0
vt 0.430051 0.156241 0
vt 0.419995 0.160613 0
vt 0.416217 0.15606900000000002 0
vt 0.422914 0.14765700000000002 0
vt 0.16606000000000002 0.779878 0
vt 0.167165 0.721432 0
vt 0.173934 0.721446 0
vt 0.173295 0.779889 0
vt 0.591731 0.0146961 0
vt 0.567785 0.0146961 0
vt 0.567785 0.0545329 0
vt 0.58161 0.0509748 0
vt 0.540135 0.027975 0
vt 0.543839 0.0412539 0
vt 0.195203 0.779878 0
vt 0.194098 0.721432 0
vt 0.201 0.721413 0
vt 0.202275 0.779863 0
vt 0.41723 0.185189 0
vt 0.413208 0.17593900000000002 0
vt 0.418258 0.17208499999999998 0
vt 0.426769 0.17791000000000002 0
vt 0.413208 0.17593900000000002 0
vt 0.410946 0.170735 0
vt 0.420742 0.16647600000000002 0
vt 0.418258 0.17208499999999998 0
vt 0.416217 0.15606900000000002 0
vt 0.406421 0.160329 0
vt 0.404158 0.15512500000000002 0
vt 0.41042 0.15406 0
vt 0.422914 0.14765700000000002 0
vt 0.416217 0.15606900000000002 0
vt 0.41042 0.15406 0
vt 0.411965 0.143863 0
vt 0.158988 0.779863 0
vt 0.16026299999999998 0.721413 0
vt 0.167165 0.721432 0
vt 0.16606000000000002 0.779878 0
vt 0.58161 0.00497521 0
vt 0.567785 0.00141714 0
vt 0.543839 0.0146961 0
vt 0.55396 0.0509748 0
vt 0.13192200000000002 0.779838 0
vt 0.13128300000000002 0.72138 0
vt 0.138619 0.721375 0
vt 0.138619 0.779834 0
vt 0.118251 0.779863 0
vt 0.116976 0.721413 0
vt 0.124048 0.721394 0
vt 0.12515299999999998 0.779849 0
vt 0.405401 0.187201 0
vt 0.406946 0.177004 0
vt 0.413208 0.17593900000000002 0
vt 0.41723 0.185189 0
vt 0.401149 0.17499500000000002 0
vt 0.406946 0.177004 0
vt 0.385905 0.16375 0
vt 0.396624 0.16458800000000002 0
vt 0.397371 0.170451 0
vt 0.387315 0.174823 0
vt 0.396624 0.16458800000000002 0
vt 0.399108 0.158979 0
vt 0.411965 0.143863 0
vt 0.41042 0.15406 0
vt 0.404158 0.15512500000000002 0
vt 0.400136 0.145875 0
vt 0.152086 0.779849 0
vt 0.153191 0.721394 0
vt 0.16026299999999998 0.721413 0
vt 0.158988 0.779863 0
vt 0.55396 0.00497521 0
vt 0.138619 0.779834 0
vt 0.138619 0.721375 0
vt 0.145956 0.72138 0
vt 0.145317 0.779838 0
vt 0.12515299999999998 0.779849 0
vt 0.124048 0.721394 0
vt 0.13128300000000002 0.72138 0
vt 0.13192200000000002 0.779838 0
vt 0.394452 0.183407 0
vt 0.401149 0.17499500000000002 0
vt 0.406946 0.177004 0
vt 0.405401 0.187201 0
vt 0.390597 0.15315400000000002 0
vt 0.399108 0.158979 0
vt 0.396624 0.16458800000000002 0
vt 0.385905 0.16375 0
vt 0.400136 0.145875 0
vt 0.404158 0.15512500000000002 0
vt 0.399108 0.158979 0
vt 0.390597 0.15315400000000002 0
vt 0.145317 0.779838 0
vt 0.145956 0.72138 0
vt 0.153191 0.721394 0
vt 0.152086 0.779849 0
vt 0.419995 0.160613 0
vt 0.40864 0.165433 0
vt 0.397371 0.170451 0
vt 0.387315 0.174823 0
vt 0.397371 0.170451 0
vt 0.401149 0.17499500000000002 0
vt 0.394452 0.183407 0
# 126 texture coords

g GunRightBottomBack_low
usemtl material_0
s 2097152
f 2399/2399/2399 2396/2396/2396 2397/2397/2397
f 2397/2397/2397 2398/2398/2398 2399/2399/2399
f 2403/2403/2403 2400/2400/2400 2401/2401/2401
f 2401/2401/2401 2402/2402/2402 2403/2403/2403
f 2407/2407/2407 2404/2404/2404 2405/2405/2405
f 2405/2405/2405 2406/2406/2406 2407/2407/2407
f 2411/2411/2411 2408/2408/2408 2409/2409/2409
f 2409/2409/2409 2410/2410/2410 2411/2411/2411
f 2415/2415/2415 2412/2412/2412 2413/2413/2413
f 2413/2413/2413 2414/2414/2414 2415/2415/2415
f 2419/2419/2419 2416/2416/2416 2417/2417/2417
f 2417/2417/2417 2418/2418/2418 2419/2419/2419
f 2423/2423/2423 2420/2420/2420 2421/2421/2421
f 2421/2421/2421 2422/2422/2422 2423/2423/2423
f 2427/2427/2427 2424/2424/2424 2425/2425/2425
f 2425/2425/2425 2426/2426/2426 2427/2427/2427
f 2429/2429/2429 2411/2411/2411 2410/2410/2410
f 2410/2410/2410 2428/2428/2428 2429/2429/2429
f 2431/2431/2431 2409/2409/2409 2408/2408/2408
f 2408/2408/2408 2430/2430/2430 2431/2431/2431
f 2408/2408/2408 2411/2411/2411 2432/2432/2432
f 2432/2432/2432 2433/2433/2433 2408/2408/2408
f 2437/2437/2437 2434/2434/2434 2435/2435/2435
f 2435/2435/2435 2436/2436/2436 2437/2437/2437
f 2441/2441/2441 2438/2438/2438 2439/2439/2439
f 2439/2439/2439 2440/2440/2440 2441/2441/2441
f 2445/2445/2445 2442/2442/2442 2443/2443/2443
f 2443/2443/2443 2444/2444/2444 2445/2445/2445
f 2449/2449/2449 2446/2446/2446 2447/2447/2447
f 2447/2447/2447 2448/2448/2448 2449/2449/2449
f 2453/2453/2453 2450/2450/2450 2451/2451/2451
f 2451/2451/2451 2452/2452/2452 2453/2453/2453
f 2457/2457/2457 2454/2454/2454 2455/2455/2455
f 2455/2455/2455 2456/2456/2456 2457/2457/2457
f 2459/2459/2459 2429/2429/2429 2428/2428/2428
f 2428/2428/2428 2458/2458/2458 2459/2459/2459
f 2411/2411/2411 2429/2429/2429 2460/2460/2460
f 2460/2460/2460 2432/2432/2432 2411/2411/2411
f 2430/2430/2430 2408/2408/2408 2433/2433/2433
f 2433/2433/2433 2461/2461/2461 2430/2430/2430
f 2465/2465/2465 2462/2462/2462 2463/2463/2463
f 2463/2463/2463 2464/2464/2464 2465/2465/2465
f 2469/2469/2469 2466/2466/2466 2467/2467/2467
f 2467/2467/2467 2468/2468/2468 2469/2469/2469
f 2473/2473/2473 2470/2470/2470 2471/2471/2471
f 2471/2471/2471 2472/2472/2472 2473/2473/2473
f 2475/2475/2475 2474/2474/2474 2443/2443/2443
f 2443/2443/2443 2442/2442/2442 2475/2475/2475
f 2479/2479/2479 2476/2476/2476 2477/2477/2477
f 2477/2477/2477 2478/2478/2478 2479/2479/2479
f 2481/2481/2481 2448/2448/2448 2447/2447/2447
f 2447/2447/2447 2480/2480/2480 2481/2481/2481
f 2485/2485/2485 2482/2482/2482 2483/2483/2483
f 2483/2483/2483 2484/2484/2484 2485/2485/2485
f 2489/2489/2489 2486/2486/2486 2487/2487/2487
f 2487/2487/2487 2488/2488/2488 2489/2489/2489
f 2490/2490/2490 2460/2460/2460 2429/2429/2429
f 2429/2429/2429 2459/2459/2459 2490/2490/2490
f 2494/2494/2494 2491/2491/2491 2492/2492/2492
f 2492/2492/2492 2493/2493/2493 2494/2494/2494
f 2498/2498/2498 2495/2495/2495 2496/2496/2496
f 2496/2496/2496 2497/2497/2497 2498/2498/2498
f 2502/2502/2502 2499/2499/2499 2500/2500/2500
f 2500/2500/2500 2501/2501/2501 2502/2502/2502
f 2506/2506/2506 2503/2503/2503 2504/2504/2504
f 2504/2504/2504 2505/2505/2505 2506/2506/2506
f 2510/2510/2510 2507/2507/2507 2508/2508/2508
f 2508/2508/2508 2509/2509/2509 2510/2510/2510
f 2514/2514/2514 2511/2511/2511 2512/2512/2512
f 2512/2512/2512 2513/2513/2513 2514/2514/2514
f 2516/2516/2516 2515/2515/2515 2444/2444/2444
f 2444/2444/2444 2443/2443/2443 2516/2516/2516
f 2447/2447/2447 2446/2446/2446 2515/2515/2515
f 2515/2515/2515 2516/2516/2516 2447/2447/2447
f 2474/2474/2474 2517/2517/2517 2516/2516/2516
f 2516/2516/2516 2443/2443/2443 2474/2474/2474
f 2447/2447/2447 2516/2516/2516 2517/2517/2517
f 2517/2517/2517 2480/2480/2480 2447/2447/2447
f 2521/2521/2521 2518/2518/2518 2519/2519/2519
f 2519/2519/2519 2520/2520/2520 2521/2521/2521
#80 polygons


#
# object GunRightMidBottom_low
#

v 0.50102500000000008 -0.0168238 -0.08397780000000001
v 0.50307500000000008 -0.0168238 -0.162078
v 0.505945 -0.027541 -0.162002
v 0.503895 -0.027541 -0.0839025
v 0.503895 -0.00610654 -0.0839025
v 0.505945 -0.00610655 -0.162002
v 0.50307500000000008 -0.0168238 -0.162078
v 0.50102500000000008 -0.0168238 -0.08397780000000001
v 0.503895 -0.027541 -0.0839025
v 0.505945 -0.027541 -0.162002
v 0.513788 -0.03538659999999999 -0.161796
v 0.511738 -0.03538659999999999 -0.0836966
v 0.511738 0.00173902 -0.0836966
v 0.513788 0.00173901 -0.161796
v 0.505945 -0.00610655 -0.162002
v 0.503895 -0.00610654 -0.0839025
v 0.511738 -0.03538659999999999 -0.0836966
v 0.513788 -0.03538659999999999 -0.161796
v 0.524502 -0.0382583 -0.161515
v 0.522452 -0.0382583 -0.0834154
v 0.522452 0.00461069 -0.0834154
v 0.524502 0.00461069 -0.161515
v 0.513788 0.00173901 -0.161796
v 0.511738 0.00173902 -0.0836966
v 0.522452 -0.0382583 -0.0834154
v 0.524502 -0.0382583 -0.161515
v 0.535215 -0.03538659999999999 -0.16123399999999998
v 0.533165 -0.03538659999999999 -0.08313420000000001
v 0.533165 0.00173902 -0.08313420000000001
v 0.535215 0.00173901 -0.16123399999999998
v 0.524502 0.00461069 -0.161515
v 0.522452 0.00461069 -0.0834154
v 0.533165 -0.03538659999999999 -0.08313420000000001
v 0.535215 -0.03538659999999999 -0.16123399999999998
v 0.54305800000000008 -0.027541 -0.161028
v 0.54100800000000008 -0.027541 -0.0829283
v 0.54100800000000008 -0.00610654 -0.0829283
v 0.54305800000000008 -0.00610655 -0.161028
v 0.535215 0.00173901 -0.16123399999999998
v 0.533165 0.00173902 -0.08313420000000001
v 0.54100800000000008 -0.027541 -0.0829283
v 0.54305800000000008 -0.027541 -0.161028
v 0.545929 -0.0168238 -0.16095300000000002
v 0.543879 -0.0168238 -0.082853
v 0.543879 -0.0168238 -0.082853
v 0.545929 -0.0168238 -0.16095300000000002
v 0.54305800000000008 -0.00610655 -0.161028
v 0.54100800000000008 -0.00610654 -0.0829283
# 48 vertices

vn -0.965593 -0.25881900000000004 -0.0253458
vn -0.965593 -0.25881900000000004 -0.0253458
vn -0.965593 -0.25881900000000004 -0.0253458
vn -0.965593 -0.25881900000000004 -0.0253458
vn -0.965593 0.25881900000000004 -0.0253458
vn -0.965593 0.25881900000000004 -0.0253458
vn -0.965593 0.25881900000000004 -0.0253458
vn -0.965593 0.25881900000000004 -0.0253458
vn -0.706863 -0.70710700000000008 -0.01855439999999999
vn -0.706863 -0.70710700000000008 -0.01855439999999999
vn -0.706863 -0.70710700000000008 -0.01855439999999999
vn -0.706863 -0.70710700000000008 -0.01855439999999999
vn -0.706863 0.70710700000000008 -0.01855439999999999
vn -0.706863 0.70710700000000008 -0.01855439999999999
vn -0.706863 0.70710700000000008 -0.01855439999999999
vn -0.706863 0.70710700000000008 -0.01855439999999999
vn -0.25873 -0.965926 -0.00679134
vn -0.25873 -0.965926 -0.00679134
vn -0.25873 -0.965926 -0.00679134
vn -0.25873 -0.965926 -0.00679134
vn -0.25873 0.965926 -0.00679142
vn -0.25873 0.965926 -0.00679142
vn -0.25873 0.965926 -0.00679142
vn -0.25873 0.965926 -0.00679142
vn 0.25873 -0.965926 0.00679142
vn 0.25873 -0.965926 0.00679142
vn 0.25873 -0.965926 0.00679142
vn 0.25873 -0.965926 0.00679142
vn 0.25873 0.965926 0.00679134
vn 0.25873 0.965926 0.00679134
vn 0.25873 0.965926 0.00679134
vn 0.25873 0.965926 0.00679134
vn 0.706863 -0.70710700000000008 0.01855439999999999
vn 0.706863 -0.70710700000000008 0.01855439999999999
vn 0.706863 -0.70710700000000008 0.01855439999999999
vn 0.706863 -0.70710700000000008 0.01855439999999999
vn 0.706863 0.70710700000000008 0.01855439999999999
vn 0.706863 0.70710700000000008 0.01855439999999999
vn 0.706863 0.70710700000000008 0.01855439999999999
vn 0.706863 0.70710700000000008 0.01855439999999999
vn 0.965593 -0.25881900000000004 0.0253458
vn 0.965593 -0.25881900000000004 0.0253458
vn 0.965593 -0.25881900000000004 0.0253458
vn 0.965593 -0.25881900000000004 0.0253458
vn 0.965593 0.25881900000000004 0.0253458
vn 0.965593 0.25881900000000004 0.0253458
vn 0.965593 0.25881900000000004 0.0253458
vn 0.965593 0.25881900000000004 0.0253458
# 48 vertex normals

vt 0.309484 0.778712 0
vt 0.309484 0.727091 0
vt 0.314687 0.727141 0
vt 0.314233 0.778762 0
vt 0.304736 0.778762 0
vt 0.304282 0.727141 0
vt 0.309484 0.727091 0
vt 0.309484 0.778712 0
vt 0.314233 0.778762 0
vt 0.314687 0.727141 0
vt 0.319817 0.727277 0
vt 0.319032 0.778898 0
vt 0.299937 0.778898 0
vt 0.29915199999999996 0.727277 0
vt 0.304282 0.727141 0
vt 0.304736 0.778762 0
vt 0.319032 0.778898 0
vt 0.319817 0.727277 0
vt 0.324831 0.727463 0
vt 0.323925 0.779084 0
vt 0.29504399999999996 0.779084 0
vt 0.294138 0.727463 0
vt 0.29915199999999996 0.727277 0
vt 0.299937 0.778898 0
vt 0.323925 0.779084 0
vt 0.324831 0.727463 0
vt 0.329725 0.727649 0
vt 0.328939 0.779269 0
vt 0.349605 0.779269 0
vt 0.348819 0.727649 0
vt 0.353713 0.727463 0
vt 0.354619 0.779084 0
vt 0.328939 0.779269 0
vt 0.329725 0.727649 0
vt 0.334524 0.727785 0
vt 0.334069 0.779405 0
vt 0.34447499999999996 0.779405 0
vt 0.34402 0.727785 0
vt 0.348819 0.727649 0
vt 0.349605 0.779269 0
vt 0.334069 0.779405 0
vt 0.334524 0.727785 0
vt 0.339272 0.727835 0
vt 0.339272 0.779455 0
vt 0.339272 0.779455 0
vt 0.339272 0.727835 0
vt 0.34402 0.727785 0
vt 0.34447499999999996 0.779405 0
# 48 texture coords

g GunRightMidBottom_low
usemtl material_0
s 4194304
f 2525/2525/2525 2522/2522/2522 2523/2523/2523
f 2523/2523/2523 2524/2524/2524 2525/2525/2525
f 2529/2529/2529 2526/2526/2526 2527/2527/2527
f 2527/2527/2527 2528/2528/2528 2529/2529/2529
f 2533/2533/2533 2530/2530/2530 2531/2531/2531
f 2531/2531/2531 2532/2532/2532 2533/2533/2533
f 2537/2537/2537 2534/2534/2534 2535/2535/2535
f 2535/2535/2535 2536/2536/2536 2537/2537/2537
f 2541/2541/2541 2538/2538/2538 2539/2539/2539
f 2539/2539/2539 2540/2540/2540 2541/2541/2541
f 2545/2545/2545 2542/2542/2542 2543/2543/2543
f 2543/2543/2543 2544/2544/2544 2545/2545/2545
f 2549/2549/2549 2546/2546/2546 2547/2547/2547
f 2547/2547/2547 2548/2548/2548 2549/2549/2549
f 2553/2553/2553 2550/2550/2550 2551/2551/2551
f 2551/2551/2551 2552/2552/2552 2553/2553/2553
f 2557/2557/2557 2554/2554/2554 2555/2555/2555
f 2555/2555/2555 2556/2556/2556 2557/2557/2557
f 2561/2561/2561 2558/2558/2558 2559/2559/2559
f 2559/2559/2559 2560/2560/2560 2561/2561/2561
f 2565/2565/2565 2562/2562/2562 2563/2563/2563
f 2563/2563/2563 2564/2564/2564 2565/2565/2565
f 2569/2569/2569 2566/2566/2566 2567/2567/2567
f 2567/2567/2567 2568/2568/2568 2569/2569/2569
#24 polygons


#
# object GunRightMidTop_low
#

v 0.522452 0.0304931 -0.0834154
v 0.524502 0.0304931 -0.161515
v 0.535215 0.0333648 -0.16123399999999998
v 0.533165 0.0333648 -0.08313420000000001
v 0.511738 0.0333648 -0.0836966
v 0.513788 0.0333648 -0.161796
v 0.524502 0.0304931 -0.161515
v 0.522452 0.0304931 -0.0834154
v 0.533165 0.0333648 -0.08313420000000001
v 0.535215 0.0333648 -0.16123399999999998
v 0.54305800000000008 0.0412103 -0.161028
v 0.54100800000000008 0.0412103 -0.0829283
v 0.503895 0.0412103 -0.0839025
v 0.505945 0.0412103 -0.162002
v 0.513788 0.0333648 -0.161796
v 0.511738 0.0333648 -0.0836966
v 0.54100800000000008 0.0412103 -0.0829283
v 0.54305800000000008 0.0412103 -0.161028
v 0.545929 0.0519276 -0.16095300000000002
v 0.543879 0.0519276 -0.082853
v 0.50102500000000008 0.0519276 -0.08397780000000001
v 0.50307500000000008 0.0519276 -0.162078
v 0.505945 0.0412103 -0.162002
v 0.503895 0.0412103 -0.0839025
v 0.543879 0.0519276 -0.082853
v 0.545929 0.0519276 -0.16095300000000002
v 0.54305800000000008 0.0626448 -0.161028
v 0.54100800000000008 0.0626448 -0.0829283
v 0.503895 0.0626448 -0.0839025
v 0.505945 0.0626448 -0.162002
v 0.50307500000000008 0.0519276 -0.162078
v 0.50102500000000008 0.0519276 -0.08397780000000001
v 0.54100800000000008 0.0626448 -0.0829283
v 0.54305800000000008 0.0626448 -0.161028
v 0.535215 0.07049039999999999 -0.16123399999999998
v 0.533165 0.07049039999999999 -0.08313420000000001
v 0.511738 0.07049039999999999 -0.0836966
v 0.513788 0.07049039999999999 -0.161796
v 0.505945 0.0626448 -0.162002
v 0.503895 0.0626448 -0.0839025
v 0.533165 0.07049039999999999 -0.08313420000000001
v 0.535215 0.07049039999999999 -0.16123399999999998
v 0.524502 0.0733621 -0.161515
v 0.522452 0.0733621 -0.0834154
v 0.522452 0.0733621 -0.0834154
v 0.524502 0.0733621 -0.161515
v 0.513788 0.07049039999999999 -0.161796
v 0.511738 0.07049039999999999 -0.0836966
# 48 vertices

vn 0.25873 -0.965926 0.00679142
vn 0.25873 -0.965926 0.00679142
vn 0.25873 -0.965926 0.00679142
vn 0.25873 -0.965926 0.00679142
vn -0.25873 -0.965926 -0.00679134
vn -0.25873 -0.965926 -0.00679134
vn -0.25873 -0.965926 -0.00679134
vn -0.25873 -0.965926 -0.00679134
vn 0.706863 -0.70710700000000008 0.01855439999999999
vn 0.706863 -0.70710700000000008 0.01855439999999999
vn 0.706863 -0.70710700000000008 0.01855439999999999
vn 0.706863 -0.70710700000000008 0.01855439999999999
vn -0.706863 -0.70710700000000008 -0.01855439999999999
vn -0.706863 -0.70710700000000008 -0.01855439999999999
vn -0.706863 -0.70710700000000008 -0.01855439999999999
vn -0.706863 -0.70710700000000008 -0.01855439999999999
vn 0.965593 -0.25881900000000004 0.0253458
vn 0.965593 -0.25881900000000004 0.0253458
vn 0.965593 -0.25881900000000004 0.0253458
vn 0.965593 -0.25881900000000004 0.0253458
vn -0.965593 -0.25881900000000004 -0.0253458
vn -0.965593 -0.25881900000000004 -0.0253458
vn -0.965593 -0.25881900000000004 -0.0253458
vn -0.965593 -0.25881900000000004 -0.0253458
vn 0.965593 0.25881900000000004 0.0253458
vn 0.965593 0.25881900000000004 0.0253458
vn 0.965593 0.25881900000000004 0.0253458
vn 0.965593 0.25881900000000004 0.0253458
vn -0.965593 0.25881900000000004 -0.0253458
vn -0.965593 0.25881900000000004 -0.0253458
vn -0.965593 0.25881900000000004 -0.0253458
vn -0.965593 0.25881900000000004 -0.0253458
vn 0.706863 0.70710700000000008 0.01855439999999999
vn 0.706863 0.70710700000000008 0.01855439999999999
vn 0.706863 0.70710700000000008 0.01855439999999999
vn 0.706863 0.70710700000000008 0.01855439999999999
vn -0.706863 0.70710700000000008 -0.01855439999999999
vn -0.706863 0.70710700000000008 -0.01855439999999999
vn -0.706863 0.70710700000000008 -0.01855439999999999
vn -0.706863 0.70710700000000008 -0.01855439999999999
vn 0.25873 0.965926 0.00679134
vn 0.25873 0.965926 0.00679134
vn 0.25873 0.965926 0.00679134
vn 0.25873 0.965926 0.00679134
vn -0.25873 0.965926 -0.00679142
vn -0.25873 0.965926 -0.00679142
vn -0.25873 0.965926 -0.00679142
vn -0.25873 0.965926 -0.00679142
# 48 vertex normals

vt 0.32531500000000004 0.724974 0
vt 0.326221 0.673353 0
vt 0.331115 0.673539 0
vt 0.330329 0.72516 0
vt 0.320422 0.724788 0
vt 0.32120700000000004 0.67316699999999992 0
vt 0.326221 0.673353 0
vt 0.32531500000000004 0.724974 0
vt 0.330329 0.72516 0
vt 0.331115 0.673539 0
vt 0.335914 0.673675 0
vt 0.33546 0.725296 0
vt 0.315623 0.724652 0
vt 0.316077 0.67303100000000008 0
vt 0.32120700000000004 0.67316699999999992 0
vt 0.320422 0.724788 0
vt 0.33546 0.725296 0
vt 0.335914 0.673675 0
vt 0.34066200000000004 0.673725 0
vt 0.34066200000000004 0.725346 0
vt 0.310874 0.724602 0
vt 0.310874 0.67298100000000008 0
vt 0.316077 0.67303100000000008 0
vt 0.315623 0.724652 0
vt 0.34066200000000004 0.725346 0
vt 0.34066200000000004 0.673725 0
vt 0.34541 0.673675 0
vt 0.34586499999999996 0.725296 0
vt 0.306126 0.724652 0
vt 0.305672 0.67303100000000008 0
vt 0.310874 0.67298100000000008 0
vt 0.310874 0.724602 0
vt 0.34586499999999996 0.725296 0
vt 0.34541 0.673675 0
vt 0.350209 0.673539 0
vt 0.350995 0.72516 0
vt 0.301327 0.724788 0
vt 0.30054199999999996 0.67316699999999992 0
vt 0.305672 0.67303100000000008 0
vt 0.306126 0.724652 0
vt 0.350995 0.72516 0
vt 0.350209 0.673539 0
vt 0.355103 0.673353 0
vt 0.356009 0.724974 0
vt 0.29643399999999996 0.724974 0
vt 0.295528 0.673353 0
vt 0.30054199999999996 0.67316699999999992 0
vt 0.301327 0.724788 0
# 48 texture coords

g GunRightMidTop_low
usemtl material_0
s 8388608
f 2573/2573/2573 2570/2570/2570 2571/2571/2571
f 2571/2571/2571 2572/2572/2572 2573/2573/2573
f 2577/2577/2577 2574/2574/2574 2575/2575/2575
f 2575/2575/2575 2576/2576/2576 2577/2577/2577
f 2581/2581/2581 2578/2578/2578 2579/2579/2579
f 2579/2579/2579 2580/2580/2580 2581/2581/2581
f 2585/2585/2585 2582/2582/2582 2583/2583/2583
f 2583/2583/2583 2584/2584/2584 2585/2585/2585
f 2589/2589/2589 2586/2586/2586 2587/2587/2587
f 2587/2587/2587 2588/2588/2588 2589/2589/2589
f 2593/2593/2593 2590/2590/2590 2591/2591/2591
f 2591/2591/2591 2592/2592/2592 2593/2593/2593
f 2597/2597/2597 2594/2594/2594 2595/2595/2595
f 2595/2595/2595 2596/2596/2596 2597/2597/2597
f 2601/2601/2601 2598/2598/2598 2599/2599/2599
f 2599/2599/2599 2600/2600/2600 2601/2601/2601
f 2605/2605/2605 2602/2602/2602 2603/2603/2603
f 2603/2603/2603 2604/2604/2604 2605/2605/2605
f 2609/2609/2609 2606/2606/2606 2607/2607/2607
f 2607/2607/2607 2608/2608/2608 2609/2609/2609
f 2613/2613/2613 2610/2610/2610 2611/2611/2611
f 2611/2611/2611 2612/2612/2612 2613/2613/2613
f 2617/2617/2617 2614/2614/2614 2615/2615/2615
f 2615/2615/2615 2616/2616/2616 2617/2617/2617
#24 polygons


#
# object BaseRight_low
#

v 0.29992 0.0573964 -0.53643
v 0.28158499999999996 0.0573965 0.16206200000000002
v 0.392483 0.0573965 0.104124
v 0.368514 0.0573964 -0.470915
v 0.28158499999999996 -0.0207301 0.16206200000000002
v 0.392483 -0.0207301 0.104124
v 0.392483 0.0573965 0.104124
v 0.28158499999999996 0.0573965 0.16206200000000002
v 0.368514 -0.0207301 -0.470915
v 0.368514 0.0573964 -0.470915
v 0.392483 0.0573965 0.104124
v 0.392483 -0.0207301 0.104124
v 0.29992 0.0573964 -0.53643
v 0.368514 0.0573964 -0.470915
v 0.368514 -0.0207301 -0.470915
v 0.29992 -0.0207301 -0.53643
v 0.28158499999999996 -0.0207301 0.16206200000000002
v 0.29992 -0.0207301 -0.53643
v 0.368514 -0.0207301 -0.470915
v 0.392483 -0.0207301 0.104124
# 20 vertices

vn 9.9736E-18 1 -4.37114E-08
vn 9.9736E-18 1 -4.37114E-08
vn 9.9736E-18 1 -4.37114E-08
vn 9.9736E-18 1 -4.37114E-08
vn 0.463056 3.87427E-08 0.886329
vn 0.463056 3.87427E-08 0.886329
vn 0.463056 3.87427E-08 0.886329
vn 0.463056 3.87427E-08 0.886329
vn 0.999132 -1.82042E-09 -0.0416464
vn 0.999132 -1.82042E-09 -0.0416464
vn 0.999132 -1.82042E-09 -0.0416464
vn 0.999132 -1.82042E-09 -0.0416464
vn 0.69069 -3.16099E-08 -0.723151
vn 0.69069 -3.16099E-08 -0.723151
vn 0.69069 -3.16099E-08 -0.723151
vn 0.69069 -3.16099E-08 -0.723151
vn 0 -1 4.37114E-08
vn 0 -1 4.37114E-08
vn 0 -1 4.37114E-08
vn 0 -1 4.37114E-08
# 20 vertex normals

vt 0.115405 0.31605 0
vt 0.116417 0.75595 0
vt 0.0968704 0.71946200000000008 0
vt 0.0973189 0.357311 0
vt 0.0634332 0.75595 0
vt 0.08297980000000001 0.71946200000000008 0
vt 0.0968704 0.71946200000000008 0
vt 0.116417 0.75595 0
vt 0.0825313 0.357311 0
vt 0.0973189 0.357311 0
vt 0.0968704 0.71946200000000008 0
vt 0.08297980000000001 0.71946200000000008 0
vt 0.115405 0.31605 0
vt 0.0973189 0.357311 0
vt 0.0825313 0.357311 0
vt 0.06444469999999999 0.31605 0
vt 0.0634332 0.75595 0
vt 0.06444469999999999 0.31605 0
vt 0.0825313 0.357311 0
vt 0.08297980000000001 0.71946200000000008 0
# 20 texture coords

g BaseRight_low
usemtl material_0
s 16777216
f 2621/2621/2621 2618/2618/2618 2619/2619/2619
f 2619/2619/2619 2620/2620/2620 2621/2621/2621
f 2625/2625/2625 2622/2622/2622 2623/2623/2623
f 2623/2623/2623 2624/2624/2624 2625/2625/2625
f 2629/2629/2629 2626/2626/2626 2627/2627/2627
f 2627/2627/2627 2628/2628/2628 2629/2629/2629
f 2633/2633/2633 2630/2630/2630 2631/2631/2631
f 2631/2631/2631 2632/2632/2632 2633/2633/2633
f 2637/2637/2637 2634/2634/2634 2635/2635/2635
f 2635/2635/2635 2636/2636/2636 2637/2637/2637
#10 polygons


#
# object ConnectRight_low
#

v 0.416381 0.0417712 0.566522
v 0.416381 -0.00510476 0.566522
v 0.416381 -0.00510475 0.879029
v 0.416381 0.0417712 0.879029
v 0.504001 0.0417712 0.566522
v 0.416381 0.0417712 0.566522
v 0.416381 0.0417712 0.879029
v 0.504001 0.0417712 0.879029
v 0.504001 0.0417712 0.566522
v 0.372506 0.0417712 0.31482900000000004
v 0.294846 0.0417712 0.355402
v 0.416381 0.0417712 0.566522
v 0.305925 0.0292709 0.349614
v 0.305925 0.00739548 0.349614
v 0.294846 -0.00510477 0.355402
v 0.294846 0.0417712 0.355402
v 0.372506 -0.00510478 0.31482900000000004
v 0.361427 0.00739548 0.320617
v 0.372506 0.0417712 0.31482900000000004
v 0.504001 0.0417712 0.566522
v 0.504001 -0.00510476 0.566522
v 0.372506 -0.00510478 0.31482900000000004
v 0.504001 -0.00510476 0.566522
v 0.504001 0.0417712 0.566522
v 0.582128 0.0417712 0.613398
v 0.582128 -0.00510476 0.613398
v 0.582128 -0.00510476 0.613398
v 0.582128 0.0417712 0.613398
v 0.582128 0.0417712 0.879029
v 0.582128 -0.00510475 0.879029
v 0.504001 0.0417712 0.879029
v 0.582128 0.0417712 0.879029
v 0.582128 0.0417712 0.613398
v 0.504001 0.0417712 0.566522
v 0.361427 0.0292709 0.320617
v 0.372506 0.0417712 0.31482900000000004
v 0.309284 0.0292709 0.147591
v 0.309284 0.00739547 0.147591
v 0.305925 0.00739548 0.349614
v 0.305925 0.0292709 0.349614
v 0.309284 0.00739547 0.147591
v 0.364785 0.00739547 0.118595
v 0.361427 0.00739548 0.320617
v 0.305925 0.00739548 0.349614
v 0.364785 0.0292709 0.118595
v 0.309284 0.0292709 0.147591
v 0.305925 0.0292709 0.349614
v 0.361427 0.0292709 0.320617
v 0.364785 0.00739547 0.118595
v 0.364785 0.0292709 0.118595
v 0.361427 0.0292709 0.320617
v 0.361427 0.00739548 0.320617
v 0.582128 0.0417712 0.879029
v 0.416381 0.0417712 0.879029
v 0.416381 -0.00510475 0.879029
v 0.582128 -0.00510475 0.879029
v 0.416381 -0.00510476 0.566522
v 0.416381 0.0417712 0.566522
v 0.294846 0.0417712 0.355402
v 0.294846 -0.00510477 0.355402
v 0.372506 -0.00510478 0.31482900000000004
v 0.504001 -0.00510476 0.566522
v 0.416381 -0.00510476 0.566522
v 0.294846 -0.00510477 0.355402
# 64 vertices

vn -1 2.96059E-16 -1.11022E-16
vn -1 2.96059E-16 -1.11022E-16
vn -1 2.96059E-16 -1.11022E-16
vn -1 2.96059E-16 -1.11022E-16
vn -1.5839E-16 1 -4.37114E-08
vn -1.5839E-16 1 -4.37114E-08
vn -1.5839E-16 1 -4.37114E-08
vn -1.5839E-16 1 -4.37114E-08
vn 2.73526E-17 1 -4.37114E-08
vn 2.73526E-17 1 -4.37114E-08
vn 2.73526E-17 1 -4.37114E-08
vn 2.73526E-17 1 -4.37114E-08
vn -0.463056 -3.87427E-08 -0.886329
vn -0.463056 -3.87427E-08 -0.886329
vn -0.463056 -3.87427E-08 -0.886329
vn -0.463056 -3.87427E-08 -0.886329
vn -0.463056 -3.87427E-08 -0.886329
vn -0.463056 -3.87427E-08 -0.886329
vn 0.886329 -2.02408E-08 -0.463056
vn 0.886329 -2.02408E-08 -0.463056
vn 0.886329 -2.02408E-08 -0.463056
vn 0.886329 -2.02408E-08 -0.463056
vn 0.51449599999999992 -3.74822E-08 -0.857493
vn 0.51449599999999992 -3.74822E-08 -0.857493
vn 0.51449599999999992 -3.74822E-08 -0.857493
vn 0.51449599999999992 -3.74822E-08 -0.857493
vn 1 6.85121E-24 1.56737E-16
vn 1 6.85121E-24 1.56737E-16
vn 1 6.85121E-24 1.56737E-16
vn 1 6.85121E-24 1.56737E-16
vn 2.98036E-16 1 -4.37114E-08
vn 2.98036E-16 1 -4.37114E-08
vn 2.98036E-16 1 -4.37114E-08
vn 2.98036E-16 1 -4.37114E-08
vn -0.463056 -3.87427E-08 -0.886329
vn -0.463056 -3.87427E-08 -0.886329
vn -0.999862 -7.26554E-10 -0.0166216
vn -0.999862 -7.26554E-10 -0.0166216
vn -0.999862 -7.26554E-10 -0.0166216
vn -0.999862 -7.26554E-10 -0.0166216
vn 3.16637E-16 -1 4.37114E-08
vn 3.16637E-16 -1 4.37114E-08
vn 3.16637E-16 -1 4.37114E-08
vn 3.16637E-16 -1 4.37114E-08
vn -7.24081E-17 1 -4.37114E-08
vn -7.24081E-17 1 -4.37114E-08
vn -7.24081E-17 1 -4.37114E-08
vn -7.24081E-17 1 -4.37114E-08
vn 0.999862 7.26554E-10 0.0166216
vn 0.999862 7.26554E-10 0.0166216
vn 0.999862 7.26554E-10 0.0166216
vn 0.999862 7.26554E-10 0.0166216
vn 1 6.85121E-24 1.56737E-16
vn -1 2.96059E-16 -1.11022E-16
vn -1 2.96059E-16 -1.11022E-16
vn 1 6.85121E-24 1.56737E-16
vn -0.866656 2.18079E-08 0.498907
vn -0.866656 2.18079E-08 0.498907
vn -0.866656 2.18079E-08 0.498907
vn -0.866656 2.18079E-08 0.498907
vn -9.43765E-18 -1 4.37114E-08
vn -9.43765E-18 -1 4.37114E-08
vn -0.866656 2.18079E-08 0.498907
vn -9.43765E-18 -1 4.37114E-08
# 64 vertex normals

vt 0.215433 0.347181 0
vt 0.211536 0.421526 0
vt 0.186238 0.419204 0
vt 0.190445 0.346067 0
vt 0.25130799999999996 0.348371 0
vt 0.215433 0.347181 0
vt 0.211536 0.421526 0
vt 0.247376 0.423404 0
vt 0.297671 0.649249 0
vt 0.29798400000000004 0.536793 0
vt 0.277521 0.536968 0
vt 0.27736499999999996 0.64901 0
vt 0.371012 0.554002 0
vt 0.35232999999999996 0.553855 0
vt 0.341705 0.54861400000000008 0
vt 0.381737 0.54893 0
vt 0.341355 0.584757 0
vt 0.35208 0.579685 0
vt 0.211082 0.536793 0
vt 0.212004 0.649249 0
vt 0.234085 0.649249 0
vt 0.234095 0.536793 0
vt 0.25130799999999996 0.348371 0
vt 0.25161699999999996 0.333862 0
vt 0.28053499999999996 0.335377 0
vt 0.28003 0.34990900000000004 0
vt 0.28003 0.34990900000000004 0
vt 0.276099 0.424909 0
vt 0.30247800000000004 0.426567 0
vt 0.30642200000000004 0.351306 0
vt 0.247376 0.423404 0
vt 0.276099 0.424909 0
vt 0.28003 0.34990900000000004 0
vt 0.25130799999999996 0.348371 0
vt 0.370762 0.579832 0
vt 0.381387 0.58507299999999992 0
vt 0.530149 0.667903 0
vt 0.543144 0.667903 0
vt 0.54254500000000008 0.781337 0
vt 0.529551 0.781337 0
vt 0.543144 0.667903 0
vt 0.566414 0.667659 0
vt 0.565816 0.7815 0
vt 0.54254500000000008 0.781337 0
vt 0.506248 0.667659 0
vt 0.530149 0.667903 0
vt 0.529551 0.781337 0
vt 0.50565000000000008 0.7815 0
vt 0.580058 0.66713199999999992 0
vt 0.566414 0.667659 0
vt 0.565816 0.7815 0
vt 0.57946 0.780831 0
vt 0.216408 0.437775 0
vt 0.211536 0.421526 0
vt 0.276099 0.424909 0
vt 0.271547 0.440739 0
vt 0.25573 0.64901 0
vt 0.27736499999999996 0.64901 0
vt 0.277521 0.536968 0
vt 0.25561 0.536968 0
vt 0.234095 0.536793 0
vt 0.234085 0.649249 0
vt 0.25573 0.64901 0
vt 0.25561 0.536968 0
# 64 texture coords

g ConnectRight_low
usemtl material_0
s 33554432
f 2641/2641/2641 2638/2638/2638 2639/2639/2639
f 2639/2639/2639 2640/2640/2640 2641/2641/2641
f 2645/2645/2645 2642/2642/2642 2643/2643/2643
f 2643/2643/2643 2644/2644/2644 2645/2645/2645
f 2649/2649/2649 2646/2646/2646 2647/2647/2647
f 2647/2647/2647 2648/2648/2648 2649/2649/2649
f 2653/2653/2653 2650/2650/2650 2651/2651/2651
f 2651/2651/2651 2652/2652/2652 2653/2653/2653
f 2655/2655/2655 2654/2654/2654 2652/2652/2652
f 2652/2652/2652 2651/2651/2651 2655/2655/2655
f 2659/2659/2659 2656/2656/2656 2657/2657/2657
f 2657/2657/2657 2658/2658/2658 2659/2659/2659
f 2663/2663/2663 2660/2660/2660 2661/2661/2661
f 2661/2661/2661 2662/2662/2662 2663/2663/2663
f 2667/2667/2667 2664/2664/2664 2665/2665/2665
f 2665/2665/2665 2666/2666/2666 2667/2667/2667
f 2671/2671/2671 2668/2668/2668 2669/2669/2669
f 2669/2669/2669 2670/2670/2670 2671/2671/2671
f 2673/2673/2673 2672/2672/2672 2650/2650/2650
f 2650/2650/2650 2653/2653/2653 2673/2673/2673
f 2677/2677/2677 2674/2674/2674 2675/2675/2675
f 2675/2675/2675 2676/2676/2676 2677/2677/2677
f 2681/2681/2681 2678/2678/2678 2679/2679/2679
f 2679/2679/2679 2680/2680/2680 2681/2681/2681
f 2672/2672/2672 2673/2673/2673 2654/2654/2654
f 2654/2654/2654 2655/2655/2655 2672/2672/2672
f 2685/2685/2685 2682/2682/2682 2683/2683/2683
f 2683/2683/2683 2684/2684/2684 2685/2685/2685
f 2689/2689/2689 2686/2686/2686 2687/2687/2687
f 2687/2687/2687 2688/2688/2688 2689/2689/2689
f 2693/2693/2693 2690/2690/2690 2691/2691/2691
f 2691/2691/2691 2692/2692/2692 2693/2693/2693
f 2697/2697/2697 2694/2694/2694 2695/2695/2695
f 2695/2695/2695 2696/2696/2696 2697/2697/2697
f 2701/2701/2701 2698/2698/2698 2699/2699/2699
f 2699/2699/2699 2700/2700/2700 2701/2701/2701
#36 polygons


#
# object JetBaseRight_low
#

v 0.376144 0.0261459 0.933749
v 0.29801699999999996 0.0261459 0.807841
v 0.29801699999999996 -0.0129174 0.807841
v 0.376144 -0.0129174 0.933749
v 0.383161 0.0261459 0.520396
v 0.312039 0.0261459 0.441919
v 0.29801699999999996 0.0261459 0.807841
v 0.376144 0.0261459 0.933749
v 0.376807 0.0261459 0.894685
v 0.380923 0.0261459 0.65220199999999992
v 0.29801699999999996 -0.0129174 0.807841
v 0.29801699999999996 0.0261459 0.807841
v 0.094036 0.0261459 0.729715
v 0.094036 -0.0129088 0.729715
v 0.29801699999999996 -0.0129148 0.426446
v 0.383161 -0.0129174 0.520396
v 0.376144 -0.0129174 0.933749
v 0.29801699999999996 -0.0129174 0.807841
v 0.45427 0.0261459 0.933749
v 0.376144 0.0261459 0.933749
v 0.376144 -0.0129174 0.933749
v 0.45427 -0.13791999999999998 0.933749
v 0.240917 0.0261458 0.363441
v 0.312039 0.0261459 0.441919
v 0.383161 0.0261459 0.520396
v 0.383161 -0.0129174 0.520396
v 0.29801699999999996 -0.0129148 0.426446
v 0.240917 -0.0129088 0.363441
v 0.240917 0.0261458 0.363441
v 0.094036 0.0261459 0.729715
v 0.376807 0.0261459 0.894685
v 0.376144 0.0261459 0.933749
v 0.45427 0.0261459 0.933749
v 0.61037699999999992 0.0261459 0.933749
v 0.662412 0.0261459 0.894685
v 0.661616 0.0261459 0.65220199999999992
v 0.380923 0.0261459 0.65220199999999992
v 0.577475 0.0261459 0.520396
v 0.461287 0.0261459 0.520396
v 0.29801699999999996 -0.0129174 0.807841
v 0.094036 -0.0129088 0.729715
v 0.240917 -0.0129088 0.363441
v 0.29801699999999996 -0.0129148 0.426446
v 0.45905 -0.13791999999999998 0.65220199999999992
v 0.45427 -0.13791999999999998 0.933749
v 0.376144 -0.0129174 0.933749
v 0.383161 -0.0129174 0.520396
v 0.461287 -0.091044 0.520396
v 0.383161 -0.0129174 0.520396
v 0.383161 0.0261459 0.520396
v 0.461287 0.0261459 0.520396
v 0.61037699999999992 -0.13791999999999998 0.933749
v 0.61037699999999992 0.0261459 0.933749
v 0.662412 0.0261459 0.894685
v 0.61037699999999992 0.0261459 0.933749
v 0.61037699999999992 -0.13791999999999998 0.933749
v 0.662412 -0.13791999999999998 0.894685
v 0.661616 0.0261459 0.65220199999999992
v 0.662412 0.0261459 0.894685
v 0.662412 -0.13791999999999998 0.894685
v 0.661616 -0.13791999999999998 0.65220199999999992
v 0.577475 0.0261459 0.520396
v 0.661616 0.0261459 0.65220199999999992
v 0.661616 -0.13791999999999998 0.65220199999999992
v 0.577475 -0.091044 0.520396
v 0.577475 0.0261459 0.520396
v 0.577475 -0.091044 0.520396
v 0.661616 -0.13791999999999998 0.65220199999999992
v 0.662412 -0.13791999999999998 0.894685
v 0.61037699999999992 -0.13791999999999998 0.933749
v 0.45427 -0.13791999999999998 0.933749
v 0.45905 -0.13791999999999998 0.65220199999999992
v 0.383161 -0.0129174 0.520396
v 0.461287 -0.091044 0.520396
v 0.45905 -0.13791999999999998 0.65220199999999992
v 0.577475 -0.091044 0.520396
v 0.661616 -0.13791999999999998 0.65220199999999992
v 0.45905 -0.13791999999999998 0.65220199999999992
v 0.461287 -0.091044 0.520396
# 79 vertices

vn -0.849709 2.30469E-08 0.52725200000000008
vn -0.849709 2.30469E-08 0.52725200000000008
vn -0.849709 2.30469E-08 0.52725200000000008
vn -0.849709 2.30469E-08 0.52725200000000008
vn 0 1 -4.37114E-08
vn 0 1 -4.37114E-08
vn 0 1 -4.37114E-08
vn 0 1 -4.37114E-08
vn 0 1 -4.37114E-08
vn 0 1 -4.37114E-08
vn -0.357672 4.08198E-08 0.933847
vn -0.357672 4.08198E-08 0.933847
vn -0.357672 4.08198E-08 0.933847
vn -0.357672 4.08198E-08 0.933847
vn -1.21885E-05 -1 -3.149E-06
vn -1.21885E-05 -1 -3.149E-06
vn -1.21885E-05 -1 -3.149E-06
vn -1.21885E-05 -1 -3.149E-06
vn 0 4.37114E-08 1
vn 0 4.37114E-08 1
vn 0 4.37114E-08 1
vn 0 4.37114E-08 1
vn 0.740981 -2.93533E-08 -0.67152599999999992
vn 0.740981 -2.93533E-08 -0.67152599999999992
vn 0.740981 -2.93533E-08 -0.67152599999999992
vn 0.740981 -2.93533E-08 -0.67152599999999992
vn 0.740981 -2.93533E-08 -0.67152599999999992
vn 0.740981 -2.93533E-08 -0.67152599999999992
vn -1.504E-16 1 -4.37114E-08
vn -1.504E-16 1 -4.37114E-08
vn 0 1 -4.37114E-08
vn 0 1 -4.37114E-08
vn 0 1 -4.37114E-08
vn 0 1 -4.37114E-08
vn 0 1 -4.37114E-08
vn 0 1 -4.37114E-08
vn 0 1 -4.37114E-08
vn 0 1 -4.37114E-08
vn 0 1 -4.37114E-08
vn -4.21812E-05 -1 -1.20958E-05
vn -4.21812E-05 -1 -1.20958E-05
vn -4.21812E-05 -1 -1.20958E-05
vn -4.21812E-05 -1 -1.20958E-05
vn -0.84791 -0.529944 -0.014394
vn -0.84791 -0.529944 -0.014394
vn -0.84791 -0.529944 -0.014394
vn -0.84791 -0.529944 -0.014394
vn 0 -4.37114E-08 -1
vn 0 -4.37114E-08 -1
vn 0 -4.37114E-08 -1
vn 0 -4.37114E-08 -1
vn 0 4.37114E-08 1
vn 0 4.37114E-08 1
vn 0.60036199999999992 3.49573E-08 0.799729
vn 0.60036199999999992 3.49573E-08 0.799729
vn 0.60036199999999992 3.49573E-08 0.799729
vn 0.60036199999999992 3.49573E-08 0.799729
vn 0.999995 -1.43427E-10 -0.00328122
vn 0.999995 -1.43427E-10 -0.00328122
vn 0.999995 -1.43427E-10 -0.00328122
vn 0.999995 -1.43427E-10 -0.00328122
vn 0.842894 -2.35202E-08 -0.53808
vn 0.842894 -2.35202E-08 -0.53808
vn 0.842894 -2.35202E-08 -0.53808
vn 0.842894 -2.35202E-08 -0.53808
vn 0 -4.37114E-08 -1
vn 0 -4.37114E-08 -1
vn 0 -1 4.37114E-08
vn 0 -1 4.37114E-08
vn 0 -1 4.37114E-08
vn 0 -1 4.37114E-08
vn 0 -1 4.37114E-08
vn -0.68377 -0.68377 -0.254786
vn -0.68377 -0.68377 -0.254786
vn -0.68377 -0.68377 -0.254786
vn -8.08755E-17 -0.942189 -0.335083
vn -8.08755E-17 -0.942189 -0.335083
vn -8.08755E-17 -0.942189 -0.335083
vn -8.08755E-17 -0.942189 -0.335083
# 79 vertex normals

vt 0.409975 0.585441 0
vt 0.410085 0.544562 0
vt 0.385581 0.54461 0
vt 0.38547 0.585489 0
vt 0.280347 0.321704 0
vt 0.315075 0.341756 0
vt 0.268156 0.211317 0
vt 0.224411 0.17530000000000002 0
vt 0.229698 0.189136 0
vt 0.262511 0.27502 0
vt 0.385581 0.54461 0
vt 0.410085 0.544562 0
vt 0.410183 0.485721 0
vt 0.385684 0.48577 0
vt 0.317262 0.149868 0
vt 0.281034 0.132073 0
vt 0.233529 0.00857192 0
vt 0.271532 0.0366825 0
vt 0.409937 0.60922200000000008 0
vt 0.409975 0.585441 0
vt 0.38547 0.585489 0
vt 0.307019 0.609424 0
vt 0.52118 0.598374 0
vt 0.521396 0.575993 0
vt 0.521613 0.553611 0
vt 0.497573 0.553422 0
vt 0.497316 0.58021599999999992 0
vt 0.497146 0.598185 0
vt 0.349802 0.361809 0
vt 0.34704 0.217047 0
vt 0.229698 0.189136 0
vt 0.224411 0.17530000000000002 0
vt 0.198416 0.183649 0
vt 0.146475 0.200332 0
vt 0.134668 0.219658 0
vt 0.16911599999999998 0.305017 0
vt 0.262511 0.27502 0
vt 0.215693 0.34247 0
vt 0.25435200000000004 0.330053 0
vt 0.271532 0.0366825 0
vt 0.340705 0.035705 0
vt 0.341557 0.161802 0
vt 0.317262 0.149868 0
vt 0.223465 0.109831 0
vt 0.191311 0.0256292 0
vt 0.233529 0.00857192 0
vt 0.281034 0.132073 0
vt 0.449732 0.528458 0
vt 0.497573 0.553422 0
vt 0.521613 0.553611 0
vt 0.52185 0.529026 0
vt 0.306944 0.65345 0
vt 0.409863 0.653247 0
vt 0.409838 0.66608900000000008 0
vt 0.409863 0.653247 0
vt 0.306944 0.65345 0
vt 0.30692000000000004 0.666291 0
vt 0.52246 0.444984 0
vt 0.527462 0.365734 0
vt 0.426497 0.364938 0
vt 0.421495 0.444189 0
vt 0.522204 0.492463 0
vt 0.52246 0.444984 0
vt 0.421495 0.444189 0
vt 0.450086 0.491895 0
vt 0.522204 0.492463 0
vt 0.450086 0.491895 0
vt 0.15546199999999998 0.13730600000000002 0
vt 0.12612100000000002 0.06545280000000001 0
vt 0.138906 0.0468024 0
vt 0.191311 0.0256292 0
vt 0.223465 0.109831 0
vt 0.281034 0.132073 0
vt 0.238517 0.149251 0
vt 0.223465 0.109831 0
vt 0.199513 0.16500899999999998 0
vt 0.15546199999999998 0.13730600000000002 0
vt 0.223465 0.109831 0
vt 0.238517 0.149251 0
# 79 texture coords

g JetBaseRight_low
usemtl material_0
s 67108864
f 2705/2705/2705 2702/2702/2702 2703/2703/2703
f 2703/2703/2703 2704/2704/2704 2705/2705/2705
f 2711/2711/2711 2706/2706/2706 2707/2707/2707
f 2711/2711/2711 2707/2707/2707 2708/2708/2708
f 2711/2711/2711 2708/2708/2708 2709/2709/2709
f 2709/2709/2709 2710/2710/2710 2711/2711/2711
f 2715/2715/2715 2712/2712/2712 2713/2713/2713
f 2713/2713/2713 2714/2714/2714 2715/2715/2715
f 2719/2719/2719 2716/2716/2716 2717/2717/2717
f 2717/2717/2717 2718/2718/2718 2719/2719/2719
f 2723/2723/2723 2720/2720/2720 2721/2721/2721
f 2721/2721/2721 2722/2722/2722 2723/2723/2723
f 2729/2729/2729 2724/2724/2724 2725/2725/2725
f 2729/2729/2729 2725/2725/2725 2726/2726/2726
f 2729/2729/2729 2726/2726/2726 2727/2727/2727
f 2727/2727/2727 2728/2728/2728 2729/2729/2729
f 2708/2708/2708 2707/2707/2707 2730/2730/2730
f 2730/2730/2730 2731/2731/2731 2708/2708/2708
f 2736/2736/2736 2732/2732/2732 2733/2733/2733
f 2736/2736/2736 2733/2733/2733 2734/2734/2734
f 2734/2734/2734 2735/2735/2735 2736/2736/2736
f 2732/2732/2732 2736/2736/2736 2737/2737/2737
f 2737/2737/2737 2738/2738/2738 2732/2732/2732
f 2738/2738/2738 2737/2737/2737 2739/2739/2739
f 2738/2738/2738 2739/2739/2739 2740/2740/2740
f 2740/2740/2740 2706/2706/2706 2738/2738/2738
f 2744/2744/2744 2741/2741/2741 2742/2742/2742
f 2742/2742/2742 2743/2743/2743 2744/2744/2744
f 2748/2748/2748 2745/2745/2745 2746/2746/2746
f 2746/2746/2746 2747/2747/2747 2748/2748/2748
f 2752/2752/2752 2749/2749/2749 2750/2750/2750
f 2750/2750/2750 2751/2751/2751 2752/2752/2752
f 2720/2720/2720 2723/2723/2723 2753/2753/2753
f 2753/2753/2753 2754/2754/2754 2720/2720/2720
f 2758/2758/2758 2755/2755/2755 2756/2756/2756
f 2756/2756/2756 2757/2757/2757 2758/2758/2758
f 2762/2762/2762 2759/2759/2759 2760/2760/2760
f 2760/2760/2760 2761/2761/2761 2762/2762/2762
f 2766/2766/2766 2763/2763/2763 2764/2764/2764
f 2764/2764/2764 2765/2765/2765 2766/2766/2766
f 2749/2749/2749 2752/2752/2752 2767/2767/2767
f 2767/2767/2767 2768/2768/2768 2749/2749/2749
f 2773/2773/2773 2769/2769/2769 2770/2770/2770
f 2773/2773/2773 2770/2770/2770 2771/2771/2771
f 2771/2771/2771 2772/2772/2772 2773/2773/2773
f 2774/2774/2774 2775/2775/2775 2776/2776/2776
f 2780/2780/2780 2777/2777/2777 2778/2778/2778
f 2778/2778/2778 2779/2779/2779 2780/2780/2780
#48 polygons


#
# object JetRight_low
#

v 0.602637 -0.0569808 0.933749
v 0.58548999999999992 -0.0569808 1
v 0.577802 -0.0856736 1
v 0.59265199999999992 -0.0942472 0.933749
v 0.59265199999999992 -0.0197144 0.933749
v 0.577802 -0.028288 1
v 0.58548999999999992 -0.0569808 1
v 0.602637 -0.0569808 0.933749
v 0.571862 -0.0822442 1
v 0.577802 -0.0856736 1
v 0.58548999999999992 -0.0569808 1
v 0.578631 -0.0569808 1
v 0.59265199999999992 -0.0942472 0.933749
v 0.577802 -0.0856736 1
v 0.556797 -0.106678 1
v 0.56537099999999992 -0.121528 0.933749
v 0.577802 -0.028288 1
v 0.59265199999999992 -0.0197144 0.933749
v 0.56537099999999992 0.00756645 0.933749
v 0.556797 -0.00728338 1
v 0.577802 -0.028288 1
v 0.571862 -0.0317174 1
v 0.571862 -0.0822442 0.937061
v 0.571862 -0.0822442 1
v 0.578631 -0.0569808 1
v 0.578631 -0.0569808 0.937061
v 0.553368 -0.100738 1
v 0.556797 -0.106678 1
v 0.56537099999999992 -0.121528 0.933749
v 0.556797 -0.106678 1
v 0.52810500000000008 -0.114366 1
v 0.52810500000000008 -0.131514 0.933749
v 0.556797 -0.00728338 1
v 0.56537099999999992 0.00756645 0.933749
v 0.52810500000000008 0.0175519 0.933749
v 0.52810500000000008 0.000404835 1
v 0.556797 -0.00728338 1
v 0.553368 -0.0132233 1
v 0.578631 -0.0569808 0.937061
v 0.578631 -0.0569808 1
v 0.571862 -0.0317174 1
v 0.571862 -0.0317174 0.937061
v 0.571862 -0.0822442 1
v 0.571862 -0.0822442 0.937061
v 0.553368 -0.100738 0.937061
v 0.553368 -0.100738 1
v 0.578631 -0.0569808 0.937061
v 0.52810500000000008 -0.0569808 0.937061
v 0.52810500000000008 -0.0822442 0.937061
v 0.571862 -0.0822442 0.937061
v 0.52810500000000008 -0.107508 1
v 0.52810500000000008 -0.114366 1
v 0.52810500000000008 -0.131514 0.933749
v 0.52810500000000008 -0.114366 1
v 0.499412 -0.106678 1
v 0.490838 -0.121528 0.933749
v 0.52810500000000008 0.000404835 1
v 0.52810500000000008 0.0175519 0.933749
v 0.490838 0.00756645 0.933749
v 0.499412 -0.00728338 1
v 0.52810500000000008 0.000404835 1
v 0.52810500000000008 -0.00645401 1
v 0.571862 -0.0317174 0.937061
v 0.571862 -0.0317174 1
v 0.553368 -0.0132233 1
v 0.553368 -0.0132233 0.937061
v 0.571862 -0.0317174 0.937061
v 0.52810500000000008 -0.0317174 0.937061
v 0.52810500000000008 -0.107508 0.937061
v 0.553368 -0.100738 0.937061
v 0.553368 -0.100738 1
v 0.553368 -0.100738 0.937061
v 0.52810500000000008 -0.107508 0.937061
v 0.52810500000000008 -0.107508 1
v 0.477578 -0.0569808 0.937061
v 0.484347 -0.0822442 0.937061
v 0.502841 -0.100738 1
v 0.499412 -0.106678 1
v 0.490838 -0.121528 0.933749
v 0.499412 -0.106678 1
v 0.478407 -0.0856736 1
v 0.463557 -0.0942472 0.933749
v 0.463557 -0.0197144 0.933749
v 0.478407 -0.028288 1
v 0.499412 -0.00728338 1
v 0.490838 0.00756645 0.933749
v 0.499412 -0.00728338 1
v 0.502841 -0.0132233 1
v 0.553368 -0.0132233 0.937061
v 0.553368 -0.0132233 1
v 0.52810500000000008 -0.00645401 1
v 0.52810500000000008 -0.00645401 0.937061
v 0.52810500000000008 -0.00645401 0.937061
v 0.553368 -0.0132233 0.937061
v 0.484347 -0.0317174 0.937061
v 0.502841 -0.100738 0.937061
v 0.52810500000000008 -0.107508 1
v 0.52810500000000008 -0.107508 0.937061
v 0.502841 -0.100738 0.937061
v 0.502841 -0.100738 1
v 0.477578 -0.0569808 0.937061
v 0.477578 -0.0569808 1
v 0.484347 -0.0822442 1
v 0.484347 -0.0822442 0.937061
v 0.484347 -0.0822442 1
v 0.478407 -0.0856736 1
v 0.463557 -0.0942472 0.933749
v 0.478407 -0.0856736 1
v 0.470719 -0.0569808 1
v 0.453572 -0.0569808 0.933749
v 0.453572 -0.0569808 0.933749
v 0.470719 -0.0569808 1
v 0.478407 -0.028288 1
v 0.463557 -0.0197144 0.933749
v 0.478407 -0.028288 1
v 0.484347 -0.0317174 1
v 0.52810500000000008 -0.00645401 0.937061
v 0.52810500000000008 -0.00645401 1
v 0.502841 -0.0132233 1
v 0.502841 -0.0132233 0.937061
v 0.502841 -0.0132233 0.937061
v 0.484347 -0.0317174 0.937061
v 0.484347 -0.0317174 1
v 0.477578 -0.0569808 1
v 0.477578 -0.0569808 0.937061
v 0.484347 -0.0822442 0.937061
v 0.484347 -0.0822442 1
v 0.502841 -0.100738 1
v 0.502841 -0.100738 0.937061
v 0.477578 -0.0569808 1
v 0.470719 -0.0569808 1
v 0.502841 -0.0132233 0.937061
v 0.502841 -0.0132233 1
v 0.484347 -0.0317174 1
v 0.484347 -0.0317174 0.937061
# 135 vertices

vn 0.937086 -0.251091 0.242536
vn 0.937086 -0.251091 0.242536
vn 0.937086 -0.251091 0.242536
vn 0.937086 -0.251091 0.242536
vn 0.937086 0.251091 0.242536
vn 0.937086 0.251091 0.242536
vn 0.937086 0.251091 0.242536
vn 0.937086 0.251091 0.242536
vn 0 4.37114E-08 1
vn 0 4.37114E-08 1
vn 0 4.37114E-08 1
vn 0 4.37114E-08 1
vn 0.685994 -0.685994 0.242536
vn 0.685994 -0.685994 0.242536
vn 0.685994 -0.685994 0.242536
vn 0.685994 -0.685994 0.242536
vn 0.685994 0.685994 0.242536
vn 0.685994 0.685994 0.242536
vn 0.685994 0.685994 0.242536
vn 0.685994 0.685994 0.242536
vn 0 4.37114E-08 1
vn 0 4.37114E-08 1
vn -0.965926 0.25881900000000004 -1.13133E-08
vn -0.965926 0.25881900000000004 -1.13133E-08
vn -0.965926 0.25881900000000004 -1.13133E-08
vn -0.965926 0.25881900000000004 -1.13133E-08
vn 0 4.37114E-08 1
vn 0 4.37114E-08 1
vn 0.251091 -0.937086 0.242536
vn 0.251091 -0.937086 0.242536
vn 0.251091 -0.937086 0.242536
vn 0.251091 -0.937086 0.242536
vn 0.251091 0.937086 0.242536
vn 0.251091 0.937086 0.242536
vn 0.251091 0.937086 0.242536
vn 0.251091 0.937086 0.242536
vn 0 4.37114E-08 1
vn 0 4.37114E-08 1
vn -0.965926 -0.25881900000000004 1.13133E-08
vn -0.965926 -0.25881900000000004 1.13133E-08
vn -0.965926 -0.25881900000000004 1.13133E-08
vn -0.965926 -0.25881900000000004 1.13133E-08
vn -0.70710700000000008 0.70710700000000008 -3.09086E-08
vn -0.70710700000000008 0.70710700000000008 -3.09086E-08
vn -0.70710700000000008 0.70710700000000008 -3.09086E-08
vn -0.70710700000000008 0.70710700000000008 -3.09086E-08
vn 0 4.37114E-08 1
vn 0 4.37114E-08 1
vn 0 4.37114E-08 1
vn 0 4.37114E-08 1
vn 0 4.37114E-08 1
vn 0 4.37114E-08 1
vn -0.251091 -0.937086 0.242536
vn -0.251091 -0.937086 0.242536
vn -0.251091 -0.937086 0.242536
vn -0.251091 -0.937086 0.242536
vn -0.251091 0.937086 0.242536
vn -0.251091 0.937086 0.242536
vn -0.251091 0.937086 0.242536
vn -0.251091 0.937086 0.242536
vn 0 4.37114E-08 1
vn 0 4.37114E-08 1
vn -0.70710700000000008 -0.70710700000000008 3.09086E-08
vn -0.70710700000000008 -0.70710700000000008 3.09086E-08
vn -0.70710700000000008 -0.70710700000000008 3.09086E-08
vn -0.70710700000000008 -0.70710700000000008 3.09086E-08
vn 0 4.37114E-08 1
vn 0 4.37114E-08 1
vn 0 4.37114E-08 1
vn 0 4.37114E-08 1
vn -0.25881900000000004 0.965926 -4.2222E-08
vn -0.25881900000000004 0.965926 -4.2222E-08
vn -0.25881900000000004 0.965926 -4.2222E-08
vn -0.25881900000000004 0.965926 -4.2222E-08
vn 0 4.37114E-08 1
vn 0 4.37114E-08 1
vn 0 4.37114E-08 1
vn 0 4.37114E-08 1
vn -0.685994 -0.685994 0.242536
vn -0.685994 -0.685994 0.242536
vn -0.685994 -0.685994 0.242536
vn -0.685994 -0.685994 0.242536
vn -0.685994 0.685994 0.242536
vn -0.685994 0.685994 0.242536
vn -0.685994 0.685994 0.242536
vn -0.685994 0.685994 0.242536
vn 0 4.37114E-08 1
vn 0 4.37114E-08 1
vn -0.25881900000000004 -0.965926 4.2222E-08
vn -0.25881900000000004 -0.965926 4.2222E-08
vn -0.25881900000000004 -0.965926 4.2222E-08
vn -0.25881900000000004 -0.965926 4.2222E-08
vn 0 4.37114E-08 1
vn 0 4.37114E-08 1
vn 0 4.37114E-08 1
vn 0 4.37114E-08 1
vn 0.25881900000000004 0.965926 -4.2222E-08
vn 0.25881900000000004 0.965926 -4.2222E-08
vn 0.25881900000000004 0.965926 -4.2222E-08
vn 0.25881900000000004 0.965926 -4.2222E-08
vn 0.965926 0.25881900000000004 -1.13133E-08
vn 0.965926 0.25881900000000004 -1.13133E-08
vn 0.965926 0.25881900000000004 -1.13133E-08
vn 0.965926 0.25881900000000004 -1.13133E-08
vn 0 4.37114E-08 1
vn 0 4.37114E-08 1
vn -0.937086 -0.251091 0.242536
vn -0.937086 -0.251091 0.242536
vn -0.937086 -0.251091 0.242536
vn -0.937086 -0.251091 0.242536
vn -0.937086 0.251091 0.242536
vn -0.937086 0.251091 0.242536
vn -0.937086 0.251091 0.242536
vn -0.937086 0.251091 0.242536
vn 0 4.37114E-08 1
vn 0 4.37114E-08 1
vn 0.25881900000000004 -0.965926 4.2222E-08
vn 0.25881900000000004 -0.965926 4.2222E-08
vn 0.25881900000000004 -0.965926 4.2222E-08
vn 0.25881900000000004 -0.965926 4.2222E-08
vn 0 4.37114E-08 1
vn 0.965926 -0.25881900000000004 1.13133E-08
vn 0.965926 -0.25881900000000004 1.13133E-08
vn 0.965926 -0.25881900000000004 1.13133E-08
vn 0.965926 -0.25881900000000004 1.13133E-08
vn 0.70710700000000008 0.70710700000000008 -3.09086E-08
vn 0.70710700000000008 0.70710700000000008 -3.09086E-08
vn 0.70710700000000008 0.70710700000000008 -3.09086E-08
vn 0.70710700000000008 0.70710700000000008 -3.09086E-08
vn 0 4.37114E-08 1
vn 0 4.37114E-08 1
vn 0.70710700000000008 -0.70710700000000008 3.09086E-08
vn 0.70710700000000008 -0.70710700000000008 3.09086E-08
vn 0.70710700000000008 -0.70710700000000008 3.09086E-08
vn 0.70710700000000008 -0.70710700000000008 3.09086E-08
# 135 vertex normals

vt 0.132225 0.0906945 0
vt 0.0951769 0.0975609 0
vt 0.0887604 0.08393680000000001 0
vt 0.117343 0.059096 0
vt 0.129655 0.125527 0
vt 0.094069 0.11258 0
vt 0.0951769 0.0975609 0
vt 0.132225 0.0906945 0
vt 0.16483999999999998 0.15215799999999998 0
vt 0.167953 0.150255 0
vt 0.171981 0.166177 0
vt 0.168388 0.166177 0
vt 0.117343 0.059096 0
vt 0.0887604 0.08393680000000001 0
vt 0.0765387 0.0753577 0
vt 0.0889972 0.0391988 0
vt 0.094069 0.11258 0
vt 0.129655 0.125527 0
vt 0.110323 0.154261 0
vt 0.0857335 0.124969 0
vt 0.167953 0.1821 0
vt 0.16483999999999998 0.180197 0
vt 0.681221 0.155861 0
vt 0.681221 0.230764 0
vt 0.691738 0.230764 0
vt 0.691738 0.155861 0
vt 0.15515000000000002 0.141895 0
vt 0.156947 0.138599 0
vt 0.0889972 0.0391988 0
vt 0.0765387 0.0753577 0
vt 0.0617867 0.0741226 0
vt 0.054783 0.03633419999999999 0
vt 0.0857335 0.124969 0
vt 0.110323 0.154261 0
vt 0.07940759999999999 0.16919699999999998 0
vt 0.07240389999999999 0.131408 0
vt 0.156947 0.193756 0
vt 0.15515000000000002 0.19046 0
vt 0.691738 0.155861 0
vt 0.691738 0.230764 0
vt 0.702256 0.230764 0
vt 0.702256 0.155861 0
vt 0.681221 0.230764 0
vt 0.681221 0.155861 0
vt 0.67070300000000008 0.155861 0
vt 0.67070300000000008 0.230764 0
vt 0.168388 0.166177 0
vt 0.14191200000000002 0.166177 0
vt 0.14191200000000002 0.15215799999999998 0
vt 0.16483999999999998 0.15215799999999998 0
vt 0.14191200000000002 0.13813800000000002 0
vt 0.14191200000000002 0.134332 0
vt 0.054783 0.03633419999999999 0
vt 0.0617867 0.0741226 0
vt 0.0484572 0.0805623 0
vt 0.0238679 0.0512698 0
vt 0.07240389999999999 0.131408 0
vt 0.07940759999999999 0.16919699999999998 0
vt 0.0451934 0.166332 0
vt 0.057652 0.13017300000000002 0
vt 0.14191200000000002 0.198023 0
vt 0.14191200000000002 0.194217 0
vt 0.702256 0.155861 0
vt 0.702256 0.230764 0
vt 0.712774 0.230764 0
vt 0.712774 0.155861 0
vt 0.16483999999999998 0.180197 0
vt 0.14191200000000002 0.180197 0
vt 0.14191200000000002 0.13813800000000002 0
vt 0.15515000000000002 0.141895 0
vt 0.67070300000000008 0.230764 0
vt 0.67070300000000008 0.155861 0
vt 0.660185 0.155861 0
vt 0.660185 0.230764 0
vt 0.115436 0.166177 0
vt 0.118983 0.15215799999999998 0
vt 0.12867400000000002 0.141895 0
vt 0.12687699999999998 0.138599 0
vt 0.0238679 0.0512698 0
vt 0.0484572 0.0805623 0
vt 0.0401217 0.0929514 0
vt 0.00453542 0.08000359999999999 0
vt 0.0168478 0.146435 0
vt 0.0454304 0.121594 0
vt 0.057652 0.13017300000000002 0
vt 0.0451934 0.166332 0
vt 0.12687699999999998 0.193756 0
vt 0.12867400000000002 0.19046 0
vt 0.712774 0.155861 0
vt 0.712774 0.230764 0
vt 0.723291 0.230764 0
vt 0.723291 0.155861 0
vt 0.14191200000000002 0.194217 0
vt 0.15515000000000002 0.19046 0
vt 0.118983 0.180197 0
vt 0.12867400000000002 0.141895 0
vt 0.660185 0.230764 0
vt 0.660185 0.155861 0
vt 0.649667 0.155861 0
vt 0.649667 0.230764 0
vt 0.628632 0.155861 0
vt 0.628632 0.230764 0
vt 0.63915 0.230764 0
vt 0.63915 0.155861 0
vt 0.118983 0.15215799999999998 0
vt 0.115871 0.150255 0
vt 0.00453542 0.08000359999999999 0
vt 0.0401217 0.0929514 0
vt 0.03901389999999999 0.10797 0
vt 0.00196596 0.114837 0
vt 0.00196596 0.114837 0
vt 0.03901389999999999 0.10797 0
vt 0.0454304 0.121594 0
vt 0.0168478 0.146435 0
vt 0.115871 0.1821 0
vt 0.118983 0.180197 0
vt 0.597079 0.155861 0
vt 0.597079 0.230764 0
vt 0.60759700000000008 0.230764 0
vt 0.60759700000000008 0.155861 0
vt 0.12867400000000002 0.19046 0
vt 0.61811400000000008 0.155861 0
vt 0.61811400000000008 0.230764 0
vt 0.628632 0.230764 0
vt 0.628632 0.155861 0
vt 0.63915 0.155861 0
vt 0.63915 0.230764 0
vt 0.649667 0.230764 0
vt 0.649667 0.155861 0
vt 0.115436 0.166177 0
vt 0.111842 0.166177 0
vt 0.60759700000000008 0.155861 0
vt 0.60759700000000008 0.230764 0
vt 0.61811400000000008 0.230764 0
vt 0.61811400000000008 0.155861 0
# 135 texture coords

g JetRight_low
usemtl material_0
s 134217728
f 2784/2784/2784 2781/2781/2781 2782/2782/2782
f 2782/2782/2782 2783/2783/2783 2784/2784/2784
f 2788/2788/2788 2785/2785/2785 2786/2786/2786
f 2786/2786/2786 2787/2787/2787 2788/2788/2788
f 2792/2792/2792 2789/2789/2789 2790/2790/2790
f 2790/2790/2790 2791/2791/2791 2792/2792/2792
f 2796/2796/2796 2793/2793/2793 2794/2794/2794
f 2794/2794/2794 2795/2795/2795 2796/2796/2796
f 2800/2800/2800 2797/2797/2797 2798/2798/2798
f 2798/2798/2798 2799/2799/2799 2800/2800/2800
f 2802/2802/2802 2792/2792/2792 2791/2791/2791
f 2791/2791/2791 2801/2801/2801 2802/2802/2802
f 2806/2806/2806 2803/2803/2803 2804/2804/2804
f 2804/2804/2804 2805/2805/2805 2806/2806/2806
f 2789/2789/2789 2807/2807/2807 2808/2808/2808
f 2808/2808/2808 2790/2790/2790 2789/2789/2789
f 2812/2812/2812 2809/2809/2809 2810/2810/2810
f 2810/2810/2810 2811/2811/2811 2812/2812/2812
f 2816/2816/2816 2813/2813/2813 2814/2814/2814
f 2814/2814/2814 2815/2815/2815 2816/2816/2816
f 2801/2801/2801 2817/2817/2817 2818/2818/2818
f 2818/2818/2818 2802/2802/2802 2801/2801/2801
f 2822/2822/2822 2819/2819/2819 2820/2820/2820
f 2820/2820/2820 2821/2821/2821 2822/2822/2822
f 2826/2826/2826 2823/2823/2823 2824/2824/2824
f 2824/2824/2824 2825/2825/2825 2826/2826/2826
f 2830/2830/2830 2827/2827/2827 2828/2828/2828
f 2828/2828/2828 2829/2829/2829 2830/2830/2830
f 2807/2807/2807 2831/2831/2831 2832/2832/2832
f 2832/2832/2832 2808/2808/2808 2807/2807/2807
f 2836/2836/2836 2833/2833/2833 2834/2834/2834
f 2834/2834/2834 2835/2835/2835 2836/2836/2836
f 2840/2840/2840 2837/2837/2837 2838/2838/2838
f 2838/2838/2838 2839/2839/2839 2840/2840/2840
f 2842/2842/2842 2818/2818/2818 2817/2817/2817
f 2817/2817/2817 2841/2841/2841 2842/2842/2842
f 2846/2846/2846 2843/2843/2843 2844/2844/2844
f 2844/2844/2844 2845/2845/2845 2846/2846/2846
f 2827/2827/2827 2847/2847/2847 2848/2848/2848
f 2848/2848/2848 2828/2828/2828 2827/2827/2827
f 2830/2830/2830 2829/2829/2829 2849/2849/2849
f 2849/2849/2849 2850/2850/2850 2830/2830/2830
f 2854/2854/2854 2851/2851/2851 2852/2852/2852
f 2852/2852/2852 2853/2853/2853 2854/2854/2854
f 2856/2856/2856 2829/2829/2829 2828/2828/2828
f 2828/2828/2828 2855/2855/2855 2856/2856/2856
f 2831/2831/2831 2857/2857/2857 2858/2858/2858
f 2858/2858/2858 2832/2832/2832 2831/2831/2831
f 2862/2862/2862 2859/2859/2859 2860/2860/2860
f 2860/2860/2860 2861/2861/2861 2862/2862/2862
f 2866/2866/2866 2863/2863/2863 2864/2864/2864
f 2864/2864/2864 2865/2865/2865 2866/2866/2866
f 2868/2868/2868 2842/2842/2842 2841/2841/2841
f 2841/2841/2841 2867/2867/2867 2868/2868/2868
f 2872/2872/2872 2869/2869/2869 2870/2870/2870
f 2870/2870/2870 2871/2871/2871 2872/2872/2872
f 2874/2874/2874 2873/2873/2873 2848/2848/2848
f 2848/2848/2848 2847/2847/2847 2874/2874/2874
f 2855/2855/2855 2828/2828/2828 2848/2848/2848
f 2848/2848/2848 2875/2875/2875 2855/2855/2855
f 2876/2876/2876 2849/2849/2849 2829/2829/2829
f 2829/2829/2829 2856/2856/2856 2876/2876/2876
f 2880/2880/2880 2877/2877/2877 2878/2878/2878
f 2878/2878/2878 2879/2879/2879 2880/2880/2880
f 2884/2884/2884 2881/2881/2881 2882/2882/2882
f 2882/2882/2882 2883/2883/2883 2884/2884/2884
f 2857/2857/2857 2885/2885/2885 2886/2886/2886
f 2886/2886/2886 2858/2858/2858 2857/2857/2857
f 2890/2890/2890 2887/2887/2887 2888/2888/2888
f 2888/2888/2888 2889/2889/2889 2890/2890/2890
f 2894/2894/2894 2891/2891/2891 2892/2892/2892
f 2892/2892/2892 2893/2893/2893 2894/2894/2894
f 2896/2896/2896 2868/2868/2868 2867/2867/2867
f 2867/2867/2867 2895/2895/2895 2896/2896/2896
f 2900/2900/2900 2897/2897/2897 2898/2898/2898
f 2898/2898/2898 2899/2899/2899 2900/2900/2900
f 2875/2875/2875 2848/2848/2848 2873/2873/2873
f 2873/2873/2873 2901/2901/2901 2875/2875/2875
f 2905/2905/2905 2902/2902/2902 2903/2903/2903
f 2903/2903/2903 2904/2904/2904 2905/2905/2905
f 2909/2909/2909 2906/2906/2906 2907/2907/2907
f 2907/2907/2907 2908/2908/2908 2909/2909/2909
f 2885/2885/2885 2910/2910/2910 2911/2911/2911
f 2911/2911/2911 2886/2886/2886 2885/2885/2885
f 2910/2910/2910 2896/2896/2896 2895/2895/2895
f 2895/2895/2895 2911/2911/2911 2910/2910/2910
f 2915/2915/2915 2912/2912/2912 2913/2913/2913
f 2913/2913/2913 2914/2914/2914 2915/2915/2915
#88 polygons


#
# object GunConnectRight_low
#

v 0.389733 0.0347398 0.0381465
v 0.489412 0.0347398 0.0407629
v 0.491872 0.0347398 -0.0529567
v 0.38582 0.0347398 -0.0557404
v 0.519172 0.0175519 0.0415441
v 0.489412 0.0347398 0.0407629
v 0.389733 0.0347398 0.0381465
v 0.389733 0.0175519 0.0381465
v 0.38582 0.0175519 -0.0557404
v 0.38582 0.0347398 -0.0557404
v 0.491872 0.0347398 -0.0529567
v 0.521632 0.0175519 -0.0521755
v 0.389733 0.000364065 0.0381465
v 0.489412 0.000364065 0.0407629
v 0.521632 0.0175519 -0.0521755
v 0.491872 0.000364061 -0.0529567
v 0.38582 0.000364061 -0.0557404
v 0.38582 0.0175519 -0.0557404
v 0.38582 0.000364061 -0.0557404
v 0.491872 0.000364061 -0.0529567
v 0.489412 0.000364065 0.0407629
v 0.389733 0.000364065 0.0381465
# 22 vertices

vn 0 1 -4.37114E-08
vn 0 1 -4.37114E-08
vn 0 1 -4.37114E-08
vn 0 1 -4.37114E-08
vn -0.0262399 4.36963E-08 0.999656
vn -0.0262399 4.36963E-08 0.999656
vn -0.0262399 4.36963E-08 0.999656
vn -0.0262399 4.36963E-08 0.999656
vn 0.0262399 -4.36963E-08 -0.999656
vn 0.0262399 -4.36963E-08 -0.999656
vn 0.0262399 -4.36963E-08 -0.999656
vn 0.0262399 -4.36963E-08 -0.999656
vn -0.0262399 4.36963E-08 0.999656
vn -0.0262399 4.36963E-08 0.999656
vn 0.0262399 -4.36963E-08 -0.999656
vn 0.0262399 -4.36963E-08 -0.999656
vn 0.0262399 -4.36963E-08 -0.999656
vn 0.0262399 -4.36963E-08 -0.999656
vn 0 -1 4.37114E-08
vn 0 -1 4.37114E-08
vn 0 -1 4.37114E-08
vn 0 -1 4.37114E-08
# 22 vertex normals

vt 0.120787 0.32760099999999996 0
vt 0.172595 0.32862599999999996 0
vt 0.173241 0.363856 0
vt 0.11812 0.362759 0
vt 0.188173 0.322847 0
vt 0.172595 0.32862599999999996 0
vt 0.120787 0.32760099999999996 0
vt 0.120902 0.321205 0
vt 0.117995 0.369671 0
vt 0.11812 0.362759 0
vt 0.173241 0.363856 0
vt 0.188579 0.371393 0
vt 0.121031 0.313987 0
vt 0.17283200000000002 0.31549 0
vt 0.188579 0.371393 0
vt 0.172984 0.378176 0
vt 0.117871 0.376583 0
vt 0.117995 0.369671 0
vt 0.117871 0.376583 0
vt 0.172984 0.378176 0
vt 0.171013 0.416633 0
vt 0.119213 0.41513 0
# 22 texture coords

g GunConnectRight_low
usemtl material_0
s 268435456
f 2919/2919/2919 2916/2916/2916 2917/2917/2917
f 2917/2917/2917 2918/2918/2918 2919/2919/2919
f 2923/2923/2923 2920/2920/2920 2921/2921/2921
f 2921/2921/2921 2922/2922/2922 2923/2923/2923
f 2927/2927/2927 2924/2924/2924 2925/2925/2925
f 2925/2925/2925 2926/2926/2926 2927/2927/2927
f 2920/2920/2920 2923/2923/2923 2928/2928/2928
f 2928/2928/2928 2929/2929/2929 2920/2920/2920
f 2933/2933/2933 2930/2930/2930 2931/2931/2931
f 2931/2931/2931 2932/2932/2932 2933/2933/2933
f 2937/2937/2937 2934/2934/2934 2935/2935/2935
f 2935/2935/2935 2936/2936/2936 2937/2937/2937
#12 polygons

