# Blender 4.1.0
# www.blender.org
mtllib n_space_station.mtl
o Space_Station
v 0.205160 0.179446 0.044879
v 0.231931 0.201357 0.040265
v 0.205160 0.179446 -0.045436
v 0.231931 0.201357 -0.040821
v 0.217447 0.175375 0.044879
v 0.242963 0.197702 0.040265
v 0.217447 0.175375 -0.045436
v 0.242963 0.197702 -0.040821
v 0.280784 0.185170 -0.070130
v 0.259573 0.161417 -0.078080
v 0.259573 0.161417 0.077524
v 0.280784 0.185170 0.069574
v 0.911757 -0.073409 -0.033315
v 0.903590 -0.110245 -0.037075
v 0.903590 -0.110245 0.036519
v 0.911757 -0.073409 0.032759
v 0.901523 -0.091701 0.015481
v 0.899491 -0.096569 0.017666
v 0.898649 -0.098586 0.022942
v 0.899491 -0.096569 0.028217
v 0.901523 -0.091701 0.030402
v 0.903554 -0.086833 0.028217
v 0.904395 -0.084816 0.022942
v 0.903554 -0.086833 0.017666
v 1.027361 -0.144214 0.015481
v 1.025329 -0.149083 0.017666
v 1.024488 -0.151099 0.022942
v 1.025329 -0.149083 0.028217
v 1.027361 -0.144214 0.030402
v 1.029392 -0.139346 0.028217
v 1.030234 -0.137330 0.022942
v 1.029392 -0.139346 0.017666
v 1.036615 -0.154884 0.016659
v 1.039034 -0.149086 0.014057
v 1.027361 -0.144214 0.014057
v 1.035613 -0.157285 0.022942
v 1.036615 -0.154884 0.029224
v 1.039034 -0.149086 0.031826
v 1.041454 -0.143288 0.029224
v 1.042456 -0.140886 0.022942
v 1.041454 -0.143288 0.016659
v 1.024941 -0.150012 0.016659
v 1.023939 -0.152414 0.022942
v 1.024941 -0.150012 0.029224
v 1.027361 -0.144214 0.031826
v 1.029780 -0.138416 0.029224
v 1.030782 -0.136015 0.022942
v 1.029780 -0.138416 0.016659
v 0.901523 -0.091701 -0.016038
v 0.899491 -0.096569 -0.018223
v 0.898649 -0.098586 -0.023498
v 0.899491 -0.096569 -0.028773
v 0.901523 -0.091701 -0.030958
v 0.903554 -0.086833 -0.028773
v 0.904395 -0.084816 -0.023498
v 0.903554 -0.086833 -0.018223
v 1.027361 -0.144214 -0.016038
v 1.025329 -0.149083 -0.018223
v 1.024488 -0.151099 -0.023498
v 1.025329 -0.149083 -0.028773
v 1.027361 -0.144214 -0.030958
v 1.029392 -0.139346 -0.028773
v 1.030234 -0.137330 -0.023498
v 1.029392 -0.139346 -0.018223
v 1.036615 -0.154884 -0.017215
v 1.039034 -0.149086 -0.014613
v 1.027361 -0.144214 -0.014613
v 1.035613 -0.157285 -0.023498
v 1.036615 -0.154884 -0.029780
v 1.039034 -0.149086 -0.032383
v 1.041454 -0.143288 -0.029780
v 1.042456 -0.140886 -0.023498
v 1.041454 -0.143288 -0.017215
v 1.024941 -0.150012 -0.017215
v 1.023939 -0.152414 -0.023498
v 1.024941 -0.150012 -0.029780
v 1.027361 -0.144214 -0.032383
v 1.029780 -0.138416 -0.029780
v 1.030782 -0.136015 -0.023498
v 1.029780 -0.138416 -0.017215
v 0.106052 0.179446 -0.181846
v 0.109936 0.201357 -0.208734
v 0.020157 0.179446 -0.209755
v 0.032818 0.201357 -0.233790
v 0.109849 0.175375 -0.193532
v 0.113345 0.197702 -0.219225
v 0.023954 0.175375 -0.221441
v 0.036227 0.197702 -0.244282
v 0.020040 0.185170 -0.289309
v 0.005925 0.161417 -0.271593
v 0.153913 0.161417 -0.223508
v 0.152906 0.185170 -0.246138
v 0.250035 -0.073409 -0.878024
v 0.243935 -0.110245 -0.871418
v 0.313927 -0.110245 -0.848676
v 0.312875 -0.073409 -0.857606
v 0.293280 -0.091701 -0.853211
v 0.294731 -0.096569 -0.850604
v 0.299488 -0.098586 -0.848173
v 0.304765 -0.096569 -0.847344
v 0.307471 -0.091701 -0.848600
v 0.306020 -0.086833 -0.851208
v 0.301263 -0.084816 -0.853638
v 0.295986 -0.086833 -0.854468
v 0.332167 -0.144214 -0.972890
v 0.333617 -0.149083 -0.970283
v 0.338374 -0.151099 -0.967853
v 0.343651 -0.149083 -0.967023
v 0.346357 -0.144214 -0.968280
v 0.344906 -0.139346 -0.970887
v 0.340149 -0.137330 -0.973318
v 0.334872 -0.139346 -0.974147
v 0.336146 -0.154884 -0.981328
v 0.334419 -0.149086 -0.984433
v 0.330812 -0.144214 -0.973331
v 0.341812 -0.157285 -0.978433
v 0.348096 -0.154884 -0.977445
v 0.351319 -0.149086 -0.978942
v 0.349592 -0.143288 -0.982047
v 0.343926 -0.140887 -0.984942
v 0.337642 -0.143288 -0.985930
v 0.332539 -0.150012 -0.970225
v 0.338204 -0.152414 -0.967331
v 0.344489 -0.150012 -0.966343
v 0.347711 -0.144214 -0.967840
v 0.345984 -0.138417 -0.970945
v 0.340319 -0.136015 -0.973840
v 0.334034 -0.138417 -0.974828
v 0.263304 -0.091701 -0.862951
v 0.260598 -0.096569 -0.861694
v 0.255321 -0.098586 -0.862524
v 0.250564 -0.096569 -0.864954
v 0.249114 -0.091701 -0.867562
v 0.251820 -0.086833 -0.868819
v 0.257097 -0.084816 -0.867989
v 0.261854 -0.086833 -0.865558
v 0.302190 -0.144214 -0.982631
v 0.299484 -0.149083 -0.981374
v 0.294207 -0.151099 -0.982203
v 0.289450 -0.149083 -0.984634
v 0.288000 -0.144214 -0.987241
v 0.290706 -0.139346 -0.988498
v 0.295983 -0.137330 -0.987668
v 0.300740 -0.139346 -0.985238
v 0.303930 -0.154884 -0.991796
v 0.307152 -0.149086 -0.993292
v 0.303545 -0.144214 -0.982190
v 0.297645 -0.157285 -0.992784
v 0.291980 -0.154884 -0.995678
v 0.290253 -0.149086 -0.998783
v 0.293475 -0.143288 -1.000280
v 0.299760 -0.140887 -0.999292
v 0.305425 -0.143288 -0.996398
v 0.300322 -0.150012 -0.980693
v 0.294038 -0.152414 -0.981681
v 0.288372 -0.150012 -0.984576
v 0.286645 -0.144214 -0.987681
v 0.289868 -0.138417 -0.989178
v 0.296152 -0.136015 -0.988190
v 0.301818 -0.138417 -0.985296
v -0.140203 0.179446 -0.157651
v -0.164574 0.201357 -0.169654
v -0.193289 0.179446 -0.084584
v -0.212236 0.201357 -0.104054
v -0.150144 0.175375 -0.164873
v -0.173499 0.197702 -0.176138
v -0.203230 0.175375 -0.091807
v -0.221160 0.197702 -0.110538
v -0.268986 0.185170 -0.109057
v -0.256498 0.161417 -0.090158
v -0.165037 0.161417 -0.216044
v -0.186870 0.185170 -0.222080
v -0.757815 -0.073409 -0.509718
v -0.753417 -0.110245 -0.501875
v -0.710159 -0.110245 -0.561414
v -0.718978 -0.073409 -0.563173
v -0.720853 -0.091701 -0.543179
v -0.717925 -0.096569 -0.543753
v -0.714143 -0.098586 -0.547526
v -0.711723 -0.096569 -0.552288
v -0.712083 -0.091701 -0.555250
v -0.715010 -0.086833 -0.554676
v -0.718792 -0.084816 -0.550903
v -0.721212 -0.086833 -0.546141
v -0.822658 -0.144214 -0.617145
v -0.819730 -0.149083 -0.617719
v -0.815948 -0.151099 -0.621492
v -0.813529 -0.149083 -0.626254
v -0.813888 -0.144214 -0.629216
v -0.816816 -0.139346 -0.628643
v -0.820597 -0.137330 -0.624869
v -0.823017 -0.139346 -0.620107
v -0.829452 -0.154884 -0.623537
v -0.832939 -0.149086 -0.622854
v -0.823495 -0.144214 -0.615993
v -0.824949 -0.157285 -0.628031
v -0.822067 -0.154884 -0.633702
v -0.822495 -0.149086 -0.637230
v -0.825982 -0.143288 -0.636547
v -0.830485 -0.140886 -0.632053
v -0.833367 -0.143288 -0.626382
v -0.820008 -0.150012 -0.616676
v -0.815505 -0.152414 -0.621169
v -0.812623 -0.150012 -0.626841
v -0.813051 -0.144214 -0.630368
v -0.816537 -0.138417 -0.629685
v -0.821041 -0.136015 -0.625192
v -0.823923 -0.138417 -0.619520
v -0.739379 -0.091701 -0.517680
v -0.739020 -0.096569 -0.514718
v -0.741440 -0.098586 -0.509956
v -0.745221 -0.096569 -0.506182
v -0.748149 -0.091701 -0.505609
v -0.748508 -0.086833 -0.508571
v -0.746088 -0.084816 -0.513333
v -0.742307 -0.086833 -0.517106
v -0.841184 -0.144214 -0.591646
v -0.840825 -0.149083 -0.588684
v -0.843245 -0.151099 -0.583921
v -0.847027 -0.149083 -0.580148
v -0.849954 -0.144214 -0.579575
v -0.850314 -0.139346 -0.582537
v -0.847894 -0.137330 -0.587299
v -0.844112 -0.139346 -0.591072
v -0.849363 -0.154884 -0.596132
v -0.849791 -0.149086 -0.599660
v -0.840347 -0.144214 -0.592798
v -0.852245 -0.157285 -0.590461
v -0.856749 -0.154884 -0.585967
v -0.860236 -0.149086 -0.585284
v -0.860663 -0.143288 -0.588811
v -0.857782 -0.140886 -0.594483
v -0.853278 -0.143288 -0.598977
v -0.839919 -0.150012 -0.589271
v -0.842801 -0.152414 -0.583599
v -0.847305 -0.150012 -0.579105
v -0.850792 -0.144214 -0.578422
v -0.851219 -0.138417 -0.581950
v -0.848338 -0.136015 -0.587621
v -0.843834 -0.138417 -0.592115
v -0.193289 0.179446 0.084028
v -0.212236 0.201357 0.103497
v -0.140203 0.179446 0.157095
v -0.164574 0.201357 0.169097
v -0.203230 0.175375 0.091250
v -0.221160 0.197702 0.109982
v -0.150144 0.175375 0.164317
v -0.173499 0.197702 0.175582
v -0.186870 0.185170 0.221524
v -0.165036 0.161417 0.215488
v -0.256498 0.161417 0.089601
v -0.268986 0.185170 0.108501
v -0.718978 -0.073409 0.562617
v -0.710159 -0.110245 0.560858
v -0.753417 -0.110245 0.501319
v -0.757814 -0.073409 0.509162
v -0.739379 -0.091701 0.517124
v -0.739020 -0.096569 0.514162
v -0.741439 -0.098586 0.509399
v -0.745221 -0.096569 0.505626
v -0.748149 -0.091701 0.505053
v -0.748508 -0.086833 0.508015
v -0.746088 -0.084816 0.512777
v -0.742307 -0.086833 0.516550
v -0.841184 -0.144214 0.591090
v -0.840825 -0.149083 0.588128
v -0.843245 -0.151099 0.583365
v -0.847026 -0.149083 0.579592
v -0.849954 -0.144214 0.579019
v -0.850314 -0.139346 0.581981
v -0.847894 -0.137330 0.586743
v -0.844112 -0.139346 0.590516
v -0.849363 -0.154884 0.595576
v -0.849791 -0.149086 0.599104
v -0.840347 -0.144214 0.592242
v -0.852245 -0.157285 0.589904
v -0.856749 -0.154884 0.585411
v -0.860236 -0.149086 0.584728
v -0.860663 -0.143288 0.588255
v -0.857782 -0.140886 0.593927
v -0.853278 -0.143288 0.598420
v -0.839919 -0.150012 0.588715
v -0.842801 -0.152414 0.583043
v -0.847305 -0.150012 0.578550
v -0.850792 -0.144214 0.577866
v -0.851219 -0.138416 0.581394
v -0.848338 -0.136015 0.587065
v -0.843834 -0.138416 0.591559
v -0.720853 -0.091701 0.542623
v -0.717924 -0.096569 0.543197
v -0.714143 -0.098586 0.546970
v -0.711723 -0.096569 0.551732
v -0.712083 -0.091701 0.554694
v -0.715010 -0.086833 0.554120
v -0.718792 -0.084816 0.550347
v -0.721212 -0.086833 0.545585
v -0.822658 -0.144214 0.616589
v -0.819730 -0.149083 0.617163
v -0.815948 -0.151099 0.620936
v -0.813529 -0.149083 0.625698
v -0.813888 -0.144214 0.628660
v -0.816816 -0.139346 0.628086
v -0.820597 -0.137330 0.624313
v -0.823017 -0.139346 0.619551
v -0.829452 -0.154884 0.622981
v -0.832939 -0.149086 0.622298
v -0.823495 -0.144214 0.615437
v -0.824949 -0.157285 0.627475
v -0.822067 -0.154884 0.633147
v -0.822495 -0.149086 0.636674
v -0.825981 -0.143288 0.635991
v -0.830485 -0.140886 0.631497
v -0.833367 -0.143288 0.625826
v -0.820008 -0.150012 0.616120
v -0.815505 -0.152414 0.620613
v -0.812623 -0.150012 0.626285
v -0.813051 -0.144214 0.629812
v -0.816537 -0.138416 0.629129
v -0.821041 -0.136015 0.624636
v -0.823923 -0.138416 0.618964
v 0.020157 0.179446 0.209199
v 0.032818 0.201357 0.233234
v 0.106052 0.179446 0.181290
v 0.109936 0.201357 0.208177
v 0.023954 0.175375 0.220885
v 0.036227 0.197702 0.243726
v 0.109849 0.175375 0.192976
v 0.113345 0.197702 0.218669
v 0.152906 0.185170 0.245582
v 0.153913 0.161417 0.222952
v 0.005925 0.161417 0.271036
v 0.020041 0.185170 0.288753
v 0.312875 -0.073409 0.857050
v 0.313927 -0.110245 0.848120
v 0.243935 -0.110245 0.870862
v 0.250035 -0.073409 0.877468
v 0.263304 -0.091701 0.862395
v 0.260598 -0.096569 0.861138
v 0.255321 -0.098586 0.861968
v 0.250564 -0.096569 0.864398
v 0.249114 -0.091701 0.867005
v 0.251820 -0.086833 0.868262
v 0.257097 -0.084816 0.867433
v 0.261854 -0.086833 0.865002
v 0.302190 -0.144214 0.982074
v 0.299484 -0.149083 0.980817
v 0.294207 -0.151099 0.981647
v 0.289450 -0.149083 0.984078
v 0.288000 -0.144214 0.986685
v 0.290706 -0.139346 0.987942
v 0.295983 -0.137330 0.987112
v 0.300740 -0.139346 0.984682
v 0.303930 -0.154884 0.991239
v 0.307152 -0.149086 0.992736
v 0.303545 -0.144214 0.981634
v 0.297645 -0.157285 0.992227
v 0.291980 -0.154884 0.995122
v 0.290253 -0.149086 0.998227
v 0.293475 -0.143288 0.999724
v 0.299760 -0.140886 0.998736
v 0.305425 -0.143288 0.995841
v 0.300322 -0.150012 0.980137
v 0.294038 -0.152414 0.981125
v 0.288372 -0.150012 0.984020
v 0.286645 -0.144214 0.987125
v 0.289868 -0.138416 0.988622
v 0.296152 -0.136015 0.987634
v 0.301818 -0.138416 0.984739
v 0.293280 -0.091701 0.852655
v 0.294731 -0.096569 0.850048
v 0.299488 -0.098586 0.847617
v 0.304765 -0.096569 0.846787
v 0.307471 -0.091701 0.848044
v 0.306020 -0.086833 0.850652
v 0.301263 -0.084816 0.853082
v 0.295986 -0.086833 0.853912
v 0.332167 -0.144214 0.972334
v 0.333617 -0.149083 0.969727
v 0.338374 -0.151099 0.967296
v 0.343651 -0.149083 0.966467
v 0.346357 -0.144214 0.967724
v 0.344906 -0.139346 0.970331
v 0.340149 -0.137330 0.972761
v 0.334872 -0.139346 0.973591
v 0.336146 -0.154884 0.980771
v 0.334419 -0.149086 0.983877
v 0.330812 -0.144214 0.972775
v 0.341812 -0.157285 0.977877
v 0.348096 -0.154884 0.976889
v 0.351319 -0.149086 0.978386
v 0.349592 -0.143288 0.981491
v 0.343926 -0.140886 0.984386
v 0.337642 -0.143288 0.985373
v 0.332539 -0.150012 0.969669
v 0.338204 -0.152414 0.966775
v 0.344489 -0.150012 0.965787
v 0.347712 -0.144214 0.967283
v 0.345984 -0.138416 0.970389
v 0.340319 -0.136015 0.973283
v 0.334034 -0.138416 0.974271
v 0.006264 -0.667179 0.057845
v 0.009253 -0.667179 0.059285
v 0.009991 -0.667179 0.062519
v 0.007923 -0.667179 0.065113
v 0.004605 -0.667179 0.065113
v 0.002537 -0.667179 0.062519
v 0.003275 -0.667179 0.059285
v 0.006264 -0.770171 0.057845
v 0.009253 -0.770171 0.059285
v 0.009991 -0.770171 0.062519
v 0.007923 -0.770171 0.065113
v 0.004605 -0.770171 0.065113
v 0.002537 -0.770171 0.062519
v 0.003275 -0.770171 0.059285
v 0.009800 -0.777086 0.058848
v 0.006264 -0.777086 0.057146
v 0.006264 -0.770171 0.057146
v 0.010673 -0.777086 0.062675
v 0.008226 -0.777086 0.065743
v 0.004302 -0.777086 0.065743
v 0.001855 -0.777086 0.062675
v 0.002728 -0.777086 0.058848
v 0.009800 -0.770171 0.058848
v 0.010673 -0.770171 0.062675
v 0.008226 -0.770171 0.065743
v 0.004302 -0.770171 0.065743
v 0.001855 -0.770171 0.062675
v 0.002728 -0.770171 0.058848
v -0.009199 0.533495 0.013387
v -0.006210 0.533495 0.014826
v -0.005472 0.533495 0.018061
v -0.007540 0.533495 0.020654
v -0.010857 0.533495 0.020654
v -0.012926 0.533495 0.018061
v -0.012188 0.533495 0.014826
v -0.009199 0.636487 0.013387
v -0.006210 0.636487 0.014826
v -0.005472 0.636487 0.018061
v -0.007540 0.636487 0.020654
v -0.010857 0.636487 0.020654
v -0.012926 0.636487 0.018061
v -0.012188 0.636487 0.014826
v -0.005663 0.643402 0.014390
v -0.009199 0.643402 0.012687
v -0.009199 0.636487 0.012687
v -0.004789 0.643402 0.018216
v -0.007236 0.643402 0.021285
v -0.011161 0.643402 0.021285
v -0.013608 0.643402 0.018216
v -0.012735 0.643402 0.014390
v -0.005663 0.636487 0.014390
v -0.004789 0.636487 0.018216
v -0.007236 0.636487 0.021285
v -0.011161 0.636487 0.021285
v -0.013608 0.636487 0.018216
v -0.012735 0.636487 0.014390
v -0.002369 0.533495 -0.009088
v 0.000620 0.533495 -0.007649
v 0.001358 0.533495 -0.004415
v -0.000710 0.533495 -0.001821
v -0.004027 0.533495 -0.001821
v -0.006096 0.533495 -0.004415
v -0.005358 0.533495 -0.007649
v -0.002369 0.720685 -0.009088
v 0.000620 0.720685 -0.007649
v 0.001358 0.720685 -0.004415
v -0.000710 0.720685 -0.001821
v -0.004027 0.720685 -0.001821
v -0.006096 0.720685 -0.004415
v -0.005358 0.720685 -0.007649
v 0.001167 0.733254 -0.008085
v -0.002369 0.733254 -0.009788
v -0.002369 0.720685 -0.009788
v 0.002041 0.733254 -0.004259
v -0.000406 0.733254 -0.001190
v -0.004331 0.733254 -0.001190
v -0.006778 0.733254 -0.004259
v -0.005905 0.733254 -0.008085
v 0.001167 0.720685 -0.008085
v 0.002041 0.720685 -0.004259
v -0.000406 0.720685 -0.001190
v -0.004331 0.720685 -0.001190
v -0.006778 0.720685 -0.004259
v -0.005905 0.720685 -0.008085
v 0.028204 0.533495 -0.019323
v 0.031193 0.533495 -0.017884
v 0.031931 0.533495 -0.014650
v 0.029863 0.533495 -0.012056
v 0.026546 0.533495 -0.012056
v 0.024477 0.533495 -0.014650
v 0.025215 0.533495 -0.017884
v 0.028204 0.613301 -0.019323
v 0.031193 0.613301 -0.017884
v 0.031931 0.613301 -0.014650
v 0.029863 0.613301 -0.012056
v 0.026546 0.613301 -0.012056
v 0.024477 0.613301 -0.014650
v 0.025215 0.613301 -0.017884
v 0.031740 0.618660 -0.018320
v 0.028204 0.618660 -0.020023
v 0.028204 0.613301 -0.020023
v 0.032614 0.618660 -0.014494
v 0.030166 0.618660 -0.011425
v 0.026242 0.618660 -0.011425
v 0.023795 0.618660 -0.014494
v 0.024668 0.618660 -0.018320
v 0.031740 0.613301 -0.018320
v 0.032614 0.613301 -0.014494
v 0.030166 0.613301 -0.011425
v 0.026242 0.613301 -0.011425
v 0.023795 0.613301 -0.014494
v 0.024668 0.613301 -0.018320
v -0.048516 -0.632154 -0.023901
v -0.045527 -0.632154 -0.022462
v -0.044789 -0.632154 -0.019228
v -0.046858 -0.632154 -0.016634
v -0.050175 -0.632154 -0.016634
v -0.052243 -0.632154 -0.019228
v -0.051505 -0.632154 -0.022462
v -0.048516 -0.819344 -0.023901
v -0.045527 -0.819344 -0.022462
v -0.044789 -0.819344 -0.019228
v -0.046858 -0.819344 -0.016634
v -0.050175 -0.819344 -0.016634
v -0.052243 -0.819344 -0.019228
v -0.051505 -0.819344 -0.022462
v -0.044980 -0.831914 -0.022898
v -0.048516 -0.831914 -0.024601
v -0.048516 -0.819344 -0.024601
v -0.044107 -0.831914 -0.019072
v -0.046554 -0.831914 -0.016004
v -0.050479 -0.831914 -0.016004
v -0.052926 -0.831914 -0.019072
v -0.052052 -0.831914 -0.022898
v -0.044980 -0.819344 -0.022898
v -0.044107 -0.819344 -0.019072
v -0.046554 -0.819344 -0.016004
v -0.050479 -0.819344 -0.016004
v -0.052926 -0.819344 -0.019072
v -0.052052 -0.819344 -0.022898
v 0.060812 -0.662165 -0.004101
v 0.063801 -0.662165 -0.002662
v 0.064539 -0.662165 0.000573
v 0.062471 -0.662165 0.003166
v 0.059153 -0.662165 0.003166
v 0.057085 -0.662165 0.000573
v 0.057823 -0.662165 -0.002662
v 0.060812 -0.741972 -0.004101
v 0.063801 -0.741972 -0.002662
v 0.064539 -0.741972 0.000573
v 0.062471 -0.741972 0.003166
v 0.059153 -0.741972 0.003166
v 0.057085 -0.741972 0.000573
v 0.057823 -0.741972 -0.002662
v 0.064348 -0.747330 -0.003098
v 0.060812 -0.747330 -0.004801
v 0.060812 -0.741972 -0.004801
v 0.065221 -0.747330 0.000728
v 0.062774 -0.747330 0.003797
v 0.058850 -0.747330 0.003797
v 0.056403 -0.747330 0.000728
v 0.057276 -0.747330 -0.003098
v 0.064348 -0.741972 -0.003098
v 0.065221 -0.741972 0.000728
v 0.062774 -0.741972 0.003797
v 0.058850 -0.741972 0.003797
v 0.056403 -0.741972 0.000728
v 0.057276 -0.741972 -0.003098
v 0.049371 -0.207603 0.001334
v 0.049371 -0.207603 0.002826
v 0.049371 -0.128794 0.001334
v 0.049371 -0.128794 0.002826
v 0.049371 -0.207603 -0.001890
v 0.049371 -0.207603 -0.003382
v 0.049371 -0.128794 -0.001890
v 0.049371 -0.128794 -0.003382
v 0.021591 -0.207603 -0.001890
v 0.021591 -0.207603 -0.003382
v 0.021591 -0.207603 0.001334
v 0.021591 -0.207603 0.002826
v 0.021591 -0.128794 0.001334
v 0.021591 -0.128794 0.002826
v 0.021591 -0.128794 -0.001890
v 0.021591 -0.128794 -0.003382
v 0.048625 -0.133156 -0.002636
v 0.050117 -0.128048 -0.002636
v 0.050117 -0.208350 -0.002636
v 0.048625 -0.206857 -0.002636
v 0.020845 -0.208350 -0.002636
v 0.022646 -0.206857 -0.002636
v 0.048625 -0.203242 0.002080
v 0.050117 -0.208350 0.002080
v 0.050117 -0.128048 0.002080
v 0.048625 -0.129540 0.002080
v 0.020845 -0.128048 0.002080
v 0.022646 -0.129540 0.002080
v 0.022338 -0.206857 0.002080
v 0.020845 -0.208350 0.002080
v 0.048317 -0.206857 0.002080
v 0.022338 -0.133156 0.002080
v 0.022338 -0.129540 -0.002636
v 0.020845 -0.128048 -0.002636
v 0.048317 -0.129540 -0.002636
v 0.022338 -0.203242 -0.002636
v 0.016503 -0.356287 0.004871
v 0.016503 -0.356287 0.007740
v 0.016503 -0.294824 0.004871
v 0.016503 -0.294824 0.007740
v 0.016503 -0.356287 -0.005428
v 0.016503 -0.356287 -0.008296
v 0.016503 -0.294824 -0.005428
v 0.016503 -0.294824 -0.008296
v 0.077967 -0.356287 0.004871
v 0.077967 -0.356287 0.007740
v 0.077967 -0.294824 0.004871
v 0.077967 -0.294824 0.007740
v 0.077967 -0.356287 -0.005428
v 0.077967 -0.356287 -0.008296
v 0.077967 -0.294824 -0.005428
v 0.077967 -0.294824 -0.008296
v 0.017938 -0.354853 0.006305
v 0.015069 -0.357721 0.006305
v 0.079401 -0.357721 0.006305
v 0.074505 -0.354853 0.006305
v 0.017938 -0.298286 0.006305
v 0.015069 -0.293390 0.006305
v 0.017938 -0.352825 -0.006862
v 0.015069 -0.357721 -0.006862
v 0.015069 -0.293390 -0.006862
v 0.017938 -0.296258 -0.006862
v 0.079401 -0.293390 -0.006862
v 0.074505 -0.296258 -0.006862
v 0.076533 -0.354853 -0.006862
v 0.079401 -0.357721 -0.006862
v 0.019966 -0.354853 -0.006862
v 0.076533 -0.298286 -0.006862
v 0.076533 -0.352825 0.006305
v 0.079401 -0.293390 0.006305
v 0.076533 -0.296258 0.006305
v 0.019966 -0.296258 0.006305
v 0.096069 -0.268588 -0.030187
v 0.108234 -0.268588 -0.027601
v 0.118296 -0.268588 -0.020291
v 0.124514 -0.268588 -0.009520
v 0.125814 -0.268588 0.002848
v 0.121971 -0.268588 0.014676
v 0.113649 -0.268588 0.023919
v 0.102288 -0.268588 0.028977
v 0.089851 -0.268588 0.028977
v 0.078489 -0.268588 0.023919
v 0.070167 -0.268588 0.014676
v 0.066324 -0.268588 0.002848
v 0.067624 -0.268588 -0.009520
v 0.073843 -0.268588 -0.020291
v 0.083904 -0.268588 -0.027601
v 0.107169 -0.259517 -0.025208
v 0.096069 -0.259517 -0.027567
v 0.116349 -0.259517 -0.018538
v 0.122023 -0.259517 -0.008711
v 0.123209 -0.259517 0.002574
v 0.119702 -0.259517 0.013366
v 0.112109 -0.259517 0.021800
v 0.101743 -0.259517 0.026415
v 0.090396 -0.259517 0.026415
v 0.080029 -0.259517 0.021800
v 0.072436 -0.259517 0.013366
v 0.068929 -0.259517 0.002574
v 0.070115 -0.259517 -0.008711
v 0.075789 -0.259517 -0.018538
v 0.084970 -0.259517 -0.025208
v 0.105128 -0.256315 -0.020625
v 0.096069 -0.256315 -0.022551
v 0.112621 -0.256315 -0.015182
v 0.117252 -0.256315 -0.007161
v 0.118220 -0.256315 0.002050
v 0.115358 -0.256315 0.010858
v 0.109161 -0.256315 0.017741
v 0.100700 -0.256315 0.021508
v 0.091438 -0.256315 0.021508
v 0.082978 -0.256315 0.017741
v 0.076780 -0.256315 0.010858
v 0.073918 -0.256315 0.002050
v 0.074886 -0.256315 -0.007161
v 0.079517 -0.256315 -0.015182
v 0.087010 -0.256315 -0.020625
v 0.100086 -0.253136 -0.009300
v 0.096069 -0.253136 -0.010154
v 0.103408 -0.253136 -0.006886
v 0.105462 -0.253136 -0.003330
v 0.105891 -0.253136 0.000754
v 0.104622 -0.253136 0.004660
v 0.101874 -0.253136 0.007712
v 0.098122 -0.253136 0.009382
v 0.094016 -0.253136 0.009382
v 0.090264 -0.253136 0.007712
v 0.087516 -0.253136 0.004660
v 0.086247 -0.253136 0.000754
v 0.086677 -0.253136 -0.003330
v 0.088730 -0.253136 -0.006886
v 0.092052 -0.253136 -0.009300
v 0.096069 -0.382523 -0.030187
v 0.108234 -0.382523 -0.027601
v 0.118296 -0.382523 -0.020291
v 0.124514 -0.382523 -0.009520
v 0.125814 -0.382523 0.002848
v 0.121971 -0.382523 0.014676
v 0.113649 -0.382523 0.023919
v 0.102288 -0.382523 0.028977
v 0.089851 -0.382523 0.028977
v 0.078489 -0.382523 0.023919
v 0.070167 -0.382523 0.014676
v 0.066324 -0.382523 0.002848
v 0.067624 -0.382523 -0.009520
v 0.073843 -0.382523 -0.020291
v 0.083904 -0.382523 -0.027601
v 0.107169 -0.391593 -0.025208
v 0.096069 -0.391593 -0.027567
v 0.116349 -0.391593 -0.018538
v 0.122023 -0.391593 -0.008711
v 0.123209 -0.391593 0.002574
v 0.119702 -0.391593 0.013366
v 0.112109 -0.391593 0.021800
v 0.101743 -0.391593 0.026415
v 0.090396 -0.391593 0.026415
v 0.080029 -0.391593 0.021800
v 0.072436 -0.391593 0.013366
v 0.068929 -0.391593 0.002574
v 0.070115 -0.391593 -0.008711
v 0.075789 -0.391593 -0.018538
v 0.084970 -0.391593 -0.025208
v 0.105128 -0.394796 -0.020625
v 0.096069 -0.394796 -0.022551
v 0.112621 -0.394796 -0.015182
v 0.117252 -0.394796 -0.007161
v 0.118220 -0.394796 0.002050
v 0.115358 -0.394796 0.010858
v 0.109161 -0.394796 0.017741
v 0.100700 -0.394796 0.021508
v 0.091438 -0.394796 0.021508
v 0.082978 -0.394796 0.017741
v 0.076780 -0.394796 0.010858
v 0.073918 -0.394796 0.002050
v 0.074886 -0.394796 -0.007161
v 0.079517 -0.394796 -0.015182
v 0.087010 -0.394796 -0.020625
v 0.100086 -0.397974 -0.009300
v 0.096069 -0.397974 -0.010154
v 0.103408 -0.397974 -0.006886
v 0.105462 -0.397974 -0.003330
v 0.105891 -0.397974 0.000754
v 0.104622 -0.397974 0.004660
v 0.101874 -0.397974 0.007712
v 0.098122 -0.397974 0.009382
v 0.094016 -0.397974 0.009382
v 0.090264 -0.397974 0.007712
v 0.087516 -0.397974 0.004660
v 0.086247 -0.397974 0.000754
v 0.086677 -0.397974 -0.003330
v 0.088730 -0.397974 -0.006886
v 0.092052 -0.397974 -0.009300
v 0.049371 -0.228998 0.002080
v 0.049371 -0.107399 0.002080
v 0.049371 -0.228998 -0.002636
v 0.049371 -0.107399 -0.002636
v 0.189065 -0.228998 0.002080
v 0.189065 -0.107399 0.002080
v 0.189065 -0.228998 -0.002636
v 0.189065 -0.107399 -0.002636
v 0.001187 -0.207603 -0.050074
v 0.002679 -0.207603 -0.050074
v 0.001187 -0.128794 -0.050074
v 0.002679 -0.128794 -0.050074
v -0.002037 -0.207603 -0.050074
v -0.003529 -0.207603 -0.050074
v -0.002037 -0.128794 -0.050074
v -0.003529 -0.128794 -0.050074
v -0.002037 -0.207603 -0.022295
v -0.003529 -0.207603 -0.022295
v 0.001187 -0.207603 -0.022295
v 0.002679 -0.207603 -0.022295
v 0.001187 -0.128794 -0.022295
v 0.002679 -0.128794 -0.022295
v -0.002037 -0.128794 -0.022295
v -0.003529 -0.128794 -0.022295
v -0.002783 -0.133156 -0.049328
v -0.002783 -0.128048 -0.050820
v -0.002783 -0.208350 -0.050820
v -0.002783 -0.206857 -0.049328
v -0.002783 -0.208350 -0.021548
v -0.002783 -0.206857 -0.023349
v 0.001933 -0.203242 -0.049328
v 0.001933 -0.208350 -0.050820
v 0.001933 -0.128048 -0.050820
v 0.001933 -0.129540 -0.049328
v 0.001933 -0.128048 -0.021548
v 0.001933 -0.129540 -0.023349
v 0.001933 -0.206857 -0.023041
v 0.001933 -0.208350 -0.021548
v 0.001933 -0.206857 -0.049020
v 0.001933 -0.133156 -0.023041
v -0.002783 -0.129540 -0.023041
v -0.002783 -0.128048 -0.021548
v -0.002783 -0.129540 -0.049020
v -0.002783 -0.203242 -0.023041
v 0.004725 -0.356287 -0.017206
v 0.007593 -0.356287 -0.017206
v 0.004725 -0.294824 -0.017206
v 0.007593 -0.294824 -0.017206
v -0.005574 -0.356287 -0.017206
v -0.008443 -0.356287 -0.017206
v -0.005574 -0.294824 -0.017206
v -0.008443 -0.294824 -0.017206
v 0.004725 -0.356287 -0.078670
v 0.007593 -0.356287 -0.078670
v 0.004725 -0.294824 -0.078670
v 0.007593 -0.294824 -0.078670
v -0.005574 -0.356287 -0.078670
v -0.008443 -0.356287 -0.078670
v -0.005574 -0.294824 -0.078670
v -0.008443 -0.294824 -0.078670
v 0.006159 -0.354853 -0.018641
v 0.006159 -0.357721 -0.015772
v 0.006159 -0.357721 -0.080104
v 0.006159 -0.354853 -0.075208
v 0.006159 -0.298286 -0.018641
v 0.006159 -0.293390 -0.015772
v -0.007008 -0.352825 -0.018641
v -0.007008 -0.357721 -0.015772
v -0.007008 -0.293390 -0.015772
v -0.007008 -0.296258 -0.018641
v -0.007008 -0.293390 -0.080104
v -0.007008 -0.296258 -0.075208
v -0.007008 -0.354853 -0.077236
v -0.007008 -0.357721 -0.080104
v -0.007008 -0.354853 -0.020669
v -0.007008 -0.298286 -0.077236
v 0.006159 -0.352825 -0.077236
v 0.006159 -0.293390 -0.080104
v 0.006159 -0.296258 -0.077236
v 0.006159 -0.296258 -0.020669
v -0.030334 -0.268588 -0.096772
v -0.027748 -0.268588 -0.108937
v -0.020438 -0.268588 -0.118999
v -0.009667 -0.268588 -0.125217
v 0.002701 -0.268588 -0.126517
v 0.014530 -0.268588 -0.122674
v 0.023772 -0.268588 -0.114352
v 0.028830 -0.268588 -0.102991
v 0.028830 -0.268588 -0.090554
v 0.023772 -0.268588 -0.079192
v 0.014530 -0.268588 -0.070870
v 0.002701 -0.268588 -0.067027
v -0.009667 -0.268588 -0.068327
v -0.020438 -0.268588 -0.074546
v -0.027748 -0.268588 -0.084607
v -0.025355 -0.259517 -0.107872
v -0.027714 -0.259517 -0.096772
v -0.018685 -0.259517 -0.117052
v -0.008858 -0.259517 -0.122726
v 0.002427 -0.259517 -0.123912
v 0.013220 -0.259517 -0.120405
v 0.021653 -0.259517 -0.112812
v 0.026268 -0.259517 -0.102446
v 0.026268 -0.259517 -0.091099
v 0.021653 -0.259517 -0.080732
v 0.013220 -0.259517 -0.073139
v 0.002427 -0.259517 -0.069632
v -0.008858 -0.259517 -0.070818
v -0.018685 -0.259517 -0.076492
v -0.025355 -0.259517 -0.085673
v -0.020772 -0.256315 -0.105832
v -0.022698 -0.256315 -0.096772
v -0.015328 -0.256315 -0.113324
v -0.007308 -0.256315 -0.117955
v 0.001903 -0.256315 -0.118923
v 0.010711 -0.256315 -0.116061
v 0.017594 -0.256315 -0.109864
v 0.021361 -0.256315 -0.101403
v 0.021361 -0.256315 -0.092141
v 0.017594 -0.256315 -0.083681
v 0.010711 -0.256315 -0.077483
v 0.001903 -0.256315 -0.074621
v -0.007308 -0.256315 -0.075590
v -0.015328 -0.256315 -0.080220
v -0.020772 -0.256315 -0.087713
v -0.009447 -0.253136 -0.100789
v -0.010301 -0.253136 -0.096772
v -0.007033 -0.253136 -0.104111
v -0.003477 -0.253136 -0.106165
v 0.000607 -0.253136 -0.106594
v 0.004513 -0.253136 -0.105325
v 0.007565 -0.253136 -0.102577
v 0.009235 -0.253136 -0.098825
v 0.009235 -0.253136 -0.094719
v 0.007565 -0.253136 -0.090967
v 0.004513 -0.253136 -0.088219
v 0.000607 -0.253136 -0.086950
v -0.003477 -0.253136 -0.087380
v -0.007033 -0.253136 -0.089433
v -0.009447 -0.253136 -0.092755
v -0.030334 -0.382523 -0.096772
v -0.027748 -0.382523 -0.108937
v -0.020438 -0.382523 -0.118999
v -0.009667 -0.382523 -0.125217
v 0.002701 -0.382523 -0.126517
v 0.014530 -0.382523 -0.122674
v 0.023772 -0.382523 -0.114352
v 0.028830 -0.382523 -0.102991
v 0.028830 -0.382523 -0.090554
v 0.023772 -0.382523 -0.079192
v 0.014530 -0.382523 -0.070870
v 0.002701 -0.382523 -0.067027
v -0.009667 -0.382523 -0.068327
v -0.020438 -0.382523 -0.074546
v -0.027748 -0.382523 -0.084607
v -0.025355 -0.391593 -0.107872
v -0.027714 -0.391593 -0.096772
v -0.018685 -0.391593 -0.117052
v -0.008858 -0.391593 -0.122726
v 0.002427 -0.391593 -0.123912
v 0.013220 -0.391593 -0.120405
v 0.021653 -0.391593 -0.112812
v 0.026268 -0.391593 -0.102446
v 0.026268 -0.391593 -0.091099
v 0.021653 -0.391593 -0.080732
v 0.013220 -0.391593 -0.073139
v 0.002427 -0.391593 -0.069632
v -0.008858 -0.391593 -0.070818
v -0.018685 -0.391593 -0.076492
v -0.025355 -0.391593 -0.085673
v -0.020772 -0.394796 -0.105831
v -0.022698 -0.394796 -0.096772
v -0.015328 -0.394796 -0.113324
v -0.007308 -0.394796 -0.117955
v 0.001903 -0.394796 -0.118923
v 0.010711 -0.394796 -0.116061
v 0.017594 -0.394796 -0.109864
v 0.021361 -0.394796 -0.101403
v 0.021361 -0.394796 -0.092141
v 0.017594 -0.394796 -0.083681
v 0.010711 -0.394796 -0.077483
v 0.001903 -0.394796 -0.074621
v -0.007308 -0.394796 -0.075590
v -0.015328 -0.394796 -0.080220
v -0.020772 -0.394796 -0.087713
v -0.009447 -0.397974 -0.100789
v -0.010301 -0.397974 -0.096772
v -0.007033 -0.397974 -0.104111
v -0.003477 -0.397974 -0.106165
v 0.000607 -0.397974 -0.106594
v 0.004513 -0.397974 -0.105325
v 0.007565 -0.397974 -0.102577
v 0.009235 -0.397974 -0.098825
v 0.009235 -0.397974 -0.094719
v 0.007565 -0.397974 -0.090967
v 0.004513 -0.397974 -0.088219
v 0.000607 -0.397974 -0.086950
v -0.003477 -0.397974 -0.087380
v -0.007033 -0.397974 -0.089433
v -0.009447 -0.397974 -0.092755
v 0.001933 -0.228998 -0.050074
v 0.001933 -0.107399 -0.050074
v -0.002783 -0.228998 -0.050074
v -0.002783 -0.107399 -0.050074
v 0.001933 -0.228998 -0.189768
v 0.001933 -0.107399 -0.189768
v -0.002783 -0.228998 -0.189768
v -0.002783 -0.107399 -0.189768
v -0.050221 -0.207603 -0.001890
v -0.050221 -0.207603 -0.003382
v -0.050221 -0.128794 -0.001890
v -0.050221 -0.128794 -0.003382
v -0.050221 -0.207603 0.001334
v -0.050221 -0.207603 0.002826
v -0.050221 -0.128794 0.001334
v -0.050221 -0.128794 0.002826
v -0.022441 -0.207603 0.001334
v -0.022441 -0.207603 0.002826
v -0.022441 -0.207603 -0.001890
v -0.022441 -0.207603 -0.003382
v -0.022441 -0.128794 -0.001890
v -0.022441 -0.128794 -0.003382
v -0.022441 -0.128794 0.001334
v -0.022441 -0.128794 0.002826
v -0.049475 -0.133156 0.002080
v -0.050967 -0.128048 0.002080
v -0.050967 -0.208350 0.002080
v -0.049475 -0.206857 0.002080
v -0.021695 -0.208350 0.002080
v -0.023496 -0.206857 0.002080
v -0.049475 -0.203242 -0.002636
v -0.050967 -0.208350 -0.002636
v -0.050967 -0.128048 -0.002636
v -0.049475 -0.129540 -0.002636
v -0.021695 -0.128048 -0.002636
v -0.023496 -0.129540 -0.002636
v -0.023188 -0.206857 -0.002636
v -0.021695 -0.208350 -0.002636
v -0.049167 -0.206857 -0.002636
v -0.023188 -0.133156 -0.002636
v -0.023188 -0.129540 0.002080
v -0.021695 -0.128048 0.002080
v -0.049167 -0.129540 0.002080
v -0.023188 -0.203242 0.002080
v -0.017353 -0.356287 -0.005428
v -0.017353 -0.356287 -0.008296
v -0.017353 -0.294824 -0.005428
v -0.017353 -0.294824 -0.008296
v -0.017353 -0.356287 0.004871
v -0.017353 -0.356287 0.007740
v -0.017353 -0.294824 0.004871
v -0.017353 -0.294824 0.007740
v -0.078817 -0.356287 -0.005428
v -0.078817 -0.356287 -0.008296
v -0.078817 -0.294824 -0.005428
v -0.078817 -0.294824 -0.008296
v -0.078817 -0.356287 0.004871
v -0.078817 -0.356287 0.007740
v -0.078817 -0.294824 0.004871
v -0.078817 -0.294824 0.007740
v -0.018787 -0.354853 -0.006862
v -0.015919 -0.357721 -0.006862
v -0.080251 -0.357721 -0.006862
v -0.075355 -0.354853 -0.006862
v -0.018787 -0.298286 -0.006862
v -0.015919 -0.293390 -0.006862
v -0.018787 -0.352825 0.006305
v -0.015919 -0.357721 0.006305
v -0.015919 -0.293390 0.006305
v -0.018787 -0.296258 0.006305
v -0.080251 -0.293390 0.006305
v -0.075355 -0.296258 0.006305
v -0.077383 -0.354853 0.006305
v -0.080251 -0.357721 0.006305
v -0.020816 -0.354853 0.006305
v -0.077383 -0.298286 0.006305
v -0.077383 -0.352825 -0.006862
v -0.080251 -0.293390 -0.006862
v -0.077383 -0.296258 -0.006862
v -0.020816 -0.296258 -0.006862
v -0.096919 -0.268588 0.029631
v -0.109084 -0.268588 0.027045
v -0.119146 -0.268588 0.019735
v -0.125364 -0.268588 0.008964
v -0.126664 -0.268588 -0.003404
v -0.122821 -0.268588 -0.015233
v -0.114499 -0.268588 -0.024475
v -0.103137 -0.268588 -0.029533
v -0.090701 -0.268588 -0.029533
v -0.079339 -0.268588 -0.024475
v -0.071017 -0.268588 -0.015233
v -0.067174 -0.268588 -0.003404
v -0.068474 -0.268588 0.008964
v -0.074693 -0.268588 0.019735
v -0.084754 -0.268588 0.027045
v -0.108019 -0.259517 0.024652
v -0.096919 -0.259517 0.027011
v -0.117199 -0.259517 0.017982
v -0.122873 -0.259517 0.008155
v -0.124059 -0.259517 -0.003131
v -0.120552 -0.259517 -0.013923
v -0.112959 -0.259517 -0.022356
v -0.102593 -0.259517 -0.026971
v -0.091245 -0.259517 -0.026971
v -0.080879 -0.259517 -0.022356
v -0.073286 -0.259517 -0.013923
v -0.069779 -0.259517 -0.003131
v -0.070965 -0.259517 0.008155
v -0.076639 -0.259517 0.017982
v -0.085820 -0.259517 0.024652
v -0.105978 -0.256315 0.020069
v -0.096919 -0.256315 0.021995
v -0.113471 -0.256315 0.014625
v -0.118102 -0.256315 0.006605
v -0.119070 -0.256315 -0.002606
v -0.116208 -0.256315 -0.011415
v -0.110011 -0.256315 -0.018297
v -0.101550 -0.256315 -0.022064
v -0.092288 -0.256315 -0.022064
v -0.083827 -0.256315 -0.018297
v -0.077630 -0.256315 -0.011415
v -0.074768 -0.256315 -0.002606
v -0.075736 -0.256315 0.006605
v -0.080367 -0.256315 0.014625
v -0.087860 -0.256315 0.020069
v -0.100936 -0.253136 0.008744
v -0.096919 -0.253136 0.009598
v -0.104258 -0.253136 0.006330
v -0.106312 -0.253136 0.002774
v -0.106741 -0.253136 -0.001310
v -0.105472 -0.253136 -0.005216
v -0.102724 -0.253136 -0.008268
v -0.098972 -0.253136 -0.009938
v -0.094866 -0.253136 -0.009938
v -0.091114 -0.253136 -0.008268
v -0.088366 -0.253136 -0.005216
v -0.087097 -0.253136 -0.001310
v -0.087527 -0.253136 0.002774
v -0.089580 -0.253136 0.006330
v -0.092902 -0.253136 0.008744
v -0.096919 -0.382523 0.029631
v -0.109084 -0.382523 0.027045
v -0.119146 -0.382523 0.019735
v -0.125364 -0.382523 0.008964
v -0.126664 -0.382523 -0.003404
v -0.122821 -0.382523 -0.015233
v -0.114499 -0.382523 -0.024475
v -0.103137 -0.382523 -0.029533
v -0.090701 -0.382523 -0.029533
v -0.079339 -0.382523 -0.024475
v -0.071017 -0.382523 -0.015233
v -0.067174 -0.382523 -0.003404
v -0.068474 -0.382523 0.008964
v -0.074693 -0.382523 0.019735
v -0.084754 -0.382523 0.027045
v -0.108019 -0.391593 0.024652
v -0.096919 -0.391593 0.027011
v -0.117199 -0.391593 0.017982
v -0.122873 -0.391593 0.008155
v -0.124059 -0.391593 -0.003131
v -0.120552 -0.391593 -0.013923
v -0.112959 -0.391593 -0.022356
v -0.102593 -0.391593 -0.026971
v -0.091245 -0.391593 -0.026971
v -0.080879 -0.391593 -0.022356
v -0.073286 -0.391593 -0.013923
v -0.069779 -0.391593 -0.003131
v -0.070965 -0.391593 0.008155
v -0.076639 -0.391593 0.017982
v -0.085820 -0.391593 0.024652
v -0.105978 -0.394796 0.020069
v -0.096919 -0.394796 0.021995
v -0.113471 -0.394796 0.014625
v -0.118102 -0.394796 0.006605
v -0.119070 -0.394796 -0.002606
v -0.116208 -0.394796 -0.011415
v -0.110011 -0.394796 -0.018297
v -0.101550 -0.394796 -0.022064
v -0.092288 -0.394796 -0.022064
v -0.083827 -0.394796 -0.018297
v -0.077630 -0.394796 -0.011415
v -0.074768 -0.394796 -0.002606
v -0.075736 -0.394796 0.006605
v -0.080367 -0.394796 0.014625
v -0.087860 -0.394796 0.020069
v -0.100936 -0.397974 0.008744
v -0.096919 -0.397974 0.009598
v -0.104258 -0.397974 0.006330
v -0.106312 -0.397974 0.002774
v -0.106741 -0.397974 -0.001310
v -0.105472 -0.397974 -0.005216
v -0.102724 -0.397974 -0.008268
v -0.098972 -0.397974 -0.009938
v -0.094866 -0.397974 -0.009938
v -0.091114 -0.397974 -0.008268
v -0.088366 -0.397974 -0.005216
v -0.087097 -0.397974 -0.001310
v -0.087527 -0.397974 0.002774
v -0.089580 -0.397974 0.006330
v -0.092902 -0.397974 0.008744
v -0.050221 -0.228998 -0.002636
v -0.050221 -0.107399 -0.002636
v -0.050221 -0.228998 0.002080
v -0.050221 -0.107399 0.002080
v -0.189915 -0.228998 -0.002636
v -0.189915 -0.107399 -0.002636
v -0.189915 -0.228998 0.002080
v -0.189915 -0.107399 0.002080
v -0.002037 -0.207603 0.049518
v -0.003529 -0.207603 0.049518
v -0.002037 -0.128794 0.049518
v -0.003529 -0.128794 0.049518
v 0.001187 -0.207603 0.049518
v 0.002679 -0.207603 0.049518
v 0.001187 -0.128794 0.049518
v 0.002679 -0.128794 0.049518
v 0.001187 -0.207603 0.021738
v 0.002679 -0.207603 0.021738
v -0.002037 -0.207603 0.021738
v -0.003529 -0.207603 0.021738
v -0.002037 -0.128794 0.021738
v -0.003529 -0.128794 0.021738
v 0.001187 -0.128794 0.021738
v 0.002679 -0.128794 0.021738
v 0.001933 -0.133156 0.048772
v 0.001933 -0.128048 0.050264
v 0.001933 -0.208350 0.050264
v 0.001933 -0.206857 0.048772
v 0.001933 -0.208350 0.020992
v 0.001933 -0.206857 0.022793
v -0.002783 -0.203242 0.048772
v -0.002783 -0.208350 0.050264
v -0.002783 -0.128048 0.050264
v -0.002783 -0.129540 0.048772
v -0.002783 -0.128048 0.020992
v -0.002783 -0.129540 0.022793
v -0.002783 -0.206857 0.022485
v -0.002783 -0.208350 0.020992
v -0.002783 -0.206857 0.048464
v -0.002783 -0.133156 0.022485
v 0.001933 -0.129540 0.022485
v 0.001933 -0.128048 0.020992
v 0.001933 -0.129540 0.048464
v 0.001933 -0.203242 0.022485
v -0.005574 -0.356287 0.016650
v -0.008443 -0.356287 0.016650
v -0.005574 -0.294824 0.016650
v -0.008443 -0.294824 0.016650
v 0.004725 -0.356287 0.016650
v 0.007593 -0.356287 0.016650
v 0.004725 -0.294824 0.016650
v 0.007593 -0.294824 0.016650
v -0.005574 -0.356287 0.078114
v -0.008443 -0.356287 0.078114
v -0.005574 -0.294824 0.078114
v -0.008443 -0.294824 0.078114
v 0.004725 -0.356287 0.078114
v 0.007593 -0.356287 0.078114
v 0.004725 -0.294824 0.078114
v 0.007593 -0.294824 0.078114
v -0.007008 -0.354853 0.018084
v -0.007008 -0.357721 0.015216
v -0.007008 -0.357721 0.079548
v -0.007008 -0.354853 0.074651
v -0.007008 -0.298286 0.018084
v -0.007008 -0.293390 0.015216
v 0.006159 -0.352825 0.018084
v 0.006159 -0.357721 0.015216
v 0.006159 -0.293390 0.015216
v 0.006159 -0.296258 0.018084
v 0.006159 -0.293390 0.079548
v 0.006159 -0.296258 0.074651
v 0.006159 -0.354853 0.076680
v 0.006159 -0.357721 0.079548
v 0.006159 -0.354853 0.020113
v 0.006159 -0.298286 0.076680
v -0.007008 -0.352825 0.076680
v -0.007008 -0.293390 0.079548
v -0.007008 -0.296258 0.076680
v -0.007008 -0.296258 0.020113
v 0.029484 -0.268588 0.096216
v 0.026898 -0.268588 0.108381
v 0.019588 -0.268588 0.118443
v 0.008817 -0.268588 0.124661
v -0.003551 -0.268588 0.125961
v -0.015379 -0.268588 0.122118
v -0.024622 -0.268588 0.113796
v -0.029680 -0.268588 0.102434
v -0.029680 -0.268588 0.089998
v -0.024622 -0.268588 0.078636
v -0.015379 -0.268588 0.070314
v -0.003551 -0.268588 0.066471
v 0.008817 -0.268588 0.067771
v 0.019588 -0.268588 0.073990
v 0.026898 -0.268588 0.084051
v 0.024505 -0.259517 0.107316
v 0.026864 -0.259517 0.096216
v 0.017835 -0.259517 0.116496
v 0.008008 -0.259517 0.122170
v -0.003277 -0.259517 0.123356
v -0.014070 -0.259517 0.119849
v -0.022503 -0.259517 0.112256
v -0.027118 -0.259517 0.101890
v -0.027118 -0.259517 0.090542
v -0.022503 -0.259517 0.080176
v -0.014070 -0.259517 0.072583
v -0.003277 -0.259517 0.069076
v 0.008008 -0.259517 0.070262
v 0.017835 -0.259517 0.075936
v 0.024505 -0.259517 0.085117
v 0.019922 -0.256315 0.105275
v 0.021848 -0.256315 0.096216
v 0.014479 -0.256315 0.112768
v 0.006458 -0.256315 0.117399
v -0.002753 -0.256315 0.118367
v -0.011561 -0.256315 0.115505
v -0.018444 -0.256315 0.109308
v -0.022211 -0.256315 0.100847
v -0.022211 -0.256315 0.091585
v -0.018444 -0.256315 0.083124
v -0.011561 -0.256315 0.076927
v -0.002753 -0.256315 0.074065
v 0.006458 -0.256315 0.075033
v 0.014479 -0.256315 0.079664
v 0.019922 -0.256315 0.087157
v 0.008597 -0.253136 0.100233
v 0.009451 -0.253136 0.096216
v 0.006183 -0.253136 0.103555
v 0.002627 -0.253136 0.105609
v -0.001457 -0.253136 0.106038
v -0.005363 -0.253136 0.104769
v -0.008415 -0.253136 0.102021
v -0.010085 -0.253136 0.098269
v -0.010085 -0.253136 0.094163
v -0.008415 -0.253136 0.090411
v -0.005363 -0.253136 0.087663
v -0.001457 -0.253136 0.086394
v 0.002627 -0.253136 0.086823
v 0.006183 -0.253136 0.088877
v 0.008597 -0.253136 0.092199
v 0.029484 -0.382523 0.096216
v 0.026898 -0.382523 0.108381
v 0.019588 -0.382523 0.118443
v 0.008817 -0.382523 0.124661
v -0.003551 -0.382523 0.125961
v -0.015379 -0.382523 0.122118
v -0.024622 -0.382523 0.113796
v -0.029680 -0.382523 0.102434
v -0.029680 -0.382523 0.089998
v -0.024622 -0.382523 0.078636
v -0.015379 -0.382523 0.070314
v -0.003551 -0.382523 0.066471
v 0.008817 -0.382523 0.067771
v 0.019588 -0.382523 0.073990
v 0.026898 -0.382523 0.084051
v 0.024505 -0.391593 0.107316
v 0.026864 -0.391593 0.096216
v 0.017835 -0.391593 0.116496
v 0.008008 -0.391593 0.122170
v -0.003277 -0.391593 0.123356
v -0.014070 -0.391593 0.119849
v -0.022503 -0.391593 0.112256
v -0.027118 -0.391593 0.101890
v -0.027118 -0.391593 0.090542
v -0.022503 -0.391593 0.080176
v -0.014070 -0.391593 0.072583
v -0.003277 -0.391593 0.069076
v 0.008008 -0.391593 0.070262
v 0.017835 -0.391593 0.075936
v 0.024505 -0.391593 0.085117
v 0.019922 -0.394796 0.105275
v 0.021848 -0.394796 0.096216
v 0.014479 -0.394796 0.112768
v 0.006458 -0.394796 0.117399
v -0.002753 -0.394796 0.118367
v -0.011561 -0.394796 0.115505
v -0.018444 -0.394796 0.109308
v -0.022211 -0.394796 0.100847
v -0.022211 -0.394796 0.091585
v -0.018444 -0.394796 0.083124
v -0.011561 -0.394796 0.076927
v -0.002753 -0.394796 0.074065
v 0.006458 -0.394796 0.075033
v 0.014479 -0.394796 0.079664
v 0.019922 -0.394796 0.087157
v 0.008597 -0.397974 0.100233
v 0.009451 -0.397974 0.096216
v 0.006183 -0.397974 0.103555
v 0.002627 -0.397974 0.105609
v -0.001457 -0.397974 0.106038
v -0.005363 -0.397974 0.104769
v -0.008415 -0.397974 0.102021
v -0.010085 -0.397974 0.098269
v -0.010085 -0.397974 0.094163
v -0.008415 -0.397974 0.090411
v -0.005363 -0.397974 0.087663
v -0.001457 -0.397974 0.086394
v 0.002627 -0.397974 0.086823
v 0.006183 -0.397974 0.088877
v 0.008597 -0.397974 0.092199
v -0.002783 -0.228998 0.049518
v -0.002783 -0.107399 0.049518
v 0.001933 -0.228998 0.049518
v 0.001933 -0.107399 0.049518
v -0.002783 -0.228998 0.189212
v -0.002783 -0.107399 0.189212
v 0.001933 -0.228998 0.189212
v 0.001933 -0.107399 0.189212
v -0.000425 -0.032060 -0.027908
v -0.000425 0.237747 -0.142674
v 0.004965 -0.032060 -0.027377
v 0.027355 0.237747 -0.139938
v 0.010149 -0.032060 -0.025805
v 0.054068 0.237747 -0.131835
v 0.014925 -0.032060 -0.023252
v 0.078686 0.237747 -0.118676
v 0.019112 -0.032060 -0.019815
v 0.100264 0.237747 -0.100968
v 0.022549 -0.032060 -0.015629
v 0.117973 0.237747 -0.079389
v 0.025102 -0.032060 -0.010852
v 0.131132 0.237747 -0.054771
v 0.026674 -0.032060 -0.005669
v 0.139235 0.237747 -0.028058
v 0.027205 -0.032060 -0.000278
v 0.141971 0.237747 -0.000278
v 0.026674 -0.032060 0.005112
v 0.139235 0.237747 0.027502
v 0.025102 -0.032060 0.010295
v 0.131132 0.237747 0.054215
v 0.022549 -0.032060 0.015072
v 0.117973 0.237747 0.078833
v 0.019112 -0.032060 0.019259
v 0.100264 0.237747 0.100411
v 0.014925 -0.032060 0.022695
v 0.078686 0.237747 0.118120
v 0.010149 -0.032060 0.025249
v 0.054068 0.237747 0.131279
v 0.004965 -0.032060 0.026821
v 0.027355 0.237747 0.139382
v -0.000425 -0.032060 0.027352
v -0.000425 0.237747 0.142118
v -0.005815 -0.032060 0.026821
v -0.028205 0.237747 0.139382
v -0.010999 -0.032060 0.025249
v -0.054918 0.237747 0.131279
v -0.015775 -0.032060 0.022695
v -0.079536 0.237747 0.118120
v -0.019962 -0.032060 0.019259
v -0.101114 0.237747 0.100411
v -0.023398 -0.032060 0.015072
v -0.118823 0.237747 0.078833
v -0.025952 -0.032060 0.010295
v -0.131982 0.237747 0.054215
v -0.027524 -0.032060 0.005112
v -0.140085 0.237747 0.027502
v -0.028055 -0.032060 -0.000278
v -0.142821 0.237747 -0.000278
v -0.027524 -0.032060 -0.005669
v -0.140085 0.237747 -0.028058
v -0.025952 -0.032060 -0.010852
v -0.131982 0.237747 -0.054771
v -0.023398 -0.032060 -0.015629
v -0.118823 0.237747 -0.079389
v -0.019962 -0.032060 -0.019815
v -0.101114 0.237747 -0.100968
v -0.015775 -0.032060 -0.023252
v -0.079536 0.237747 -0.118676
v -0.010999 -0.032060 -0.025805
v -0.054918 0.237747 -0.131835
v -0.005815 -0.032060 -0.027377
v -0.028205 0.237747 -0.139938
v 0.041169 0.183334 -0.209384
v -0.000425 0.183334 -0.213481
v 0.081164 0.183334 -0.197252
v 0.118024 0.183334 -0.177550
v 0.150332 0.183334 -0.151036
v 0.176847 0.183334 -0.118727
v 0.196549 0.183334 -0.081867
v 0.208681 0.183334 -0.041872
v 0.212778 0.183334 -0.000278
v 0.208681 0.183334 0.041316
v 0.196549 0.183334 0.081311
v 0.176847 0.183334 0.118171
v 0.150332 0.183334 0.150479
v 0.118024 0.183334 0.176994
v 0.081164 0.183334 0.196696
v 0.041169 0.183334 0.208828
v -0.000425 0.183334 0.212925
v -0.042019 0.183334 0.208828
v -0.082014 0.183334 0.196696
v -0.118874 0.183334 0.176994
v -0.151182 0.183334 0.150479
v -0.177697 0.183334 0.118171
v -0.197399 0.183334 0.081311
v -0.209531 0.183334 0.041316
v -0.213628 0.183334 -0.000278
v -0.209531 0.183334 -0.041872
v -0.197399 0.183334 -0.081867
v -0.177697 0.183334 -0.118727
v -0.151182 0.183334 -0.151036
v -0.118874 0.183334 -0.177550
v -0.082014 0.183334 -0.197252
v -0.042019 0.183334 -0.209384
v 0.036711 0.211041 -0.186972
v -0.000425 0.211041 -0.190629
v 0.072419 0.211041 -0.176140
v 0.105328 0.211041 -0.158549
v 0.134174 0.211041 -0.134877
v 0.157846 0.211041 -0.106032
v 0.175436 0.211041 -0.073122
v 0.186268 0.211041 -0.037414
v 0.189926 0.211041 -0.000278
v 0.186268 0.211041 0.036858
v 0.175436 0.211041 0.072566
v 0.157846 0.211041 0.105475
v 0.134174 0.211041 0.134320
v 0.105328 0.211041 0.157993
v 0.072419 0.211041 0.175583
v 0.036711 0.211041 0.186415
v -0.000425 0.211041 0.190073
v -0.037561 0.211041 0.186415
v -0.073269 0.211041 0.175583
v -0.106178 0.211041 0.157993
v -0.135023 0.211041 0.134320
v -0.158696 0.211041 0.105475
v -0.176286 0.211041 0.072566
v -0.187118 0.211041 0.036858
v -0.190776 0.211041 -0.000278
v -0.187118 0.211041 -0.037414
v -0.176286 0.211041 -0.073122
v -0.158696 0.211041 -0.106032
v -0.135023 0.211041 -0.134877
v -0.106178 0.211041 -0.158549
v -0.073269 0.211041 -0.176140
v -0.037561 0.211041 -0.186972
v 0.031909 0.225597 -0.162833
v -0.000425 0.225597 -0.166017
v 0.063001 0.225597 -0.153401
v 0.091655 0.225597 -0.138085
v 0.116770 0.225597 -0.117473
v 0.137382 0.225597 -0.092358
v 0.152698 0.225597 -0.063704
v 0.162130 0.225597 -0.032612
v 0.165314 0.225597 -0.000278
v 0.162130 0.225597 0.032056
v 0.152698 0.225597 0.063147
v 0.137382 0.225597 0.091802
v 0.116770 0.225597 0.116917
v 0.091655 0.225597 0.137529
v 0.063001 0.225597 0.152845
v 0.031909 0.225597 0.162276
v -0.000425 0.225597 0.165461
v -0.032759 0.225597 0.162276
v -0.063851 0.225597 0.152845
v -0.092505 0.225597 0.137529
v -0.117620 0.225597 0.116917
v -0.138232 0.225597 0.091802
v -0.153548 0.225597 0.063147
v -0.162980 0.225597 0.032056
v -0.166164 0.225597 -0.000278
v -0.162980 0.225597 -0.032612
v -0.153548 0.225597 -0.063704
v -0.138232 0.225597 -0.092358
v -0.117620 0.225597 -0.117473
v -0.092505 0.225597 -0.138085
v -0.063851 0.225597 -0.153401
v -0.032759 0.225597 -0.162833
v -0.000425 -0.022847 -0.175314
v 0.033723 -0.022847 -0.171951
v 0.066559 -0.022847 -0.161990
v 0.096820 -0.022847 -0.145815
v 0.123344 -0.022847 -0.124047
v 0.145112 -0.022847 -0.097523
v 0.161287 -0.022847 -0.067262
v 0.171248 -0.022847 -0.034426
v 0.174611 -0.022847 -0.000278
v 0.171248 -0.022847 0.033870
v 0.161287 -0.022847 0.066705
v 0.145112 -0.022847 0.096967
v 0.123344 -0.022847 0.123491
v 0.096820 -0.022847 0.145259
v 0.066559 -0.022847 0.161434
v 0.033723 -0.022847 0.171395
v -0.000425 -0.022847 0.174758
v -0.034573 -0.022847 0.171395
v -0.067408 -0.022847 0.161434
v -0.097670 -0.022847 0.145259
v -0.124194 -0.022847 0.123491
v -0.145962 -0.022847 0.096967
v -0.162137 -0.022847 0.066705
v -0.172098 -0.022847 0.033870
v -0.175461 -0.022847 -0.000278
v -0.172098 -0.022847 -0.034426
v -0.162137 -0.022847 -0.067262
v -0.145962 -0.022847 -0.097523
v -0.124194 -0.022847 -0.124047
v -0.097670 -0.022847 -0.145815
v -0.067408 -0.022847 -0.161990
v -0.034573 -0.022847 -0.171951
v -0.000425 -0.032060 -0.154874
v 0.029735 -0.032060 -0.151903
v 0.058736 -0.032060 -0.143106
v 0.085464 -0.032060 -0.128819
v 0.108890 -0.032060 -0.109593
v 0.128116 -0.032060 -0.086167
v 0.142403 -0.032060 -0.059439
v 0.151200 -0.032060 -0.030438
v 0.154171 -0.032060 -0.000278
v 0.151200 -0.032060 0.029882
v 0.142403 -0.032060 0.058883
v 0.128116 -0.032060 0.085611
v 0.108890 -0.032060 0.109037
v 0.085464 -0.032060 0.128263
v 0.058736 -0.032060 0.142549
v 0.029735 -0.032060 0.151347
v -0.000425 -0.032060 0.154317
v -0.030585 -0.032060 0.151347
v -0.059586 -0.032060 0.142549
v -0.086314 -0.032060 0.128263
v -0.109740 -0.032060 0.109037
v -0.128966 -0.032060 0.085611
v -0.143252 -0.032060 0.058883
v -0.152050 -0.032060 0.029882
v -0.155020 -0.032060 -0.000278
v -0.152050 -0.032060 -0.030438
v -0.143252 -0.032060 -0.059439
v -0.128966 -0.032060 -0.086167
v -0.109740 -0.032060 -0.109593
v -0.086314 -0.032060 -0.128819
v -0.059586 -0.032060 -0.143106
v -0.030585 -0.032060 -0.151903
v 0.007981 -0.423098 -0.020573
v 0.003861 -0.423098 -0.021823
v -0.012629 -0.423098 -0.018543
v -0.015958 -0.423098 -0.015811
v -0.000425 -0.423098 0.021689
v 0.003861 -0.423098 0.021267
v 0.011779 -0.423098 -0.018543
v -0.008831 -0.423098 -0.020573
v -0.004711 -0.423098 0.021267
v 0.015108 -0.423098 -0.015811
v -0.004711 -0.423098 -0.021823
v -0.008831 -0.423098 0.020017
v 0.017840 -0.423098 -0.012482
v -0.000425 -0.423098 -0.022245
v -0.012629 -0.423098 0.017987
v 0.019870 -0.423098 -0.008684
v -0.015958 -0.423098 0.015255
v 0.021120 -0.423098 -0.004564
v -0.018690 -0.423098 0.011926
v 0.021542 -0.423098 -0.000278
v -0.020720 -0.423098 0.008128
v 0.021120 -0.423098 0.004008
v -0.021970 -0.423098 0.004008
v 0.019870 -0.423098 0.008128
v -0.022392 -0.423098 -0.000278
v 0.017840 -0.423098 0.011926
v -0.021970 -0.423098 -0.004564
v 0.015108 -0.423098 0.015255
v -0.020720 -0.423098 -0.008684
v 0.011779 -0.423098 0.017987
v -0.018690 -0.423098 -0.012482
v 0.007981 -0.423098 0.020017
v -0.000425 -0.464312 -0.126913
v 0.024280 -0.464312 -0.124479
v 0.048036 -0.464312 -0.117273
v 0.069930 -0.464312 -0.105571
v 0.089119 -0.464312 -0.089822
v 0.104868 -0.464312 -0.070633
v 0.116570 -0.464312 -0.048739
v 0.123776 -0.464312 -0.024983
v 0.126210 -0.464312 -0.000278
v 0.123776 -0.464312 0.024427
v 0.116570 -0.464312 0.048183
v 0.104868 -0.464312 0.070076
v 0.089119 -0.464312 0.089266
v 0.069930 -0.464312 0.105015
v 0.048036 -0.464312 0.116717
v 0.024280 -0.464312 0.123923
v -0.000425 -0.464312 0.126356
v -0.025130 -0.464312 0.123923
v -0.048886 -0.464312 0.116717
v -0.070779 -0.464312 0.105015
v -0.089969 -0.464312 0.089266
v -0.105718 -0.464312 0.070076
v -0.117420 -0.464312 0.048183
v -0.124626 -0.464312 0.024427
v -0.127059 -0.464312 -0.000278
v -0.124626 -0.464312 -0.024983
v -0.117420 -0.464312 -0.048739
v -0.105718 -0.464312 -0.070633
v -0.089969 -0.464312 -0.089822
v -0.070779 -0.464312 -0.105571
v -0.048886 -0.464312 -0.117273
v -0.025130 -0.464312 -0.124479
v 0.049167 -0.424381 -0.120004
v -0.072421 -0.424381 -0.108028
v -0.000425 -0.424381 0.129312
v 0.071572 -0.424381 -0.108028
v -0.050017 -0.424381 -0.120004
v -0.025707 -0.424381 0.126822
v 0.091209 -0.424381 -0.091912
v -0.025707 -0.424381 -0.127378
v -0.050017 -0.424381 0.119448
v 0.107325 -0.424381 -0.072275
v -0.000425 -0.424381 -0.129868
v -0.072421 -0.424381 0.107472
v 0.119301 -0.424381 -0.049870
v -0.092059 -0.424381 0.091356
v 0.126675 -0.424381 -0.025560
v -0.108175 -0.424381 0.071718
v 0.129165 -0.424381 -0.000278
v -0.120151 -0.424381 0.049314
v 0.126675 -0.424381 0.025004
v -0.127525 -0.424381 0.025004
v 0.119301 -0.424381 0.049314
v -0.130015 -0.424381 -0.000278
v 0.107325 -0.424381 0.071718
v -0.127525 -0.424381 -0.025560
v 0.091209 -0.424381 0.091356
v -0.120151 -0.424381 -0.049870
v 0.071572 -0.424381 0.107472
v -0.108175 -0.424381 -0.072275
v 0.049167 -0.424381 0.119448
v 0.024857 -0.424381 -0.127378
v -0.092059 -0.424381 -0.091912
v 0.024857 -0.424381 0.126822
v -0.000425 0.045880 -0.188036
v -0.000425 0.114607 -0.200759
v 0.038687 0.114607 -0.196907
v 0.036205 0.045880 -0.184429
v 0.076296 0.114607 -0.185498
v 0.071427 0.045880 -0.173744
v 0.110956 0.114607 -0.166972
v 0.103888 0.045880 -0.156393
v 0.141336 0.114607 -0.142039
v 0.132340 0.045880 -0.133043
v 0.166269 0.114607 -0.111659
v 0.155690 0.045880 -0.104591
v 0.184795 0.114607 -0.076999
v 0.173041 0.045880 -0.072130
v 0.196204 0.114607 -0.039390
v 0.183726 0.045880 -0.036908
v 0.200056 0.114607 -0.000278
v 0.187333 0.045880 -0.000278
v 0.196204 0.114607 0.038834
v 0.183726 0.045880 0.036352
v 0.184795 0.114607 0.076443
v 0.173041 0.045880 0.071574
v 0.166269 0.114607 0.111103
v 0.155690 0.045880 0.104035
v 0.141336 0.114607 0.141483
v 0.132340 0.045880 0.132487
v 0.110956 0.114607 0.166416
v 0.103888 0.045880 0.155837
v 0.076296 0.114607 0.184942
v 0.071427 0.045880 0.173188
v 0.038687 0.114607 0.196351
v 0.036205 0.045880 0.183873
v -0.000425 0.114607 0.200203
v -0.000425 0.045880 0.187480
v -0.039537 0.114607 0.196351
v -0.037055 0.045880 0.183873
v -0.077146 0.114607 0.184942
v -0.072277 0.045880 0.173188
v -0.111806 0.114607 0.166416
v -0.104738 0.045880 0.155837
v -0.142186 0.114607 0.141483
v -0.133190 0.045880 0.132487
v -0.167119 0.114607 0.111103
v -0.156540 0.045880 0.104035
v -0.185645 0.114607 0.076443
v -0.173891 0.045880 0.071574
v -0.197054 0.114607 0.038834
v -0.184576 0.045880 0.036352
v -0.200906 0.114607 -0.000278
v -0.188183 0.045880 -0.000278
v -0.197054 0.114607 -0.039390
v -0.184576 0.045880 -0.036908
v -0.185645 0.114607 -0.076999
v -0.173891 0.045880 -0.072130
v -0.167119 0.114607 -0.111659
v -0.156540 0.045880 -0.104591
v -0.142186 0.114607 -0.142039
v -0.133190 0.045880 -0.133043
v -0.111806 0.114607 -0.166972
v -0.104738 0.045880 -0.156393
v -0.077146 0.114607 -0.185498
v -0.072277 0.045880 -0.173744
v -0.039537 0.114607 -0.196907
v -0.037055 0.045880 -0.184429
v -0.000425 0.051547 -0.157422
v -0.000425 0.120275 -0.170144
v 0.032714 0.120275 -0.166881
v 0.030232 0.051547 -0.154403
v 0.064580 0.120275 -0.157214
v 0.059712 0.051547 -0.145460
v 0.093948 0.120275 -0.141517
v 0.086880 0.051547 -0.130939
v 0.119689 0.120275 -0.120392
v 0.110693 0.051547 -0.111396
v 0.140814 0.120275 -0.094651
v 0.130235 0.051547 -0.087583
v 0.156511 0.120275 -0.065283
v 0.144757 0.051547 -0.060415
v 0.166177 0.120275 -0.033417
v 0.153700 0.051547 -0.030935
v 0.169441 0.120275 -0.000278
v 0.156719 0.051547 -0.000278
v 0.166177 0.120275 0.032861
v 0.153700 0.051547 0.030379
v 0.156511 0.120275 0.064727
v 0.144757 0.051547 0.059858
v 0.140814 0.120275 0.094095
v 0.130235 0.051547 0.087026
v 0.119689 0.120275 0.119835
v 0.110693 0.051547 0.110839
v 0.093948 0.120275 0.140961
v 0.086880 0.051547 0.130382
v 0.064580 0.120275 0.156658
v 0.059712 0.051547 0.144904
v 0.032714 0.120275 0.166324
v 0.030232 0.051547 0.153846
v -0.000425 0.120275 0.169588
v -0.000425 0.051547 0.156866
v -0.033564 0.120275 0.166324
v -0.031082 0.051547 0.153846
v -0.065430 0.120275 0.156658
v -0.060561 0.051547 0.144904
v -0.094798 0.120275 0.140961
v -0.087729 0.051547 0.130382
v -0.120538 0.120275 0.119835
v -0.111543 0.051547 0.110839
v -0.141664 0.120275 0.094095
v -0.131085 0.051547 0.087026
v -0.157361 0.120275 0.064727
v -0.145607 0.051547 0.059858
v -0.167027 0.120275 0.032861
v -0.154549 0.051547 0.030379
v -0.170291 0.120275 -0.000278
v -0.157569 0.051547 -0.000278
v -0.167027 0.120275 -0.033417
v -0.154549 0.051547 -0.030935
v -0.157361 0.120275 -0.065283
v -0.145607 0.051547 -0.060415
v -0.141664 0.120275 -0.094651
v -0.131085 0.051547 -0.087583
v -0.120538 0.120275 -0.120392
v -0.111543 0.051547 -0.111396
v -0.094798 0.120275 -0.141517
v -0.087729 0.051547 -0.130939
v -0.065430 0.120275 -0.157214
v -0.060561 0.051547 -0.145460
v -0.033564 0.120275 -0.166881
v -0.031082 0.051547 -0.154403
v 0.017158 0.346894 -0.088674
v -0.000425 0.346894 -0.090406
v 0.034065 0.346894 -0.083545
v 0.049647 0.346894 -0.075216
v 0.063305 0.346894 -0.064008
v 0.074513 0.346894 -0.050350
v 0.082842 0.346894 -0.034768
v 0.087971 0.346894 -0.017861
v 0.089703 0.346894 -0.000278
v 0.087971 0.346894 0.017305
v 0.082842 0.346894 0.034212
v 0.074513 0.346894 0.049794
v 0.063305 0.346894 0.063452
v 0.049647 0.346894 0.074660
v 0.034065 0.346894 0.082989
v 0.017158 0.346894 0.088118
v -0.000425 0.346894 0.089849
v -0.018008 0.346894 0.088118
v -0.034915 0.346894 0.082989
v -0.050497 0.346894 0.074660
v -0.064155 0.346894 0.063452
v -0.075363 0.346894 0.049794
v -0.083692 0.346894 0.034212
v -0.088821 0.346894 0.017305
v -0.090553 0.346894 -0.000278
v -0.088821 0.346894 -0.017861
v -0.083692 0.346894 -0.034768
v -0.075363 0.346894 -0.050350
v -0.064155 0.346894 -0.064008
v -0.050497 0.346894 -0.075216
v -0.034915 0.346894 -0.083545
v -0.018008 0.346894 -0.088674
v 0.027355 0.346894 -0.139938
v -0.000425 0.346894 -0.142674
v 0.054068 0.346894 -0.131835
v 0.078686 0.346894 -0.118676
v 0.100264 0.346894 -0.100968
v 0.117973 0.346894 -0.079389
v 0.131132 0.346894 -0.054771
v 0.139235 0.346894 -0.028058
v 0.141971 0.346894 -0.000278
v 0.139235 0.346894 0.027502
v 0.131132 0.346894 0.054215
v 0.117973 0.346894 0.078833
v 0.100264 0.346894 0.100411
v 0.078686 0.346894 0.118120
v 0.054068 0.346894 0.131279
v 0.027355 0.346894 0.139382
v -0.000425 0.346894 0.142118
v -0.028205 0.346894 0.139382
v -0.054918 0.346894 0.131279
v -0.079536 0.346894 0.118120
v -0.101114 0.346894 0.100411
v -0.118823 0.346894 0.078833
v -0.131982 0.346894 0.054215
v -0.140085 0.346894 0.027502
v -0.142821 0.346894 -0.000278
v -0.140085 0.346894 -0.028058
v -0.131982 0.346894 -0.054771
v -0.118823 0.346894 -0.079389
v -0.101114 0.346894 -0.100968
v -0.079536 0.346894 -0.118676
v -0.054918 0.346894 -0.131835
v -0.028205 0.346894 -0.139938
v 0.011967 0.485446 -0.062579
v -0.000425 0.485446 -0.063799
v 0.023883 0.485446 -0.058964
v 0.034865 0.485446 -0.053094
v 0.044491 0.485446 -0.045194
v 0.052391 0.485446 -0.035569
v 0.058261 0.485446 -0.024586
v 0.061876 0.485446 -0.012670
v 0.063096 0.485446 -0.000278
v 0.061876 0.485446 0.012114
v 0.058261 0.485446 0.024030
v 0.052391 0.485446 0.035012
v 0.044491 0.485446 0.044638
v 0.034865 0.485446 0.052538
v 0.023883 0.485446 0.058407
v 0.011967 0.485446 0.062022
v -0.000425 0.485446 0.063243
v -0.012817 0.485446 0.062022
v -0.024733 0.485446 0.058407
v -0.035715 0.485446 0.052538
v -0.045341 0.485446 0.044638
v -0.053241 0.485446 0.035012
v -0.059111 0.485446 0.024030
v -0.062725 0.485446 0.012114
v -0.063946 0.485446 -0.000278
v -0.062725 0.485446 -0.012670
v -0.059111 0.485446 -0.024586
v -0.053241 0.485446 -0.035569
v -0.045341 0.485446 -0.045194
v -0.035715 0.485446 -0.053094
v -0.024733 0.485446 -0.058964
v -0.012817 0.485446 -0.062579
v 0.017158 0.485446 -0.088674
v -0.000425 0.485446 -0.090406
v 0.034065 0.485446 -0.083545
v 0.049647 0.485446 -0.075216
v 0.063305 0.485446 -0.064008
v 0.074513 0.485446 -0.050350
v 0.082842 0.485446 -0.034768
v 0.087971 0.485446 -0.017861
v 0.089703 0.485446 -0.000278
v 0.087971 0.485446 0.017305
v 0.082842 0.485446 0.034212
v 0.074513 0.485446 0.049794
v 0.063305 0.485446 0.063452
v 0.049647 0.485446 0.074660
v 0.034065 0.485446 0.082989
v 0.017158 0.485446 0.088118
v -0.000425 0.485446 0.089849
v -0.018008 0.485446 0.088118
v -0.034915 0.485446 0.082989
v -0.050497 0.485446 0.074660
v -0.064155 0.485446 0.063452
v -0.075363 0.485446 0.049794
v -0.083692 0.485446 0.034212
v -0.088821 0.485446 0.017305
v -0.090552 0.485446 -0.000278
v -0.088821 0.485446 -0.017861
v -0.083692 0.485446 -0.034768
v -0.075363 0.485446 -0.050350
v -0.064155 0.485446 -0.064008
v -0.050497 0.485446 -0.075216
v -0.034915 0.485446 -0.083545
v -0.018008 0.485446 -0.088674
v 0.011967 0.533495 -0.062579
v -0.000425 0.533495 -0.063799
v 0.023883 0.533495 -0.058964
v 0.034865 0.533495 -0.053094
v 0.044491 0.533495 -0.045194
v 0.052391 0.533495 -0.035569
v 0.058261 0.533495 -0.024586
v 0.061876 0.533495 -0.012670
v 0.063096 0.533495 -0.000278
v 0.061876 0.533495 0.012114
v 0.058261 0.533495 0.024030
v 0.052391 0.533495 0.035012
v 0.044491 0.533495 0.044638
v 0.034865 0.533495 0.052538
v 0.023884 0.533495 0.058407
v 0.011967 0.533495 0.062022
v -0.000425 0.533495 0.063243
v -0.012817 0.533495 0.062022
v -0.024733 0.533495 0.058407
v -0.035715 0.533495 0.052538
v -0.045341 0.533495 0.044638
v -0.053241 0.533495 0.035012
v -0.059111 0.533495 0.024030
v -0.062725 0.533495 0.012114
v -0.063946 0.533495 -0.000278
v -0.062725 0.533495 -0.012670
v -0.059111 0.533495 -0.024586
v -0.053241 0.533495 -0.035569
v -0.045341 0.533495 -0.045194
v -0.035715 0.533495 -0.053094
v -0.024733 0.533495 -0.058964
v -0.012817 0.533495 -0.062579
v -0.000425 -0.543420 -0.048294
v -0.000425 -0.447388 -0.048294
v 0.032385 -0.543420 -0.015116
v 0.032385 -0.447388 -0.015116
v 0.032385 -0.543420 0.038568
v 0.032385 -0.447388 0.038568
v -0.028648 -0.543420 0.038568
v -0.028648 -0.447388 0.038568
v -0.046091 -0.543420 -0.015116
v -0.046091 -0.447388 -0.015116
v -0.000343 -0.801256 -0.027700
v 0.028717 -0.801256 -0.008180
v 0.028717 -0.801256 0.021858
v -0.016508 -0.801256 0.021858
v -0.026448 -0.801256 -0.008733
v -0.000425 -0.801256 -0.032174
v 0.032385 -0.801256 -0.010134
v 0.032385 -0.801256 0.025526
v -0.019173 -0.801256 0.025526
v -0.030760 -0.801256 -0.010134
v -0.000343 -0.793915 -0.027700
v 0.028717 -0.793915 -0.008180
v 0.028717 -0.793915 0.021858
v -0.016508 -0.793915 0.021858
v -0.026448 -0.793915 -0.008733
v 0.062856 -0.502848 0.029391
v 0.062856 -0.443510 0.029391
v 0.042582 -0.502848 0.008890
v 0.042582 -0.443510 0.008890
v 0.042582 -0.502848 -0.024281
v 0.042582 -0.443510 -0.024281
v 0.080295 -0.502848 -0.024281
v 0.080295 -0.443510 -0.024281
v 0.091073 -0.502848 0.008890
v 0.091073 -0.443510 0.008890
v 0.062856 -0.662165 0.019430
v 0.042582 -0.662165 0.005812
v 0.042582 -0.662165 -0.016223
v 0.074440 -0.662165 -0.016223
v 0.081600 -0.662165 0.005812
v 0.000667 -0.509322 -0.067215
v 0.000667 -0.437036 -0.067215
v -0.024308 -0.509322 -0.042518
v -0.024308 -0.437036 -0.042518
v -0.064717 -0.509322 -0.042518
v -0.064717 -0.437036 -0.042518
v -0.064717 -0.509322 -0.088459
v -0.064717 -0.437036 -0.088459
v -0.024308 -0.509322 -0.101589
v -0.024308 -0.437036 -0.101589
v -0.011467 -0.703405 -0.067215
v -0.028057 -0.703405 -0.042518
v -0.054900 -0.703405 -0.042518
v -0.054900 -0.703405 -0.081327
v -0.028057 -0.703405 -0.090049
v -0.040528 -0.496847 -0.044039
v -0.040528 -0.446452 -0.044039
v -0.031235 -0.496847 -0.021384
v -0.031235 -0.446452 -0.021384
v -0.041961 -0.496847 0.004666
v -0.041961 -0.446452 0.004666
v -0.071578 -0.496847 -0.007528
v -0.071578 -0.446452 -0.007528
v -0.069317 -0.496847 -0.037063
v -0.069317 -0.446452 -0.037063
v -0.043749 -0.632154 -0.036217
v -0.032231 -0.632154 -0.018967
v -0.039355 -0.632154 -0.001662
v -0.064374 -0.632154 -0.011963
v -0.062872 -0.632154 -0.031583
v -0.022926 -0.502346 0.051937
v -0.022926 -0.440953 0.051937
v 0.004673 -0.502346 0.040616
v 0.004673 -0.440953 0.040616
v 0.036408 -0.502346 0.053683
v 0.036408 -0.440953 0.053683
v 0.021553 -0.502346 0.089762
v 0.021553 -0.440953 0.089762
v -0.014427 -0.502346 0.087007
v -0.014427 -0.440953 0.087007
v -0.013396 -0.667179 0.055860
v 0.007618 -0.667179 0.041829
v 0.028699 -0.667179 0.050508
v 0.016150 -0.667179 0.080987
v -0.007751 -0.667179 0.079157
v 0.219353 0.385786 0.328643
v 0.219353 0.431970 0.328643
v 0.150961 0.431970 0.365199
v 0.150961 0.385786 0.365199
v -0.000425 0.385786 -0.395868
v -0.000425 0.431970 -0.395868
v 0.076751 0.431970 -0.388267
v 0.076751 0.385786 -0.388267
v -0.329346 0.385786 -0.220056
v -0.329346 0.431970 -0.220056
v -0.280149 0.431970 -0.280002
v -0.280149 0.385786 -0.280002
v 0.076751 0.431970 0.387711
v 0.076751 0.385786 0.387711
v 0.150961 0.431970 -0.365756
v 0.150961 0.385786 -0.365756
v -0.220203 0.431970 -0.329199
v -0.220203 0.385786 -0.329199
v -0.000425 0.431970 0.395312
v -0.000425 0.385786 0.395312
v 0.219353 0.431970 -0.329199
v 0.219353 0.385786 -0.329199
v -0.151811 0.431970 -0.365756
v -0.151811 0.385786 -0.365756
v -0.077601 0.431970 0.387711
v -0.077601 0.385786 0.387711
v 0.279299 0.431970 -0.280002
v 0.279299 0.385786 -0.280002
v -0.077601 0.431970 -0.388267
v -0.077601 0.385786 -0.388267
v -0.151811 0.431970 0.365199
v -0.151811 0.385786 0.365199
v 0.328496 0.431970 -0.220056
v 0.328496 0.385786 -0.220056
v -0.220203 0.431970 0.328643
v -0.220203 0.385786 0.328643
v 0.365053 0.431970 -0.151664
v 0.365053 0.385786 -0.151664
v -0.280149 0.431970 0.279446
v -0.280149 0.385786 0.279446
v 0.387564 0.431970 -0.077454
v 0.387564 0.385786 -0.077454
v -0.329346 0.431970 0.219500
v -0.329346 0.385786 0.219500
v 0.395165 0.431970 -0.000278
v 0.395165 0.385786 -0.000278
v -0.365903 0.431970 0.151108
v -0.365903 0.385786 0.151108
v 0.387564 0.431970 0.076898
v 0.387564 0.385786 0.076898
v -0.388414 0.431970 0.076898
v -0.388414 0.385786 0.076898
v 0.365053 0.431970 0.151108
v 0.365053 0.385786 0.151108
v -0.396015 0.431970 -0.000278
v -0.396015 0.385786 -0.000278
v 0.328496 0.431970 0.219500
v 0.328496 0.385786 0.219500
v -0.388414 0.431970 -0.077454
v -0.388414 0.385786 -0.077454
v 0.279300 0.431970 0.279446
v 0.279299 0.385786 0.279446
v -0.365902 0.431970 -0.151664
v -0.365903 0.385786 -0.151664
v 0.172144 0.385786 0.257989
v 0.172144 0.431970 0.257989
v 0.118442 0.431970 0.286693
v 0.118442 0.385786 0.286693
v -0.000425 0.385786 -0.310893
v -0.000425 0.431970 -0.310893
v 0.060173 0.431970 -0.304925
v 0.060173 0.385786 -0.304925
v -0.258692 0.385786 -0.172847
v -0.258692 0.431970 -0.172847
v -0.220063 0.431970 -0.219916
v -0.220063 0.385786 -0.219916
v 0.060173 0.431970 0.304369
v 0.060173 0.385786 0.304369
v 0.118442 0.431970 -0.287249
v 0.118442 0.385786 -0.287249
v -0.172993 0.431970 -0.258545
v -0.172993 0.385786 -0.258545
v -0.010223 0.422125 0.309372
v -0.010223 0.395632 0.309372
v 0.179754 0.422125 -0.252299
v 0.179754 0.395632 -0.252299
v -0.109871 0.422125 -0.290107
v -0.109871 0.395632 -0.290107
v -0.051225 0.422125 0.305334
v -0.051225 0.395632 0.305334
v 0.211603 0.422125 -0.226162
v 0.211603 0.395632 -0.226162
v -0.070444 0.422125 -0.302067
v -0.070444 0.395632 -0.302067
v -0.119292 0.431970 0.286693
v -0.119292 0.385786 0.286693
v 0.257842 0.431970 -0.172847
v 0.257842 0.385786 -0.172847
v -0.172993 0.431970 0.257989
v -0.172993 0.385786 0.257989
v 0.286546 0.431970 -0.119145
v 0.286546 0.385786 -0.119145
v -0.220063 0.431970 0.219360
v -0.220063 0.385786 0.219360
v 0.305187 0.422125 -0.051078
v 0.305187 0.395632 -0.051078
v -0.263333 0.422124 0.163607
v -0.263333 0.395632 0.163607
v 0.309225 0.422125 -0.010076
v 0.309225 0.395632 -0.010076
v -0.282755 0.422125 0.127272
v -0.282755 0.395632 0.127272
v 0.304222 0.431970 0.060320
v 0.304222 0.385786 0.060320
v -0.305072 0.431970 0.060320
v -0.305072 0.385786 0.060320
v 0.286546 0.431970 0.118589
v 0.286546 0.385786 0.118589
v -0.311040 0.431970 -0.000278
v -0.311040 0.385786 -0.000278
v 0.251596 0.422125 0.179901
v 0.251596 0.395632 0.179901
v -0.302214 0.422124 -0.070298
v -0.302214 0.395632 -0.070298
v 0.225459 0.422125 0.211749
v 0.225459 0.395632 0.211749
v -0.290254 0.422124 -0.109724
v -0.290254 0.395632 -0.109724
v -0.000425 0.431970 0.310337
v -0.000425 0.385786 0.310337
v 0.172144 0.431970 -0.258545
v 0.172144 0.385786 -0.258545
v -0.119292 0.431970 -0.287249
v -0.119292 0.385786 -0.287249
v -0.061023 0.431970 0.304369
v -0.061023 0.385786 0.304369
v 0.219213 0.431970 -0.219916
v 0.219213 0.385786 -0.219916
v -0.061023 0.431970 -0.304925
v -0.061023 0.385786 -0.304925
v 0.304222 0.431970 -0.060876
v 0.304222 0.385786 -0.060876
v -0.258692 0.431970 0.172290
v -0.258692 0.385786 0.172290
v 0.310190 0.431970 -0.000278
v 0.310190 0.385786 -0.000278
v -0.287396 0.431970 0.118589
v -0.287396 0.385786 0.118589
v 0.257842 0.431970 0.172290
v 0.257842 0.385786 0.172290
v -0.305072 0.431970 -0.060876
v -0.305072 0.385786 -0.060876
v 0.219213 0.431970 0.219360
v 0.219213 0.385786 0.219360
v -0.287396 0.431970 -0.119145
v -0.287396 0.385786 -0.119145
v 0.014673 0.422125 0.056597
v 0.014673 0.395632 0.056597
v 0.018619 0.422125 -0.055956
v 0.018619 0.395632 -0.055956
v -0.036139 0.422125 -0.047046
v -0.036139 0.395632 -0.047046
v -0.026329 0.422125 0.052558
v -0.026329 0.395632 0.052558
v 0.050467 0.422125 -0.029819
v 0.050467 0.395632 -0.029819
v 0.003288 0.422125 -0.059006
v 0.003288 0.395632 -0.059006
v 0.052412 0.422125 -0.026182
v 0.052412 0.395632 -0.026182
v -0.039327 0.422124 0.043873
v -0.039327 0.395632 0.043873
v 0.056450 0.422125 0.014820
v 0.056450 0.395632 0.014820
v -0.058748 0.422124 0.007538
v -0.058748 0.395632 0.007538
v 0.055253 0.422125 0.018766
v 0.055253 0.395632 0.018766
v -0.059153 0.422124 0.003434
v -0.059153 0.395632 0.003434
v 0.029116 0.422125 0.050614
v 0.029116 0.395632 0.050614
v -0.047193 0.422124 -0.035992
v -0.047193 0.395632 -0.035992
v -0.153284 0.501362 0.045929
v -0.153284 0.501362 -0.022607
v -0.917144 0.501362 0.045929
v -0.917144 0.501362 -0.022607
v -0.153284 0.505626 0.045929
v -0.153284 0.505626 -0.022607
v -0.917144 0.505626 0.045929
v -0.917144 0.505626 -0.022607
v -0.149755 0.501362 0.049457
v -0.149755 0.501362 -0.026136
v -0.920672 0.501362 0.049457
v -0.920672 0.501362 -0.026136
v -0.149755 0.505626 0.049457
v -0.149755 0.505626 -0.026136
v -0.920672 0.505626 0.049457
v -0.920672 0.505626 -0.026136
v -0.059111 0.501348 0.030144
v -0.059111 0.505612 0.030144
v -0.062725 0.501348 0.012183
v -0.062725 0.505612 0.012183
v -0.063946 0.501348 -0.006496
v -0.063946 0.505612 -0.006496
v -0.149755 0.501348 0.030144
v -0.149755 0.505612 0.030144
v -0.149755 0.501348 0.012183
v -0.149755 0.505612 0.012183
v -0.149755 0.501348 -0.006496
v -0.149755 0.505612 -0.006496
v -0.120745 0.501348 0.012183
v -0.120745 0.505612 0.012183
v -0.091735 0.501348 0.012183
v -0.091735 0.505612 0.012183
v -0.092549 0.501348 -0.006496
v -0.092549 0.505612 -0.006496
v -0.121152 0.501348 -0.006496
v -0.121152 0.505612 -0.006496
v -0.119540 0.501348 0.030144
v -0.119540 0.505612 0.030144
v -0.089326 0.501348 0.030144
v -0.089326 0.505612 0.030144
v -0.122924 0.503480 0.010051
v -0.123238 0.503480 -0.004364
v -0.121152 0.503480 -0.008628
v -0.151887 0.503480 -0.008628
v -0.147623 0.503480 -0.004364
v -0.151887 0.503480 0.012183
v -0.147623 0.503480 0.010051
v -0.121820 0.503480 0.028012
v -0.122739 0.503480 0.014315
v -0.147623 0.503480 0.014315
v -0.151887 0.503480 0.032276
v -0.147623 0.503480 0.028012
v -0.119540 0.503480 0.032276
v -0.061714 0.503480 0.028012
v -0.056507 0.503480 0.032276
v -0.060607 0.503480 0.011902
v -0.064471 0.503480 0.014315
v -0.089298 0.503480 0.014315
v -0.087460 0.503480 0.028012
v -0.089326 0.503480 0.032276
v -0.091763 0.503480 0.028012
v -0.093600 0.503480 0.014315
v -0.118465 0.503480 0.014315
v -0.117546 0.503480 0.028012
v -0.065001 0.503480 0.010051
v -0.061949 0.503480 -0.008628
v -0.065943 0.503480 -0.004364
v -0.092549 0.503480 -0.008628
v -0.090322 0.503480 -0.004364
v -0.089694 0.503480 0.010051
v -0.093962 0.503480 0.010051
v -0.094590 0.503480 -0.004364
v -0.118973 0.503480 -0.004364
v -0.118659 0.503480 0.010051
v -0.003715 0.501362 0.159378
v -0.068897 0.501362 0.138199
v -0.239761 0.501362 0.885852
v -0.304943 0.501362 0.864673
v -0.003715 0.505626 0.159378
v -0.068897 0.505626 0.138199
v -0.239761 0.505626 0.885852
v -0.304943 0.505626 0.864673
v 0.000731 0.501362 0.157112
v -0.071163 0.501362 0.133753
v -0.237495 0.501362 0.890298
v -0.309389 0.501362 0.866938
v 0.000731 0.505626 0.157112
v -0.071163 0.505626 0.133753
v -0.237495 0.505626 0.890298
v -0.309389 0.505626 0.866938
v 0.010374 0.501348 0.064936
v 0.010374 0.505612 0.064936
v -0.007825 0.501348 0.062824
v -0.007825 0.505612 0.062824
v -0.025967 0.501348 0.058213
v -0.025967 0.505612 0.058213
v -0.017637 0.501348 0.151144
v -0.017637 0.505612 0.151144
v -0.034719 0.501348 0.145594
v -0.034719 0.505612 0.145594
v -0.052484 0.501348 0.139822
v -0.052484 0.505612 0.139822
v -0.025755 0.501348 0.118004
v -0.025755 0.505612 0.118004
v -0.016790 0.501348 0.090414
v -0.016790 0.505612 0.090414
v -0.034806 0.501348 0.085416
v -0.034806 0.505612 0.085416
v -0.043645 0.501348 0.112619
v -0.043645 0.505612 0.112619
v -0.008300 0.501348 0.122408
v -0.008300 0.505612 0.122408
v 0.001037 0.501348 0.093672
v 0.001037 0.505612 0.093672
v -0.028456 0.503480 0.119417
v -0.042262 0.503480 0.115262
v -0.045673 0.503480 0.111960
v -0.055170 0.503480 0.141191
v -0.049797 0.503480 0.138453
v -0.035378 0.503480 0.147621
v -0.036088 0.503480 0.142907
v -0.011032 0.503480 0.123918
v -0.024343 0.503480 0.120559
v -0.032033 0.503480 0.144225
v -0.016268 0.503480 0.153831
v -0.019006 0.503480 0.148458
v -0.006272 0.503480 0.123067
v 0.007541 0.503480 0.066754
v 0.013206 0.503480 0.063119
v -0.007438 0.503480 0.060722
v -0.006337 0.503480 0.065143
v -0.014009 0.503480 0.088755
v -0.000415 0.503480 0.091240
v 0.003064 0.503480 0.094331
v -0.001744 0.503480 0.095331
v -0.015339 0.503480 0.092846
v -0.023022 0.503480 0.116494
v -0.009712 0.503480 0.119853
v -0.010556 0.503480 0.064329
v -0.027378 0.503480 0.055654
v -0.024557 0.503480 0.060771
v -0.036834 0.503480 0.084757
v -0.032090 0.503480 0.083956
v -0.018187 0.503480 0.087814
v -0.019506 0.503480 0.091873
v -0.033409 0.503480 0.088016
v -0.040944 0.503480 0.111205
v -0.027138 0.503480 0.115361
v 0.150400 0.501362 0.052188
v 0.110116 0.501362 0.107635
v 0.768376 0.501362 0.501173
v 0.728091 0.501362 0.556620
v 0.150400 0.505626 0.052188
v 0.110116 0.505626 0.107635
v 0.768376 0.505626 0.501173
v 0.728091 0.505626 0.556620
v 0.149619 0.501362 0.047259
v 0.105187 0.501362 0.108415
v 0.773305 0.501362 0.500393
v 0.728872 0.501362 0.561549
v 0.149619 0.505626 0.047259
v 0.105187 0.505626 0.108415
v 0.773305 0.505626 0.500393
v 0.728872 0.505626 0.561549
v 0.064935 0.501348 0.009604
v 0.064935 0.505612 0.009604
v 0.057302 0.501348 0.026260
v 0.057302 0.505612 0.026260
v 0.047310 0.501348 0.042089
v 0.047310 0.505612 0.042089
v 0.138267 0.501348 0.062883
v 0.138267 0.505612 0.062883
v 0.127710 0.501348 0.077414
v 0.127710 0.505612 0.077414
v 0.116731 0.501348 0.092526
v 0.116731 0.505612 0.092526
v 0.104241 0.501348 0.060363
v 0.104241 0.505612 0.060363
v 0.080771 0.501348 0.043311
v 0.080771 0.505612 0.043311
v 0.070450 0.501348 0.058901
v 0.070450 0.505612 0.058901
v 0.093591 0.501348 0.075713
v 0.093591 0.505612 0.075713
v 0.113823 0.501348 0.045124
v 0.113823 0.505612 0.045124
v 0.089379 0.501348 0.027364
v 0.089379 0.505612 0.027364
v 0.104750 0.503480 0.063369
v 0.096531 0.503480 0.075215
v 0.092338 0.503480 0.077438
v 0.117203 0.503480 0.095504
v 0.116259 0.503480 0.089548
v 0.129435 0.503480 0.078668
v 0.124732 0.503480 0.077886
v 0.114414 0.503480 0.048189
v 0.107107 0.503480 0.059810
v 0.127238 0.503480 0.074436
v 0.141245 0.503480 0.062412
v 0.135289 0.503480 0.063355
v 0.115076 0.503480 0.043399
v 0.065788 0.503480 0.012860
v 0.064081 0.503480 0.006349
v 0.055423 0.503480 0.025242
v 0.059967 0.503480 0.025561
v 0.080053 0.503480 0.040154
v 0.086617 0.503480 0.027993
v 0.090632 0.503480 0.025639
v 0.090097 0.503480 0.030521
v 0.083533 0.503480 0.042683
v 0.103649 0.503480 0.057298
v 0.110957 0.503480 0.045677
v 0.057890 0.503480 0.029322
v 0.044441 0.503480 0.042639
v 0.050179 0.503480 0.041538
v 0.069197 0.503480 0.060626
v 0.069902 0.503480 0.055867
v 0.077867 0.503480 0.043836
v 0.081320 0.503480 0.046345
v 0.073355 0.503480 0.058376
v 0.093081 0.503480 0.072708
v 0.101300 0.503480 0.060861
v 0.096080 0.501362 -0.127509
v 0.136365 0.501362 -0.072061
v 0.714056 0.501361 -0.576494
v 0.754341 0.501361 -0.521047
v 0.096080 0.505626 -0.127509
v 0.136365 0.505626 -0.072061
v 0.714056 0.505626 -0.576494
v 0.754341 0.505626 -0.521047
v 0.091152 0.501362 -0.128289
v 0.135584 0.501362 -0.067133
v 0.714837 0.501361 -0.581423
v 0.759269 0.501361 -0.520267
v 0.091152 0.505626 -0.128289
v 0.135584 0.505626 -0.067133
v 0.714837 0.505626 -0.581423
v 0.759269 0.505626 -0.520267
v 0.029171 0.501348 -0.059385
v 0.029171 0.505612 -0.059385
v 0.042653 0.501348 -0.046979
v 0.042653 0.505612 -0.046979
v 0.054619 0.501348 -0.032585
v 0.054619 0.505612 -0.032585
v 0.102504 0.501348 -0.112664
v 0.102504 0.505612 -0.112664
v 0.113061 0.501348 -0.098133
v 0.113061 0.505612 -0.098133
v 0.124040 0.501348 -0.083022
v 0.124040 0.505612 -0.083022
v 0.089592 0.501348 -0.081082
v 0.089592 0.505612 -0.081082
v 0.066122 0.501348 -0.064030
v 0.066122 0.505612 -0.064030
v 0.077759 0.501348 -0.049397
v 0.077759 0.505612 -0.049397
v 0.100900 0.501348 -0.066210
v 0.100900 0.505612 -0.066210
v 0.078059 0.501348 -0.094905
v 0.078059 0.505612 -0.094905
v 0.053615 0.501348 -0.077145
v 0.053615 0.505612 -0.077145
v 0.092607 0.503480 -0.080638
v 0.101334 0.503480 -0.069161
v 0.102153 0.503480 -0.064485
v 0.127018 0.503480 -0.082550
v 0.121062 0.503480 -0.083494
v 0.114786 0.503480 -0.099387
v 0.112589 0.503480 -0.095155
v 0.081157 0.503480 -0.094520
v 0.089951 0.503480 -0.083979
v 0.110083 0.503480 -0.098605
v 0.102975 0.503480 -0.115642
v 0.102032 0.503480 -0.109686
v 0.076806 0.503480 -0.096630
v 0.032531 0.503480 -0.059191
v 0.025811 0.503480 -0.059579
v 0.041104 0.503480 -0.045506
v 0.042812 0.503480 -0.049730
v 0.062897 0.503480 -0.064323
v 0.053359 0.503480 -0.074324
v 0.052362 0.503480 -0.078870
v 0.056840 0.503480 -0.076853
v 0.066378 0.503480 -0.066851
v 0.086494 0.503480 -0.081467
v 0.077700 0.503480 -0.092008
v 0.045747 0.503480 -0.046592
v 0.054257 0.503480 -0.029686
v 0.054982 0.503480 -0.035484
v 0.079013 0.503480 -0.047672
v 0.074705 0.503480 -0.049813
v 0.065724 0.503480 -0.061106
v 0.069177 0.503480 -0.063615
v 0.078158 0.503480 -0.052322
v 0.097884 0.503480 -0.066654
v 0.089157 0.503480 -0.078131
v -0.091606 0.501362 -0.131376
v -0.026425 0.501362 -0.152555
v -0.327652 0.501361 -0.857851
v -0.262470 0.501361 -0.879030
v -0.091606 0.505626 -0.131376
v -0.026425 0.505626 -0.152555
v -0.327652 0.505626 -0.857851
v -0.262470 0.505626 -0.879030
v -0.093872 0.501362 -0.126930
v -0.021978 0.501362 -0.150290
v -0.332099 0.501361 -0.860116
v -0.260205 0.501361 -0.883476
v -0.093872 0.505626 -0.126930
v -0.021978 0.505626 -0.150290
v -0.332099 0.505626 -0.860116
v -0.260205 0.505626 -0.883476
v -0.047493 0.501348 -0.046691
v -0.047493 0.505612 -0.046691
v -0.031528 0.501348 -0.055679
v -0.031528 0.505612 -0.055679
v -0.014141 0.501348 -0.062611
v -0.014141 0.505612 -0.062611
v -0.075504 0.501348 -0.132898
v -0.075504 0.505612 -0.132898
v -0.058422 0.501348 -0.138449
v -0.058422 0.505612 -0.138449
v -0.040657 0.501348 -0.144221
v -0.040657 0.505612 -0.144221
v -0.049457 0.501348 -0.110859
v -0.049457 0.505612 -0.110859
v -0.040493 0.501348 -0.083269
v -0.040493 0.505612 -0.083269
v -0.022980 0.501348 -0.089814
v -0.022980 0.505612 -0.089814
v -0.031818 0.501348 -0.117018
v -0.031818 0.505612 -0.117018
v -0.066167 0.501348 -0.104162
v -0.066167 0.505612 -0.104162
v -0.056830 0.501348 -0.075426
v -0.056830 0.505612 -0.075426
v -0.048103 0.503480 -0.113590
v -0.034491 0.503480 -0.118343
v -0.029791 0.503480 -0.117676
v -0.039288 0.503480 -0.146907
v -0.042026 0.503480 -0.141534
v -0.059081 0.503480 -0.140476
v -0.055735 0.503480 -0.137080
v -0.064844 0.503480 -0.106989
v -0.052101 0.503480 -0.112096
v -0.059791 0.503480 -0.135762
v -0.078190 0.503480 -0.134267
v -0.072817 0.503480 -0.131530
v -0.068195 0.503480 -0.103504
v -0.046270 0.503480 -0.049826
v -0.048716 0.503480 -0.043555
v -0.030606 0.503480 -0.053751
v -0.034095 0.503480 -0.056680
v -0.041767 0.503480 -0.080292
v -0.054226 0.503480 -0.074311
v -0.058858 0.503480 -0.074768
v -0.055556 0.503480 -0.078403
v -0.043097 0.503480 -0.084384
v -0.050781 0.503480 -0.108032
v -0.063523 0.503480 -0.102925
v -0.030204 0.503480 -0.058502
v -0.011496 0.503480 -0.061371
v -0.016786 0.503480 -0.063852
v -0.020952 0.503480 -0.090473
v -0.024319 0.503480 -0.087038
v -0.037834 0.503480 -0.081986
v -0.039153 0.503480 -0.086045
v -0.025638 0.503480 -0.091097
v -0.033173 0.503480 -0.114287
v -0.046785 0.503480 -0.109533
vn -0.6333 0.7739 -0.0000
vn -0.6334 0.7739 -0.0000
vn 0.0491 0.1481 -0.9878
vn 0.3145 0.9492 -0.0000
vn 0.3547 0.9350 -0.0000
vn 0.3145 0.9493 -0.0000
vn 0.0491 0.1481 0.9878
vn -0.3145 -0.9492 -0.0000
vn 0.3792 0.9253 -0.0000
vn -0.3727 0.5763 -0.7273
vn -0.3727 0.5763 0.7273
vn -0.3606 -0.9327 -0.0000
vn 0.1429 0.1926 -0.9708
vn 0.0929 0.0848 -0.9921
vn 0.1443 0.1958 -0.9700
vn 0.1429 0.1926 0.9708
vn 0.0929 0.0848 0.9921
vn 0.0911 0.0811 0.9925
vn -0.3887 -0.9214 -0.0000
vn 0.9763 -0.2165 -0.0000
vn 0.9229 -0.3851 -0.0000
vn -0.9229 0.3851 -0.0000
vn -0.9229 0.3852 -0.0000
vn -0.9228 0.3852 -0.0000
vn 0.1474 0.3532 -0.9239
vn 0.3558 0.8526 -0.3827
vn 0.3558 0.8526 0.3827
vn 0.1474 0.3531 0.9239
vn 0.1474 0.3532 0.9239
vn -0.1474 -0.3531 0.9239
vn -0.3558 -0.8526 0.3827
vn -0.3558 -0.8526 -0.3827
vn -0.1474 -0.3531 -0.9239
vn -0.1474 -0.3532 -0.9239
vn -0.1474 -0.3532 0.9239
vn -0.1957 0.7739 0.6024
vn -0.1957 0.7739 0.6023
vn -0.9243 0.1481 -0.3519
vn 0.0972 0.9492 -0.2991
vn 0.1096 0.9350 -0.3374
vn 0.0972 0.9493 -0.2991
vn 0.9546 0.1481 0.2586
vn -0.0972 -0.9492 0.2991
vn 0.1096 0.9350 -0.3373
vn 0.1172 0.9253 -0.3606
vn -0.8069 0.5763 0.1297
vn 0.5766 0.5763 0.5792
vn -0.1114 -0.9327 0.3429
vn -0.8792 0.1926 -0.4359
vn -0.9148 0.0848 -0.3949
vn -0.8779 0.1958 -0.4370
vn 0.9675 0.1926 0.1641
vn 0.9722 0.0848 0.2182
vn 0.9721 0.0811 0.2200
vn -0.1201 -0.9214 0.3696
vn 0.3017 -0.2165 -0.9285
vn 0.2852 -0.3851 -0.8777
vn -0.2852 0.3851 0.8777
vn -0.2852 0.3852 0.8777
vn -0.2853 0.3851 0.8777
vn -0.2852 0.3850 0.8777
vn -0.8331 0.3532 -0.4257
vn -0.2540 0.8526 -0.4566
vn 0.4739 0.8526 -0.2201
vn 0.9242 0.3532 0.1453
vn 0.8331 -0.3532 0.4257
vn 0.2540 -0.8526 0.4566
vn -0.4739 -0.8526 0.2201
vn -0.9242 -0.3532 -0.1453
vn 0.2540 -0.8526 0.4567
vn -0.2540 0.8526 -0.4567
vn -0.8331 0.3531 -0.4257
vn -0.2854 0.3851 0.8776
vn -0.2851 0.3851 0.8777
vn 0.9242 0.3531 0.1453
vn -0.9242 -0.3531 -0.1453
vn -0.2851 0.3852 0.8777
vn -0.2852 0.3849 0.8778
vn 0.5124 0.7739 0.3723
vn -0.6203 0.1481 0.7703
vn -0.2545 0.9493 -0.1849
vn -0.2870 0.9350 -0.2085
vn 0.5409 0.1481 -0.8280
vn 0.2545 -0.9492 0.1849
vn -0.3068 0.9253 -0.2229
vn -0.1260 0.5763 0.8075
vn 0.7290 0.5763 -0.3694
vn 0.2917 -0.9327 0.2119
vn -0.6862 0.1926 0.7014
vn -0.6583 0.0848 0.7480
vn -0.6869 0.1958 0.6999
vn 0.4551 0.1926 -0.8694
vn 0.5080 0.0848 -0.8572
vn 0.5097 0.0811 -0.8565
vn 0.3144 -0.9214 0.2284
vn -0.7898 -0.2165 -0.5738
vn -0.7466 -0.3851 -0.5424
vn 0.7466 0.3850 0.5426
vn 0.7466 0.3851 0.5424
vn 0.7466 0.3852 0.5424
vn 0.7466 0.3853 0.5423
vn 0.7465 0.3855 0.5423
vn -0.6623 0.3531 0.6608
vn -0.6623 0.3532 0.6608
vn -0.5128 0.8526 0.1005
vn -0.0629 0.8526 -0.5187
vn 0.4238 0.3532 -0.8341
vn 0.6623 -0.3532 -0.6608
vn 0.5128 -0.8526 -0.1005
vn 0.0629 -0.8526 0.5187
vn -0.4238 -0.3532 0.8341
vn 0.7466 0.3851 0.5425
vn 0.7466 0.3850 0.5425
vn 0.7467 0.3850 0.5425
vn 0.7467 0.3850 0.5424
vn 0.7467 0.3851 0.5424
vn 0.4238 0.3531 -0.8341
vn -0.5128 0.8526 0.1004
vn 0.5128 -0.8526 -0.1004
vn 0.7466 0.3853 0.5424
vn 0.5124 0.7739 -0.3723
vn 0.5409 0.1481 0.8279
vn -0.2545 0.9493 0.1849
vn -0.2870 0.9350 0.2085
vn -0.6203 0.1481 -0.7703
vn 0.2545 -0.9492 -0.1849
vn -0.3068 0.9253 0.2229
vn 0.7290 0.5763 0.3694
vn -0.1260 0.5763 -0.8075
vn 0.2917 -0.9327 -0.2119
vn 0.4551 0.1926 0.8694
vn 0.5080 0.0848 0.8572
vn 0.4534 0.1958 0.8696
vn -0.6862 0.1926 -0.7014
vn -0.6583 0.0848 -0.7480
vn -0.6571 0.0811 -0.7494
vn 0.3144 -0.9214 -0.2284
vn -0.7898 -0.2165 0.5738
vn -0.7466 -0.3851 0.5424
vn 0.7466 0.3851 -0.5424
vn 0.7466 0.3852 -0.5424
vn 0.7466 0.3851 -0.5425
vn 0.7467 0.3851 -0.5424
vn 0.4238 0.3532 0.8341
vn -0.0629 0.8526 0.5187
vn -0.5128 0.8526 -0.1005
vn -0.6623 0.3532 -0.6608
vn -0.4238 -0.3532 -0.8341
vn -0.4238 -0.3531 -0.8341
vn 0.0629 -0.8526 -0.5187
vn 0.5128 -0.8526 0.1005
vn 0.6623 -0.3532 0.6608
vn -0.6623 0.3531 -0.6608
vn 0.7466 0.3850 -0.5425
vn 0.7466 0.3853 -0.5424
vn 0.7464 0.3852 -0.5426
vn 0.4238 0.3531 0.8341
vn -0.1957 0.7739 -0.6024
vn 0.9546 0.1481 -0.2586
vn 0.0972 0.9493 0.2991
vn 0.1096 0.9350 0.3374
vn 0.0972 0.9492 0.2991
vn -0.9243 0.1481 0.3519
vn -0.0972 -0.9492 -0.2991
vn 0.1172 0.9253 0.3606
vn 0.5766 0.5763 -0.5792
vn -0.8069 0.5763 -0.1297
vn -0.1114 -0.9327 -0.3429
vn 0.9675 0.1926 -0.1641
vn 0.9722 0.0848 -0.2182
vn 0.9671 0.1958 -0.1625
vn -0.8792 0.1926 0.4359
vn -0.9148 0.0848 0.3949
vn -0.9158 0.0811 0.3934
vn -0.1201 -0.9214 -0.3696
vn 0.3017 -0.2165 0.9285
vn 0.2852 -0.3851 0.8777
vn -0.2850 0.3850 -0.8778
vn -0.2852 0.3852 -0.8777
vn -0.2851 0.3849 -0.8778
vn -0.2856 0.3851 -0.8776
vn -0.2853 0.3851 -0.8777
vn -0.2852 0.3851 -0.8777
vn 0.9242 0.3532 -0.1453
vn 0.4739 0.8526 0.2201
vn -0.2540 0.8526 0.4566
vn -0.8331 0.3532 0.4257
vn -0.9242 -0.3532 0.1453
vn -0.4739 -0.8526 -0.2201
vn 0.2540 -0.8526 -0.4566
vn 0.8331 -0.3532 -0.4257
vn -0.2854 0.3851 -0.8776
vn -0.2854 0.3850 -0.8777
vn -0.2851 0.3851 -0.8777
vn -0.2855 0.3849 -0.8777
vn -0.2853 0.3850 -0.8777
vn -0.2854 0.3849 -0.8777
vn -0.2848 0.3852 -0.8778
vn 0.8331 -0.3531 -0.4257
vn -0.0000 1.0000 -0.0000
vn -0.0000 1.0000 -0.0001
vn -0.4339 -0.0000 -0.9010
vn -0.9749 -0.0000 -0.2225
vn -0.7818 -0.0000 0.6235
vn -0.0000 -0.0000 1.0000
vn 0.7818 -0.0000 0.6235
vn 0.9749 -0.0000 -0.2225
vn 0.4339 -0.0000 -0.9010
vn -0.0000 -1.0000 -0.0000
vn -0.0000 -1.0000 -0.0001
vn -0.0000 -1.0000 0.0001
vn -0.9749 -0.0000 -0.2226
vn 0.9749 -0.0000 -0.2226
vn -0.0000 1.0000 -0.0002
vn -0.7071 -0.0000 0.7071
vn -0.7071 -0.0000 -0.7071
vn 0.7071 -0.0000 0.7071
vn 0.7071 -0.0000 -0.7071
vn -0.0000 0.7071 0.7071
vn -0.0000 0.7071 -0.7071
vn -0.0000 -0.7071 0.7071
vn -0.0000 -0.7071 -0.7071
vn 0.6669 -0.2351 0.7071
vn 0.6669 -0.2351 -0.7071
vn 0.6669 0.2351 -0.7071
vn 0.6669 0.2351 0.7071
vn -0.6669 -0.2351 -0.7071
vn -0.6670 -0.2351 -0.7070
vn -0.6669 -0.2351 0.7071
vn -0.6670 -0.2351 0.7070
vn -0.6669 0.2351 0.7071
vn -0.6670 0.2351 0.7070
vn -0.6669 0.2351 -0.7071
vn -0.6670 0.2351 -0.7070
vn -0.0000 0.7071 -0.7072
vn -0.0000 -0.7072 0.7071
vn -0.0000 -0.7072 0.7070
vn -0.5000 -0.5000 -0.7071
vn -0.5000 -0.5000 0.7071
vn 0.7071 -0.0000 -0.7072
vn -0.7071 -0.0000 -0.7072
vn 0.7071 -0.0000 0.7072
vn -0.7071 -0.0000 0.7072
vn -0.0000 -0.7071 0.7072
vn -0.0000 0.7072 -0.7071
vn -0.5000 0.5000 0.7071
vn -0.5000 0.5000 -0.7071
vn -0.0000 0.7071 0.7072
vn -0.0000 -0.7072 -0.7070
vn 0.5000 -0.5000 0.7072
vn 0.5000 -0.5000 0.7071
vn 0.5000 -0.5000 -0.7071
vn -0.7072 -0.0000 -0.7071
vn -0.7072 -0.0000 0.7071
vn -0.0000 -0.7071 -0.7072
vn -0.0000 0.7072 0.7071
vn -0.0000 0.7072 0.7070
vn 0.5000 0.5000 -0.7072
vn 0.5000 0.5000 -0.7071
vn 0.5000 0.5000 0.7071
vn 0.4029 -0.1376 -0.9049
vn -0.0000 0.1376 -0.9905
vn 0.4029 0.1376 -0.9049
vn 0.7361 -0.1376 -0.6628
vn 0.7361 0.1376 -0.6628
vn 0.9420 -0.1376 -0.3061
vn 0.9420 0.1376 -0.3061
vn 0.9851 -0.1376 0.1035
vn 0.9851 0.1376 0.1035
vn 0.8578 -0.1376 0.4952
vn 0.8578 0.1376 0.4952
vn 0.5822 -0.1376 0.8013
vn 0.5822 0.1376 0.8013
vn 0.2059 -0.1376 0.9688
vn 0.2059 0.1376 0.9688
vn -0.2059 -0.1376 0.9688
vn -0.2059 0.1376 0.9688
vn -0.5822 -0.1376 0.8013
vn -0.5822 0.1376 0.8013
vn -0.8578 -0.1376 0.4952
vn -0.8578 0.1376 0.4952
vn -0.9851 -0.1376 0.1035
vn -0.9851 0.1376 0.1035
vn -0.9420 -0.1376 -0.3061
vn -0.9420 0.1376 -0.3061
vn -0.0000 0.2774 -0.9607
vn 0.3908 0.2774 -0.8777
vn -0.7361 -0.1376 -0.6628
vn -0.7361 0.1376 -0.6628
vn -0.4029 -0.1376 -0.9049
vn -0.4029 0.1376 -0.9049
vn -0.2189 0.8429 -0.4916
vn -0.0000 0.9095 -0.4156
vn -0.0000 0.8429 -0.5381
vn -0.1997 0.2775 0.9397
vn -0.5647 0.2775 0.7773
vn 0.7140 0.2774 -0.6429
vn -0.8320 0.2775 0.4804
vn 0.9137 0.2774 -0.2969
vn -0.9555 0.2774 0.1004
vn 0.9555 0.2775 0.1004
vn -0.9137 0.2774 -0.2969
vn 0.8320 0.2775 0.4804
vn -0.7140 0.2774 -0.6429
vn 0.5647 0.2775 0.7773
vn -0.3908 0.2774 -0.8777
vn 0.1998 0.2774 0.9397
vn -0.0576 0.9899 -0.1293
vn -0.0000 0.9899 -0.1415
vn -0.1119 0.8429 0.5263
vn 0.0864 0.9095 0.4065
vn -0.0864 0.9095 0.4065
vn 0.1690 0.9095 -0.3797
vn 0.2189 0.8429 -0.4915
vn -0.3163 0.8429 0.4353
vn -0.2443 0.9095 0.3362
vn 0.3999 0.8429 -0.3600
vn 0.3089 0.9095 -0.2781
vn -0.3599 0.9095 0.2078
vn -0.4660 0.8429 0.2690
vn 0.3953 0.9095 -0.1284
vn 0.5117 0.8429 -0.1663
vn -0.4133 0.9095 0.0434
vn -0.5351 0.8429 0.0562
vn 0.5351 0.8429 0.0562
vn 0.4133 0.9095 0.0434
vn -0.3953 0.9095 -0.1284
vn -0.5117 0.8429 -0.1663
vn 0.3599 0.9095 0.2078
vn 0.4660 0.8429 0.2690
vn -0.3089 0.9095 -0.2781
vn -0.3999 0.8429 -0.3600
vn 0.3163 0.8429 0.4353
vn 0.2443 0.9095 0.3362
vn -0.1690 0.9095 -0.3797
vn 0.1119 0.8429 0.5263
vn -0.1407 0.9899 0.0148
vn 0.0294 0.9899 0.1384
vn 0.1346 0.9899 -0.0437
vn -0.0294 0.9899 0.1384
vn 0.0576 0.9899 -0.1293
vn -0.0832 0.9899 0.1145
vn 0.1052 0.9899 -0.0947
vn -0.1226 0.9899 0.0708
vn 0.1407 0.9899 0.0148
vn -0.1346 0.9899 -0.0437
vn 0.1226 0.9899 0.0708
vn -0.1052 0.9899 -0.0947
vn 0.0832 0.9899 0.1145
vn -0.0000 -0.2774 -0.9607
vn -0.0000 -0.1376 -0.9905
vn -0.0000 -0.8429 -0.5381
vn -0.1690 -0.9095 -0.3797
vn -0.2189 -0.8429 -0.4916
vn -0.1997 -0.2775 0.9397
vn -0.5647 -0.2775 0.7773
vn 0.3908 -0.2774 -0.8777
vn -0.8320 -0.2775 0.4804
vn 0.9137 -0.2774 -0.2969
vn -0.9555 -0.2774 0.1004
vn 0.9555 -0.2775 0.1004
vn 0.8320 -0.2775 0.4804
vn -0.7140 -0.2774 -0.6429
vn 0.5647 -0.2775 0.7773
vn -0.3908 -0.2774 -0.8777
vn -0.0000 -0.9095 -0.4156
vn -0.0576 -0.9899 -0.1293
vn -0.1119 -0.8429 0.5263
vn 0.0864 -0.9095 0.4065
vn 0.1119 -0.8429 0.5263
vn 0.1690 -0.9095 -0.3797
vn 0.2189 -0.8429 -0.4916
vn -0.3163 -0.8429 0.4353
vn -0.0864 -0.9095 0.4065
vn 0.3089 -0.9095 -0.2781
vn 0.3999 -0.8429 -0.3600
vn -0.3599 -0.9095 0.2078
vn -0.4660 -0.8429 0.2690
vn 0.5117 -0.8429 -0.1663
vn -0.4133 -0.9095 0.0434
vn -0.5351 -0.8429 0.0562
vn 0.5351 -0.8429 0.0562
vn 0.3953 -0.9095 -0.1284
vn -0.3953 -0.9095 -0.1284
vn -0.5117 -0.8429 -0.1663
vn 0.3599 -0.9095 0.2078
vn 0.4660 -0.8429 0.2690
vn -0.3999 -0.8429 -0.3600
vn 0.3163 -0.8429 0.4353
vn -0.3089 -0.9095 -0.2781
vn 0.0832 -0.9899 0.1145
vn -0.1226 -0.9899 0.0708
vn -0.0294 -0.9899 0.1384
vn 0.0576 -0.9899 -0.1293
vn -0.0832 -0.9899 0.1145
vn -0.2443 -0.9095 0.3362
vn 0.1052 -0.9899 -0.0947
vn -0.1407 -0.9899 0.0148
vn 0.1408 -0.9899 0.0148
vn 0.4133 -0.9095 0.0434
vn -0.1346 -0.9899 -0.0437
vn 0.1226 -0.9899 0.0708
vn 0.2443 -0.9095 0.3362
vn -1.0000 -0.0000 -0.0000
vn -0.0000 -0.0000 -1.0000
vn 1.0000 -0.0000 -0.0000
vn 0.7071 0.7071 -0.0000
vn -0.7071 0.7071 -0.0000
vn 0.7071 -0.7071 -0.0000
vn -0.7071 -0.7071 -0.0000
vn 0.7071 -0.2351 -0.6669
vn -0.7071 -0.2351 -0.6669
vn -0.7071 0.2351 -0.6669
vn 0.7071 0.2351 -0.6669
vn -0.7071 -0.2351 0.6669
vn -0.7070 -0.2351 0.6670
vn 0.7071 -0.2351 0.6669
vn 0.7070 -0.2351 0.6670
vn 0.7071 0.2351 0.6669
vn 0.7070 0.2351 0.6670
vn -0.7071 0.2351 0.6669
vn -0.7070 0.2351 0.6670
vn -0.7072 0.7071 -0.0000
vn 0.7071 -0.7072 -0.0000
vn -0.7071 -0.5000 0.5000
vn 0.7071 -0.5000 0.5000
vn 0.7072 -0.0000 -0.7071
vn 0.7072 -0.0000 0.7071
vn 0.7072 -0.7071 -0.0000
vn -0.7071 0.7072 -0.0000
vn 0.7071 0.5000 0.5000
vn -0.7071 0.5000 0.5000
vn 0.7072 0.7071 -0.0000
vn -0.7071 -0.7072 -0.0000
vn 0.7071 -0.5000 -0.5000
vn 0.7072 -0.4999 -0.4999
vn -0.7071 -0.5000 -0.5000
vn 0.7072 -0.0000 -0.7070
vn -0.7072 -0.0000 -0.7070
vn -0.7072 -0.7071 -0.0000
vn 0.7071 0.7072 -0.0000
vn -0.7072 0.4999 -0.4999
vn -0.7071 0.5000 -0.5000
vn 0.7071 0.5000 -0.5000
vn -0.9049 -0.1376 -0.4029
vn -0.9905 0.1376 -0.0000
vn -0.9049 0.1376 -0.4029
vn -0.6628 -0.1376 -0.7361
vn -0.6628 0.1376 -0.7361
vn -0.3061 -0.1376 -0.9420
vn -0.3061 0.1376 -0.9420
vn 0.1035 -0.1376 -0.9851
vn 0.1035 0.1376 -0.9851
vn 0.4952 -0.1376 -0.8578
vn 0.4952 0.1376 -0.8578
vn 0.8013 -0.1376 -0.5822
vn 0.8013 0.1376 -0.5822
vn 0.9688 -0.1376 -0.2059
vn 0.9688 0.1376 -0.2059
vn 0.9688 -0.1376 0.2059
vn 0.9688 0.1376 0.2059
vn 0.8013 -0.1376 0.5822
vn 0.8013 0.1376 0.5822
vn 0.4952 -0.1376 0.8578
vn 0.4952 0.1376 0.8578
vn 0.1035 -0.1376 0.9851
vn 0.1035 0.1376 0.9851
vn -0.3061 -0.1376 0.9420
vn -0.3061 0.1376 0.9420
vn -0.9607 0.2774 -0.0000
vn -0.8777 0.2774 -0.3908
vn -0.6628 -0.1376 0.7361
vn -0.6628 0.1376 0.7361
vn -0.9049 -0.1376 0.4029
vn -0.9049 0.1376 0.4029
vn -0.4916 0.8429 0.2188
vn -0.4156 0.9095 -0.0000
vn -0.5381 0.8429 -0.0000
vn 0.9397 0.2775 0.1997
vn 0.7773 0.2775 0.5647
vn -0.6429 0.2774 -0.7140
vn 0.4804 0.2775 0.8320
vn -0.2969 0.2774 -0.9137
vn 0.1004 0.2774 0.9555
vn 0.1004 0.2775 -0.9555
vn -0.2969 0.2774 0.9137
vn 0.4804 0.2775 -0.8320
vn -0.6429 0.2774 0.7140
vn 0.7773 0.2775 -0.5647
vn -0.8777 0.2774 0.3908
vn 0.9397 0.2774 -0.1998
vn -0.1293 0.9899 0.0576
vn -0.1415 0.9899 -0.0000
vn 0.5263 0.8429 0.1119
vn 0.4065 0.9095 -0.0864
vn 0.4065 0.9095 0.0864
vn -0.3797 0.9095 -0.1690
vn -0.4916 0.8429 -0.2189
vn 0.4353 0.8429 0.3163
vn 0.3362 0.9095 0.2443
vn -0.2781 0.9095 -0.3089
vn -0.3600 0.8429 -0.3999
vn 0.2078 0.9095 0.3599
vn 0.2690 0.8429 0.4660
vn -0.1663 0.8429 -0.5117
vn -0.1284 0.9095 -0.3953
vn 0.0434 0.9095 0.4133
vn 0.0562 0.8429 0.5351
vn 0.0562 0.8429 -0.5351
vn 0.0434 0.9095 -0.4133
vn -0.1284 0.9095 0.3953
vn -0.1663 0.8429 0.5117
vn 0.2078 0.9095 -0.3599
vn 0.2690 0.8429 -0.4660
vn -0.2781 0.9095 0.3089
vn -0.3600 0.8429 0.3999
vn 0.4353 0.8429 -0.3163
vn 0.3362 0.9095 -0.2443
vn -0.3797 0.9095 0.1690
vn 0.5263 0.8429 -0.1119
vn 0.0148 0.9899 0.1407
vn 0.1384 0.9899 -0.0294
vn -0.0437 0.9899 -0.1346
vn 0.1384 0.9899 0.0294
vn -0.1293 0.9899 -0.0576
vn 0.1145 0.9899 0.0832
vn -0.0947 0.9899 -0.1052
vn 0.0708 0.9899 0.1226
vn 0.0148 0.9899 -0.1408
vn -0.0437 0.9899 0.1346
vn 0.0708 0.9899 -0.1226
vn -0.0947 0.9899 0.1052
vn 0.1145 0.9899 -0.0832
vn -0.9607 -0.2774 -0.0000
vn -0.9905 -0.1376 -0.0000
vn -0.5381 -0.8429 -0.0000
vn -0.3797 -0.9095 0.1690
vn -0.4916 -0.8429 0.2189
vn 0.9397 -0.2775 0.1997
vn 0.7773 -0.2775 0.5647
vn -0.8777 -0.2774 -0.3908
vn 0.4804 -0.2775 0.8320
vn -0.6429 -0.2774 -0.7140
vn -0.2969 -0.2775 -0.9137
vn 0.1004 -0.2774 0.9555
vn 0.1004 -0.2775 -0.9555
vn -0.6429 -0.2774 0.7140
vn 0.7773 -0.2775 -0.5647
vn -0.8777 -0.2774 0.3908
vn -0.4156 -0.9095 -0.0000
vn -0.1293 -0.9899 0.0576
vn 0.5263 -0.8429 0.1119
vn 0.4065 -0.9095 -0.0864
vn 0.5263 -0.8429 -0.1119
vn -0.3797 -0.9095 -0.1690
vn -0.4916 -0.8429 -0.2189
vn 0.4353 -0.8429 0.3163
vn 0.4065 -0.9095 0.0864
vn -0.2781 -0.9095 -0.3089
vn -0.3600 -0.8429 -0.3999
vn 0.2690 -0.8429 0.4660
vn 0.3362 -0.9095 0.2443
vn -0.1663 -0.8429 -0.5117
vn 0.0434 -0.9095 0.4133
vn 0.0562 -0.8429 0.5351
vn 0.0434 -0.9095 -0.4133
vn 0.0562 -0.8429 -0.5351
vn -0.1284 -0.9095 0.3953
vn -0.1663 -0.8429 0.5117
vn 0.2078 -0.9095 -0.3599
vn 0.2690 -0.8429 -0.4660
vn -0.3600 -0.8429 0.3999
vn 0.4353 -0.8429 -0.3163
vn 0.1145 -0.9899 -0.0832
vn 0.0708 -0.9899 0.1226
vn 0.1384 -0.9899 0.0294
vn -0.1415 -0.9899 -0.0000
vn 0.1145 -0.9899 0.0832
vn -0.1293 -0.9899 -0.0576
vn 0.2078 -0.9095 0.3599
vn -0.1284 -0.9095 -0.3953
vn -0.0947 -0.9899 -0.1052
vn 0.0148 -0.9899 0.1407
vn 0.0148 -0.9899 -0.1408
vn 0.0708 -0.9899 -0.1225
vn -0.2781 -0.9095 0.3089
vn -0.0437 -0.9899 0.1346
vn 0.3362 -0.9095 -0.2443
vn -0.0947 -0.9899 0.1052
vn 0.1384 -0.9899 -0.0294
vn 0.6670 -0.2351 0.7070
vn 0.6670 -0.2351 -0.7070
vn 0.6670 0.2351 -0.7070
vn 0.6670 0.2351 0.7070
vn -0.0000 -0.7072 -0.7071
vn -0.5000 -0.5000 -0.7072
vn -0.0000 -0.7070 0.7072
vn -0.5000 0.5000 0.7072
vn -0.4029 -0.1376 0.9049
vn -0.0000 0.1376 0.9905
vn -0.4029 0.1376 0.9049
vn -0.7361 -0.1376 0.6628
vn -0.7361 0.1376 0.6628
vn -0.9420 -0.1376 0.3061
vn -0.9420 0.1376 0.3061
vn -0.9851 -0.1376 -0.1035
vn -0.9851 0.1376 -0.1035
vn -0.8578 -0.1376 -0.4952
vn -0.8578 0.1376 -0.4952
vn -0.5822 -0.1376 -0.8013
vn -0.5822 0.1376 -0.8013
vn -0.2059 -0.1376 -0.9688
vn -0.2059 0.1376 -0.9688
vn 0.2059 -0.1376 -0.9688
vn 0.2059 0.1376 -0.9688
vn 0.5822 -0.1376 -0.8013
vn 0.5822 0.1376 -0.8013
vn 0.8578 -0.1376 -0.4952
vn 0.8578 0.1376 -0.4952
vn 0.9851 -0.1376 -0.1035
vn 0.9851 0.1376 -0.1035
vn 0.9420 -0.1376 0.3061
vn 0.9420 0.1376 0.3061
vn -0.0000 0.2774 0.9607
vn -0.3908 0.2774 0.8777
vn 0.7361 -0.1376 0.6628
vn 0.7361 0.1376 0.6628
vn 0.4029 -0.1376 0.9049
vn 0.4029 0.1376 0.9049
vn -0.0000 0.8429 0.5381
vn 0.1690 0.9095 0.3797
vn -0.0000 0.9095 0.4156
vn 0.1997 0.2775 -0.9397
vn 0.5647 0.2775 -0.7773
vn -0.7140 0.2774 0.6429
vn 0.8320 0.2774 -0.4804
vn -0.9137 0.2774 0.2969
vn 0.9555 0.2774 -0.1004
vn -0.9555 0.2775 -0.1004
vn 0.9137 0.2774 0.2969
vn -0.8320 0.2775 -0.4804
vn 0.7140 0.2774 0.6429
vn -0.5647 0.2775 -0.7773
vn 0.3908 0.2774 0.8777
vn -0.1998 0.2774 -0.9397
vn 0.0576 0.9899 0.1293
vn -0.0000 0.9899 0.1415
vn 0.1119 0.8429 -0.5263
vn -0.0864 0.9095 -0.4065
vn 0.0864 0.9095 -0.4065
vn -0.1690 0.9095 0.3797
vn -0.2189 0.8429 0.4915
vn 0.3163 0.8429 -0.4353
vn 0.2443 0.9095 -0.3362
vn -0.3999 0.8429 0.3600
vn -0.3089 0.9095 0.2781
vn 0.3599 0.9095 -0.2078
vn 0.4660 0.8429 -0.2690
vn -0.3953 0.9095 0.1284
vn -0.5117 0.8429 0.1663
vn 0.4133 0.9095 -0.0434
vn 0.5351 0.8429 -0.0562
vn -0.5351 0.8429 -0.0562
vn -0.4133 0.9095 -0.0434
vn 0.3953 0.9095 0.1284
vn 0.5117 0.8429 0.1663
vn -0.3599 0.9095 -0.2078
vn -0.4660 0.8429 -0.2690
vn 0.3089 0.9095 0.2781
vn 0.3999 0.8429 0.3600
vn -0.3163 0.8429 -0.4353
vn -0.2443 0.9095 -0.3362
vn 0.2189 0.8429 0.4916
vn -0.1119 0.8429 -0.5263
vn 0.1407 0.9899 -0.0148
vn -0.0294 0.9899 -0.1384
vn -0.1346 0.9899 0.0437
vn 0.0294 0.9899 -0.1384
vn -0.0576 0.9899 0.1293
vn 0.0832 0.9899 -0.1145
vn -0.1052 0.9899 0.0947
vn 0.1226 0.9899 -0.0708
vn -0.1408 0.9899 -0.0148
vn 0.1346 0.9899 0.0437
vn -0.1226 0.9899 -0.0708
vn 0.1052 0.9899 0.0947
vn -0.0832 0.9899 -0.1145
vn -0.3908 -0.2774 0.8777
vn -0.0000 -0.1376 0.9905
vn -0.0000 -0.9095 0.4156
vn 0.2189 -0.8429 0.4916
vn -0.0000 -0.8429 0.5381
vn -0.0000 -0.2774 0.9607
vn 0.1997 -0.2775 -0.9397
vn 0.5647 -0.2775 -0.7773
vn 0.8320 -0.2774 -0.4804
vn -0.9137 -0.2774 0.2969
vn 0.9555 -0.2774 -0.1004
vn -0.9555 -0.2775 -0.1004
vn 0.9137 -0.2774 0.2969
vn -0.8320 -0.2775 -0.4804
vn 0.7140 -0.2774 0.6429
vn -0.5647 -0.2775 -0.7773
vn 0.0576 -0.9899 0.1293
vn 0.1690 -0.9095 0.3797
vn 0.1119 -0.8429 -0.5263
vn -0.0864 -0.9095 -0.4065
vn -0.1119 -0.8429 -0.5263
vn -0.1690 -0.9095 0.3797
vn -0.2189 -0.8429 0.4916
vn 0.3163 -0.8429 -0.4353
vn 0.0864 -0.9095 -0.4065
vn -0.3089 -0.9095 0.2781
vn -0.3999 -0.8429 0.3600
vn 0.3599 -0.9095 -0.2078
vn 0.4660 -0.8429 -0.2690
vn -0.3953 -0.9095 0.1284
vn -0.5117 -0.8429 0.1663
vn 0.4133 -0.9095 -0.0434
vn 0.5351 -0.8429 -0.0562
vn -0.4133 -0.9095 -0.0434
vn -0.5351 -0.8429 -0.0562
vn 0.3953 -0.9095 0.1284
vn 0.5117 -0.8429 0.1663
vn -0.3599 -0.9095 -0.2078
vn -0.4660 -0.8429 -0.2690
vn 0.3089 -0.9095 0.2781
vn 0.3999 -0.8429 0.3600
vn -0.3163 -0.8429 -0.4353
vn -0.2443 -0.9095 -0.3362
vn -0.0832 -0.9899 -0.1145
vn 0.1226 -0.9899 -0.0708
vn 0.0294 -0.9899 -0.1384
vn -0.0576 -0.9899 0.1293
vn 0.0832 -0.9899 -0.1145
vn 0.2443 -0.9095 -0.3362
vn -0.1052 -0.9899 0.0947
vn 0.1407 -0.9899 -0.0148
vn -0.1408 -0.9899 -0.0148
vn 0.1052 -0.9899 0.0947
vn -0.1226 -0.9899 -0.0708
vn -0.0294 -0.9899 -0.1384
vn 0.7070 -0.2351 -0.6670
vn -0.7070 -0.2351 -0.6670
vn -0.7070 0.2351 -0.6670
vn 0.7070 0.2351 -0.6670
vn -0.7072 -0.4999 0.4999
vn 0.7072 0.4999 0.4999
vn 0.9049 -0.1376 0.4029
vn 0.9905 0.1376 -0.0000
vn 0.9049 0.1376 0.4029
vn 0.6628 -0.1376 0.7361
vn 0.6628 0.1376 0.7361
vn 0.3061 -0.1376 0.9420
vn 0.3061 0.1376 0.9420
vn -0.1035 -0.1376 0.9851
vn -0.1035 0.1376 0.9851
vn -0.4952 -0.1376 0.8578
vn -0.4952 0.1376 0.8578
vn -0.8013 -0.1376 0.5822
vn -0.8013 0.1376 0.5822
vn -0.9688 -0.1376 0.2059
vn -0.9688 0.1376 0.2059
vn -0.9688 -0.1376 -0.2059
vn -0.9688 0.1376 -0.2059
vn -0.8013 -0.1376 -0.5822
vn -0.8013 0.1376 -0.5822
vn -0.4952 -0.1376 -0.8578
vn -0.4952 0.1376 -0.8578
vn -0.1035 -0.1376 -0.9851
vn -0.1035 0.1376 -0.9851
vn 0.3061 -0.1376 -0.9420
vn 0.3061 0.1376 -0.9420
vn 0.9607 0.2774 -0.0000
vn 0.8777 0.2774 0.3908
vn 0.6628 -0.1376 -0.7361
vn 0.6628 0.1376 -0.7361
vn 0.9049 -0.1376 -0.4029
vn 0.9049 0.1376 -0.4029
vn 0.5381 0.8429 -0.0000
vn 0.3797 0.9095 -0.1690
vn 0.4156 0.9095 -0.0000
vn -0.9397 0.2775 -0.1997
vn -0.7773 0.2775 -0.5647
vn 0.6429 0.2774 0.7140
vn -0.4804 0.2774 -0.8320
vn 0.2969 0.2774 0.9137
vn -0.1004 0.2774 -0.9555
vn -0.1004 0.2775 0.9555
vn 0.2969 0.2774 -0.9137
vn -0.4804 0.2775 0.8320
vn 0.6429 0.2774 -0.7140
vn -0.7773 0.2775 0.5647
vn 0.8777 0.2774 -0.3908
vn -0.9397 0.2774 0.1998
vn 0.1293 0.9899 -0.0576
vn 0.1415 0.9899 -0.0000
vn -0.5263 0.8429 -0.1119
vn -0.4065 0.9095 0.0864
vn -0.4065 0.9095 -0.0864
vn 0.3797 0.9095 0.1690
vn 0.4916 0.8429 0.2188
vn -0.4353 0.8429 -0.3163
vn -0.3362 0.9095 -0.2443
vn 0.3600 0.8429 0.3999
vn 0.2781 0.9095 0.3089
vn -0.2078 0.9095 -0.3599
vn -0.2690 0.8429 -0.4660
vn 0.1663 0.8429 0.5117
vn 0.1284 0.9095 0.3953
vn -0.0562 0.8429 -0.5351
vn -0.0434 0.9095 -0.4133
vn -0.0562 0.8429 0.5351
vn -0.0434 0.9095 0.4133
vn 0.1663 0.8429 -0.5117
vn 0.1284 0.9095 -0.3953
vn -0.2078 0.9095 0.3599
vn -0.2690 0.8429 0.4660
vn 0.2781 0.9095 -0.3089
vn 0.3600 0.8429 -0.3999
vn -0.4353 0.8429 0.3163
vn -0.3362 0.9095 0.2443
vn 0.4916 0.8429 -0.2188
vn -0.5263 0.8429 0.1119
vn -0.0148 0.9899 -0.1408
vn -0.1384 0.9899 0.0294
vn 0.0437 0.9899 0.1346
vn -0.1384 0.9899 -0.0294
vn 0.1293 0.9899 0.0576
vn -0.1145 0.9899 -0.0832
vn 0.0947 0.9899 0.1052
vn -0.0708 0.9899 -0.1226
vn -0.0148 0.9899 0.1407
vn 0.0437 0.9899 -0.1346
vn -0.0708 0.9899 0.1226
vn 0.0947 0.9899 -0.1052
vn -0.1145 0.9899 0.0832
vn 0.9607 -0.2774 -0.0000
vn 0.9905 -0.1376 -0.0000
vn 0.5381 -0.8429 -0.0000
vn 0.3797 -0.9095 -0.1690
vn 0.4916 -0.8429 -0.2189
vn -0.9397 -0.2775 -0.1997
vn -0.7773 -0.2775 -0.5647
vn 0.8777 -0.2774 0.3908
vn -0.4804 -0.2775 -0.8320
vn 0.2969 -0.2774 0.9137
vn -0.1004 -0.2774 -0.9555
vn -0.1004 -0.2775 0.9555
vn 0.2969 -0.2774 -0.9137
vn -0.4804 -0.2775 0.8320
vn 0.8777 -0.2774 -0.3908
vn -0.9397 -0.2775 0.1998
vn 0.1415 -0.9899 -0.0000
vn 0.4156 -0.9095 -0.0000
vn -0.5263 -0.8429 -0.1119
vn -0.4065 -0.9095 0.0864
vn -0.5263 -0.8429 0.1119
vn 0.3797 -0.9095 0.1690
vn 0.4916 -0.8429 0.2189
vn -0.4353 -0.8429 -0.3163
vn -0.4065 -0.9095 -0.0864
vn 0.3600 -0.8429 0.3999
vn -0.2078 -0.9095 -0.3599
vn -0.2690 -0.8429 -0.4660
vn 0.1284 -0.9095 0.3953
vn 0.1663 -0.8429 0.5117
vn -0.0434 -0.9095 -0.4133
vn -0.0562 -0.8429 -0.5351
vn -0.0434 -0.9095 0.4133
vn -0.0562 -0.8429 0.5351
vn 0.1284 -0.9095 -0.3953
vn 0.1663 -0.8429 -0.5117
vn -0.2078 -0.9095 0.3599
vn -0.2690 -0.8429 0.4660
vn 0.2781 -0.9095 -0.3089
vn 0.3600 -0.8429 -0.3999
vn -0.4353 -0.8429 0.3163
vn -0.3362 -0.9095 0.2443
vn -0.1145 -0.9899 0.0832
vn -0.0708 -0.9899 -0.1226
vn 0.1293 -0.9899 -0.0576
vn -0.1384 -0.9899 -0.0294
vn 0.1293 -0.9899 0.0576
vn -0.3362 -0.9095 -0.2443
vn 0.2781 -0.9095 0.3089
vn -0.1145 -0.9899 -0.0832
vn 0.0947 -0.9899 0.1052
vn -0.0148 -0.9899 -0.1407
vn -0.0148 -0.9899 0.1408
vn 0.0437 -0.9899 -0.1346
vn 0.0947 -0.9899 -0.1052
vn -0.1384 -0.9899 0.0294
vn -0.0000 -0.1820 -0.9833
vn 0.1918 -0.1820 -0.9644
vn 0.3763 -0.1820 -0.9084
vn 0.5463 -0.1820 -0.8176
vn 0.6953 -0.1820 -0.6953
vn 0.8176 -0.1820 -0.5463
vn 0.9084 -0.1820 -0.3763
vn 0.9644 -0.1820 -0.1918
vn 0.9833 -0.1820 -0.0000
vn 0.9644 -0.1820 0.1918
vn 0.9084 -0.1820 0.3763
vn 0.8176 -0.1820 0.5463
vn 0.6953 -0.1820 0.6953
vn 0.5463 -0.1820 0.8176
vn 0.3763 -0.1820 0.9084
vn 0.1918 -0.1820 0.9644
vn -0.0000 -0.1820 0.9833
vn -0.1918 -0.1820 0.9644
vn -0.3763 -0.1820 0.9084
vn -0.5463 -0.1820 0.8176
vn -0.6953 -0.1820 0.6953
vn -0.8176 -0.1820 0.5463
vn -0.9084 -0.1820 0.3763
vn -0.9644 -0.1820 0.1918
vn -0.9833 -0.1820 -0.0000
vn -0.9644 -0.1820 -0.1918
vn -0.9084 -0.1820 -0.3763
vn -0.8176 -0.1820 -0.5463
vn -0.6953 -0.1820 -0.6953
vn -0.5463 -0.1820 -0.8176
vn -0.3763 -0.1820 -0.9084
vn 0.3827 -0.0000 -0.9239
vn 0.5556 -0.0000 -0.8315
vn -0.1918 -0.1820 -0.9644
vn 0.1280 0.7546 -0.6436
vn -0.0000 0.6363 -0.7715
vn -0.0000 0.7546 -0.6562
vn 0.2952 0.6363 -0.7127
vn 0.1505 0.6363 -0.7566
vn 0.3645 0.7546 -0.5456
vn 0.2511 0.7546 -0.6062
vn 0.4640 0.7546 -0.4640
vn 0.4286 0.6363 -0.6414
vn 0.5456 0.7546 -0.3645
vn 0.5455 0.6363 -0.5455
vn 0.6062 0.7546 -0.2511
vn 0.6414 0.6363 -0.4286
vn 0.6435 0.7546 -0.1280
vn 0.7127 0.6363 -0.2952
vn 0.6562 0.7546 -0.0000
vn 0.7566 0.6363 -0.1505
vn 0.6436 0.7546 0.1280
vn 0.7715 0.6363 -0.0000
vn 0.7127 0.6363 0.2952
vn 0.7566 0.6363 0.1505
vn 0.5456 0.7546 0.3645
vn 0.6062 0.7546 0.2511
vn 0.4640 0.7546 0.4640
vn 0.6414 0.6363 0.4286
vn 0.3645 0.7546 0.5456
vn 0.5455 0.6363 0.5455
vn 0.2511 0.7546 0.6062
vn 0.4286 0.6363 0.6414
vn 0.1280 0.7546 0.6435
vn 0.2952 0.6363 0.7127
vn -0.0000 0.7546 0.6562
vn 0.1505 0.6363 0.7566
vn -0.1280 0.7546 0.6436
vn -0.0000 0.6363 0.7715
vn -0.2952 0.6363 0.7127
vn -0.1505 0.6363 0.7566
vn -0.3645 0.7546 0.5456
vn -0.2511 0.7546 0.6062
vn -0.4640 0.7546 0.4640
vn -0.4286 0.6363 0.6414
vn -0.5456 0.7546 0.3645
vn -0.5455 0.6363 0.5455
vn -0.6062 0.7546 0.2511
vn -0.6414 0.6363 0.4286
vn -0.6435 0.7546 0.1280
vn -0.7127 0.6363 0.2952
vn -0.6562 0.7546 -0.0000
vn -0.7566 0.6363 0.1505
vn -0.6436 0.7546 -0.1280
vn -0.7715 0.6363 -0.0000
vn -0.7127 0.6363 -0.2952
vn -0.7566 0.6363 -0.1505
vn -0.5456 0.7546 -0.3645
vn -0.6062 0.7546 -0.2511
vn -0.4640 0.7546 -0.4640
vn -0.6414 0.6363 -0.4286
vn -0.3645 0.7546 -0.5456
vn -0.5455 0.6363 -0.5455
vn -0.2511 0.7546 -0.6062
vn -0.4286 0.6363 -0.6414
vn -0.1280 0.7546 -0.6435
vn -0.2952 0.6363 -0.7127
vn -0.1505 0.6363 -0.7566
vn 0.0950 0.8735 -0.4775
vn -0.0000 0.8735 -0.4868
vn 0.2705 0.8735 -0.4048
vn 0.1863 0.8735 -0.4498
vn 0.3442 0.8735 -0.3442
vn 0.4048 0.8735 -0.2705
vn 0.4775 0.8735 -0.0950
vn 0.4498 0.8735 -0.1863
vn 0.4868 0.8735 -0.0000
vn 0.4775 0.8735 0.0950
vn 0.4048 0.8735 0.2705
vn 0.4498 0.8735 0.1863
vn 0.3442 0.8735 0.3442
vn 0.2705 0.8735 0.4048
vn 0.0950 0.8735 0.4775
vn 0.1863 0.8735 0.4498
vn -0.0000 0.8735 0.4868
vn -0.0950 0.8735 0.4775
vn -0.2705 0.8735 0.4048
vn -0.1863 0.8735 0.4498
vn -0.3442 0.8735 0.3442
vn -0.4048 0.8735 0.2705
vn -0.4775 0.8735 0.0950
vn -0.4498 0.8735 0.1863
vn -0.4868 0.8735 -0.0000
vn -0.4775 0.8735 -0.0950
vn -0.4048 0.8735 -0.2705
vn -0.4498 0.8735 -0.1863
vn -0.3442 0.8735 -0.3442
vn -0.2705 0.8735 -0.4048
vn -0.0950 0.8735 -0.4775
vn -0.1863 0.8735 -0.4498
vn 0.0901 0.8870 -0.4528
vn -0.0000 0.8870 -0.4617
vn 0.2565 0.8870 -0.3839
vn 0.1767 0.8870 -0.4265
vn 0.3265 0.8870 -0.3265
vn 0.3839 0.8870 -0.2565
vn 0.4265 0.8870 -0.1767
vn 0.4528 0.8870 -0.0901
vn 0.4617 0.8870 -0.0000
vn 0.4528 0.8870 0.0901
vn 0.3839 0.8870 0.2565
vn 0.4265 0.8870 0.1767
vn 0.3265 0.8870 0.3265
vn 0.2565 0.8870 0.3839
vn 0.1767 0.8870 0.4265
vn 0.0901 0.8870 0.4528
vn -0.0000 0.8870 0.4617
vn -0.0901 0.8870 0.4528
vn -0.2565 0.8870 0.3839
vn -0.1767 0.8870 0.4265
vn -0.3265 0.8870 0.3265
vn -0.3839 0.8870 0.2565
vn -0.4265 0.8870 0.1767
vn -0.4528 0.8870 0.0901
vn -0.4617 0.8870 -0.0000
vn -0.4528 0.8870 -0.0901
vn -0.3839 0.8870 -0.2565
vn -0.4265 0.8870 -0.1767
vn -0.3265 0.8870 -0.3265
vn -0.2565 0.8870 -0.3839
vn -0.1767 0.8870 -0.4265
vn -0.0901 0.8870 -0.4528
vn -0.0000 -0.9749 -0.2226
vn 0.0802 -0.9117 -0.4030
vn 0.0434 -0.9749 -0.2184
vn 0.1573 -0.9117 -0.3796
vn 0.0852 -0.9749 -0.2057
vn 0.2283 -0.9117 -0.3417
vn 0.1237 -0.9749 -0.1851
vn 0.1574 -0.9749 -0.1574
vn 0.2906 -0.9117 -0.2906
vn 0.3417 -0.9117 -0.2283
vn 0.1851 -0.9749 -0.1237
vn 0.3796 -0.9117 -0.1573
vn 0.2057 -0.9749 -0.0852
vn 0.4030 -0.9117 -0.0802
vn 0.2184 -0.9749 -0.0434
vn 0.4109 -0.9117 -0.0000
vn 0.2226 -0.9749 -0.0000
vn 0.4030 -0.9117 0.0802
vn 0.2184 -0.9749 0.0434
vn 0.3796 -0.9117 0.1573
vn 0.2057 -0.9749 0.0852
vn 0.3417 -0.9117 0.2283
vn 0.1851 -0.9749 0.1237
vn 0.1574 -0.9749 0.1574
vn 0.2906 -0.9117 0.2906
vn 0.2283 -0.9117 0.3417
vn 0.1237 -0.9749 0.1851
vn 0.0852 -0.9749 0.2057
vn 0.1573 -0.9117 0.3796
vn 0.0802 -0.9117 0.4030
vn 0.0434 -0.9749 0.2184
vn -0.0000 -0.9117 0.4109
vn -0.0000 -0.9749 0.2226
vn -0.0802 -0.9117 0.4030
vn -0.0434 -0.9749 0.2184
vn -0.1573 -0.9117 0.3796
vn -0.0852 -0.9749 0.2057
vn -0.2283 -0.9117 0.3417
vn -0.1237 -0.9749 0.1851
vn -0.1574 -0.9749 0.1574
vn -0.2906 -0.9117 0.2906
vn -0.3417 -0.9117 0.2283
vn -0.1851 -0.9749 0.1237
vn -0.2057 -0.9749 0.0852
vn -0.3796 -0.9117 0.1573
vn -0.4030 -0.9117 0.0802
vn -0.2184 -0.9749 0.0434
vn -0.4109 -0.9117 -0.0000
vn -0.2226 -0.9749 -0.0000
vn -0.4030 -0.9117 -0.0802
vn -0.2184 -0.9749 -0.0434
vn -0.3796 -0.9117 -0.1573
vn -0.2057 -0.9749 -0.0852
vn -0.1851 -0.9749 -0.1237
vn -0.3417 -0.9117 -0.2283
vn -0.2906 -0.9117 -0.2906
vn -0.1574 -0.9749 -0.1574
vn -0.2283 -0.9117 -0.3417
vn -0.1237 -0.9749 -0.1851
vn -0.0852 -0.9749 -0.2057
vn -0.1573 -0.9117 -0.3796
vn -0.0802 -0.9117 -0.4030
vn -0.0434 -0.9749 -0.2184
vn -0.0000 -0.9117 -0.4109
vn 0.0023 0.9999 -0.0117
vn -0.0000 0.9999 -0.0119
vn 0.0066 0.9999 -0.0099
vn 0.0046 0.9999 -0.0110
vn -0.0099 0.9999 -0.0066
vn -0.0084 0.9999 -0.0084
vn -0.0046 0.9999 -0.0110
vn -0.0066 0.9999 -0.0099
vn 0.0023 0.9999 0.0117
vn 0.0046 0.9999 0.0110
vn -0.0023 0.9999 0.0117
vn -0.0000 0.9999 0.0119
vn 0.0084 0.9999 -0.0084
vn -0.0023 0.9999 -0.0117
vn -0.0046 0.9999 0.0110
vn 0.0099 0.9999 -0.0066
vn -0.0066 0.9999 0.0099
vn 0.0110 0.9999 -0.0046
vn -0.0084 0.9999 0.0084
vn 0.3826 -0.0145 0.9238
vn 0.1951 -0.0145 0.9807
vn -0.7070 -0.0145 -0.7070
vn -0.8314 -0.0145 -0.5555
vn 0.1951 -0.0145 -0.9807
vn -0.0000 -0.0145 -0.9999
vn 0.5555 -0.0145 0.8314
vn -0.9238 -0.0145 -0.3826
vn 0.7070 -0.0145 0.7070
vn -0.9807 -0.0145 -0.1951
vn 0.8314 -0.0145 0.5555
vn -0.9999 -0.0145 -0.0000
vn 0.9238 -0.0145 0.3826
vn -0.9807 -0.0145 0.1951
vn 0.9807 -0.0145 0.1951
vn -0.9238 -0.0145 0.3826
vn 0.9999 -0.0145 -0.0000
vn -0.8314 -0.0145 0.5555
vn 0.9807 -0.0145 -0.1951
vn -0.7070 -0.0145 0.7070
vn 0.9238 -0.0145 -0.3826
vn -0.5555 -0.0145 0.8314
vn 0.8314 -0.0145 -0.5555
vn -0.3826 -0.0145 0.9238
vn -0.1951 -0.0145 -0.9807
vn 0.7070 -0.0145 -0.7070
vn -0.1951 -0.0145 0.9807
vn -0.3826 -0.0145 -0.9238
vn 0.5555 -0.0145 -0.8314
vn -0.0000 -0.0145 0.9999
vn -0.5555 -0.0145 -0.8314
vn 0.3826 -0.0145 -0.9238
vn 0.3816 -0.0738 -0.9214
vn 0.1946 -0.0738 -0.9781
vn -0.5541 -0.0738 -0.8292
vn -0.7052 -0.0738 -0.7052
vn -0.0000 -0.0738 0.9973
vn 0.1946 -0.0738 0.9781
vn 0.5541 -0.0738 -0.8292
vn -0.3816 -0.0738 -0.9214
vn -0.1946 -0.0738 0.9781
vn 0.7052 -0.0738 -0.7052
vn -0.1946 -0.0738 -0.9781
vn -0.3816 -0.0738 0.9214
vn 0.8292 -0.0738 -0.5541
vn -0.0000 -0.0738 -0.9973
vn -0.5541 -0.0738 0.8292
vn 0.9214 -0.0738 -0.3816
vn -0.7052 -0.0738 0.7052
vn 0.9781 -0.0738 -0.1946
vn -0.8292 -0.0738 0.5541
vn 0.9973 -0.0738 -0.0000
vn -0.9214 -0.0738 0.3816
vn 0.9781 -0.0738 0.1946
vn -0.9781 -0.0738 0.1946
vn 0.9214 -0.0738 0.3816
vn -0.9973 -0.0738 -0.0000
vn 0.8292 -0.0738 0.5541
vn -0.9781 -0.0738 -0.1946
vn 0.7052 -0.0738 0.7052
vn -0.9214 -0.0738 -0.3816
vn 0.5541 -0.0738 0.8292
vn -0.8292 -0.0738 -0.5541
vn 0.3816 -0.0738 0.9214
vn 0.0066 0.9999 0.0099
vn -0.0110 0.9999 -0.0046
vn 0.0084 0.9999 0.0084
vn -0.0117 0.9999 -0.0023
vn 0.0099 0.9999 0.0066
vn -0.0119 0.9999 -0.0000
vn 0.0110 0.9999 0.0046
vn -0.0117 0.9999 0.0023
vn 0.0117 0.9999 0.0023
vn -0.0110 0.9999 0.0046
vn 0.0119 0.9999 -0.0000
vn -0.0099 0.9999 0.0066
vn 0.0117 0.9999 -0.0023
vn -0.1513 0.9833 -0.1011
vn -0.1287 0.9833 -0.1287
vn 0.0697 0.9833 0.1682
vn 0.0355 0.9833 0.1785
vn 0.0697 0.9833 -0.1682
vn 0.0355 0.9833 -0.1785
vn 0.1011 -0.9833 0.1513
vn 0.1287 -0.9833 0.1287
vn -0.0355 -0.9833 -0.1785
vn -0.0000 -0.9833 -0.1820
vn -0.0697 -0.9833 0.1682
vn -0.1011 -0.9833 0.1513
vn -0.1011 0.9833 -0.1513
vn -0.0000 0.9833 0.1820
vn 0.1011 0.9833 -0.1513
vn 0.0697 -0.9833 0.1682
vn 0.0355 -0.9833 -0.1785
vn -0.1287 -0.9833 0.1287
vn -0.0697 0.9833 -0.1682
vn -0.0355 0.9833 0.1785
vn 0.1287 0.9833 -0.1287
vn 0.0355 -0.9833 0.1785
vn 0.0697 -0.9833 -0.1682
vn -0.1513 -0.9833 0.1011
vn -0.0355 0.9833 -0.1785
vn -0.0697 0.9833 0.1682
vn 0.1513 0.9833 -0.1011
vn -0.0000 -0.9833 0.1820
vn 0.1011 -0.9833 -0.1513
vn -0.1682 -0.9833 0.0697
vn -0.0000 0.9833 -0.1820
vn -0.1011 0.9833 0.1513
vn 0.1682 0.9833 -0.0697
vn 0.1287 -0.9833 -0.1287
vn -0.1785 -0.9833 0.0355
vn -0.1287 0.9833 0.1287
vn 0.1785 0.9833 -0.0355
vn 0.1513 -0.9833 -0.1011
vn -0.0355 -0.9833 0.1785
vn -0.0697 -0.9833 -0.1682
vn 0.1513 -0.9833 0.1011
vn 0.1011 0.9833 0.1513
vn -0.1682 0.9833 -0.0697
vn -0.1011 -0.9833 -0.1513
vn 0.1682 -0.9833 0.0697
vn 0.1287 0.9833 0.1287
vn -0.1785 0.9833 -0.0355
vn -0.1287 -0.9833 -0.1287
vn 0.1785 -0.9833 0.0355
vn 0.1513 0.9833 0.1011
vn -0.1820 0.9833 -0.0000
vn -0.1513 -0.9833 -0.1011
vn 0.1820 -0.9833 -0.0000
vn 0.1682 0.9833 0.0697
vn -0.1785 0.9833 0.0355
vn -0.1682 -0.9833 -0.0697
vn 0.1785 -0.9833 -0.0355
vn 0.1785 0.9833 0.0355
vn -0.1682 0.9833 0.0697
vn -0.1785 -0.9833 -0.0355
vn 0.1682 -0.9833 -0.0697
vn 0.1820 0.9833 -0.0000
vn -0.1513 0.9833 0.1011
vn -0.1820 -0.9833 -0.0000
vn -0.5556 -0.0000 -0.8315
vn -0.3827 -0.0000 -0.9239
vn -0.1951 -0.0000 0.9808
vn -0.1951 -0.0000 -0.9808
vn -0.3827 -0.0000 0.9239
vn 0.8315 -0.0000 -0.5556
vn -0.5556 -0.0000 0.8315
vn 0.9239 -0.0000 -0.3827
vn 0.9808 -0.0000 -0.1951
vn -0.8315 -0.0000 0.5556
vn -0.9239 -0.0000 0.3827
vn 0.9808 -0.0000 0.1951
vn -0.9808 -0.0000 0.1951
vn 0.9239 -0.0000 0.3827
vn 0.8315 -0.0000 0.5556
vn -0.9808 -0.0000 -0.1951
vn -0.9239 -0.0000 -0.3827
vn 0.5556 -0.0000 0.8315
vn -0.8315 -0.0000 -0.5556
vn 0.3827 -0.0000 0.9239
vn 0.1951 -0.0000 -0.9808
vn 0.1951 -0.0000 0.9808
vn 0.7110 -0.0000 -0.7032
vn 0.7041 -0.0208 -0.7098
vn 0.7109 -0.0217 -0.7030
vn -0.0000 -0.0250 0.9997
vn -0.0000 -0.0253 0.9997
vn -0.9511 -0.0000 0.3090
vn -0.9508 -0.0250 0.3089
vn -0.5878 -0.0000 -0.8090
vn -0.5876 -0.0250 -0.8088
vn -0.9498 -0.0505 0.3086
vn 0.9511 -0.0000 -0.3090
vn -0.5870 -0.0505 -0.8080
vn 0.5758 -0.0192 -0.8174
vn -0.0000 -0.0505 0.9987
vn 0.5878 -0.0000 0.8090
vn -0.5576 -0.0000 0.8301
vn -0.7109 -0.0216 0.7030
vn -0.7110 -0.0000 0.7032
vn -0.7041 -0.0208 0.7098
vn -0.0000 -0.0250 -0.9997
vn -0.0000 -0.0253 -0.9997
vn 0.9508 -0.0250 -0.3089
vn 0.5876 -0.0250 0.8088
vn 0.9498 -0.0505 -0.3086
vn 0.5870 -0.0505 0.8080
vn -0.5758 -0.0192 0.8174
vn -0.0000 -0.0505 -0.9987
vn 0.7032 -0.0000 0.7110
vn 0.7098 -0.0208 0.7041
vn 0.7030 -0.0217 0.7109
vn -0.9997 -0.0250 -0.0000
vn -0.9997 -0.0253 -0.0000
vn -0.3090 -0.0000 -0.9511
vn -0.3089 -0.0250 -0.9508
vn 0.8090 -0.0000 -0.5878
vn 0.8088 -0.0250 -0.5876
vn -0.3086 -0.0505 -0.9498
vn 0.8080 -0.0505 -0.5870
vn 0.8174 -0.0192 0.5758
vn -0.9987 -0.0505 -0.0000
vn 0.9250 -0.0216 -0.3794
vn 0.9252 -0.0000 -0.3795
vn 0.9213 -0.0208 -0.3882
vn 0.9247 -0.0000 0.3807
vn -0.3807 -0.0000 0.9247
vn -0.3806 -0.0250 0.9244
vn -0.3806 -0.0253 0.9244
vn -0.9971 -0.0000 -0.0763
vn -0.9968 -0.0250 -0.0763
vn -0.2355 -0.0000 -0.9719
vn -0.2354 -0.0250 -0.9716
vn -0.9958 -0.0505 -0.0762
vn -0.2352 -0.0505 -0.9706
vn 0.8436 -0.0192 -0.5366
vn -0.3802 -0.0505 0.9235
vn -0.3795 -0.0000 -0.9252
vn -0.3882 -0.0208 -0.9213
vn -0.3794 -0.0217 -0.9250
vn 0.3807 -0.0000 -0.9247
vn 0.9244 -0.0250 0.3806
vn 0.9244 -0.0253 0.3806
vn -0.0763 -0.0000 0.9971
vn -0.0763 -0.0250 0.9968
vn -0.9719 -0.0000 0.2355
vn -0.9716 -0.0250 0.2354
vn -0.0762 -0.0505 0.9958
vn -0.9706 -0.0505 0.2352
vn -0.5366 -0.0192 -0.8436
vn 0.9235 -0.0505 0.3802
vn -0.7730 -0.0000 -0.6344
vn 0.9952 -0.0000 0.0980
vn 0.2903 -0.0000 -0.9569
vn 0.0980 -0.0000 -0.9952
vn -0.6344 -0.0000 0.7730
vn 0.2903 -0.0000 0.9569
vn -0.9952 -0.0000 0.0980
vn 0.8819 -0.0000 -0.4714
vn 0.9569 -0.0000 0.2903
vn -0.9569 -0.0000 0.2903
vn -0.9952 -0.0000 -0.0980
vn 0.7730 -0.0000 0.6344
vn 0.9569 -0.0000 -0.2903
vn -0.0980 -0.0000 -0.9952
vn 0.4714 -0.0000 0.8819
vn 0.0980 -0.0000 0.9952
vn -0.4714 -0.0000 -0.8819
vn 0.6344 -0.0000 -0.7730
vn -0.2903 -0.0000 0.9569
vn -0.7069 -0.7071 0.0154
vn -0.7069 0.7071 0.0154
vn -0.7055 -0.7071 0.0473
vn -0.7055 0.7071 0.0473
vn -0.6932 -0.7071 0.1395
vn -0.6932 0.7071 0.1395
vn 0.7002 -0.7079 -0.0929
vn 0.6932 -0.7071 -0.1395
vn 0.7002 0.7079 -0.0929
vn 0.6932 0.7071 -0.1395
vn 0.7008 -0.7071 -0.0940
vn 0.7008 0.7071 -0.0940
vn -0.7008 -0.7071 0.0940
vn -0.7008 0.7071 0.0940
vn 0.7055 -0.7071 -0.0473
vn 0.7055 0.7071 -0.0473
vn -0.7056 -0.7071 0.0461
vn -0.7056 0.7071 0.0461
vn 0.7056 -0.7071 -0.0461
vn 0.7056 0.7071 -0.0461
vn 0.7065 -0.7071 -0.0308
vn 0.7064 -0.7071 -0.0308
vn 0.7064 0.7071 -0.0308
vn 0.7065 0.7071 -0.0308
vn -0.7064 -0.7071 0.0308
vn -0.7064 0.7071 0.0308
vn 0.7070 -0.7071 -0.0154
vn 0.7069 0.7071 -0.0154
vn 0.7070 0.7071 -0.0154
vn 0.3090 -0.0000 -0.9511
vn -0.3090 -0.0000 0.9511
vn -0.9511 -0.0000 -0.3090
vn 0.9511 -0.0000 0.3090
vn -0.2038 -0.7071 0.6771
vn -0.2038 0.7071 0.6771
vn 0.6725 -0.7071 0.2185
vn 0.6725 0.7071 0.2185
vn -0.6725 -0.7071 -0.2185
vn -0.6725 0.7071 -0.2185
vn 0.2185 -0.7071 -0.6725
vn 0.2185 0.7071 -0.6725
vn -0.2185 -0.7071 0.6725
vn -0.2185 0.7071 0.6725
vn -0.1730 -0.7071 0.6856
vn -0.1730 0.7071 0.6856
vn -0.0815 -0.7071 0.7024
vn -0.0815 0.7071 0.7024
vn 0.1280 -0.7079 -0.6946
vn 0.0815 -0.7071 -0.7024
vn 0.1280 0.7079 -0.6946
vn 0.0815 0.7071 -0.7024
vn 0.1272 -0.7071 -0.6956
vn 0.1271 -0.7071 -0.6956
vn 0.1272 0.7071 -0.6956
vn 0.1271 0.7071 -0.6956
vn -0.1272 -0.7071 0.6956
vn -0.1271 -0.7071 0.6956
vn -0.1272 0.7071 0.6956
vn -0.1271 0.7071 0.6956
vn 0.1730 -0.7071 -0.6856
vn 0.1730 0.7071 -0.6856
vn -0.1742 -0.7071 0.6853
vn -0.1742 0.7071 0.6853
vn 0.1742 -0.7071 -0.6853
vn 0.1742 0.7071 -0.6853
vn 0.1890 -0.7071 -0.6814
vn 0.1890 0.7071 -0.6813
vn 0.1890 0.7071 -0.6814
vn -0.1890 -0.7071 0.6814
vn -0.1890 0.7071 0.6813
vn -0.1890 0.7071 0.6814
vn 0.2038 -0.7071 -0.6771
vn 0.2038 0.7071 -0.6771
vn -0.8090 -0.0000 -0.5878
vn 0.8090 -0.0000 0.5878
vn -0.5878 -0.0000 0.8090
vn 0.5878 -0.0000 -0.8090
vn 0.5810 -0.7071 0.4031
vn 0.5810 0.7071 0.4031
vn 0.4156 -0.7071 -0.5721
vn 0.4156 0.7071 -0.5720
vn 0.4156 0.7071 -0.5721
vn -0.4156 -0.7071 0.5721
vn -0.4156 0.7071 0.5720
vn -0.4156 0.7071 0.5721
vn -0.5721 -0.7071 -0.4156
vn -0.5721 0.7071 -0.4156
vn 0.5721 -0.7071 0.4156
vn 0.5721 0.7071 0.4156
vn -0.4156 -0.7071 0.5720
vn 0.5986 -0.7071 0.3764
vn 0.5986 0.7071 0.3764
vn 0.5720 0.7071 0.4156
vn 0.6428 -0.7071 0.2946
vn 0.6428 0.7071 0.2946
vn -0.6211 -0.7079 -0.3364
vn -0.6428 -0.7071 -0.2946
vn -0.6211 0.7079 -0.3364
vn -0.6428 0.7071 -0.2946
vn -0.6223 -0.7071 -0.3359
vn -0.6223 0.7071 -0.3359
vn -0.6222 0.7071 -0.3359
vn 0.4156 -0.7071 -0.5720
vn 0.6223 -0.7071 0.3359
vn 0.6222 -0.7071 0.3359
vn 0.6223 0.7071 0.3359
vn 0.6222 0.7071 0.3359
vn -0.5986 -0.7071 -0.3764
vn -0.5986 0.7071 -0.3764
vn 0.5979 -0.7071 0.3774
vn 0.5979 0.7071 0.3774
vn -0.5980 -0.7071 -0.3775
vn -0.5979 0.7071 -0.3774
vn -0.4157 -0.7071 0.5721
vn -0.5896 -0.7071 -0.3903
vn -0.5896 0.7071 -0.3903
vn -0.5896 0.7071 -0.3904
vn 0.5896 -0.7071 0.3903
vn 0.5896 -0.7071 0.3904
vn 0.5896 0.7071 0.3903
vn 0.5896 0.7071 0.3904
vn -0.5810 -0.7071 -0.4031
vn -0.5810 0.7071 -0.4031
vn -0.8090 -0.0000 0.5878
vn 0.5629 -0.7071 -0.4280
vn 0.5629 0.7071 -0.4280
vn -0.4156 -0.7071 -0.5721
vn -0.4156 0.7071 -0.5720
vn -0.4156 0.7071 -0.5721
vn 0.4156 -0.7071 0.5720
vn 0.4156 -0.7071 0.5721
vn 0.4156 0.7071 0.5720
vn 0.4156 0.7071 0.5721
vn -0.5720 -0.7071 0.4156
vn -0.5721 -0.7071 0.4156
vn -0.5720 0.7071 0.4156
vn -0.5721 0.7071 0.4156
vn 0.5721 -0.7071 -0.4156
vn 0.5721 0.7071 -0.4156
vn 0.5720 0.7071 -0.4156
vn 0.5430 -0.7071 -0.4530
vn 0.5430 0.7071 -0.4530
vn 0.5429 0.7071 -0.4530
vn 0.4788 -0.7071 -0.5203
vn 0.4788 0.7071 -0.5203
vn -0.5119 -0.7079 0.4867
vn -0.4788 -0.7071 0.5203
vn -0.5118 0.7079 0.4867
vn -0.4788 0.7071 0.5203
vn -0.5117 -0.7071 0.4880
vn -0.5117 0.7071 0.4880
vn 0.5117 -0.7071 -0.4880
vn 0.5117 0.7071 -0.4880
vn -0.5430 -0.7071 0.4530
vn -0.5430 0.7071 0.4530
vn 0.5437 -0.7071 -0.4520
vn 0.5438 -0.7071 -0.4520
vn 0.5437 0.7071 -0.4520
vn 0.5437 0.7071 -0.4521
vn -0.5437 -0.7071 0.4520
vn -0.5437 0.7071 0.4520
vn -0.5119 0.7079 0.4867
vn -0.5534 -0.7071 0.4401
vn -0.5534 0.7071 0.4401
vn 0.5534 -0.7071 -0.4401
vn 0.5534 0.7071 -0.4401
vn -0.5629 -0.7071 0.4280
vn -0.5629 0.7071 0.4280
vn 0.3090 -0.0000 0.9511
vn -0.2331 -0.7071 -0.6676
vn -0.2331 0.7071 -0.6676
vn -0.6725 -0.7071 0.2185
vn -0.6725 0.7071 0.2185
vn 0.6725 -0.7071 -0.2185
vn 0.6725 0.7071 -0.2185
vn 0.2185 -0.7071 0.6725
vn 0.2185 0.7071 0.6725
vn -0.2185 -0.7071 -0.6725
vn -0.2185 0.7071 -0.6725
vn -0.2630 -0.7071 -0.6564
vn -0.2630 0.7071 -0.6564
vn -0.3469 -0.7071 -0.6162
vn -0.3469 0.7071 -0.6162
vn 0.3047 -0.7079 0.6372
vn 0.3469 -0.7071 0.6162
vn 0.3047 0.7079 0.6372
vn 0.3469 0.7071 0.6162
vn 0.3060 -0.7071 0.6375
vn 0.3060 0.7071 0.6374
vn -0.3060 -0.7071 -0.6375
vn -0.3060 0.7071 -0.6375
vn 0.2630 -0.7071 0.6564
vn 0.2630 0.7071 0.6563
vn 0.2630 0.7071 0.6564
vn -0.2619 -0.7071 -0.6568
vn -0.2619 0.7071 -0.6568
vn 0.2619 -0.7071 0.6568
vn 0.2619 0.7071 0.6568
vn 0.2476 -0.7071 0.6623
vn 0.2476 0.7071 0.6623
vn -0.2476 -0.7071 -0.6624
vn -0.2476 -0.7071 -0.6623
vn -0.2476 0.7071 -0.6623
vn 0.2331 -0.7071 0.6676
vn 0.2331 0.7071 0.6676
vn 0.0911 0.0811 -0.9925
vn 0.1443 0.1958 0.9700
vn 0.9228 -0.3852 -0.0001
vn 0.9228 -0.3852 0.0001
vn 0.1474 0.3531 -0.9239
vn 0.9229 -0.3852 -0.0000
vn -0.9158 0.0811 -0.3934
vn 0.9671 0.1958 0.1625
vn 0.2851 -0.3851 -0.8777
vn -0.6571 0.0811 0.7494
vn 0.4534 0.1958 -0.8696
vn -0.4238 -0.3531 0.8341
vn -0.7466 -0.3851 -0.5425
vn 0.6623 -0.3531 -0.6608
vn -0.2544 0.9493 0.1849
vn 0.5097 0.0811 0.8565
vn -0.6869 0.1958 -0.6999
vn -0.7466 -0.3851 0.5425
vn 0.4238 0.3532 0.8340
vn 0.9721 0.0811 -0.2200
vn -0.8779 0.1958 0.4370
vn 0.2851 -0.3851 0.8777
vn -0.2540 0.8526 0.4567
vn -0.8331 0.3531 0.4257
vn -0.9242 -0.3531 0.1453
vn -0.0000 0.7072 -0.7070
vn 0.5000 -0.4999 0.7072
vn 0.1998 -0.2774 0.9397
vn 0.7140 -0.2774 -0.6429
vn -0.9137 -0.2774 -0.2969
vn -0.0000 -0.9899 -0.1415
vn 0.1346 -0.9899 -0.0437
vn 0.0294 -0.9899 0.1384
vn -0.1052 -0.9899 -0.0947
vn 0.9397 -0.2774 -0.1998
vn -0.2969 -0.2774 0.9137
vn 0.4804 -0.2775 -0.8320
vn -0.0437 -0.9899 -0.1346
vn -0.4999 0.5000 0.7072
vn 0.3908 -0.2775 0.8777
vn -0.1998 -0.2774 -0.9397
vn -0.7140 -0.2774 0.6429
vn -0.0000 -0.9899 0.1415
vn -0.1346 -0.9899 0.0437
vn 0.1346 -0.9899 0.0437
vn 0.6429 -0.2774 0.7140
vn 0.6429 -0.2774 -0.7140
vn -0.7773 -0.2775 0.5647
vn 0.0437 -0.9899 0.1346
vn -0.0708 -0.9899 0.1225
vn -0.0000 1.0000 0.0001
vn 0.5575 -0.0160 -0.8300
vn -0.5575 -0.0160 0.8300
vn 0.8300 -0.0160 0.5575
vn 0.8315 -0.0160 -0.5552
vn -0.5552 -0.0160 -0.8315
vn 0.6222 -0.7071 0.3358
vn 0.5721 0.7071 -0.4157
vn -0.5437 0.7071 0.4521
vn -0.2630 0.7071 -0.6563
vn 0.3469 -0.7071 0.6161
vn -0.3060 0.7071 -0.6374
vn -0.2619 0.7072 -0.6568
vt 0.026641 0.218978
vt 0.015529 0.246505
vt 0.015529 0.217496
vt 0.026641 0.245023
vt 0.018182 0.249706
vt 0.583945 0.124716
vt 0.604831 0.182587
vt 0.583945 0.167223
vt 0.018182 0.214294
vt 0.584638 0.044895
vt 0.577853 0.092239
vt 0.577853 0.044895
vt 0.577853 0.167223
vt 0.604831 0.109352
vt 0.962296 0.163288
vt 0.029023 0.247897
vt 0.026609 0.265266
vt 0.029023 0.216104
vt 0.026609 0.198734
vt 0.036589 0.202133
vt 0.607902 0.109352
vt 0.584638 0.092239
vt 0.036589 0.261867
vt 0.164904 0.442618
vt 0.164904 0.021382
vt 0.173072 0.030417
vt 0.607902 0.027782
vt 0.974314 0.087857
vt 0.577853 0.219195
vt 0.597632 0.182587
vt 0.597632 0.221166
vt 0.906280 0.207531
vt 0.892448 0.203865
vt 0.896114 0.190033
vt 0.942718 0.198363
vt 0.946764 0.199181
vt 0.946104 0.199823
vt 0.921147 0.209754
vt 0.917568 0.215227
vt 0.920020 0.209107
vt 0.923395 0.204763
vt 0.924232 0.205573
vt 0.927778 0.202400
vt 0.927169 0.201520
vt 0.829900 0.225634
vt 0.950667 0.230691
vt 0.829900 0.230691
vt 0.950667 0.220577
vt 0.829900 0.220577
vt 0.829900 0.255976
vt 0.950667 0.261033
vt 0.829900 0.261033
vt 0.950667 0.250919
vt 0.829900 0.250919
vt 0.829900 0.245862
vt 0.950667 0.240805
vt 0.829900 0.240805
vt 0.950667 0.235748
vt 0.829900 0.235748
vt 0.916328 0.196353
vt 0.922111 0.192642
vt 0.931153 0.199231
vt 0.928049 0.190242
vt 0.935189 0.197832
vt 0.939437 0.189001
vt 0.939144 0.197274
vt 0.944530 0.189810
vt 0.942916 0.197574
vt 0.939161 0.198138
vt 0.935395 0.198733
vt 0.931554 0.200138
vt 0.832417 0.200001
vt 0.846249 0.203667
vt 0.849915 0.189836
vt 0.886734 0.195318
vt 0.882687 0.194499
vt 0.886074 0.195959
vt 0.861116 0.205890
vt 0.857537 0.211364
vt 0.859140 0.211338
vt 0.864201 0.201709
vt 0.859989 0.205244
vt 0.867747 0.198537
vt 0.863364 0.200900
vt 0.950667 0.225634
vt 0.950667 0.255976
vt 0.950667 0.245862
vt 0.867139 0.197657
vt 0.856297 0.192490
vt 0.871122 0.195367
vt 0.862080 0.188778
vt 0.875158 0.193969
vt 0.868018 0.186379
vt 0.879406 0.185138
vt 0.873863 0.185211
vt 0.879113 0.193411
vt 0.884500 0.185947
vt 0.882886 0.193710
vt 0.850947 0.197511
vt 0.879130 0.194275
vt 0.875365 0.194869
vt 0.871523 0.196275
vt 0.583945 0.287121
vt 0.604831 0.344992
vt 0.583945 0.329628
vt 0.577853 0.329628
vt 0.604831 0.271757
vt 0.962296 0.325693
vt 0.974314 0.049278
vt 0.919171 0.215201
vt 0.933894 0.189074
vt 0.948939 0.190980
vt 0.888909 0.187116
vt 0.910977 0.201374
vt 0.577853 0.184558
vt 0.409449 0.695011
vt 0.415160 0.698261
vt 0.415460 0.696998
vt 0.404565 0.691797
vt 0.408895 0.696073
vt 0.401139 0.686701
vt 0.403768 0.692578
vt 0.438536 0.694728
vt 0.444815 0.686701
vt 0.437622 0.693180
vt 0.374618 0.758072
vt 0.367170 0.526849
vt 0.367170 0.758072
vt 0.359723 0.526849
vt 0.359723 0.758072
vt 0.352275 0.526849
vt 0.352275 0.758072
vt 0.344827 0.526849
vt 0.344827 0.758072
vt 0.337379 0.526849
vt 0.337379 0.758073
vt 0.329932 0.526849
vt 0.329932 0.758073
vt 0.322484 0.526849
vt 0.322484 0.758073
vt 0.456777 0.707438
vt 0.446932 0.687636
vt 0.430203 0.697970
vt 0.444544 0.712580
vt 0.422336 0.698990
vt 0.432316 0.714993
vt 0.420800 0.714645
vt 0.410571 0.711936
vt 0.401994 0.707417
vt 0.399857 0.686886
vt 0.395180 0.701734
vt 0.422336 0.697570
vt 0.377965 0.703050
vt 0.387397 0.713185
vt 0.429830 0.696442
vt 0.389945 0.696109
vt 0.394046 0.709334
vt 0.380241 0.710389
vt 0.414311 0.740078
vt 0.407746 0.739154
vt 0.408301 0.738091
vt 0.402619 0.735658
vt 0.403416 0.734877
vt 0.398708 0.729966
vt 0.399990 0.729781
vt 0.436474 0.736260
vt 0.445783 0.730716
vt 0.437388 0.737808
vt 0.455629 0.750518
vt 0.443395 0.755660
vt 0.429054 0.741050
vt 0.431168 0.758073
vt 0.421187 0.742070
vt 0.419651 0.757725
vt 0.414011 0.741341
vt 0.409422 0.755016
vt 0.400846 0.750497
vt 0.394031 0.744814
vt 0.421187 0.740650
vt 0.388796 0.739190
vt 0.392897 0.752414
vt 0.379092 0.753469
vt 0.428681 0.739522
vt 0.443666 0.729781
vt 0.376816 0.746130
vt 0.386248 0.756265
vt 0.505935 0.367150
vt 0.507811 0.234785
vt 0.507811 0.374905
vt 0.507811 0.242540
vt 0.509687 0.374905
vt 0.507811 0.373578
vt 0.414751 0.377558
vt 0.412875 0.236112
vt 0.414751 0.234785
vt 0.416627 0.376231
vt 0.379885 0.237439
vt 0.412857 0.237439
vt 0.449618 0.237439
vt 0.416627 0.236112
vt 0.451885 0.236112
vt 0.377618 0.236112
vt 0.377600 0.234785
vt 0.451903 0.234785
vt 0.412857 0.368477
vt 0.416645 0.368477
vt 0.509687 0.367150
vt 0.511563 0.234785
vt 0.511563 0.374905
vt 0.504059 0.242540
vt 0.505935 0.374905
vt 0.504059 0.373578
vt 0.453779 0.376231
vt 0.451903 0.377558
vt 0.377600 0.377558
vt 0.375724 0.236112
vt 0.486769 0.374905
vt 0.453797 0.374905
vt 0.342733 0.374905
vt 0.375724 0.376231
vt 0.340466 0.376231
vt 0.489036 0.376231
vt 0.489054 0.377558
vt 0.340448 0.377558
vt 0.453797 0.243867
vt 0.375706 0.243867
vt 0.454188 0.237439
vt 0.489036 0.236112
vt 0.487160 0.237439
vt 0.375315 0.237439
vt 0.340466 0.236112
vt 0.489054 0.234785
vt 0.453779 0.236112
vt 0.340448 0.234785
vt 0.492804 0.371748
vt 0.490929 0.234785
vt 0.492804 0.236625
vt 0.494679 0.242310
vt 0.492804 0.379272
vt 0.492804 0.234785
vt 0.487160 0.368477
vt 0.342342 0.368477
vt 0.342342 0.237439
vt 0.498430 0.377558
vt 0.496554 0.236112
vt 0.498430 0.234785
vt 0.502182 0.377558
vt 0.500306 0.236112
vt 0.502182 0.234785
vt 0.412466 0.374905
vt 0.377618 0.376231
vt 0.379494 0.374905
vt 0.417036 0.374905
vt 0.451885 0.376231
vt 0.412875 0.376231
vt 0.496554 0.371748
vt 0.494679 0.234785
vt 0.496554 0.236625
vt 0.490929 0.242310
vt 0.489054 0.379272
vt 0.379494 0.243867
vt 0.450009 0.243867
vt 0.450009 0.374905
vt 0.504059 0.377558
vt 0.502182 0.236112
vt 0.504059 0.234785
vt 0.500306 0.377558
vt 0.498430 0.236112
vt 0.500306 0.234785
vt 0.247265 0.364477
vt 0.245432 0.314385
vt 0.247266 0.315859
vt 0.247265 0.239618
vt 0.246691 0.288698
vt 0.246691 0.235871
vt 0.244858 0.313924
vt 0.245432 0.367212
vt 0.244858 0.369215
vt 0.244858 0.234880
vt 0.244858 0.290172
vt 0.294749 0.305417
vt 0.294749 0.298679
vt 0.298285 0.300044
vt 0.297025 0.303039
vt 0.247265 0.288236
vt 0.298859 0.302048
vt 0.242450 0.286493
vt 0.243024 0.235871
vt 0.243024 0.288698
vt 0.242450 0.317603
vt 0.244284 0.367212
vt 0.242450 0.366220
vt 0.244284 0.314385
vt 0.194967 0.248317
vt 0.242450 0.237875
vt 0.194967 0.355778
vt 0.192690 0.355865
vt 0.191431 0.247218
vt 0.190857 0.246756
vt 0.240748 0.288610
vt 0.191431 0.300044
vt 0.193264 0.299053
vt 0.240748 0.315485
vt 0.192690 0.303039
vt 0.190857 0.302048
vt 0.193264 0.250435
vt 0.193264 0.353660
vt 0.193264 0.305042
vt 0.190857 0.357339
vt 0.248968 0.365846
vt 0.297025 0.355865
vt 0.248968 0.238249
vt 0.298285 0.247218
vt 0.296451 0.248692
vt 0.298859 0.357339
vt 0.296451 0.306786
vt 0.296451 0.355403
vt 0.296451 0.297310
vt 0.298859 0.246756
vt 0.251038 0.159385
vt 0.245286 0.096906
vt 0.251936 0.096437
vt 0.257974 0.160320
vt 0.258829 0.095641
vt 0.265291 0.161668
vt 0.266080 0.094442
vt 0.273149 0.163564
vt 0.273839 0.092714
vt 0.281761 0.166224
vt 0.282304 0.090265
vt 0.291409 0.169915
vt 0.291739 0.086872
vt 0.302441 0.174473
vt 0.302441 0.082837
vt 0.195813 0.165129
vt 0.186447 0.084805
vt 0.196341 0.089492
vt 0.204054 0.162306
vt 0.204759 0.092551
vt 0.211461 0.160506
vt 0.212273 0.094519
vt 0.218352 0.159384
vt 0.219228 0.095784
vt 0.224949 0.158736
vt 0.225862 0.096563
vt 0.244905 0.091800
vt 0.251274 0.091198
vt 0.231410 0.158452
vt 0.232341 0.096976
vt 0.237850 0.158475
vt 0.238783 0.097083
vt 0.238661 0.092053
vt 0.244667 0.088171
vt 0.199758 0.082869
vt 0.206897 0.086648
vt 0.257835 0.090205
vt 0.213615 0.089054
vt 0.264661 0.088731
vt 0.220046 0.090581
vt 0.271849 0.086623
vt 0.226303 0.091500
vt 0.279537 0.083632
vt 0.232483 0.091964
vt 0.287990 0.079337
vt 0.298027 0.072704
vt 0.238802 0.075035
vt 0.243963 0.074415
vt 0.196510 0.072932
vt 0.202557 0.079012
vt 0.250812 0.087485
vt 0.208719 0.082881
vt 0.257107 0.086377
vt 0.214804 0.085396
vt 0.263593 0.084753
vt 0.220800 0.086999
vt 0.270318 0.082449
vt 0.226740 0.087955
vt 0.277339 0.079191
vt 0.232669 0.088420
vt 0.284753 0.074481
vt 0.238632 0.088480
vt 0.292810 0.067179
vt 0.269168 0.039276
vt 0.276874 0.057884
vt 0.257563 0.063603
vt 0.211510 0.070019
vt 0.249168 0.073502
vt 0.215210 0.072441
vt 0.254369 0.072267
vt 0.219436 0.074022
vt 0.259503 0.070650
vt 0.223992 0.074942
vt 0.264487 0.068553
vt 0.228776 0.075351
vt 0.269199 0.065844
vt 0.233727 0.075359
vt 0.273444 0.062354
vt 0.243873 0.163900
vt 0.244363 0.158783
vt 0.237507 0.167081
vt 0.237621 0.163505
vt 0.198969 0.171627
vt 0.186219 0.169337
vt 0.206022 0.168124
vt 0.250265 0.164646
vt 0.212671 0.165914
vt 0.263740 0.167432
vt 0.219054 0.164550
vt 0.271001 0.169732
vt 0.278783 0.172964
vt 0.231445 0.163455
vt 0.287349 0.177590
vt 0.243549 0.167538
vt 0.237298 0.180547
vt 0.195501 0.181157
vt 0.191105 0.177365
vt 0.249713 0.168376
vt 0.201580 0.175461
vt 0.256037 0.169644
vt 0.256861 0.165792
vt 0.213754 0.169547
vt 0.219716 0.168114
vt 0.262565 0.171443
vt 0.225632 0.167312
vt 0.225281 0.163778
vt 0.276422 0.177450
vt 0.231548 0.166995
vt 0.291931 0.190238
vt 0.297489 0.184741
vt 0.271961 0.194507
vt 0.271844 0.215099
vt 0.251378 0.212830
vt 0.210051 0.184579
vt 0.247667 0.182419
vt 0.213771 0.182332
vt 0.207710 0.171858
vt 0.252878 0.183829
vt 0.217990 0.180917
vt 0.222531 0.180156
vt 0.263025 0.187910
vt 0.269342 0.173947
vt 0.227297 0.179906
vt 0.267739 0.190814
vt 0.283886 0.182481
vt 0.358372 0.030791
vt 0.307107 0.086193
vt 0.305039 0.084124
vt 0.360440 0.032859
vt 0.368377 0.147462
vt 0.421710 0.094129
vt 0.370445 0.149530
vt 0.423778 0.096197
vt 0.431715 0.210800
vt 0.309176 0.210800
vt 0.307107 0.208732
vt 0.482979 0.032859
vt 0.242456 0.181335
vt 0.232232 0.180060
vt 0.275321 0.199187
vt 0.040821 0.771558
vt 0.023200 0.787947
vt 0.020482 0.775770
vt 0.043632 0.783131
vt 0.026258 0.800169
vt 0.050393 0.806518
vt 0.029622 0.812453
vt 0.054384 0.818455
vt 0.033227 0.824852
vt 0.058849 0.830749
vt 0.036949 0.837490
vt 0.040547 0.850676
vt 0.063931 0.843731
vt 0.043567 0.865268
vt 0.080058 0.508681
vt 0.055639 0.510972
vt 0.059874 0.499692
vt 0.073336 0.519562
vt 0.051194 0.521305
vt 0.067911 0.529395
vt 0.046797 0.531236
vt 0.058915 0.548217
vt 0.042552 0.541055
vt 0.055010 0.557613
vt 0.038512 0.550906
vt 0.051419 0.567111
vt 0.034706 0.560861
vt 0.031153 0.570955
vt 0.048121 0.576744
vt 0.027868 0.581207
vt 0.045106 0.586525
vt 0.024861 0.591621
vt 0.042374 0.596459
vt 0.022140 0.602198
vt 0.039924 0.606546
vt 0.019715 0.612936
vt 0.035894 0.627160
vt 0.017592 0.623827
vt 0.034323 0.637675
vt 0.015780 0.634866
vt 0.033057 0.648319
vt 0.014284 0.646046
vt 0.013113 0.657358
vt 0.032101 0.659085
vt 0.012272 0.668793
vt 0.031461 0.669964
vt 0.011769 0.680344
vt 0.031143 0.680947
vt 0.011608 0.692000
vt 0.031153 0.692027
vt 0.011795 0.703753
vt 0.032176 0.714438
vt 0.012336 0.715593
vt 0.033199 0.725753
vt 0.013236 0.727511
vt 0.034571 0.737128
vt 0.014499 0.739496
vt 0.016127 0.751539
vt 0.236102 0.719823
vt 0.267796 0.707938
vt 0.241357 0.727472
vt 0.036296 0.748557
vt 0.018122 0.763633
vt 0.038377 0.760035
vt 0.054043 0.780321
vt 0.051192 0.769093
vt 0.046818 0.794771
vt 0.060957 0.802951
vt 0.057287 0.791599
vt 0.065119 0.814428
vt 0.069905 0.826124
vt 0.075586 0.838205
vt 0.082788 0.850934
vt 0.081951 0.525052
vt 0.088993 0.516110
vt 0.076322 0.533977
vt 0.063182 0.538855
vt 0.067314 0.551855
vt 0.071539 0.542887
vt 0.063504 0.560934
vt 0.060036 0.570150
vt 0.056874 0.579518
vt 0.053999 0.589042
vt 0.051405 0.598719
vt 0.049091 0.608547
vt 0.037763 0.616781
vt 0.045316 0.628631
vt 0.047060 0.618520
vt 0.043863 0.638874
vt 0.042707 0.649240
vt 0.041855 0.659723
vt 0.041310 0.670314
vt 0.041080 0.681004
vt 0.041170 0.691785
vt 0.031495 0.703193
vt 0.042329 0.713586
vt 0.041584 0.702649
vt 0.043408 0.724588
vt 0.044828 0.735647
vt 0.046594 0.746754
vt 0.048713 0.757904
vt 0.063204 0.777838
vt 0.060326 0.766927
vt 0.070195 0.799732
vt 0.066479 0.788771
vt 0.074430 0.810730
vt 0.079328 0.821776
vt 0.092471 0.843921
vt 0.085165 0.832869
vt 0.088762 0.530116
vt 0.095379 0.522545
vt 0.083318 0.538192
vt 0.074582 0.555134
vt 0.078672 0.546554
vt 0.070912 0.563908
vt 0.067583 0.572863
vt 0.061816 0.591284
vt 0.064558 0.581991
vt 0.059351 0.600733
vt 0.057160 0.610332
vt 0.053613 0.629949
vt 0.055246 0.620074
vt 0.052265 0.639952
vt 0.051208 0.650075
vt 0.049988 0.670645
vt 0.050447 0.660308
vt 0.049836 0.681077
vt 0.049997 0.691595
vt 0.051276 0.712858
vt 0.050475 0.702192
vt 0.052405 0.723584
vt 0.053868 0.734362
vt 0.057819 0.756041
vt 0.055670 0.745184
vt 0.072670 0.775200
vt 0.069780 0.764626
vt 0.079657 0.796305
vt 0.075948 0.785766
vt 0.083864 0.806787
vt 0.088686 0.817154
vt 0.094314 0.827279
vt 0.101048 0.836883
vt 0.095167 0.535155
vt 0.101048 0.528605
vt 0.090180 0.542475
vt 0.082006 0.558492
vt 0.085850 0.550304
vt 0.078538 0.566954
vt 0.075388 0.575640
vt 0.072523 0.584520
vt 0.069929 0.593574
vt 0.067602 0.602787
vt 0.065541 0.612149
vt 0.062232 0.631280
vt 0.063750 0.621649
vt 0.060992 0.641034
vt 0.060037 0.650902
vt 0.059370 0.660876
vt 0.058998 0.670950
vt 0.058927 0.681113
vt 0.059160 0.691358
vt 0.060561 0.712060
vt 0.059703 0.701677
vt 0.061740 0.722500
vt 0.063244 0.732985
vt 0.065080 0.743508
vt 0.067256 0.754059
vt 0.385707 0.919096
vt 0.377429 0.927738
vt 0.376708 0.920936
vt 0.366908 0.927806
vt 0.367521 0.920993
vt 0.356572 0.925831
vt 0.358497 0.919265
vt 0.349976 0.915817
vt 0.346815 0.921887
vt 0.338004 0.916130
vt 0.342279 0.910780
vt 0.330462 0.908786
vt 0.335688 0.904344
vt 0.324439 0.900148
vt 0.330423 0.896739
vt 0.330055 0.895633
vt 0.320194 0.888903
vt 0.326739 0.887064
vt 0.318334 0.878618
vt 0.325115 0.878051
vt 0.318482 0.868149
vt 0.325251 0.868899
vt 0.320655 0.857897
vt 0.327155 0.859945
vt 0.330759 0.851528
vt 0.324778 0.848256
vt 0.330697 0.839597
vt 0.335930 0.843969
vt 0.342471 0.837558
vt 0.338187 0.832251
vt 0.346962 0.826500
vt 0.350135 0.832539
vt 0.356690 0.822563
vt 0.358629 0.829104
vt 0.366999 0.820590
vt 0.367630 0.827384
vt 0.377496 0.820658
vt 0.376795 0.827446
vt 0.387781 0.822764
vt 0.385775 0.829289
vt 0.394226 0.832841
vt 0.397463 0.826830
vt 0.406171 0.832700
vt 0.401828 0.837968
vt 0.408289 0.844475
vt 0.413574 0.840151
vt 0.419389 0.848899
vt 0.413364 0.852115
vt 0.423394 0.858613
vt 0.416858 0.860597
vt 0.425436 0.868921
vt 0.418638 0.869597
vt 0.425436 0.879430
vt 0.418635 0.878773
vt 0.416849 0.887774
vt 0.423394 0.889741
vt 0.419386 0.899460
vt 0.413348 0.896259
vt 0.413566 0.908216
vt 0.408264 0.903902
vt 0.401791 0.910413
vt 0.406155 0.915676
vt 0.397434 0.921554
vt 0.394175 0.915543
vt 0.387735 0.925627
vt 0.374347 0.882221
vt 0.372729 0.882551
vt 0.371077 0.882560
vt 0.369455 0.882248
vt 0.367923 0.881627
vt 0.366542 0.880720
vt 0.365362 0.879560
vt 0.364432 0.878193
vt 0.364363 0.877989
vt 0.363757 0.876457
vt 0.363459 0.874837
vt 0.363482 0.873191
vt 0.363824 0.871581
vt 0.364473 0.870067
vt 0.365403 0.868709
vt 0.366580 0.867556
vt 0.367958 0.866654
vt 0.369486 0.866037
vt 0.371104 0.865729
vt 0.372752 0.865741
vt 0.374367 0.866073
vt 0.375886 0.866712
vt 0.377252 0.867635
vt 0.378414 0.868805
vt 0.379325 0.870179
vt 0.379953 0.871705
vt 0.380272 0.873323
vt 0.380271 0.874973
vt 0.379949 0.876591
vt 0.379319 0.878117
vt 0.378404 0.879491
vt 0.377240 0.880661
vt 0.375870 0.881583
vt 0.172610 0.905162
vt 0.174957 0.936645
vt 0.171325 0.905436
vt 0.174940 0.903971
vt 0.187962 0.932736
vt 0.173827 0.904668
vt 0.165250 0.903436
vt 0.148767 0.930539
vt 0.143357 0.926275
vt 0.168706 0.905296
vt 0.154828 0.933784
vt 0.167452 0.904884
vt 0.168512 0.890598
vt 0.167110 0.858102
vt 0.169845 0.890356
vt 0.076307 0.932619
vt 0.028356 0.958249
vt 0.002726 0.910298
vt 0.166084 0.891754
vt 0.153588 0.861873
vt 0.167246 0.891070
vt 0.199006 0.924757
vt 0.193792 0.929204
vt 0.170010 0.905481
vt 0.161349 0.935915
vt 0.165062 0.892630
vt 0.147549 0.865456
vt 0.175917 0.903089
vt 0.203556 0.919490
vt 0.168128 0.936875
vt 0.164210 0.893670
vt 0.142240 0.870032
vt 0.177351 0.900866
vt 0.176729 0.902046
vt 0.163556 0.894842
vt 0.137824 0.875457
vt 0.257482 0.773251
vt 0.259231 0.873460
vt 0.257482 0.873452
vt 0.281966 0.773374
vt 0.280217 0.873566
vt 0.280217 0.773365
vt 0.290710 0.773418
vt 0.288961 0.873610
vt 0.288961 0.773409
vt 0.255734 0.873443
vt 0.255734 0.773242
vt 0.278468 0.873557
vt 0.278468 0.773357
vt 0.253985 0.873434
vt 0.253985 0.773234
vt 0.276719 0.873548
vt 0.276719 0.773348
vt 0.252236 0.873425
vt 0.252236 0.773225
vt 0.274971 0.873539
vt 0.274971 0.773339
vt 0.250487 0.873416
vt 0.250487 0.773216
vt 0.273222 0.873531
vt 0.273222 0.773330
vt 0.248738 0.873408
vt 0.248738 0.773207
vt 0.271473 0.873522
vt 0.271473 0.773322
vt 0.246989 0.873399
vt 0.246989 0.773198
vt 0.269724 0.873513
vt 0.269724 0.773313
vt 0.245241 0.873390
vt 0.245241 0.773190
vt 0.267975 0.873504
vt 0.267975 0.773304
vt 0.301203 0.773471
vt 0.299454 0.873662
vt 0.299454 0.773462
vt 0.266227 0.873495
vt 0.266227 0.773295
vt 0.297705 0.873654
vt 0.297705 0.773453
vt 0.264478 0.873487
vt 0.264478 0.773286
vt 0.287212 0.873601
vt 0.287212 0.773401
vt 0.295957 0.873645
vt 0.295957 0.773444
vt 0.262729 0.873478
vt 0.262729 0.773278
vt 0.285464 0.873592
vt 0.285464 0.773392
vt 0.294208 0.873636
vt 0.294208 0.773436
vt 0.260980 0.873469
vt 0.260980 0.773269
vt 0.283715 0.873583
vt 0.283715 0.773383
vt 0.292459 0.873627
vt 0.292459 0.773427
vt 0.259231 0.773260
vt 0.281966 0.873575
vt 0.290710 0.873619
vt 0.185392 0.947205
vt 0.181631 0.935246
vt 0.141885 0.941324
vt 0.156508 0.846836
vt 0.160174 0.859396
vt 0.193627 0.943811
vt 0.149954 0.945578
vt 0.147799 0.850162
vt 0.201095 0.939133
vt 0.158620 0.948342
vt 0.139815 0.854953
vt 0.207626 0.933407
vt 0.167608 0.949540
vt 0.132802 0.861059
vt 0.207479 0.913425
vt 0.213164 0.926928
vt 0.134433 0.881563
vt 0.126976 0.868289
vt 0.210906 0.906369
vt 0.217828 0.920020
vt 0.132169 0.888157
vt 0.122515 0.876416
vt 0.205660 0.875342
vt 0.221970 0.872434
vt 0.210605 0.882259
vt 0.131098 0.895035
vt 0.119553 0.885186
vt 0.208891 0.859103
vt 0.215700 0.865472
vt 0.131251 0.901983
vt 0.118179 0.894324
vt 0.194393 0.865042
vt 0.200289 0.869643
vt 0.132617 0.908784
vt 0.118429 0.903546
vt 0.188001 0.861540
vt 0.201351 0.853629
vt 0.135151 0.915229
vt 0.120290 0.912566
vt 0.181216 0.859186
vt 0.193085 0.849312
vt 0.138770 0.921119
vt 0.123699 0.921105
vt 0.174191 0.858031
vt 0.184231 0.846360
vt 0.134672 0.935708
vt 0.128545 0.928899
vt 0.175005 0.844921
vt 0.176628 0.949149
vt 0.165670 0.845074
vt 0.171202 0.890351
vt 0.166288 0.904258
vt 0.164371 0.902444
vt 0.172544 0.890586
vt 0.163678 0.901310
vt 0.173829 0.891056
vt 0.163194 0.900071
vt 0.175019 0.891752
vt 0.162935 0.898763
vt 0.176074 0.892662
vt 0.162909 0.897429
vt 0.176955 0.893775
vt 0.163118 0.896108
vt 0.177593 0.895039
vt 0.177753 0.899569
vt 0.145312 0.715871
vt 0.123293 0.732286
vt 0.121372 0.719482
vt 0.140202 0.670466
vt 0.151071 0.680573
vt 0.140868 0.681475
vt 0.143405 0.704186
vt 0.119919 0.706920
vt 0.160075 0.551086
vt 0.164149 0.561213
vt 0.157075 0.558622
vt 0.118915 0.694612
vt 0.153799 0.752126
vt 0.161639 0.736917
vt 0.165106 0.748734
vt 0.118341 0.682564
vt 0.002656 0.728339
vt 0.118179 0.670786
vt 0.015610 0.588980
vt 0.018766 0.578322
vt 0.139916 0.659699
vt 0.118409 0.659284
vt 0.018787 0.815383
vt 0.015448 0.802869
vt 0.119013 0.648065
vt 0.141929 0.692718
vt 0.152340 0.691442
vt 0.140413 0.638914
vt 0.119972 0.637134
vt 0.154265 0.566438
vt 0.161594 0.568844
vt 0.141163 0.628908
vt 0.121270 0.626497
vt 0.169068 0.760701
vt 0.157617 0.764578
vt 0.142225 0.619166
vt 0.122887 0.616156
vt 0.003860 0.740645
vt 0.143583 0.609692
vt 0.124806 0.606116
vt 0.012743 0.599811
vt 0.145221 0.600489
vt 0.127012 0.596379
vt 0.147124 0.591560
vt 0.129485 0.586948
vt 0.154014 0.702520
vt 0.149275 0.582908
vt 0.132210 0.577824
vt 0.159244 0.576743
vt 0.151661 0.574533
vt 0.135172 0.569008
vt 0.173553 0.772801
vt 0.161973 0.777205
vt 0.138353 0.560501
vt 0.007393 0.765429
vt 0.005438 0.753012
vt 0.141739 0.552302
vt 0.145314 0.544411
vt 0.022344 0.827910
vt 0.149064 0.536826
vt 0.156111 0.713799
vt 0.166597 0.536851
vt 0.152974 0.529545
vt 0.157112 0.584906
vt 0.170098 0.530149
vt 0.157028 0.522564
vt 0.166925 0.790032
vt 0.178613 0.784995
vt 0.173755 0.523719
vt 0.161210 0.515875
vt 0.177594 0.517542
vt 0.165495 0.509458
vt 0.007915 0.621970
vt 0.010175 0.610810
vt 0.181718 0.511562
vt 0.169836 0.503259
vt 0.025947 0.840470
vt 0.174026 0.497225
vt 0.158647 0.725268
vt 0.147667 0.727763
vt 0.145596 0.813591
vt 0.179459 0.817001
vt 0.151000 0.827790
vt 0.155212 0.593334
vt 0.140561 0.799565
vt 0.184372 0.797205
vt 0.172614 0.803167
vt 0.136037 0.785714
vt 0.132058 0.772049
vt 0.029231 0.853134
vt 0.128617 0.758581
vt 0.153560 0.602025
vt 0.125702 0.745323
vt 0.191176 0.809206
vt 0.005972 0.633285
vt 0.970028 0.535967
vt 0.931478 0.517601
vt 0.970028 0.517601
vt 0.931478 0.554333
vt 0.970028 0.554333
vt 0.931478 0.572699
vt 0.970028 0.572699
vt 0.931478 0.591065
vt 0.970028 0.591065
vt 0.931478 0.609431
vt 0.970028 0.609431
vt 0.931478 0.627797
vt 0.970028 0.627797
vt 0.931478 0.646163
vt 0.970028 0.646163
vt 0.931478 0.664528
vt 0.970028 0.664528
vt 0.931478 0.682895
vt 0.970028 0.682895
vt 0.931478 0.701260
vt 0.970028 0.701260
vt 0.931478 0.719626
vt 0.970028 0.719626
vt 0.931478 0.737992
vt 0.970028 0.737992
vt 0.931478 0.756358
vt 0.970028 0.756358
vt 0.931478 0.774724
vt 0.970028 0.774724
vt 0.931478 0.793090
vt 0.970028 0.793090
vt 0.931478 0.811456
vt 0.970028 0.811456
vt 0.931478 0.829822
vt 0.970028 0.829822
vt 0.931478 0.848188
vt 0.970028 0.848188
vt 0.931478 0.866554
vt 0.970028 0.866554
vt 0.931478 0.884920
vt 0.970028 0.884920
vt 0.931478 0.903286
vt 0.970028 0.903286
vt 0.931478 0.921652
vt 0.970028 0.921652
vt 0.931478 0.940018
vt 0.970028 0.940018
vt 0.931478 0.958384
vt 0.970028 0.958384
vt 0.931478 0.976750
vt 0.970028 0.976750
vt 0.931478 0.407405
vt 0.970028 0.389039
vt 0.970028 0.407405
vt 0.931478 0.425771
vt 0.970028 0.425771
vt 0.931478 0.444137
vt 0.970028 0.444137
vt 0.931478 0.462503
vt 0.970028 0.462503
vt 0.931478 0.480869
vt 0.970028 0.480869
vt 0.931478 0.499235
vt 0.970028 0.499235
vt 0.012412 0.790367
vt 0.022199 0.567837
vt 0.001823 0.716103
vt 0.150490 0.739851
vt 0.163253 0.543829
vt 0.166894 0.553848
vt 0.150192 0.669922
vt 0.009720 0.777884
vt 0.025891 0.557526
vt 0.001358 0.703949
vt 0.172904 0.539921
vt 0.169817 0.546751
vt 0.149534 0.649305
vt 0.149685 0.659497
vt 0.029819 0.547378
vt 0.001255 0.691887
vt 0.139992 0.649179
vt 0.033943 0.537373
vt 0.001509 0.679926
vt 0.179538 0.527077
vt 0.176146 0.533362
vt 0.150235 0.629642
vt 0.149722 0.639352
vt 0.038199 0.527467
vt 0.002114 0.668076
vt 0.042467 0.517582
vt 0.003064 0.656346
vt 0.183094 0.521087
vt 0.151056 0.620182
vt 0.046519 0.507575
vt 0.004352 0.644747
vt 0.191176 0.510350
vt 0.186889 0.515445
vt 0.152169 0.610975
vt 0.049881 0.497225
vt 0.216253 0.678364
vt 0.249226 0.675254
vt 0.219304 0.687029
vt 0.221656 0.562667
vt 0.248067 0.581758
vt 0.218308 0.571072
vt 0.272827 0.713991
vt 0.246978 0.734895
vt 0.252132 0.682107
vt 0.222829 0.695529
vt 0.245752 0.588668
vt 0.215427 0.579652
vt 0.278431 0.719923
vt 0.252921 0.742114
vt 0.255434 0.688812
vt 0.226815 0.703840
vt 0.243827 0.595707
vt 0.213022 0.588386
vt 0.284780 0.725804
vt 0.259127 0.749184
vt 0.242297 0.602853
vt 0.211101 0.597247
vt 0.292226 0.731746
vt 0.265345 0.756059
vt 0.241167 0.610084
vt 0.209672 0.606211
vt 0.270638 0.497225
vt 0.287353 0.528587
vt 0.263789 0.503622
vt 0.240439 0.617376
vt 0.208739 0.615251
vt 0.280930 0.533560
vt 0.257196 0.510177
vt 0.240116 0.624707
vt 0.208307 0.624340
vt 0.275235 0.538753
vt 0.250928 0.516943
vt 0.240200 0.632056
vt 0.208377 0.633451
vt 0.270096 0.544196
vt 0.245024 0.523948
vt 0.240692 0.639399
vt 0.208952 0.642555
vt 0.265426 0.549895
vt 0.239509 0.531206
vt 0.241591 0.646713
vt 0.210030 0.651626
vt 0.261176 0.555841
vt 0.234400 0.538715
vt 0.242896 0.653978
vt 0.211609 0.660636
vt 0.257322 0.562019
vt 0.229714 0.546471
vt 0.259136 0.695356
vt 0.231246 0.711943
vt 0.244605 0.661170
vt 0.213686 0.669557
vt 0.253854 0.568412
vt 0.225462 0.554461
vt 0.263249 0.701731
vt 0.246716 0.668269
vt 0.250769 0.574998
vt 0.273753 0.686592
vt 0.270511 0.680981
vt 0.281274 0.697159
vt 0.277337 0.691997
vt 0.290296 0.706549
vt 0.285582 0.702032
vt 0.295474 0.710608
vt 0.301203 0.714045
vt 0.295830 0.543012
vt 0.294831 0.523719
vt 0.301203 0.540318
vt 0.290860 0.546537
vt 0.282109 0.555098
vt 0.286305 0.550607
vt 0.274684 0.565044
vt 0.278240 0.559929
vt 0.271436 0.570401
vt 0.268498 0.575968
vt 0.265876 0.581716
vt 0.263576 0.587622
vt 0.259968 0.599819
vt 0.261604 0.593664
vt 0.257723 0.612388
vt 0.258672 0.606067
vt 0.257123 0.618762
vt 0.256876 0.625169
vt 0.256983 0.631589
vt 0.257446 0.638001
vt 0.259435 0.650724
vt 0.258264 0.644386
vt 0.262831 0.663175
vt 0.260958 0.656993
vt 0.265049 0.669248
vt 0.267610 0.675191
vt 0.457154 0.862175
vt 0.442567 0.858395
vt 0.457154 0.858395
vt 0.260237 0.932940
vt 0.251320 0.935391
vt 0.257564 0.930267
vt 0.259573 0.942164
vt 0.255113 0.939184
vt 0.266873 0.936487
vt 0.263381 0.935040
vt 0.269789 0.945264
vt 0.264528 0.944217
vt 0.274362 0.937225
vt 0.270581 0.937225
vt 0.280414 0.944217
vt 0.275153 0.945264
vt 0.281562 0.935040
vt 0.278069 0.936487
vt 0.289830 0.939184
vt 0.285370 0.942164
vt 0.287379 0.930267
vt 0.284705 0.932940
vt 0.296603 0.930931
vt 0.293623 0.935391
vt 0.290926 0.923631
vt 0.289479 0.927124
vt 0.299702 0.920715
vt 0.298656 0.925976
vt 0.291663 0.916142
vt 0.291663 0.919923
vt 0.298656 0.910090
vt 0.299702 0.915351
vt 0.289479 0.908942
vt 0.290926 0.912435
vt 0.293623 0.900674
vt 0.296603 0.905134
vt 0.284705 0.903125
vt 0.287379 0.905798
vt 0.285370 0.893901
vt 0.289830 0.896881
vt 0.278069 0.899578
vt 0.281562 0.901025
vt 0.275153 0.890802
vt 0.280414 0.891848
vt 0.270581 0.898841
vt 0.274361 0.898841
vt 0.264528 0.891848
vt 0.269789 0.890802
vt 0.263380 0.901025
vt 0.266873 0.899578
vt 0.255113 0.896881
vt 0.259573 0.893901
vt 0.257564 0.905798
vt 0.260237 0.903125
vt 0.248340 0.905134
vt 0.251320 0.900674
vt 0.254017 0.912435
vt 0.255464 0.908942
vt 0.245241 0.915351
vt 0.246287 0.910090
vt 0.253279 0.919923
vt 0.253279 0.916143
vt 0.246287 0.925976
vt 0.245241 0.920715
vt 0.255464 0.927124
vt 0.254017 0.923631
vt 0.248340 0.930931
vt 0.478567 0.948058
vt 0.504665 0.940141
vt 0.512582 0.966239
vt 0.457154 0.911322
vt 0.442567 0.907541
vt 0.457154 0.907541
vt 0.457154 0.835712
vt 0.442567 0.839492
vt 0.442567 0.835712
vt 0.457154 0.854614
vt 0.442567 0.854614
vt 0.442567 0.903761
vt 0.457154 0.903761
vt 0.457154 0.831931
vt 0.442567 0.831931
vt 0.442567 0.850834
vt 0.457154 0.850834
vt 0.442567 0.899980
vt 0.457154 0.899980
vt 0.442567 0.828151
vt 0.457154 0.828151
vt 0.442567 0.847053
vt 0.457154 0.847053
vt 0.442567 0.896200
vt 0.457154 0.896200
vt 0.457154 0.824370
vt 0.442567 0.824370
vt 0.442567 0.892419
vt 0.457154 0.892419
vt 0.442567 0.820590
vt 0.457154 0.820590
vt 0.442567 0.888639
vt 0.457154 0.888639
vt 0.457154 0.941566
vt 0.442567 0.937785
vt 0.457154 0.937785
vt 0.442567 0.884858
vt 0.457154 0.884858
vt 0.442567 0.934005
vt 0.457154 0.934005
vt 0.442567 0.881078
vt 0.457154 0.881078
vt 0.442567 0.930224
vt 0.457154 0.930224
vt 0.457154 0.877297
vt 0.442567 0.877297
vt 0.457154 0.926444
vt 0.442567 0.926444
vt 0.442567 0.873517
vt 0.457154 0.873517
vt 0.442567 0.922663
vt 0.457154 0.922663
vt 0.442567 0.869736
vt 0.457154 0.869736
vt 0.442567 0.918883
vt 0.457154 0.918883
vt 0.457154 0.865956
vt 0.442567 0.865956
vt 0.442567 0.915102
vt 0.457154 0.915102
vt 0.442567 0.843273
vt 0.457154 0.843273
vt 0.442567 0.862175
vt 0.442567 0.911322
vt 0.457154 0.839492
vt 0.476383 0.851094
vt 0.518447 0.856458
vt 0.476383 0.856458
vt 0.476383 0.775998
vt 0.518447 0.781362
vt 0.476383 0.781362
vt 0.476383 0.845730
vt 0.518447 0.851094
vt 0.476383 0.770634
vt 0.518447 0.775998
vt 0.476383 0.840366
vt 0.518447 0.845730
vt 0.476383 0.765270
vt 0.518447 0.770634
vt 0.476383 0.835002
vt 0.518447 0.840366
vt 0.476383 0.759906
vt 0.518447 0.765270
vt 0.476383 0.829638
vt 0.518447 0.835002
vt 0.476383 0.754542
vt 0.518447 0.759906
vt 0.476383 0.824274
vt 0.518447 0.829638
vt 0.476383 0.749178
vt 0.518447 0.754542
vt 0.476383 0.818910
vt 0.518447 0.824274
vt 0.476383 0.915462
vt 0.518447 0.920826
vt 0.476383 0.920826
vt 0.476383 0.813546
vt 0.518447 0.818910
vt 0.518447 0.910098
vt 0.518447 0.915462
vt 0.476383 0.808182
vt 0.518447 0.813546
vt 0.476383 0.883278
vt 0.518447 0.877914
vt 0.518447 0.883278
vt 0.476383 0.910098
vt 0.518447 0.904734
vt 0.476383 0.802818
vt 0.518447 0.808182
vt 0.476383 0.872550
vt 0.476383 0.877914
vt 0.476383 0.899370
vt 0.476383 0.904734
vt 0.476383 0.797454
vt 0.518447 0.802818
vt 0.476383 0.867186
vt 0.518447 0.872550
vt 0.476383 0.894006
vt 0.518447 0.899370
vt 0.476383 0.792090
vt 0.518447 0.797454
vt 0.518447 0.861822
vt 0.518447 0.867186
vt 0.476383 0.888642
vt 0.518447 0.894006
vt 0.476383 0.786726
vt 0.518447 0.792090
vt 0.476383 0.861822
vt 0.518447 0.888642
vt 0.518447 0.786726
vt 0.501761 0.437855
vt 0.523098 0.490062
vt 0.498870 0.487713
vt 0.379138 0.437990
vt 0.410011 0.487574
vt 0.381878 0.489771
vt 0.408159 0.436637
vt 0.441366 0.486169
vt 0.441180 0.435942
vt 0.470086 0.486284
vt 0.471568 0.436403
vt 0.446014 0.619832
vt 0.364138 0.438192
vt 0.348177 0.443378
vt 0.418870 0.621704
vt 0.400279 0.623890
vt 0.465776 0.619769
vt 0.485532 0.621051
vt 0.374034 0.451813
vt 0.364869 0.468888
vt 0.363849 0.466974
vt 0.348177 0.466974
vt 0.346263 0.468888
vt 0.346263 0.441988
vt 0.364869 0.435942
vt 0.376369 0.451770
vt 0.215524 0.435547
vt 0.184922 0.419371
vt 0.215524 0.419371
vt 0.215524 0.401956
vt 0.184922 0.401956
vt 0.215524 0.380816
vt 0.184922 0.472169
vt 0.215524 0.453858
vt 0.215524 0.472169
vt 0.184922 0.453858
vt 0.297805 0.472169
vt 0.191429 0.473190
vt 0.202802 0.489634
vt 0.191429 0.493330
vt 0.297805 0.401956
vt 0.297805 0.419371
vt 0.297805 0.453858
vt 0.297805 0.435547
vt 0.297805 0.380816
vt 0.184922 0.435547
vt 0.795260 0.590552
vt 0.802969 0.599039
vt 0.802969 0.590552
vt 0.783885 0.621900
vt 0.776176 0.634486
vt 0.783885 0.634486
vt 0.795260 0.599039
vt 0.802969 0.609271
vt 0.783885 0.610147
vt 0.776176 0.621900
vt 0.795260 0.620852
vt 0.795260 0.609271
vt 0.783885 0.599677
vt 0.776176 0.610147
vt 0.795260 0.633339
vt 0.802969 0.620852
vt 0.783885 0.590893
vt 0.776176 0.599677
vt 0.795260 0.646251
vt 0.802969 0.633339
vt 0.783885 0.584133
vt 0.776176 0.590893
vt 0.795260 0.659093
vt 0.802969 0.646251
vt 0.764801 0.698224
vt 0.757092 0.705479
vt 0.764801 0.705479
vt 0.795260 0.671369
vt 0.802969 0.659093
vt 0.764801 0.689016
vt 0.757092 0.698224
vt 0.795260 0.682610
vt 0.802969 0.671369
vt 0.757092 0.678211
vt 0.757092 0.689016
vt 0.795260 0.692383
vt 0.802969 0.682610
vt 0.764801 0.615960
vt 0.757092 0.605240
vt 0.757092 0.615960
vt 0.764801 0.678211
vt 0.757092 0.666223
vt 0.783885 0.683389
vt 0.776176 0.692897
vt 0.783885 0.692897
vt 0.764801 0.596142
vt 0.764801 0.605240
vt 0.764801 0.666223
vt 0.757092 0.653513
vt 0.783885 0.672351
vt 0.776176 0.683389
vt 0.764801 0.589015
vt 0.757092 0.596142
vt 0.764801 0.653513
vt 0.757092 0.640569
vt 0.783885 0.660205
vt 0.776176 0.672351
vt 0.757092 0.584133
vt 0.757092 0.589015
vt 0.764801 0.627889
vt 0.764801 0.640569
vt 0.783885 0.647420
vt 0.776176 0.660205
vt 0.795260 0.584133
vt 0.802969 0.584133
vt 0.757092 0.627889
vt 0.776176 0.647420
vt 0.802969 0.768733
vt 0.795260 0.776954
vt 0.802969 0.776954
vt 0.822053 0.587967
vt 0.814344 0.584133
vt 0.814344 0.587967
vt 0.783885 0.704272
vt 0.777008 0.746668
vt 0.783885 0.746668
vt 0.763158 0.792751
vt 0.758736 0.771729
vt 0.758736 0.792751
vt 0.795260 0.783851
vt 0.802969 0.789159
vt 0.802969 0.783851
vt 0.757092 0.721894
vt 0.764801 0.728559
vt 0.764801 0.721894
vt 0.822053 0.679413
vt 0.814344 0.673717
vt 0.814344 0.679413
vt 0.757092 0.728559
vt 0.764801 0.736592
vt 0.822053 0.673717
vt 0.814344 0.666487
vt 0.757092 0.745686
vt 0.764801 0.745686
vt 0.783885 0.758043
vt 0.777008 0.800439
vt 0.783885 0.800439
vt 0.840305 0.799218
vt 0.833428 0.841614
vt 0.840305 0.841614
vt 0.822053 0.658003
vt 0.814344 0.648590
vt 0.814344 0.658003
vt 0.757092 0.755490
vt 0.764801 0.765629
vt 0.764801 0.755490
vt 0.822053 0.648590
vt 0.814344 0.638610
vt 0.757092 0.765629
vt 0.764801 0.775712
vt 0.822053 0.638610
vt 0.814344 0.628446
vt 0.795260 0.719891
vt 0.802969 0.729428
vt 0.802969 0.719891
vt 0.757092 0.775712
vt 0.764801 0.785352
vt 0.822053 0.628446
vt 0.814344 0.618490
vt 0.883275 0.821360
vt 0.887697 0.799218
vt 0.883275 0.799218
vt 0.874355 0.625665
vt 0.869933 0.584133
vt 0.869933 0.625665
vt 0.858557 0.691676
vt 0.851681 0.734072
vt 0.858557 0.734072
vt 0.802969 0.739467
vt 0.795260 0.749622
vt 0.802969 0.749622
vt 0.757092 0.794178
vt 0.764801 0.801852
vt 0.764801 0.794178
vt 0.822053 0.609123
vt 0.814344 0.600706
vt 0.814344 0.609123
vt 0.795260 0.759504
vt 0.802969 0.759504
vt 0.802969 0.703758
vt 0.795260 0.711224
vt 0.802969 0.711224
vt 0.822053 0.600706
vt 0.814344 0.593563
vt 0.795260 0.768733
vt 0.822053 0.593563
vt 0.807669 0.426578
vt 0.794205 0.422513
vt 0.798024 0.431733
vt 0.854527 0.556087
vt 0.847913 0.568499
vt 0.857701 0.566552
vt 0.857701 0.469117
vt 0.861766 0.482580
vt 0.866921 0.472936
vt 0.812022 0.382375
vt 0.810626 0.368381
vt 0.803569 0.375438
vt 0.868282 0.376834
vt 0.882276 0.375438
vt 0.875220 0.368381
vt 0.803569 0.485538
vt 0.817564 0.486934
vt 0.810626 0.478481
vt 0.810626 0.557188
vt 0.812022 0.543194
vt 0.803569 0.550131
vt 0.857701 0.456452
vt 0.846841 0.447516
vt 0.847913 0.458399
vt 0.803141 0.411653
vt 0.792258 0.412725
vt 0.882704 0.521752
vt 0.891640 0.532613
vt 0.893587 0.522824
vt 0.846841 0.478053
vt 0.847913 0.467170
vt 0.881176 0.419339
vt 0.887821 0.431733
vt 0.891640 0.422513
vt 0.878177 0.388891
vt 0.887821 0.383736
vt 0.866921 0.562733
vt 0.824079 0.553088
vt 0.818924 0.562733
vt 0.824079 0.372481
vt 0.818924 0.362836
vt 0.792258 0.402745
vt 0.807669 0.498991
vt 0.798024 0.493836
vt 0.837933 0.467170
vt 0.837933 0.458399
vt 0.891640 0.392956
vt 0.831319 0.445987
vt 0.818924 0.452633
vt 0.828145 0.456452
vt 0.893587 0.512844
vt 0.828144 0.566552
vt 0.887821 0.493836
vt 0.881176 0.506230
vt 0.891640 0.503056
vt 0.873823 0.433094
vt 0.882276 0.440031
vt 0.804670 0.396131
vt 0.794205 0.392956
vt 0.839005 0.367953
vt 0.847913 0.357070
vt 0.837933 0.357070
vt 0.868282 0.548735
vt 0.875220 0.557188
vt 0.831319 0.479582
vt 0.828145 0.469117
vt 0.792258 0.522824
vt 0.803141 0.513916
vt 0.792258 0.512844
vt 0.828144 0.359017
vt 0.882704 0.403817
vt 0.893587 0.402745
vt 0.817564 0.438635
vt 0.810626 0.447088
vt 0.794205 0.503056
vt 0.839005 0.557616
vt 0.837933 0.568499
vt 0.873823 0.492475
vt 0.882276 0.485538
vt 0.798024 0.383736
vt 0.854527 0.369482
vt 0.857701 0.359017
vt 0.818924 0.472936
vt 0.804670 0.529438
vt 0.794205 0.532613
vt 0.875220 0.447088
vt 0.861766 0.442989
vt 0.866921 0.452633
vt 0.803569 0.440032
vt 0.882276 0.550131
vt 0.878177 0.536678
vt 0.887821 0.541833
vt 0.875220 0.478481
vt 0.893587 0.412725
vt 0.866921 0.362836
vt 0.798024 0.541833
vt 0.820410 0.610638
vt 0.815988 0.610638
vt 0.796904 0.737843
vt 0.801326 0.737843
vt 0.820410 0.616975
vt 0.815988 0.616975
vt 0.758736 0.786779
vt 0.763158 0.786779
vt 0.796904 0.731051
vt 0.801326 0.731051
vt 0.758736 0.753905
vt 0.763158 0.753905
vt 0.820410 0.659374
vt 0.815988 0.659374
vt 0.758736 0.747271
vt 0.763158 0.747271
vt 0.820410 0.665115
vt 0.815988 0.665115
vt 0.763158 0.721079
vt 0.758736 0.721079
vt 0.801326 0.782736
vt 0.796904 0.782736
vt 0.764801 0.716855
vt 0.758736 0.717669
vt 0.763158 0.717669
vt 0.796904 0.778069
vt 0.801326 0.778069
vt 0.795260 0.729428
vt 0.822053 0.618490
vt 0.801326 0.746928
vt 0.796904 0.751595
vt 0.801326 0.751595
vt 0.758736 0.754487
vt 0.763158 0.757896
vt 0.763158 0.754487
vt 0.820410 0.641772
vt 0.815988 0.636032
vt 0.815988 0.641772
vt 0.887697 0.857537
vt 0.883275 0.850903
vt 0.883275 0.857537
vt 0.883275 0.832735
vt 0.887697 0.839528
vt 0.887697 0.832735
vt 0.763158 0.765758
vt 0.763158 0.771730
vt 0.867478 0.852885
vt 0.871900 0.859223
vt 0.871900 0.852885
vt 0.871900 0.799218
vt 0.867478 0.841510
vt 0.871900 0.841510
vt 0.840305 0.734072
vt 0.833428 0.691676
vt 0.833428 0.734072
vt 0.874355 0.738067
vt 0.869933 0.776000
vt 0.874355 0.776000
vt 0.833428 0.745447
vt 0.840305 0.787843
vt 0.840305 0.745447
vt 0.874355 0.726691
vt 0.869933 0.688195
vt 0.869933 0.726691
vt 0.851681 0.584133
vt 0.858557 0.626529
vt 0.858557 0.584133
vt 0.757092 0.843384
vt 0.761514 0.813227
vt 0.757092 0.813227
vt 0.858557 0.680301
vt 0.851681 0.637905
vt 0.851681 0.680301
vt 0.781430 0.811815
vt 0.777008 0.846924
vt 0.781430 0.846924
vt 0.858557 0.745447
vt 0.851681 0.787843
vt 0.858557 0.787843
vt 0.851681 0.841581
vt 0.856103 0.799218
vt 0.851681 0.799218
vt 0.815176 0.799218
vt 0.822053 0.841614
vt 0.822053 0.799218
vt 0.869933 0.676820
vt 0.874355 0.637040
vt 0.869933 0.637040
vt 0.833428 0.626529
vt 0.840305 0.584133
vt 0.833428 0.584133
vt 0.840305 0.680301
vt 0.833428 0.637905
vt 0.833428 0.680301
vt 0.795260 0.842164
vt 0.799682 0.800534
vt 0.795260 0.800534
vt 0.815176 0.734072
vt 0.822053 0.691676
vt 0.815176 0.691676
vt 0.822053 0.745447
vt 0.815176 0.787843
vt 0.822053 0.787843
vt 0.620945 0.388763
vt 0.673847 0.978374
vt 0.620945 0.978374
vt 0.750622 0.466879
vt 0.753913 0.525228
vt 0.750622 0.525228
vt 0.750622 0.386040
vt 0.753913 0.444389
vt 0.750622 0.444389
vt 0.702351 0.981098
vt 0.699060 0.386040
vt 0.702351 0.386040
vt 0.728132 0.981098
vt 0.724841 0.386040
vt 0.728132 0.386040
vt 0.540106 0.388763
vt 0.593008 0.978375
vt 0.540106 0.978375
vt 0.537383 0.981098
vt 0.595732 0.386040
vt 0.593008 0.388763
vt 0.595732 0.981098
vt 0.537383 0.386040
vt 0.676571 0.386040
vt 0.673847 0.388763
vt 0.618221 0.981098
vt 0.676571 0.981098
vt 0.618221 0.386040
vt 0.776450 0.901578
vt 0.796686 0.904339
vt 0.773367 0.904838
vt 0.836469 0.945238
vt 0.856610 0.942315
vt 0.852859 0.945973
vt 0.791876 0.874431
vt 0.792841 0.900693
vt 0.852421 0.972211
vt 0.855306 0.975092
vt 0.800297 0.904248
vt 0.794807 0.871107
vt 0.798085 0.867689
vt 0.860037 0.942389
vt 0.776392 0.874155
vt 0.833346 0.976146
vt 0.836926 0.972376
vt 0.772685 0.867087
vt 0.772792 0.870708
vt 0.833352 0.979759
vt 0.858618 0.978393
vt 0.833332 0.942009
vt 0.754328 0.902517
vt 0.751055 0.905738
vt 0.814307 0.944521
vt 0.829732 0.945556
vt 0.769839 0.874326
vt 0.769714 0.901332
vt 0.830363 0.972840
vt 0.755338 0.875179
vt 0.815965 0.971880
vt 0.812744 0.975142
vt 0.752163 0.872345
vt 0.748924 0.869228
vt 0.810940 0.941314
vt 0.747711 0.905685
vt 0.807417 0.941392
vt 0.809552 0.978364
vt 0.755843 0.972979
vt 0.774359 0.973589
vt 0.753027 0.976376
vt 0.814927 0.874197
vt 0.833387 0.873222
vt 0.829768 0.876460
vt 0.774813 0.977162
vt 0.833768 0.869642
vt 0.812085 0.870881
vt 0.808828 0.867087
vt 0.770665 0.942941
vt 0.770690 0.970418
vt 0.830143 0.903908
vt 0.833264 0.907444
vt 0.751264 0.941940
vt 0.773733 0.939384
vt 0.810780 0.905071
vt 0.814506 0.901730
vt 0.755053 0.945259
vt 0.747707 0.942017
vt 0.749812 0.980261
vt 0.807389 0.905004
vt 0.754364 0.938482
vt 0.813917 0.908506
vt 0.829598 0.910783
vt 0.770388 0.908092
vt 0.770023 0.936074
vt 0.830306 0.938774
vt 0.814623 0.937685
vt 0.754768 0.909325
vt 0.777276 0.970032
vt 0.795652 0.970885
vt 0.836360 0.876722
vt 0.854803 0.875495
vt 0.851544 0.878604
vt 0.798901 0.973870
vt 0.793604 0.942055
vt 0.792378 0.967859
vt 0.853113 0.904608
vt 0.856486 0.907759
vt 0.800297 0.938959
vt 0.796916 0.938893
vt 0.860037 0.907683
vt 0.858026 0.872427
vt 0.836884 0.903834
vt 0.777405 0.942965
vt 0.776714 0.936189
vt 0.836289 0.910623
vt 0.852790 0.911450
vt 0.793569 0.907504
vt 0.793183 0.935231
vt 0.853463 0.939179
vt 0.836985 0.938364
vt 0.777069 0.908460
vt 0.577853 0.124716
vt 0.962296 0.128651
vt 0.173072 0.433584
vt 0.903789 0.189001
vt 0.909946 0.193699
vt 0.898604 0.208562
vt 0.891416 0.196190
vt 0.843758 0.185138
vt 0.836083 0.186170
vt 0.831385 0.192326
vt 0.838574 0.204699
vt 0.577853 0.287121
vt 0.962296 0.291056
vt 0.374618 0.526849
vt 0.382284 0.696695
vt 0.381135 0.739775
vt 0.505935 0.236112
vt 0.509687 0.234785
vt 0.416645 0.237439
vt 0.509687 0.236112
vt 0.505935 0.234785
vt 0.375706 0.374905
vt 0.490929 0.379272
vt 0.494679 0.377433
vt 0.496554 0.376231
vt 0.500306 0.376231
vt 0.494679 0.379272
vt 0.490929 0.377433
vt 0.502182 0.376231
vt 0.498430 0.376231
vt 0.191831 0.076671
vt 0.253476 0.059724
vt 0.251319 0.054518
vt 0.251467 0.048886
vt 0.253893 0.043800
vt 0.258178 0.040140
vt 0.263581 0.038540
vt 0.273972 0.042220
vt 0.277164 0.046864
vt 0.278190 0.052405
vt 0.268492 0.065043
vt 0.262874 0.065485
vt 0.208726 0.066589
vt 0.249065 0.207554
vt 0.249097 0.201793
vt 0.251471 0.196543
vt 0.255774 0.192713
vt 0.261263 0.190964
vt 0.266989 0.191598
vt 0.276487 0.204829
vt 0.275257 0.210457
vt 0.266839 0.217951
vt 0.261106 0.218520
vt 0.255637 0.216709
vt 0.207200 0.187825
vt 0.258027 0.185627
vt 0.485048 0.157467
vt 0.485048 0.034927
vt 0.069891 0.857977
vt 0.323938 0.898637
vt 0.005610 0.903335
vt 0.009797 0.897069
vt 0.015126 0.891739
vt 0.021393 0.887552
vt 0.028356 0.884668
vt 0.035748 0.883197
vt 0.043284 0.883197
vt 0.050676 0.884668
vt 0.057639 0.887552
vt 0.063906 0.891739
vt 0.069235 0.897069
vt 0.073422 0.903335
vt 0.076307 0.910298
vt 0.077777 0.917690
vt 0.077777 0.925227
vt 0.073422 0.939582
vt 0.069235 0.945848
vt 0.063906 0.951178
vt 0.057639 0.955365
vt 0.050676 0.958249
vt 0.043284 0.959719
vt 0.035748 0.959719
vt 0.021393 0.955365
vt 0.015126 0.951178
vt 0.009797 0.945848
vt 0.005610 0.939582
vt 0.002726 0.932619
vt 0.001255 0.925227
vt 0.001255 0.917690
vt 0.301203 0.873671
vt 0.221970 0.913130
vt 0.186467 0.505541
vt 0.031341 0.866067
vt 0.931478 0.535967
vt 0.931478 0.389039
vt 0.510482 0.969383
vt 0.507809 0.972056
vt 0.504665 0.974156
vt 0.501173 0.975603
vt 0.497465 0.976341
vt 0.493684 0.976341
vt 0.489976 0.975603
vt 0.486484 0.974156
vt 0.483340 0.972056
vt 0.480667 0.969383
vt 0.478567 0.966239
vt 0.477120 0.962747
vt 0.476383 0.959039
vt 0.476383 0.955258
vt 0.477120 0.951550
vt 0.480667 0.944914
vt 0.483340 0.942241
vt 0.486484 0.940141
vt 0.489976 0.938694
vt 0.493684 0.937957
vt 0.497465 0.937957
vt 0.501173 0.938694
vt 0.507809 0.942241
vt 0.510482 0.944914
vt 0.512582 0.948058
vt 0.514029 0.951550
vt 0.514767 0.955258
vt 0.514767 0.959039
vt 0.514029 0.962747
vt 0.442567 0.941566
vt 0.518447 0.749178
vt 0.526358 0.439440
vt 0.506014 0.623890
vt 0.184922 0.380816
vt 0.184400 0.483655
vt 0.202802 0.473190
vt 0.776176 0.584133
vt 0.802969 0.692383
vt 0.764801 0.584133
vt 0.822053 0.584133
vt 0.777008 0.704272
vt 0.795260 0.789159
vt 0.757092 0.736592
vt 0.822053 0.666487
vt 0.777008 0.758043
vt 0.833428 0.799218
vt 0.757092 0.785352
vt 0.887697 0.821360
vt 0.874355 0.584133
vt 0.851681 0.691676
vt 0.795260 0.739467
vt 0.757092 0.801852
vt 0.795260 0.703758
vt 0.804670 0.419339
vt 0.846841 0.557616
vt 0.854527 0.479582
vt 0.817564 0.376834
vt 0.873823 0.382375
vt 0.812022 0.492475
vt 0.817563 0.548735
vt 0.854527 0.445987
vt 0.881176 0.529438
vt 0.878177 0.426578
vt 0.861766 0.553088
vt 0.803141 0.403817
vt 0.839005 0.478053
vt 0.839005 0.447516
vt 0.881176 0.396131
vt 0.824079 0.442989
vt 0.882704 0.513916
vt 0.831319 0.556087
vt 0.878177 0.498991
vt 0.846841 0.367953
vt 0.803141 0.521752
vt 0.831319 0.369482
vt 0.804670 0.506230
vt 0.807669 0.388891
vt 0.824079 0.482580
vt 0.868282 0.438635
vt 0.812022 0.433094
vt 0.873823 0.543194
vt 0.868282 0.486934
vt 0.882704 0.411653
vt 0.861766 0.372481
vt 0.807669 0.536678
vt 0.757092 0.716855
vt 0.796904 0.746928
vt 0.758736 0.757896
vt 0.820410 0.636032
vt 0.887697 0.850903
vt 0.883275 0.839528
vt 0.758736 0.765758
vt 0.867478 0.859223
vt 0.867478 0.799218
vt 0.840305 0.691676
vt 0.869933 0.738067
vt 0.833428 0.787843
vt 0.874355 0.688195
vt 0.851681 0.626529
vt 0.761514 0.843384
vt 0.858557 0.637905
vt 0.777008 0.811815
vt 0.851681 0.745447
vt 0.856103 0.841581
vt 0.815176 0.841614
vt 0.874355 0.676820
vt 0.840305 0.626529
vt 0.840305 0.637905
vt 0.799682 0.842164
vt 0.822053 0.734072
vt 0.815176 0.745447
vt 0.753913 0.466879
vt 0.753913 0.386040
vt 0.699060 0.981098
vt 0.724841 0.981098
s 1
usemtl Space_Station_Mat2K
f 2/1/1 3/2/2 1/3/1
f 4/4/3 7/5/3 3/2/3
f 6/6/4 9/7/5 8/8/6
f 5/9/7 2/1/7 1/3/7
f 7/10/8 1/11/8 3/12/8
f 4/13/6 6/6/4 8/8/6
f 12/14/5 13/15/9 9/7/5
f 8/16/10 10/17/10 7/5/10
f 6/18/11 11/19/11 12/20/11
f 7/10/8 11/21/12 5/22/8
f 9/23/13 14/24/14 10/17/15
f 12/20/16 15/25/17 16/26/18
f 10/27/12 15/28/19 11/21/12
f 13/29/20 15/30/20 14/31/20
f 40/32/21 38/33/21 36/34/21
f 30/35/22 47/36/22 31/37/22
f 32/38/23 47/39/22 48/40/24
f 32/38/23 35/41/22 25/42/22
f 26/43/23 35/41/22 42/44/23
f 24/45/25 25/46/25 17/47/25
f 31/48/26 24/45/26 23/49/26
f 22/50/27 31/51/27 23/52/27
f 29/53/28 22/50/29 21/54/29
f 20/55/30 29/53/30 21/54/30
f 27/56/31 20/55/31 19/57/31
f 26/58/32 19/57/32 18/59/32
f 25/46/33 18/59/33 17/47/33
f 34/60/34 42/44/34 35/41/34
f 33/61/32 43/62/32 42/44/32
f 36/63/31 44/64/31 43/62/31
f 44/64/35 38/65/35 45/66/35
f 45/66/29 39/67/29 46/68/29
f 39/67/27 47/36/27 46/68/27
f 40/32/26 48/40/26 47/39/26
f 48/40/25 34/60/25 35/41/25
f 29/69/22 46/68/22 30/35/22
f 29/69/22 44/64/24 45/66/22
f 28/70/24 43/62/22 44/64/24
f 27/71/22 42/44/23 43/62/22
f 70/72/21 72/73/21 66/74/21
f 79/75/22 62/76/22 63/77/22
f 64/78/22 79/79/22 63/80/22
f 57/81/22 80/82/22 64/78/22
f 58/83/23 67/84/22 57/81/22
f 49/47/28 64/85/28 56/45/28
f 56/45/27 63/48/27 55/49/27
f 54/50/26 63/51/26 62/86/26
f 54/50/25 61/53/25 53/54/25
f 52/55/33 61/53/33 60/87/33
f 51/57/32 60/87/32 59/56/32
f 51/57/31 58/58/31 50/59/31
f 50/59/30 57/46/30 49/47/30
f 74/88/35 66/89/35 67/84/35
f 75/90/31 65/91/31 74/88/31
f 76/92/32 68/93/32 75/90/32
f 76/92/34 70/94/34 69/95/34
f 77/96/25 71/97/25 70/94/25
f 79/75/26 71/97/26 78/98/26
f 80/82/27 72/73/27 79/79/27
f 67/84/29 73/99/29 80/82/29
f 78/98/22 61/100/22 62/76/22
f 61/100/22 76/92/24 60/101/24
f 60/101/24 75/90/22 59/102/22
f 59/102/22 74/88/23 58/83/23
f 82/1/36 83/2/37 81/3/36
f 84/4/38 87/5/38 83/2/38
f 86/103/39 89/104/40 88/105/41
f 85/9/42 82/1/42 81/3/42
f 87/10/43 81/11/43 83/12/43
f 84/106/41 86/103/39 88/105/41
f 92/107/44 93/108/45 89/104/40
f 88/16/46 90/17/46 87/5/46
f 86/18/47 91/19/47 92/20/47
f 87/10/43 91/21/48 85/22/43
f 89/23/49 94/24/50 90/17/51
f 92/20/52 95/25/53 96/26/54
f 91/21/48 94/109/55 95/28/55
f 93/29/56 95/30/56 94/31/56
f 120/32/57 118/33/57 116/34/57
f 111/37/58 126/68/59 127/36/58
f 111/110/58 128/40/58 112/38/59
f 105/42/60 128/40/58 115/41/60
f 105/42/60 122/44/61 106/43/58
f 112/85/62 97/47/62 104/45/62
f 103/49/63 112/85/63 104/45/63
f 110/86/64 103/52/64 102/50/64
f 101/54/65 110/86/65 102/50/65
f 108/87/66 101/54/66 100/55/66
f 99/57/67 108/87/67 100/55/67
f 106/58/68 99/57/68 98/59/68
f 105/46/69 98/59/69 97/47/69
f 115/41/69 113/61/69 122/44/69
f 113/61/68 123/62/68 122/44/68
f 123/62/70 117/111/70 124/64/70
f 124/64/66 118/65/66 125/66/66
f 118/65/65 126/68/65 125/66/65
f 126/68/64 120/112/64 127/36/64
f 120/32/63 128/40/71 127/39/71
f 128/40/62 114/60/62 115/41/72
f 109/69/73 126/68/59 110/35/59
f 109/69/73 124/64/74 125/66/74
f 108/70/74 123/62/58 124/64/74
f 106/43/58 123/62/58 107/71/74
f 150/72/57 152/73/57 146/74/57
f 159/75/58 142/76/58 143/77/58
f 144/78/58 159/79/58 143/80/58
f 137/81/60 160/82/58 144/78/58
f 154/88/59 137/81/60 138/83/59
f 136/45/75 137/46/65 144/85/65
f 136/45/64 143/48/64 135/49/64
f 134/50/63 143/51/63 142/86/63
f 134/50/62 141/53/62 133/54/62
f 132/55/69 141/53/76 140/87/76
f 131/57/68 140/87/68 139/56/68
f 130/59/67 139/56/67 138/58/67
f 130/59/66 137/46/66 129/47/66
f 154/88/66 146/89/66 147/84/66
f 155/90/67 145/91/67 154/88/67
f 155/90/68 149/95/68 148/93/68
f 157/96/69 149/95/69 156/92/69
f 158/98/62 150/94/62 157/96/62
f 158/98/63 152/113/63 151/97/63
f 160/82/64 152/73/64 159/79/64
f 160/82/65 146/89/65 153/99/65
f 142/76/58 157/96/60 141/100/60
f 157/96/60 140/101/58 141/100/60
f 156/92/58 139/102/77 140/101/58
f 155/90/78 138/83/59 139/102/77
f 161/3/79 164/4/79 163/2/79
f 164/4/80 167/5/80 163/2/80
f 168/8/81 172/14/82 169/7/82
f 165/9/83 162/1/83 161/3/83
f 167/10/84 161/11/84 163/12/84
f 164/13/81 166/6/81 168/8/81
f 172/14/82 173/15/85 169/7/82
f 168/16/86 170/17/86 167/5/86
f 166/18/87 171/19/87 172/20/87
f 167/10/84 171/21/88 165/22/84
f 169/23/89 174/24/90 170/17/91
f 172/20/92 175/25/93 176/26/94
f 170/27/88 175/28/95 171/21/88
f 173/29/96 175/30/96 174/31/96
f 200/32/97 198/33/97 196/34/97
f 190/35/98 207/36/99 191/37/99
f 191/110/99 208/40/100 192/38/100
f 192/38/100 195/41/99 185/42/99
f 186/43/101 195/41/99 202/44/102
f 192/85/103 177/47/104 184/45/104
f 191/48/105 184/45/105 183/49/105
f 190/86/106 183/52/106 182/50/106
f 181/54/107 190/86/107 182/50/107
f 188/87/108 181/54/108 180/55/108
f 187/56/109 180/55/109 179/57/109
f 178/59/110 187/56/110 179/57/110
f 177/47/111 186/58/111 178/59/111
f 195/41/111 193/61/111 202/44/111
f 202/44/110 196/63/110 203/62/110
f 203/62/109 197/111/109 204/64/109
f 204/64/108 198/65/108 205/66/108
f 205/66/107 199/67/107 206/68/107
f 206/68/106 200/112/106 207/36/106
f 207/39/105 201/114/105 208/40/105
f 208/40/104 194/60/104 195/41/104
f 189/69/112 206/68/98 190/35/98
f 189/69/112 204/64/112 205/66/112
f 188/70/99 203/62/113 204/64/112
f 187/71/114 202/44/102 203/62/113
f 230/72/97 232/73/97 226/74/97
f 223/77/99 238/98/115 222/76/115
f 240/82/112 223/80/99 224/78/113
f 217/81/112 240/82/112 224/78/113
f 218/83/116 227/84/112 217/81/112
f 216/45/117 217/46/107 224/85/107
f 215/49/106 224/85/106 223/48/106
f 214/50/105 223/51/118 222/86/118
f 214/50/104 221/53/104 213/54/104
f 213/54/111 220/87/111 212/55/111
f 212/55/110 219/56/110 211/57/110
f 210/59/119 219/56/109 218/58/109
f 209/47/108 218/58/108 217/46/108
f 234/88/108 226/89/108 227/84/108
f 234/88/109 228/93/109 225/91/109
f 236/92/110 228/93/110 235/90/110
f 237/96/111 229/95/111 236/92/111
f 238/98/104 230/94/104 237/96/104
f 238/98/105 232/113/105 231/97/105
f 240/82/106 232/73/106 239/79/106
f 240/82/107 226/89/107 233/99/107
f 238/98/115 221/100/99 222/76/115
f 221/100/99 236/92/100 220/101/100
f 236/92/100 219/102/120 220/101/100
f 219/102/120 234/88/99 218/83/116
f 242/1/121 243/2/121 241/3/121
f 244/4/122 247/5/122 243/2/122
f 246/103/123 249/104/124 248/105/123
f 245/9/125 242/1/125 241/3/125
f 243/12/126 245/22/126 241/11/126
f 244/106/123 246/103/123 248/105/123
f 252/107/124 253/108/127 249/104/124
f 248/16/128 250/17/128 247/5/128
f 246/18/129 251/19/129 252/20/129
f 247/10/126 251/21/130 245/22/126
f 249/23/131 254/24/132 250/17/133
f 252/20/134 255/25/135 256/26/136
f 251/21/130 254/109/137 255/28/137
f 254/31/138 256/115/138 255/30/138
f 280/32/139 278/33/139 276/34/139
f 270/35/140 287/36/141 271/37/141
f 272/38/142 287/39/141 288/40/142
f 265/42/142 288/40/142 275/41/140
f 266/43/143 275/41/140 282/44/143
f 264/45/144 265/46/144 257/47/144
f 271/48/145 264/45/145 263/49/145
f 262/50/146 271/51/146 263/52/146
f 269/53/147 262/50/147 261/54/147
f 268/87/148 261/54/149 260/55/149
f 267/56/150 260/55/150 259/57/150
f 266/58/151 259/57/151 258/59/151
f 257/47/152 266/58/152 258/59/152
f 275/41/152 273/61/152 282/44/152
f 282/44/151 276/63/151 283/62/151
f 276/63/150 284/64/150 283/62/150
f 277/111/148 285/66/148 284/64/148
f 278/65/153 286/68/153 285/66/153
f 279/67/146 287/36/146 286/68/146
f 280/32/145 288/40/145 287/39/145
f 281/114/144 275/41/144 288/40/144
f 270/35/140 285/66/140 286/68/140
f 268/70/142 285/66/140 269/69/140
f 268/70/142 283/62/154 284/64/142
f 267/71/154 282/44/143 283/62/154
f 310/72/139 312/73/139 306/74/139
f 319/75/154 302/76/142 303/77/155
f 320/82/156 303/80/155 304/78/143
f 297/81/140 320/82/156 304/78/143
f 298/83/141 307/84/140 297/81/140
f 296/45/147 297/46/147 304/85/147
f 296/45/146 303/48/146 295/49/146
f 295/52/145 302/86/145 294/50/145
f 293/54/157 302/86/144 301/53/144
f 293/54/152 300/87/152 292/55/152
f 291/57/151 300/87/151 299/56/151
f 291/57/150 298/58/150 290/59/150
f 289/47/148 298/58/148 297/46/148
f 314/88/148 306/89/148 307/84/148
f 314/88/150 308/93/150 305/91/150
f 316/92/151 308/93/151 315/90/151
f 316/92/152 310/94/152 309/95/152
f 317/96/144 311/97/144 310/94/144
f 319/75/145 311/97/145 318/98/145
f 319/79/146 313/99/146 312/73/146
f 307/84/147 313/99/147 320/82/147
f 302/76/142 317/96/142 301/100/142
f 301/100/142 316/92/140 300/101/143
f 316/92/140 299/102/141 300/101/143
f 299/102/141 314/88/141 298/83/141
f 322/1/158 323/2/158 321/3/158
f 324/4/159 327/5/159 323/2/159
f 326/103/160 329/104/161 328/105/162
f 325/9/163 322/1/163 321/3/163
f 327/10/164 321/11/164 323/12/164
f 324/106/160 326/103/160 328/105/162
f 332/107/161 333/108/165 329/104/161
f 328/16/166 330/17/166 327/5/166
f 326/18/167 331/19/167 332/20/167
f 327/10/164 331/21/168 325/22/164
f 329/23/169 334/24/170 330/17/171
f 332/20/172 335/25/173 336/26/174
f 330/27/168 335/28/175 331/21/168
f 333/29/176 335/30/176 334/31/176
f 360/32/177 358/33/177 356/34/177
f 350/35/178 367/36/179 351/37/180
f 352/38/181 367/39/179 368/40/182
f 345/42/183 368/40/182 355/41/183
f 345/42/183 362/44/183 346/43/183
f 344/45/184 345/46/184 337/47/184
f 351/48/185 344/45/185 343/49/185
f 350/86/186 343/52/186 342/50/186
f 349/53/187 342/50/187 341/54/187
f 340/55/188 349/53/188 341/54/188
f 347/56/189 340/55/189 339/57/189
f 338/59/190 347/56/190 339/57/190
f 337/47/191 346/58/191 338/59/191
f 354/60/191 362/44/191 355/41/191
f 362/44/190 356/63/190 363/62/190
f 356/63/189 364/64/189 363/62/189
f 364/64/188 358/65/188 365/66/188
f 365/66/187 359/67/187 366/68/187
f 359/67/186 367/36/186 366/68/186
f 360/32/185 368/40/185 367/39/185
f 368/40/184 354/60/184 355/41/184
f 349/69/192 366/68/178 350/35/178
f 348/70/193 365/66/194 349/69/192
f 347/71/179 364/64/195 348/70/193
f 346/43/183 363/62/179 347/71/179
f 390/72/177 392/73/177 386/74/177
f 383/77/179 398/98/196 382/76/197
f 384/78/194 399/79/179 383/80/179
f 377/81/194 400/82/194 384/78/194
f 394/88/198 377/81/194 378/83/182
f 369/47/187 384/85/187 376/45/187
f 375/49/186 384/85/186 383/48/186
f 375/52/185 382/86/185 374/50/185
f 373/54/184 382/86/184 381/53/184
f 373/54/199 380/87/199 372/55/199
f 372/55/190 379/56/190 371/57/190
f 371/57/189 378/58/189 370/59/189
f 370/59/188 377/46/188 369/47/188
f 387/84/188 385/91/188 386/89/188
f 394/88/189 388/93/189 385/91/189
f 396/92/190 388/93/190 395/90/190
f 397/96/191 389/95/191 396/92/191
f 397/96/184 391/97/184 390/94/184
f 399/75/185 391/97/185 398/98/185
f 399/79/186 393/99/186 392/73/186
f 387/84/187 393/99/187 400/82/187
f 382/76/197 397/96/183 381/100/183
f 397/96/183 380/101/194 381/100/183
f 380/101/194 395/90/183 379/102/183
f 395/90/183 378/83/182 379/102/183
f 413/116/200 426/117/200 412/118/200
f 414/119/200 427/120/200 413/116/200
f 408/121/200 428/122/200 414/119/200
f 423/123/201 408/124/200 409/125/201
f 401/126/202 414/127/202 407/128/202
f 407/128/203 413/129/203 406/130/203
f 406/130/204 412/131/204 405/132/204
f 405/132/205 411/133/205 404/134/205
f 404/134/206 410/135/206 403/136/206
f 403/136/207 409/137/207 402/138/207
f 402/138/208 408/139/208 401/140/208
f 423/123/208 416/141/208 417/142/208
f 424/143/207 415/144/207 423/123/207
f 425/145/206 418/146/206 424/143/206
f 426/117/205 419/147/205 425/145/205
f 427/120/204 420/148/204 426/117/204
f 428/122/203 421/149/203 427/120/203
f 417/150/202 422/151/202 428/122/202
f 426/117/200 411/152/200 412/118/200
f 418/153/209 420/154/209 422/151/209
f 425/145/200 410/155/200 411/152/200
f 424/143/200 409/125/201 410/155/200
f 440/118/209 455/120/209 441/116/209
f 441/116/209 456/122/209 442/119/209
f 436/121/209 456/122/209 445/150/209
f 436/124/209 451/123/209 437/125/209
f 442/127/202 429/126/202 435/128/202
f 441/129/203 435/128/203 434/130/203
f 440/131/204 434/130/204 433/132/204
f 439/133/205 433/132/205 432/134/205
f 438/135/206 432/134/206 431/136/206
f 437/137/207 431/136/207 430/138/207
f 436/139/208 430/138/208 429/140/208
f 444/141/208 451/123/208 445/142/208
f 443/144/207 452/143/207 451/123/207
f 446/146/206 453/145/206 452/143/206
f 447/147/205 454/117/205 453/145/205
f 448/148/204 455/120/204 454/117/204
f 449/149/203 456/122/203 455/120/203
f 450/151/202 445/150/202 456/122/202
f 439/152/210 454/117/209 440/118/209
f 444/156/200 449/157/200 447/158/200
f 439/152/210 452/143/209 453/145/210
f 437/125/209 452/143/209 438/155/209
f 468/159/209 483/160/209 469/161/209
f 469/161/209 484/162/211 470/163/211
f 470/163/211 473/164/209 464/165/209
f 465/166/209 473/167/209 479/168/209
f 470/127/202 457/126/202 463/128/202
f 469/129/203 463/128/203 462/130/203
f 468/131/204 462/130/204 461/132/204
f 467/133/205 461/132/205 460/134/205
f 466/135/206 460/134/206 459/136/206
f 465/137/207 459/136/207 458/138/207
f 464/139/208 458/138/208 457/140/208
f 472/169/208 479/168/208 473/167/208
f 471/170/207 480/171/207 479/168/207
f 474/172/206 481/173/206 480/171/206
f 475/174/205 482/175/205 481/173/205
f 476/176/204 483/160/204 482/175/204
f 477/177/203 484/162/203 483/160/203
f 478/178/202 473/164/202 484/162/202
f 467/179/211 482/175/209 468/159/209
f 472/180/200 477/181/200 475/182/200
f 466/183/209 481/173/209 467/179/211
f 466/183/209 479/168/209 480/171/209
f 496/159/209 511/160/209 497/161/209
f 497/161/209 512/162/209 498/163/209
f 498/163/209 501/164/209 492/165/209
f 493/166/209 501/167/209 507/168/209
f 498/127/202 485/126/202 491/128/202
f 497/129/212 491/128/212 490/130/212
f 496/131/204 490/130/204 489/132/204
f 495/133/205 489/132/205 488/134/205
f 494/135/206 488/134/206 487/136/206
f 493/137/213 487/136/213 486/138/213
f 492/139/208 486/138/208 485/140/208
f 500/169/208 507/168/208 501/167/208
f 499/170/213 508/171/213 507/168/213
f 502/172/206 509/173/206 508/171/206
f 503/174/205 510/175/205 509/173/205
f 504/176/204 511/160/204 510/175/204
f 505/177/212 512/162/212 511/160/212
f 506/178/202 501/164/202 512/162/202
f 496/159/209 509/173/209 510/175/209
f 500/180/200 505/181/200 503/182/200
f 495/179/209 508/171/209 509/173/209
f 494/183/209 507/168/209 508/171/209
f 539/160/200 524/159/214 525/161/200
f 540/162/200 525/161/200 526/163/200
f 529/164/200 526/163/200 520/165/200
f 535/168/201 520/184/200 521/166/201
f 513/126/202 526/127/202 519/128/202
f 519/128/203 525/129/203 518/130/203
f 518/130/204 524/131/204 517/132/204
f 517/132/205 523/133/205 516/134/205
f 516/134/206 522/135/206 515/136/206
f 515/136/207 521/137/207 514/138/207
f 514/138/208 520/139/208 513/140/208
f 535/168/208 528/169/208 529/167/208
f 536/171/207 527/170/207 535/168/207
f 537/173/206 530/172/206 536/171/206
f 538/175/205 531/174/205 537/173/205
f 539/160/204 532/176/204 538/175/204
f 540/162/203 533/177/203 539/160/203
f 529/164/202 534/178/202 540/162/202
f 538/175/201 523/179/200 524/159/214
f 530/185/209 532/186/209 534/178/209
f 523/179/200 536/171/200 522/183/200
f 522/183/200 535/168/201 521/166/201
f 567/160/200 552/159/200 553/161/200
f 554/163/200 567/160/200 553/161/200
f 548/165/200 568/162/200 554/163/200
f 563/168/200 548/184/200 549/166/200
f 541/126/202 554/127/202 547/128/202
f 547/128/203 553/129/203 546/130/203
f 546/130/204 552/131/204 545/132/204
f 545/132/205 551/133/205 544/134/205
f 544/134/206 550/135/206 543/136/206
f 543/136/207 549/137/207 542/138/207
f 542/138/208 548/139/208 541/140/208
f 563/168/208 556/169/208 557/167/208
f 564/171/207 555/170/207 563/168/207
f 565/173/206 558/172/206 564/171/206
f 566/175/205 559/174/205 565/173/205
f 567/160/204 560/176/204 566/175/204
f 568/162/203 561/177/203 567/160/203
f 557/164/202 562/178/202 568/162/202
f 566/175/200 551/179/201 552/159/200
f 558/185/209 560/186/209 562/178/209
f 551/179/201 564/171/200 550/183/200
f 564/171/200 549/166/200 550/183/200
f 585/187/215 573/188/215 575/189/215
f 585/190/216 574/191/216 588/192/216
f 586/193/217 573/194/217 587/195/217
f 587/195/218 576/196/218 586/193/218
f 590/197/219 573/194/219 588/198/219
f 590/199/220 574/200/220 578/201/220
f 587/195/221 577/202/221 589/203/221
f 589/204/222 574/200/222 587/195/222
f 585/205/223 577/202/223 590/197/223
f 585/206/224 578/201/224 576/196/224
f 591/207/216 571/208/216 569/209/216
f 591/210/215 572/211/215 594/212/215
f 592/204/218 571/213/218 593/214/218
f 593/215/217 570/216/217 592/203/217
f 596/217/222 571/213/222 594/218/222
f 596/219/221 572/220/221 582/221/221
f 593/214/220 581/222/220 595/223/220
f 595/224/219 572/220/219 593/215/219
f 591/225/225 581/222/225 596/217/225
f 591/226/226 582/221/226 570/216/226
f 599/227/220 579/228/220 597/229/220
f 599/230/219 580/231/219 570/216/219
f 598/232/222 569/233/222 592/204/222
f 592/203/221 580/231/221 598/234/221
f 600/235/227 569/236/228 599/237/228
f 600/238/229 570/239/230 582/240/229
f 600/241/218 579/228/218 581/222/218
f 600/242/217 580/231/217 597/243/217
f 595/244/216 579/245/216 598/246/216
f 598/247/215 582/248/215 595/249/215
f 603/250/221 583/251/221 601/252/221
f 603/253/222 584/254/222 576/196/222
f 602/215/219 575/255/219 586/193/219
f 586/193/220 584/254/220 602/214/220
f 604/256/231 575/257/232 603/258/232
f 604/259/233 576/260/234 578/232/233
f 604/261/217 583/251/217 577/202/217
f 604/262/218 584/254/218 601/263/218
f 589/264/215 583/265/215 602/266/215
f 602/267/216 578/268/216 589/269/216
f 624/270/235 605/271/235 621/272/235
f 624/273/219 606/274/219 614/275/219
f 622/276/222 613/277/222 623/278/222
f 623/279/236 606/274/237 622/280/237
f 625/281/238 613/277/238 624/270/238
f 625/282/239 614/275/239 608/283/239
f 625/281/240 605/271/240 607/284/240
f 625/282/217 606/274/217 621/285/217
f 626/286/241 605/271/241 622/276/241
f 622/280/215 608/283/215 626/286/215
f 627/287/242 611/288/242 609/289/242
f 627/290/218 612/291/218 630/292/218
f 628/280/243 611/288/243 629/279/243
f 629/278/216 610/293/216 628/276/216
f 632/294/244 611/288/244 630/295/244
f 632/296/222 612/291/222 620/297/222
f 629/279/219 619/298/219 631/299/219
f 629/278/220 620/297/245 612/291/220
f 632/294/246 609/289/246 619/298/246
f 627/290/247 620/297/247 610/293/247
f 635/300/248 617/301/248 633/302/248
f 635/303/220 618/304/220 610/293/220
f 628/280/221 617/301/221 609/289/221
f 628/276/249 618/304/249 634/305/249
f 636/306/250 609/289/251 635/300/251
f 636/307/252 610/293/252 620/297/252
f 636/306/215 617/301/215 619/298/215
f 636/307/253 618/304/253 633/308/253
f 634/305/242 619/298/242 617/301/242
f 631/309/218 618/304/218 620/297/218
f 637/310/216 615/311/216 613/277/216
f 637/312/254 616/313/254 639/314/254
f 638/315/240 613/277/240 615/311/240
f 623/279/217 616/313/217 614/275/217
f 640/316/255 615/311/255 639/317/255
f 640/318/221 616/313/221 608/283/221
f 626/286/220 615/311/220 607/284/220
f 626/286/219 616/313/256 638/319/257
f 637/310/258 607/284/259 640/316/259
f 637/312/260 608/283/260 614/275/260
f 702/320/261 641/321/262 642/322/263
f 703/323/264 642/322/263 643/324/265
f 704/325/266 643/324/265 644/326/267
f 705/327/268 644/326/267 645/328/269
f 706/329/270 645/328/269 646/330/271
f 707/331/272 646/330/271 647/332/273
f 708/333/274 647/332/273 648/334/275
f 709/335/276 648/336/275 649/337/277
f 710/338/278 649/337/277 650/339/279
f 711/340/280 650/339/279 651/341/281
f 712/342/282 651/341/281 652/343/283
f 713/344/284 652/343/283 653/345/285
f 642/322/263 657/346/286 656/347/287
f 714/348/288 653/345/285 654/349/289
f 715/350/290 654/349/289 655/351/291
f 670/352/292 672/353/293 657/346/294
f 655/351/291 657/346/286 641/321/262
f 648/336/275 664/354/295 649/337/277
f 649/337/277 665/355/296 650/339/279
f 643/324/265 656/347/287 658/356/297
f 650/339/279 666/357/298 651/341/281
f 643/324/265 659/358/299 644/326/267
f 651/341/281 667/359/300 652/343/283
f 644/326/267 660/360/301 645/328/269
f 652/343/283 668/361/302 653/345/285
f 645/328/269 661/362/303 646/330/271
f 653/345/285 669/363/304 654/349/289
f 647/332/273 661/362/303 662/364/305
f 654/349/289 670/352/306 655/351/291
f 647/332/273 663/365/307 648/334/275
f 672/353/293 700/366/308 687/367/309
f 664/354/310 678/368/311 679/369/312
f 657/346/294 671/370/313 656/347/314
f 665/355/315 679/369/312 680/371/316
f 658/356/317 671/370/313 673/372/318
f 665/355/315 681/373/319 666/357/320
f 658/356/317 674/374/321 659/358/322
f 666/357/320 682/375/323 667/359/324
f 660/360/325 674/374/321 675/376/326
f 667/359/324 683/377/327 668/361/328
f 660/360/325 676/378/329 661/362/330
f 668/361/328 684/379/331 669/363/332
f 662/364/333 676/378/329 677/380/334
f 669/363/332 685/381/335 670/352/292
f 662/364/333 678/382/311 663/365/336
f 697/383/337 693/384/338 689/385/339
f 678/368/311 694/386/340 679/369/312
f 672/353/293 686/387/341 671/370/313
f 680/371/316 694/386/340 695/388/342
f 671/370/313 688/389/343 673/372/318
f 680/371/316 696/390/344 681/373/319
f 674/374/321 688/389/343 689/391/339
f 681/373/319 697/392/337 682/375/323
f 674/374/321 690/393/345 675/376/326
f 682/375/323 698/394/346 683/377/327
f 676/378/329 690/393/345 691/395/347
f 683/377/327 699/396/348 684/379/331
f 677/380/334 691/395/347 692/397/349
f 684/379/331 700/366/308 685/381/335
f 677/380/334 693/384/338 678/382/311
f 702/320/261 717/398/350 701/399/351
f 717/398/352 745/400/353 730/401/354
f 717/398/350 715/350/290 701/399/351
f 724/402/355 708/403/274 709/335/276
f 725/404/356 709/335/276 710/338/278
f 703/323/264 716/405/357 702/320/261
f 726/406/358 710/338/278 711/340/280
f 719/407/359 703/323/264 704/325/266
f 727/408/360 711/340/280 712/342/282
f 720/409/361 704/325/266 705/327/268
f 713/344/284 727/408/360 712/342/282
f 721/410/362 705/327/268 706/329/270
f 729/411/363 713/344/284 714/348/288
f 722/412/364 706/329/270 707/331/272
f 730/401/365 714/348/288 715/350/290
f 708/333/274 722/412/364 707/331/272
f 732/413/366 760/414/367 745/400/353
f 724/402/368 738/415/369 723/416/370
f 731/417/371 717/398/352 716/405/372
f 725/404/373 739/418/374 724/402/368
f 733/419/375 716/405/372 718/420/376
f 741/421/377 725/404/373 726/406/378
f 719/407/379 733/419/375 718/420/376
f 742/422/380 726/406/378 727/408/381
f 720/409/382 734/423/383 719/407/379
f 743/424/384 727/408/381 728/425/385
f 736/426/386 720/409/382 721/410/387
f 729/411/388 743/424/384 728/425/385
f 722/412/389 736/426/386 721/410/387
f 730/401/354 744/427/390 729/411/388
f 738/428/369 722/412/389 723/429/370
f 752/430/391 756/431/392 760/432/367
f 754/433/393 738/415/369 739/418/374
f 746/434/394 732/413/366 731/417/371
f 755/435/395 739/418/374 740/436/396
f 748/437/397 731/417/371 733/419/375
f 756/438/392 740/436/396 741/421/377
f 734/423/383 748/437/397 733/419/375
f 757/439/398 741/421/377 742/422/380
f 750/440/399 734/423/383 735/441/400
f 758/442/401 742/422/380 743/424/384
f 751/443/402 735/441/400 736/426/386
f 744/427/390 758/442/401 743/424/384
f 737/444/403 751/443/402 736/426/386
f 760/414/367 744/427/390 745/400/353
f 738/428/369 752/430/391 737/444/403
f 701/399/351 655/351/291 641/321/262
f 762/445/404 763/446/404 761/447/404
f 764/448/405 767/449/405 763/446/405
f 768/450/406 765/451/406 767/449/406
f 766/452/205 761/453/205 765/451/205
f 767/449/209 761/454/209 763/455/209
f 764/456/200 766/452/200 768/450/200
f 785/187/217 773/188/217 775/189/217
f 785/190/215 774/191/215 788/192/215
f 786/193/218 773/194/218 787/195/218
f 787/195/216 776/196/216 786/193/216
f 790/197/407 773/194/407 788/198/407
f 790/199/408 774/200/408 778/201/408
f 787/195/409 777/202/409 789/203/409
f 789/204/410 774/200/410 787/195/410
f 785/205/411 777/202/411 790/197/411
f 785/206/412 778/201/412 776/196/412
f 791/207/215 771/208/215 769/209/215
f 791/210/217 772/211/217 794/212/217
f 792/204/216 771/213/216 793/214/216
f 793/215/218 770/216/218 792/203/218
f 796/217/410 771/213/410 794/218/410
f 796/219/409 772/220/409 782/221/409
f 793/214/408 781/222/408 795/223/408
f 795/224/407 772/220/407 793/215/407
f 791/225/413 781/222/413 796/217/413
f 791/226/414 782/221/414 770/216/414
f 799/227/408 779/228/408 797/229/408
f 799/230/407 780/231/407 770/216/407
f 798/232/410 769/233/410 792/204/410
f 792/203/409 780/231/409 798/234/409
f 800/235/415 769/236/416 799/237/416
f 800/238/417 770/239/418 782/240/417
f 800/241/216 779/228/216 781/222/216
f 800/242/218 780/231/218 797/243/218
f 795/244/215 779/245/215 798/246/215
f 798/247/217 782/248/217 795/249/217
f 803/250/409 783/251/409 801/252/409
f 803/253/410 784/254/410 776/196/410
f 802/215/407 775/255/407 786/193/407
f 786/193/408 784/254/408 802/214/408
f 804/256/419 775/257/420 803/258/420
f 804/259/421 776/260/422 778/232/421
f 804/261/218 783/251/218 777/202/218
f 804/262/216 784/254/216 801/263/216
f 789/264/217 783/265/217 802/266/217
f 802/267/215 778/268/215 789/269/215
f 824/270/423 805/271/423 821/272/423
f 824/273/407 806/274/407 814/275/407
f 822/276/410 813/277/410 823/278/410
f 822/280/424 814/275/424 806/274/424
f 824/270/425 807/284/425 813/277/425
f 825/282/426 814/275/426 808/283/426
f 825/281/253 805/271/253 807/284/253
f 825/282/218 806/274/218 821/285/218
f 826/286/254 805/271/254 822/276/254
f 822/280/217 808/283/217 826/286/217
f 827/287/427 811/288/427 809/289/427
f 827/290/216 812/291/216 830/292/216
f 828/280/428 811/288/428 829/279/428
f 829/278/215 810/293/215 828/276/215
f 832/294/429 811/288/429 830/295/429
f 832/296/410 812/291/410 820/297/410
f 829/279/407 819/298/407 831/299/407
f 829/278/430 820/297/430 812/291/430
f 832/294/431 809/289/431 819/298/431
f 827/290/432 820/297/432 810/293/432
f 835/300/433 817/301/433 833/302/433
f 835/303/408 818/304/408 810/293/408
f 828/280/409 817/301/409 809/289/409
f 828/276/434 818/304/434 834/305/434
f 835/300/435 819/298/436 809/289/435
f 836/307/437 810/293/437 820/297/437
f 836/306/217 817/301/217 819/298/217
f 836/307/243 818/304/243 833/308/243
f 834/305/438 819/298/427 817/301/438
f 834/305/216 820/297/216 831/309/216
f 837/310/215 815/311/215 813/277/215
f 837/312/242 816/313/242 839/314/242
f 838/315/439 813/277/253 815/311/439
f 823/279/218 816/313/218 814/275/218
f 840/316/440 815/311/440 839/317/440
f 840/318/409 816/313/409 808/283/409
f 826/286/408 815/311/408 807/284/408
f 826/286/441 816/313/441 838/319/441
f 837/310/442 807/284/443 840/316/443
f 837/312/444 808/283/444 814/275/444
f 902/320/445 841/321/446 842/322/447
f 903/323/448 842/322/447 843/324/449
f 904/325/450 843/324/449 844/326/451
f 905/327/452 844/326/451 845/328/453
f 906/329/454 845/328/453 846/330/455
f 907/331/456 846/330/455 847/332/457
f 908/333/458 847/332/457 848/334/459
f 909/335/460 848/336/459 849/337/461
f 910/338/462 849/337/461 850/339/463
f 911/340/464 850/339/463 851/341/465
f 912/342/466 851/341/465 852/343/467
f 913/344/468 852/343/467 853/345/469
f 842/322/447 857/346/470 856/347/471
f 914/348/472 853/345/469 854/349/473
f 915/350/474 854/349/473 855/351/475
f 870/352/476 872/353/477 857/346/478
f 855/351/475 857/346/470 841/321/446
f 848/336/459 864/354/479 849/337/461
f 849/337/461 865/355/480 850/339/463
f 843/324/449 856/347/471 858/356/481
f 850/339/463 866/357/482 851/341/465
f 843/324/449 859/358/483 844/326/451
f 851/341/465 867/359/484 852/343/467
f 844/326/451 860/360/485 845/328/453
f 852/343/467 868/361/486 853/345/469
f 845/328/453 861/362/487 846/330/455
f 853/345/469 869/363/488 854/349/473
f 846/330/455 862/364/489 847/332/457
f 854/349/473 870/352/490 855/351/475
f 848/334/459 862/364/489 863/365/491
f 872/353/477 900/366/492 887/367/493
f 864/354/494 878/368/495 879/369/496
f 857/346/478 871/370/497 856/347/498
f 865/355/499 879/369/496 880/371/500
f 856/347/498 873/372/501 858/356/502
f 865/355/499 881/373/503 866/357/504
f 859/358/505 873/372/501 874/374/506
f 866/357/504 882/375/507 867/359/508
f 860/360/509 874/374/506 875/376/510
f 867/359/508 883/377/511 868/361/512
f 860/360/509 876/378/513 861/362/514
f 868/361/512 884/379/515 869/363/516
f 862/364/517 876/378/513 877/380/518
f 869/363/516 885/381/519 870/352/476
f 862/364/517 878/382/495 863/365/520
f 897/383/521 893/384/522 889/385/523
f 878/368/495 894/386/524 879/369/496
f 872/353/477 886/387/525 871/370/497
f 880/371/500 894/386/524 895/388/526
f 871/370/497 888/389/527 873/372/501
f 880/371/500 896/390/528 881/373/503
f 874/374/506 888/389/527 889/391/523
f 882/375/507 896/390/528 897/392/521
f 875/376/510 889/391/523 890/393/529
f 882/375/507 898/394/530 883/377/511
f 875/376/510 891/395/531 876/378/513
f 884/379/515 898/394/530 899/396/532
f 877/380/518 891/395/531 892/397/533
f 885/381/519 899/396/532 900/366/492
f 877/380/518 893/384/522 878/382/495
f 902/320/445 917/398/534 901/399/535
f 917/398/536 945/400/537 930/401/538
f 917/398/534 915/350/474 901/399/535
f 924/402/539 908/403/458 909/335/460
f 925/404/540 909/335/460 910/338/462
f 903/323/448 916/405/541 902/320/445
f 926/406/542 910/338/462 911/340/464
f 904/325/450 918/420/543 903/323/448
f 912/342/466 926/406/542 911/340/464
f 905/327/452 919/407/544 904/325/450
f 913/344/468 927/408/545 912/342/466
f 906/329/454 920/409/546 905/327/452
f 929/411/547 913/344/468 914/348/472
f 922/412/548 906/329/454 907/331/456
f 930/401/549 914/348/472 915/350/474
f 908/333/458 922/412/548 907/331/456
f 932/413/550 960/414/551 945/400/537
f 924/402/552 938/415/553 923/416/554
f 931/417/555 917/398/536 916/405/556
f 925/404/557 939/418/558 924/402/552
f 933/419/559 916/405/556 918/420/560
f 926/406/561 940/436/562 925/404/557
f 919/407/563 933/419/559 918/420/560
f 942/422/564 926/406/561 927/408/565
f 935/441/566 919/407/563 920/409/567
f 943/424/568 927/408/565 928/425/569
f 936/426/570 920/409/567 921/410/571
f 929/411/572 943/424/568 928/425/569
f 922/412/573 936/426/570 921/410/571
f 945/400/537 929/411/572 930/401/538
f 938/428/553 922/412/573 923/429/554
f 952/430/574 956/431/575 960/432/551
f 954/433/576 938/415/553 939/418/558
f 931/417/555 947/457/577 932/413/550
f 955/435/578 939/418/558 940/436/562
f 933/419/559 946/434/579 931/417/555
f 956/438/575 940/436/562 941/421/580
f 934/423/581 948/437/582 933/419/559
f 957/439/583 941/421/580 942/422/564
f 950/440/584 934/423/581 935/441/566
f 943/424/568 957/439/583 942/422/564
f 951/443/585 935/441/566 936/426/570
f 944/427/586 958/442/587 943/424/568
f 952/430/574 936/426/570 937/444/588
f 945/400/537 959/458/589 944/427/586
f 953/459/590 937/444/588 938/428/553
f 901/399/535 855/351/475 841/321/446
f 962/445/205 963/446/205 961/447/205
f 964/448/404 967/449/404 963/446/404
f 968/450/405 965/451/405 967/449/405
f 966/452/406 961/453/406 965/451/406
f 967/449/209 961/454/209 963/455/209
f 964/456/200 966/452/200 968/450/200
f 985/187/218 973/188/218 975/189/218
f 985/190/217 974/191/217 988/192/217
f 986/193/216 973/194/216 987/195/216
f 987/195/215 976/196/215 986/193/215
f 990/197/220 973/194/220 988/198/220
f 990/199/219 974/200/219 978/201/219
f 987/195/222 977/202/222 989/203/222
f 989/204/221 974/200/221 987/195/221
f 985/205/227 977/202/227 990/197/227
f 985/206/229 978/201/229 976/196/229
f 991/207/217 971/208/217 969/209/217
f 991/210/218 972/211/218 994/212/218
f 992/204/215 971/213/215 993/214/215
f 993/215/216 970/216/216 992/203/216
f 996/217/221 971/213/221 994/218/221
f 996/219/222 972/220/222 982/221/222
f 993/214/219 981/222/219 995/223/219
f 995/224/220 972/220/220 993/215/220
f 991/225/231 981/222/231 996/217/231
f 991/226/233 982/221/233 970/216/233
f 999/227/219 979/228/219 997/229/219
f 999/230/220 980/231/220 970/216/220
f 998/232/221 969/233/221 992/204/221
f 992/203/222 980/231/222 998/234/222
f 1000/235/223 969/236/591 999/237/591
f 1000/238/224 970/239/592 982/240/224
f 1000/241/215 979/228/215 981/222/215
f 1000/242/216 980/231/216 997/243/216
f 995/244/217 979/245/217 998/246/217
f 998/247/218 982/248/218 995/249/218
f 1003/250/222 983/251/222 1001/252/222
f 1003/253/221 984/254/221 976/196/221
f 1002/215/220 975/255/220 986/193/220
f 986/193/219 984/254/219 1002/214/219
f 1004/256/225 975/257/593 1003/258/593
f 1004/259/226 976/260/594 978/232/226
f 1004/261/216 983/251/216 977/202/216
f 1004/262/215 984/254/215 1001/263/215
f 989/264/218 983/265/218 1002/266/218
f 1002/267/217 978/268/217 989/269/217
f 1024/270/248 1005/271/248 1021/272/248
f 1024/273/220 1006/274/220 1014/275/220
f 1022/276/221 1013/277/221 1023/278/221
f 1022/280/595 1014/275/595 1006/274/222
f 1024/270/251 1007/284/251 1013/277/251
f 1025/282/252 1014/275/252 1008/283/252
f 1025/281/243 1005/271/243 1007/284/243
f 1025/282/216 1006/274/216 1021/285/216
f 1026/286/242 1005/271/242 1022/276/242
f 1022/280/218 1008/283/218 1026/286/218
f 1027/287/241 1011/288/241 1009/289/241
f 1027/290/215 1012/291/215 1030/292/215
f 1028/280/240 1011/288/240 1029/279/240
f 1029/278/217 1010/293/217 1028/276/217
f 1032/294/255 1011/288/255 1030/295/255
f 1032/296/221 1012/291/221 1020/297/221
f 1029/279/220 1019/298/220 1031/299/220
f 1029/278/219 1020/297/256 1012/291/219
f 1032/294/259 1009/289/259 1019/298/259
f 1027/290/260 1020/297/260 1010/293/260
f 1035/300/235 1017/301/235 1033/302/235
f 1035/303/219 1018/304/219 1010/293/219
f 1028/280/222 1017/301/222 1009/289/222
f 1028/276/221 1018/304/236 1034/305/236
f 1035/300/238 1019/298/596 1009/289/238
f 1035/303/239 1020/297/239 1036/307/239
f 1036/306/218 1017/301/218 1019/298/218
f 1036/307/428 1018/304/428 1033/308/428
f 1031/299/241 1017/301/241 1034/305/241
f 1031/309/215 1018/304/215 1020/297/215
f 1037/310/217 1015/311/217 1013/277/217
f 1037/312/427 1016/313/427 1039/314/427
f 1038/315/243 1013/277/243 1015/311/243
f 1023/279/216 1016/313/216 1014/275/216
f 1040/316/244 1015/311/597 1039/317/597
f 1040/318/222 1016/313/222 1008/283/222
f 1026/286/219 1015/311/219 1007/284/219
f 1026/286/245 1016/313/245 1038/319/245
f 1040/316/246 1013/277/598 1007/284/246
f 1040/318/247 1014/275/247 1037/312/247
f 1102/320/599 1041/321/600 1042/322/601
f 1103/323/602 1042/322/601 1043/324/603
f 1104/325/604 1043/324/603 1044/326/605
f 1105/327/606 1044/326/605 1045/328/607
f 1106/329/608 1045/328/607 1046/330/609
f 1107/331/610 1046/330/609 1047/332/611
f 1108/333/612 1047/332/611 1048/334/613
f 1109/335/614 1048/336/613 1049/337/615
f 1110/338/616 1049/337/615 1050/339/617
f 1111/340/618 1050/339/617 1051/341/619
f 1112/342/620 1051/341/619 1052/343/621
f 1113/344/622 1052/343/621 1053/345/623
f 1042/322/601 1057/346/624 1056/347/625
f 1114/348/626 1053/345/623 1054/349/627
f 1115/350/628 1054/349/627 1055/351/629
f 1057/346/630 1085/381/631 1072/353/632
f 1055/351/629 1057/346/624 1041/321/600
f 1048/336/613 1064/354/633 1049/337/615
f 1049/337/615 1065/355/634 1050/339/617
f 1043/324/603 1056/347/625 1058/356/635
f 1050/339/617 1066/357/636 1051/341/619
f 1043/324/603 1059/358/637 1044/326/605
f 1051/341/619 1067/359/638 1052/343/621
f 1044/326/605 1060/360/639 1045/328/607
f 1053/345/623 1067/359/638 1068/361/640
f 1045/328/607 1061/362/641 1046/330/609
f 1053/345/623 1069/363/642 1054/349/627
f 1047/332/611 1061/362/641 1062/364/643
f 1054/349/627 1070/352/644 1055/351/629
f 1048/334/613 1062/364/643 1063/365/645
f 1072/353/632 1100/366/646 1087/367/647
f 1064/354/648 1078/368/649 1079/369/650
f 1057/346/630 1071/370/651 1056/347/652
f 1065/355/653 1079/369/650 1080/371/654
f 1058/356/655 1071/370/651 1073/372/656
f 1065/355/653 1081/373/657 1066/357/658
f 1058/356/655 1074/374/659 1059/358/660
f 1066/357/658 1082/375/661 1067/359/662
f 1060/360/663 1074/374/659 1075/376/664
f 1067/359/662 1083/377/665 1068/361/666
f 1060/360/663 1076/378/667 1061/362/668
f 1068/361/666 1084/379/669 1069/363/670
f 1062/364/671 1076/378/667 1077/380/672
f 1069/363/670 1085/381/631 1070/352/673
f 1063/365/674 1077/380/672 1078/382/649
f 1097/383/675 1093/384/676 1089/385/677
f 1078/368/649 1094/386/678 1079/369/650
f 1072/353/632 1086/387/679 1071/370/651
f 1080/371/654 1094/386/678 1095/388/680
f 1073/372/656 1086/387/679 1088/389/681
f 1080/371/654 1096/390/682 1081/373/657
f 1074/374/659 1088/389/681 1089/391/677
f 1082/375/661 1096/390/682 1097/392/675
f 1074/374/659 1090/393/683 1075/376/664
f 1082/375/661 1098/394/684 1083/377/665
f 1075/376/664 1091/395/685 1076/378/667
f 1084/379/669 1098/394/684 1099/396/686
f 1077/380/672 1091/395/685 1092/397/687
f 1084/379/669 1100/366/646 1085/381/631
f 1077/380/672 1093/384/676 1078/382/649
f 1116/405/688 1101/399/689 1102/320/599
f 1132/413/690 1130/401/691 1117/398/692
f 1117/398/693 1115/350/628 1101/399/689
f 1124/402/694 1108/403/612 1109/335/614
f 1125/404/695 1109/335/614 1110/338/616
f 1103/323/602 1116/405/688 1102/320/599
f 1126/406/696 1110/338/616 1111/340/618
f 1119/407/697 1103/323/602 1104/325/604
f 1127/408/698 1111/340/618 1112/342/620
f 1120/409/699 1104/325/604 1105/327/606
f 1128/425/700 1112/342/620 1113/344/622
f 1121/410/701 1105/327/606 1106/329/608
f 1129/411/702 1113/344/622 1114/348/626
f 1107/331/610 1121/410/701 1106/329/608
f 1115/350/628 1129/411/702 1114/348/626
f 1108/333/612 1122/412/703 1107/331/610
f 1132/413/690 1160/414/704 1145/400/705
f 1124/402/706 1138/415/707 1123/416/708
f 1131/417/709 1117/398/692 1116/405/710
f 1125/404/711 1139/418/712 1124/402/706
f 1133/419/713 1116/405/710 1118/420/714
f 1141/421/715 1125/404/711 1126/406/716
f 1134/423/717 1118/420/714 1119/407/718
f 1142/422/719 1126/406/716 1127/408/720
f 1135/441/721 1119/407/718 1120/409/722
f 1143/424/723 1127/408/720 1128/425/724
f 1136/426/725 1120/409/722 1121/410/726
f 1144/427/727 1128/425/724 1129/411/728
f 1122/412/729 1136/426/725 1121/410/726
f 1145/400/705 1129/411/728 1130/401/691
f 1123/429/708 1137/444/730 1122/412/729
f 1152/430/731 1156/431/732 1160/432/704
f 1154/433/733 1138/415/707 1139/418/712
f 1146/434/734 1132/413/690 1131/417/709
f 1155/435/735 1139/418/712 1140/436/736
f 1148/437/737 1131/417/709 1133/419/713
f 1156/438/732 1140/436/736 1141/421/715
f 1134/423/717 1148/437/737 1133/419/713
f 1157/439/738 1141/421/715 1142/422/719
f 1150/440/739 1134/423/717 1135/441/721
f 1143/424/723 1157/439/738 1142/422/719
f 1136/426/725 1150/440/739 1135/441/721
f 1159/458/740 1143/424/723 1144/427/727
f 1137/444/730 1151/443/741 1136/426/725
f 1145/400/705 1159/458/740 1144/427/727
f 1153/459/742 1137/444/730 1138/428/707
f 1101/399/689 1055/351/629 1041/321/600
f 1162/445/406 1163/446/406 1161/447/406
f 1164/448/205 1167/449/205 1163/446/205
f 1168/450/404 1165/451/404 1167/449/404
f 1166/452/405 1161/453/405 1165/451/405
f 1167/449/209 1161/454/209 1163/455/209
f 1164/456/200 1166/452/200 1168/450/200
f 1185/187/216 1173/188/216 1175/189/216
f 1185/190/218 1174/191/218 1188/192/218
f 1186/193/215 1173/194/215 1187/195/215
f 1187/195/217 1176/196/217 1186/193/217
f 1190/197/408 1173/194/408 1188/198/408
f 1190/199/407 1174/200/407 1178/201/407
f 1187/195/410 1177/202/410 1189/203/410
f 1189/204/409 1174/200/409 1187/195/409
f 1185/205/415 1177/202/415 1190/197/415
f 1185/206/417 1178/201/417 1176/196/417
f 1191/207/218 1171/208/218 1169/209/218
f 1191/210/216 1172/211/216 1194/212/216
f 1192/204/217 1171/213/217 1193/214/217
f 1193/215/215 1170/216/215 1192/203/215
f 1196/217/409 1171/213/409 1194/218/409
f 1196/219/410 1172/220/410 1182/221/410
f 1193/214/407 1181/222/407 1195/223/407
f 1195/224/408 1172/220/408 1193/215/408
f 1191/225/419 1181/222/419 1196/217/419
f 1191/226/421 1182/221/421 1170/216/421
f 1199/227/407 1179/228/407 1197/229/407
f 1199/230/408 1180/231/408 1170/216/408
f 1198/232/409 1169/233/409 1192/204/409
f 1192/203/410 1180/231/410 1198/234/410
f 1200/235/411 1169/236/743 1199/237/743
f 1200/238/412 1170/239/744 1182/240/412
f 1200/241/217 1179/228/217 1181/222/217
f 1200/242/215 1180/231/215 1197/243/215
f 1195/244/218 1179/245/218 1198/246/218
f 1198/247/216 1182/248/216 1195/249/216
f 1203/250/410 1183/251/410 1201/252/410
f 1203/253/409 1184/254/409 1176/196/409
f 1202/215/408 1175/255/408 1186/193/408
f 1186/193/407 1184/254/407 1202/214/407
f 1204/256/413 1175/257/745 1203/258/745
f 1204/259/414 1176/260/746 1178/232/414
f 1204/261/215 1183/251/215 1177/202/215
f 1204/262/217 1184/254/217 1201/263/217
f 1189/264/216 1183/265/216 1202/266/216
f 1202/267/218 1178/268/218 1189/269/218
f 1224/270/433 1205/271/433 1221/272/433
f 1224/273/408 1206/274/408 1214/275/408
f 1222/276/409 1213/277/409 1223/278/409
f 1222/280/434 1214/275/434 1206/274/434
f 1224/270/435 1207/284/435 1213/277/435
f 1224/273/437 1208/283/437 1225/282/437
f 1225/281/428 1205/271/428 1207/284/428
f 1225/282/215 1206/274/215 1221/285/215
f 1226/286/427 1205/271/427 1222/276/427
f 1222/280/216 1208/283/216 1226/286/216
f 1227/287/254 1211/288/254 1209/289/254
f 1227/290/217 1212/291/217 1230/292/217
f 1228/280/253 1211/288/253 1229/279/253
f 1229/278/218 1210/293/218 1228/276/218
f 1232/294/440 1211/288/440 1230/295/440
f 1232/296/409 1212/291/409 1220/297/409
f 1229/279/408 1219/298/408 1231/299/408
f 1229/278/441 1220/297/441 1212/291/441
f 1227/287/443 1219/298/443 1232/294/443
f 1232/296/444 1210/293/444 1227/290/444
f 1235/300/423 1217/301/423 1233/302/423
f 1235/303/407 1218/304/407 1210/293/407
f 1234/305/410 1209/289/410 1228/280/410
f 1228/276/424 1218/304/424 1234/305/424
f 1235/300/425 1219/298/747 1209/289/425
f 1236/307/426 1210/293/426 1220/297/426
f 1236/306/216 1217/301/216 1219/298/216
f 1236/307/240 1218/304/240 1233/308/240
f 1234/305/254 1219/298/254 1217/301/254
f 1231/309/217 1218/304/217 1220/297/217
f 1237/310/218 1215/311/218 1213/277/218
f 1237/312/241 1216/313/241 1239/314/241
f 1238/315/428 1213/277/428 1215/311/428
f 1238/319/215 1214/275/215 1223/279/215
f 1240/316/429 1215/311/429 1239/317/429
f 1240/318/410 1216/313/410 1208/283/410
f 1226/286/407 1215/311/407 1207/284/407
f 1226/286/430 1216/313/430 1238/319/430
f 1240/316/431 1213/277/748 1207/284/431
f 1237/312/432 1208/283/432 1214/275/432
f 1302/320/749 1241/321/750 1242/322/751
f 1303/323/752 1242/322/751 1243/324/753
f 1304/325/754 1243/324/753 1244/326/755
f 1305/327/756 1244/326/755 1245/328/757
f 1306/329/758 1245/328/757 1246/330/759
f 1307/331/760 1246/330/759 1247/332/761
f 1308/333/762 1247/332/761 1248/334/763
f 1309/335/764 1248/336/763 1249/337/765
f 1310/338/766 1249/337/765 1250/339/767
f 1311/340/768 1250/339/767 1251/341/769
f 1312/342/770 1251/341/769 1252/343/771
f 1313/344/772 1252/343/771 1253/345/773
f 1242/322/751 1257/346/774 1256/347/775
f 1314/348/776 1253/345/773 1254/349/777
f 1315/350/778 1254/349/777 1255/351/779
f 1257/346/780 1285/381/781 1272/353/782
f 1255/351/779 1257/346/774 1241/321/750
f 1248/336/763 1264/354/783 1249/337/765
f 1249/337/765 1265/355/784 1250/339/767
f 1243/324/753 1256/347/775 1258/356/785
f 1251/341/769 1265/355/784 1266/357/786
f 1244/326/755 1258/356/785 1259/358/787
f 1251/341/769 1267/359/788 1252/343/771
f 1244/326/755 1260/360/789 1245/328/757
f 1252/343/771 1268/361/790 1253/345/773
f 1245/328/757 1261/362/791 1246/330/759
f 1253/345/773 1269/363/792 1254/349/777
f 1247/332/761 1261/362/791 1262/364/793
f 1254/349/777 1270/352/794 1255/351/779
f 1248/334/763 1262/364/793 1263/365/795
f 1272/353/782 1300/366/796 1287/367/797
f 1264/354/798 1278/368/799 1279/369/800
f 1257/346/780 1271/370/801 1256/347/802
f 1265/355/803 1279/369/800 1280/371/804
f 1258/356/805 1271/370/801 1273/372/806
f 1265/355/803 1281/373/807 1266/357/808
f 1259/358/809 1273/372/806 1274/374/810
f 1267/359/811 1281/373/807 1282/375/812
f 1260/360/813 1274/374/810 1275/376/814
f 1268/361/815 1282/375/812 1283/377/816
f 1260/360/813 1276/378/817 1261/362/818
f 1268/361/815 1284/379/819 1269/363/820
f 1262/364/821 1276/378/817 1277/380/822
f 1270/352/823 1284/379/819 1285/381/781
f 1262/364/821 1278/382/799 1263/365/824
f 1297/383/825 1293/384/826 1289/385/827
f 1278/368/799 1294/386/828 1279/369/800
f 1272/353/782 1286/387/829 1271/370/801
f 1279/369/800 1295/388/830 1280/371/804
f 1273/372/806 1286/387/829 1288/389/831
f 1281/373/807 1295/388/830 1296/390/832
f 1274/374/810 1288/389/831 1289/391/827
f 1281/373/807 1297/392/825 1282/375/812
f 1274/374/810 1290/393/833 1275/376/814
f 1283/377/816 1297/392/825 1298/394/834
f 1275/376/814 1291/395/835 1276/378/817
f 1284/379/819 1298/394/834 1299/396/836
f 1277/380/822 1291/395/835 1292/397/837
f 1285/381/781 1299/396/836 1300/366/796
f 1277/380/822 1293/384/826 1278/382/799
f 1302/320/749 1317/398/838 1301/399/839
f 1317/398/840 1345/400/841 1330/401/842
f 1317/398/838 1315/350/778 1301/399/839
f 1324/402/843 1308/403/762 1309/335/764
f 1325/404/844 1309/335/764 1310/338/766
f 1303/323/752 1316/405/845 1302/320/749
f 1326/406/846 1310/338/766 1311/340/768
f 1319/407/847 1303/323/752 1304/325/754
f 1312/342/770 1326/406/846 1311/340/768
f 1305/327/756 1319/407/847 1304/325/754
f 1313/344/772 1327/408/848 1312/342/770
f 1306/329/758 1320/409/849 1305/327/756
f 1314/348/776 1328/425/850 1313/344/772
f 1307/331/760 1321/410/851 1306/329/758
f 1330/401/852 1314/348/776 1315/350/778
f 1323/429/853 1307/331/760 1308/333/762
f 1347/457/854 1345/400/841 1332/413/855
f 1324/402/856 1338/415/857 1323/416/858
f 1331/417/859 1317/398/840 1316/405/860
f 1325/404/861 1339/418/862 1324/402/856
f 1318/420/863 1331/417/859 1316/405/860
f 1341/421/864 1325/404/861 1326/406/865
f 1334/423/866 1318/420/863 1319/407/867
f 1342/422/868 1326/406/865 1327/408/869
f 1335/441/870 1319/407/867 1320/409/871
f 1343/424/872 1327/408/869 1328/425/873
f 1336/426/874 1320/409/871 1321/410/875
f 1344/427/876 1328/425/873 1329/411/877
f 1322/412/878 1336/426/874 1321/410/875
f 1330/401/842 1344/427/876 1329/411/877
f 1323/429/858 1337/444/879 1322/412/878
f 1352/430/880 1356/431/881 1360/432/882
f 1354/433/883 1338/415/857 1339/418/862
f 1346/434/884 1332/413/855 1331/417/859
f 1340/436/885 1354/433/883 1339/418/862
f 1333/419/886 1346/434/884 1331/417/859
f 1341/421/864 1355/435/887 1340/436/885
f 1334/423/866 1348/437/888 1333/419/886
f 1357/439/889 1341/421/864 1342/422/868
f 1350/440/890 1334/423/866 1335/441/870
f 1343/424/872 1357/439/889 1342/422/868
f 1336/426/874 1350/440/890 1335/441/870
f 1344/427/876 1358/442/891 1343/424/872
f 1352/430/880 1336/426/874 1337/444/879
f 1345/400/841 1359/458/892 1344/427/876
f 1353/459/893 1337/444/879 1338/428/857
f 1301/399/839 1255/351/779 1241/321/750
f 1362/445/405 1363/446/405 1361/447/405
f 1364/448/406 1367/449/406 1363/446/406
f 1368/450/205 1365/451/205 1367/449/205
f 1366/452/404 1361/453/404 1365/451/404
f 1367/449/209 1361/454/209 1363/455/209
f 1364/456/200 1366/452/200 1368/450/200
f 1434/460/894 1691/461/895 1690/462/894
f 1433/463/895 1693/464/896 1691/461/895
f 1693/464/896 1436/465/897 1695/466/897
f 1695/466/897 1437/467/898 1697/468/898
f 1697/468/898 1438/469/899 1699/470/899
f 1438/469/899 1701/471/900 1699/470/899
f 1439/472/900 1703/473/901 1701/471/900
f 1440/474/901 1705/475/902 1703/476/901
f 1441/477/902 1707/478/903 1705/475/902
f 1442/479/903 1709/480/904 1707/478/903
f 1709/480/904 1444/481/905 1711/482/905
f 1711/482/905 1445/483/906 1713/484/906
f 1713/484/906 1446/485/907 1715/486/907
f 1446/485/907 1717/487/908 1715/486/907
f 1447/488/908 1719/489/909 1717/487/908
f 1448/490/909 1721/491/910 1719/489/909
f 1449/492/910 1723/493/911 1721/491/910
f 1450/494/911 1725/495/912 1723/493/911
f 1725/495/912 1452/496/913 1727/497/913
f 1727/497/913 1453/498/914 1729/499/914
f 1729/499/914 1454/500/915 1731/501/915
f 1454/500/915 1733/502/916 1731/501/915
f 1455/503/916 1735/504/917 1733/502/916
f 1456/505/917 1737/506/918 1735/504/917
f 1457/507/918 1739/508/919 1737/506/918
f 1458/509/919 1741/510/920 1739/508/919
f 1741/510/920 1460/511/921 1743/512/921
f 1743/512/921 1461/513/922 1745/514/922
f 1745/514/922 1462/515/923 1747/516/923
f 1462/515/923 1749/517/924 1747/516/923
f 1374/518/925 1852/519/926 1376/520/926
f 1463/521/924 1751/522/927 1749/517/924
f 1464/523/927 1690/462/894 1751/522/927
f 1465/524/928 1434/460/929 1466/525/930
f 1465/524/928 1435/526/931 1433/463/932
f 1468/527/933 1435/526/931 1467/528/934
f 1469/529/935 1436/465/936 1468/527/933
f 1470/530/937 1437/467/938 1469/529/935
f 1471/531/939 1438/469/940 1470/530/937
f 1472/532/941 1439/472/942 1471/531/939
f 1473/533/943 1440/474/944 1472/534/941
f 1474/535/945 1441/477/946 1473/533/943
f 1474/535/945 1443/536/947 1442/479/948
f 1476/537/949 1443/536/947 1475/538/950
f 1477/539/951 1444/481/952 1476/537/949
f 1478/540/953 1445/483/954 1477/539/951
f 1479/541/955 1446/485/956 1478/540/953
f 1480/542/957 1447/488/958 1479/541/955
f 1481/543/959 1448/490/960 1480/542/957
f 1482/544/961 1449/492/962 1481/543/959
f 1482/544/961 1451/545/963 1450/494/964
f 1484/546/965 1451/545/963 1483/547/966
f 1485/548/967 1452/496/968 1484/546/965
f 1486/549/969 1453/498/970 1485/548/967
f 1487/550/971 1454/500/972 1486/549/969
f 1488/551/973 1455/503/974 1487/550/971
f 1489/552/975 1456/505/976 1488/551/973
f 1490/553/977 1457/507/978 1489/552/975
f 1490/553/977 1459/554/979 1458/509/980
f 1492/555/981 1459/554/979 1491/556/982
f 1493/557/983 1460/511/984 1492/555/981
f 1494/558/985 1461/513/986 1493/557/983
f 1495/559/987 1462/515/988 1494/558/985
f 1496/560/989 1463/521/990 1495/559/987
f 1466/525/930 1464/523/991 1496/560/989
f 1497/561/992 1466/525/930 1498/562/993
f 1497/561/992 1467/528/934 1465/524/928
f 1500/563/994 1467/528/934 1499/564/995
f 1501/565/996 1468/527/933 1500/563/994
f 1502/566/997 1469/529/935 1501/565/996
f 1502/566/997 1471/531/939 1470/530/937
f 1504/567/998 1471/531/939 1503/568/999
f 1505/569/1000 1472/534/941 1504/570/998
f 1506/571/1001 1473/533/943 1505/569/1000
f 1506/571/1001 1475/538/950 1474/535/945
f 1508/572/1002 1475/538/950 1507/573/1003
f 1509/574/1004 1476/537/949 1508/572/1002
f 1510/575/1005 1477/539/951 1509/574/1004
f 1510/575/1005 1479/541/955 1478/540/953
f 1512/576/1006 1479/541/955 1511/577/1007
f 1513/578/1008 1480/542/957 1512/576/1006
f 1514/579/1009 1481/543/959 1513/578/1008
f 1514/579/1009 1483/547/966 1482/544/961
f 1516/580/1010 1483/547/966 1515/581/1011
f 1517/582/1012 1484/546/965 1516/580/1010
f 1518/583/1013 1485/548/967 1517/582/1012
f 1518/583/1013 1487/550/971 1486/549/969
f 1520/584/1014 1487/550/971 1519/585/1015
f 1521/586/1016 1488/551/973 1520/584/1014
f 1522/587/1017 1489/552/975 1521/586/1016
f 1522/587/1017 1491/556/982 1490/553/977
f 1524/588/1018 1491/556/982 1523/589/1019
f 1525/590/1020 1492/555/981 1524/588/1018
f 1526/591/1021 1493/557/983 1525/590/1020
f 1526/591/1021 1495/559/987 1494/558/985
f 1528/592/1022 1495/559/987 1527/593/1023
f 1498/562/993 1496/560/989 1528/592/1022
f 1372/594/1024 1498/562/993 1370/595/1025
f 1372/594/1024 1499/564/995 1497/561/992
f 1376/596/1026 1499/564/995 1374/597/1027
f 1378/598/1028 1500/563/994 1376/596/1026
f 1380/599/1029 1501/565/996 1378/598/1028
f 1382/600/1030 1502/566/997 1380/599/1029
f 1384/601/1031 1503/568/999 1382/600/1030
f 1386/602/1032 1504/570/998 1384/603/1031
f 1388/604/1033 1505/569/1000 1386/602/1032
f 1388/604/1033 1507/573/1003 1506/571/1001
f 1392/605/1034 1507/573/1003 1390/606/1035
f 1394/607/1036 1508/572/1002 1392/605/1034
f 1396/608/1037 1509/574/1004 1394/607/1036
f 1398/609/1038 1510/575/1005 1396/608/1037
f 1400/610/1039 1511/577/1007 1398/609/1038
f 1402/611/1040 1512/576/1006 1400/610/1039
f 1404/612/1041 1513/578/1008 1402/611/1040
f 1404/612/1041 1515/581/1011 1514/579/1009
f 1408/613/1042 1515/581/1011 1406/614/1043
f 1410/615/1044 1516/580/1010 1408/613/1042
f 1412/616/1045 1517/582/1012 1410/615/1044
f 1414/617/1046 1518/583/1013 1412/616/1045
f 1416/618/1047 1519/585/1015 1414/617/1046
f 1418/619/1048 1520/584/1014 1416/618/1047
f 1420/620/1049 1521/586/1016 1418/619/1048
f 1420/620/1049 1523/589/1019 1522/587/1017
f 1424/621/1050 1523/589/1019 1422/622/1051
f 1426/623/1052 1524/588/1018 1424/621/1050
f 1428/624/1053 1525/590/1020 1426/623/1052
f 1430/625/1054 1526/591/1021 1428/624/1053
f 1432/626/1055 1527/593/1023 1430/625/1054
f 1370/595/1025 1528/592/1022 1432/626/1055
f 1561/627/1056 1530/628/1057 1562/629/1058
f 1562/629/1058 1531/630/1059 1563/631/1060
f 1563/631/1060 1532/632/1061 1564/633/1062
f 1565/634/1063 1532/632/1061 1533/635/1064
f 1565/634/1063 1534/636/1065 1566/637/1066
f 1566/637/1066 1535/638/1067 1567/639/1068
f 1567/639/1068 1536/640/1069 1568/641/1070
f 1568/642/1070 1537/643/1071 1569/644/1072
f 1569/644/1072 1538/645/1073 1570/646/1074
f 1570/646/1074 1539/647/1075 1571/648/1076
f 1571/648/1076 1540/649/1077 1572/650/1078
f 1573/651/1079 1540/649/1077 1541/652/1080
f 1573/651/1079 1542/653/1081 1574/654/1082
f 1575/655/1083 1542/653/1081 1543/656/1084
f 1575/655/1083 1544/657/1085 1576/658/1086
f 1576/658/1086 1545/659/1087 1577/660/1088
f 1577/660/1088 1546/661/1089 1578/662/1090
f 1578/662/1090 1547/663/1091 1579/664/1092
f 1579/664/1092 1548/665/1093 1580/666/1094
f 1581/667/1095 1548/665/1093 1549/668/1096
f 1581/667/1095 1550/669/1097 1582/670/1098
f 1583/671/1099 1550/669/1097 1551/672/1100
f 1583/671/1099 1552/673/1101 1584/674/1102
f 1584/674/1102 1553/675/1103 1585/676/1104
f 1585/676/1104 1554/677/1105 1586/678/1106
f 1586/678/1106 1555/679/1107 1587/680/1108
f 1588/681/1109 1555/679/1107 1556/682/1110
f 1588/681/1109 1557/683/1111 1589/684/1112
f 1589/684/1112 1558/685/1113 1590/686/1114
f 1591/687/1115 1558/685/1113 1559/688/1116
f 1591/687/1115 1560/689/1117 1592/690/1118
f 1592/690/1118 1529/691/1119 1561/627/1056
f 1369/692/209 1562/629/1058 1371/693/209
f 1373/694/209 1562/629/1058 1563/631/1060
f 1373/694/209 1564/633/1062 1375/695/209
f 1377/696/209 1564/633/1062 1565/634/1063
f 1379/697/209 1565/634/1063 1566/637/1066
f 1379/697/209 1567/639/1068 1381/698/209
f 1383/699/209 1567/639/1068 1568/641/1070
f 1383/700/209 1569/644/1072 1385/701/209
f 1387/702/209 1569/644/1072 1570/646/1074
f 1389/703/209 1570/646/1074 1571/648/1076
f 1389/703/209 1572/650/1078 1391/704/209
f 1393/705/209 1572/650/1078 1573/651/1079
f 1395/706/209 1573/651/1079 1574/654/1082
f 1395/706/209 1575/655/1083 1397/707/209
f 1399/708/209 1575/655/1083 1576/658/1086
f 1399/708/209 1577/660/1088 1401/709/209
f 1401/709/209 1578/662/1090 1403/710/209
f 1405/711/209 1578/662/1090 1579/664/1092
f 1405/711/209 1580/666/1094 1407/712/209
f 1407/712/209 1581/667/1095 1409/713/209
f 1409/713/209 1582/670/1098 1411/714/209
f 1411/714/209 1583/671/1099 1413/715/209
f 1415/716/209 1583/671/1099 1584/674/1102
f 1415/716/209 1585/676/1104 1417/717/209
f 1419/718/209 1585/676/1104 1586/678/1106
f 1419/718/209 1587/680/1108 1421/719/209
f 1421/719/209 1588/681/1109 1423/720/209
f 1423/720/209 1589/684/1112 1425/721/209
f 1427/722/209 1589/684/1112 1590/686/1114
f 1427/722/209 1591/687/1115 1429/723/209
f 1429/723/209 1592/690/1118 1431/724/209
f 1431/724/209 1561/627/1056 1369/692/209
f 1594/725/1120 1667/726/1121 1606/727/1121
f 1599/728/1122 1657/729/1123 1593/730/1123
f 1623/731/1124 1687/732/1125 1684/733/1124
f 1600/734/1126 1658/735/1127 1595/736/1127
f 1598/737/1128 1685/738/1129 1624/739/1129
f 1640/740/209 1648/741/209 1656/742/209
f 1601/743/1130 1659/744/1131 1597/745/1131
f 1599/728/1122 1663/746/1132 1660/747/1122
f 1603/748/1133 1661/749/1126 1600/734/1126
f 1604/750/1134 1662/751/1130 1601/743/1130
f 1602/752/1132 1666/753/1135 1663/746/1132
f 1603/748/1133 1667/726/1121 1664/754/1133
f 1607/755/1136 1665/756/1134 1604/750/1134
f 1608/757/1137 1666/753/1135 1605/758/1135
f 1609/759/1138 1668/760/1136 1607/755/1136
f 1397/761/1139 1598/762/1140 1624/763/1139
f 1425/764/1141 1623/765/1142 1423/766/1142
f 1371/767/1143 1606/768/1144 1369/769/1144
f 1397/761/1139 1622/770/1145 1395/771/1145
f 1423/766/1142 1621/772/1146 1421/773/1146
f 1395/771/1145 1620/774/1147 1393/775/1147
f 1421/773/1146 1619/776/1148 1419/777/1148
f 1393/775/1147 1618/778/1149 1391/779/1149
f 1419/777/1148 1617/780/1150 1417/781/1150
f 1391/779/1149 1616/782/1151 1389/783/1151
f 1417/781/1150 1615/784/1152 1415/785/1152
f 1389/783/1151 1614/786/1153 1387/787/1153
f 1415/785/1152 1613/788/1154 1413/789/1154
f 1387/787/1153 1612/790/1155 1385/791/1155
f 1413/789/1154 1611/792/1156 1411/793/1156
f 1385/791/1155 1610/794/1157 1383/795/1157
f 1411/793/1156 1609/796/1158 1409/797/1158
f 1383/798/1157 1608/799/1159 1381/800/1159
f 1409/797/1158 1607/801/1160 1407/802/1160
f 1381/800/1159 1605/803/1161 1379/804/1161
f 1407/802/1160 1604/805/1162 1405/806/1162
f 1369/769/1144 1603/807/1163 1431/808/1163
f 1379/804/1161 1602/809/1164 1377/810/1164
f 1405/806/1162 1601/811/1165 1403/812/1165
f 1431/808/1163 1600/813/1166 1429/814/1166
f 1377/810/1164 1599/815/1167 1375/816/1167
f 1403/812/1165 1597/817/1168 1401/818/1168
f 1429/814/1166 1595/819/1169 1427/820/1169
f 1375/816/1167 1593/821/1170 1373/822/1170
f 1401/818/1168 1598/762/1140 1399/823/1140
f 1427/820/1169 1596/824/1141 1425/764/1141
f 1373/822/1170 1594/825/1143 1371/767/1143
f 1657/729/1171 1626/826/1172 1686/827/1172
f 1658/735/1173 1653/828/1174 1687/732/1174
f 1659/744/1175 1640/829/1176 1688/830/1176
f 1660/747/1177 1627/831/1171 1657/729/1171
f 1661/749/1178 1654/832/1173 1658/735/1173
f 1662/751/1179 1641/833/1175 1659/744/1175
f 1663/746/1180 1628/834/1177 1660/747/1177
f 1664/754/1181 1655/835/1178 1661/749/1178
f 1665/756/1182 1642/836/1179 1662/751/1179
f 1666/753/1183 1629/837/1180 1663/746/1180
f 1667/726/1184 1656/838/1181 1664/754/1181
f 1668/760/1185 1643/839/1182 1665/756/1182
f 1669/840/1186 1630/841/1183 1666/753/1183
f 1670/842/1187 1644/843/1185 1668/760/1185
f 1671/844/1188 1631/845/1186 1669/840/1186
f 1672/846/1189 1645/847/1187 1670/842/1187
f 1673/848/1190 1632/849/1188 1671/850/1188
f 1674/851/1191 1646/852/1189 1672/846/1189
f 1673/848/1190 1634/853/1192 1633/854/1190
f 1676/855/1193 1647/856/1191 1674/851/1191
f 1677/857/1194 1634/853/1192 1675/858/1192
f 1678/859/1195 1648/860/1193 1676/855/1193
f 1679/861/1196 1635/862/1194 1677/857/1194
f 1680/863/1197 1649/864/1195 1678/859/1195
f 1681/865/1198 1636/866/1196 1679/861/1196
f 1682/867/1199 1650/868/1197 1680/863/1197
f 1683/869/1200 1637/870/1198 1681/865/1198
f 1682/867/1199 1652/871/1201 1651/872/1199
f 1685/738/1202 1638/873/1200 1683/869/1200
f 1686/827/1172 1625/874/1184 1667/726/1184
f 1687/732/1174 1652/871/1201 1684/733/1201
f 1688/830/1176 1639/875/1202 1685/738/1202
f 1597/745/1131 1688/830/1128 1598/737/1128
f 1624/739/1129 1683/869/1203 1622/876/1203
f 1595/736/1127 1687/732/1125 1596/877/1125
f 1623/731/1124 1682/867/1204 1621/878/1204
f 1594/725/1120 1657/729/1123 1686/827/1120
f 1620/879/1205 1683/869/1203 1681/865/1205
f 1621/878/1204 1680/863/1206 1619/880/1206
f 1618/881/1207 1681/865/1205 1679/861/1207
f 1619/880/1206 1678/859/1208 1617/882/1208
f 1618/881/1207 1677/857/1209 1616/883/1209
f 1615/884/1210 1678/859/1208 1676/855/1210
f 1616/883/1209 1675/858/1211 1614/885/1211
f 1615/884/1210 1674/851/1212 1613/886/1212
f 1614/885/1211 1673/848/1213 1612/887/1213
f 1611/888/1214 1674/851/1212 1672/846/1214
f 1612/887/1213 1671/850/1215 1610/889/1215
f 1611/888/1214 1670/842/1138 1609/759/1138
f 1610/890/1215 1669/840/1137 1608/757/1137
f 1752/891/927 1529/892/894 1560/893/927
f 1744/894/1216 1810/895/1217 1746/896/1217
f 1750/897/924 1560/893/927 1559/898/924
f 1718/899/1218 1784/900/1219 1720/901/1219
f 1558/902/923 1750/897/924 1559/898/924
f 1694/903/1220 1756/904/1221 1758/905/1220
f 1746/896/922 1558/902/923 1557/906/922
f 1747/516/1222 1809/907/1223 1745/514/1223
f 1744/894/921 1557/906/922 1556/908/921
f 1719/489/1224 1785/909/1225 1783/910/1224
f 1742/911/920 1556/908/921 1555/912/920
f 1693/464/1226 1759/913/1227 1757/914/1226
f 1554/915/919 1742/911/920 1555/912/920
f 1748/916/1228 1810/895/1217 1812/917/1228
f 1738/918/918 1554/915/919 1553/919/918
f 1722/920/1229 1784/900/1219 1786/921/1229
f 1736/922/917 1553/919/918 1552/923/917
f 1694/903/1220 1760/924/1230 1696/925/1230
f 1734/926/916 1552/923/917 1551/927/916
f 1749/517/1231 1811/928/1222 1747/516/1222
f 1732/929/915 1551/927/916 1550/930/915
f 1721/491/1225 1787/931/1232 1785/909/1225
f 1730/932/914 1550/930/915 1549/933/914
f 1697/468/1233 1759/913/1227 1695/466/1227
f 1728/934/913 1549/933/914 1548/935/913
f 1748/916/1228 1814/936/1234 1750/897/1234
f 1726/937/912 1548/935/913 1547/938/912
f 1722/920/1229 1788/939/1235 1724/940/1235
f 1724/940/911 1547/938/912 1546/941/911
f 1696/925/1230 1762/942/1236 1698/943/1236
f 1722/920/910 1546/941/911 1545/944/910
f 1749/517/1231 1815/945/1237 1813/946/1231
f 1544/947/909 1722/920/910 1545/944/910
f 1725/495/1238 1787/931/1232 1723/493/1232
f 1543/948/908 1720/901/909 1544/947/909
f 1699/470/1239 1761/949/1233 1697/468/1233
f 1542/950/907 1718/899/908 1543/948/908
f 1750/897/1234 1816/951/1240 1752/891/1240
f 1714/952/906 1542/950/907 1541/953/906
f 1724/940/1235 1790/954/1241 1726/937/1241
f 1712/955/905 1541/953/906 1540/956/905
f 1700/957/1242 1762/942/1236 1764/958/1242
f 1710/959/904 1540/956/905 1539/960/904
f 1690/462/1243 1815/945/1237 1751/522/1237
f 1708/961/903 1539/960/904 1538/962/903
f 1725/495/1238 1791/963/1244 1789/964/1238
f 1706/965/902 1538/962/903 1537/966/902
f 1701/471/1245 1763/967/1239 1699/470/1239
f 1536/968/901 1706/965/902 1537/966/902
f 1752/891/1240 1753/969/1246 1689/970/1246
f 1535/971/900 1704/972/901 1536/973/901
f 1726/937/1241 1792/974/1247 1728/934/1247
f 1700/957/899 1535/971/900 1534/975/899
f 1700/957/1242 1766/976/1248 1702/977/1248
f 1533/978/898 1700/957/899 1534/975/899
f 1729/499/1249 1791/963/1244 1727/497/1244
f 1696/925/897 1533/978/898 1532/979/897
f 1703/473/1250 1765/980/1245 1701/471/1245
f 1694/903/896 1532/979/897 1531/981/896
f 1728/934/1247 1794/982/1251 1730/932/1251
f 1530/983/895 1694/903/896 1531/981/896
f 1702/977/1248 1768/984/1252 1704/972/1252
f 1689/970/894 1530/983/895 1529/892/894
f 1731/501/1253 1793/985/1249 1729/499/1249
f 1816/986/927 1754/987/894 1753/988/894
f 1813/989/924 1816/986/927 1814/990/924
f 1811/991/923 1814/990/924 1812/992/923
f 1809/993/922 1812/992/923 1810/994/922
f 1807/995/921 1810/994/922 1808/996/921
f 1805/997/920 1808/996/921 1806/998/920
f 1803/999/919 1806/998/920 1804/1000/919
f 1801/1001/918 1804/1000/919 1802/1002/918
f 1799/1003/917 1802/1002/918 1800/1004/917
f 1797/1005/916 1800/1004/917 1798/1006/916
f 1795/1007/915 1798/1006/916 1796/1008/915
f 1793/1009/914 1796/1008/915 1794/1010/914
f 1791/1011/913 1794/1010/914 1792/1012/913
f 1789/1013/912 1792/1012/913 1790/1014/912
f 1787/1015/911 1790/1014/912 1788/1016/911
f 1785/1017/910 1788/1016/911 1786/1018/910
f 1783/1019/909 1786/1018/910 1784/1020/909
f 1781/1021/908 1784/1020/909 1782/1022/908
f 1779/1023/907 1782/1022/908 1780/1024/907
f 1777/1025/906 1780/1024/907 1778/1026/906
f 1775/1027/905 1778/1026/906 1776/1028/905
f 1773/1029/904 1776/1028/905 1774/1030/904
f 1771/1031/903 1774/1030/904 1772/1032/903
f 1769/1033/902 1772/1032/903 1770/1034/902
f 1767/1035/901 1770/1034/902 1768/1036/901
f 1765/1037/900 1768/1038/901 1766/1039/900
f 1763/1040/899 1766/1039/900 1764/1041/899
f 1761/1042/898 1764/1041/899 1762/1043/898
f 1759/1044/897 1762/1043/898 1760/1045/897
f 1757/1046/896 1760/1045/897 1758/1047/896
f 1755/1048/895 1758/1047/896 1756/1049/895
f 1754/987/894 1756/1049/895 1753/988/894
f 1691/461/1254 1757/914/1226 1755/1050/1254
f 1719/489/1224 1781/1051/1255 1717/487/1255
f 1745/514/1223 1807/1052/1256 1743/512/1256
f 1689/970/1246 1756/904/1221 1692/1053/1221
f 1716/1054/1257 1782/1055/1218 1718/899/1218
f 1742/911/1258 1808/1056/1216 1744/894/1216
f 1690/462/1243 1755/1050/1254 1754/1057/1243
f 1717/487/1255 1779/1058/1259 1715/486/1259
f 1741/510/1260 1807/1052/1256 1805/1059/1260
f 1716/1054/1257 1778/1060/1261 1780/1061/1257
f 1742/911/1258 1804/1062/1262 1806/1063/1258
f 1715/486/1259 1777/1064/1263 1713/484/1263
f 1739/508/1264 1805/1059/1260 1803/1065/1264
f 1712/955/1265 1778/1060/1261 1714/952/1261
f 1738/918/1266 1804/1062/1262 1740/1066/1262
f 1713/484/1263 1775/1067/1267 1711/482/1267
f 1737/506/1268 1803/1065/1264 1801/1068/1268
f 1712/955/1265 1774/1069/1269 1776/1070/1265
f 1738/918/1266 1800/1071/1270 1802/1072/1266
f 1709/480/1271 1775/1067/1267 1773/1073/1271
f 1737/506/1268 1799/1074/1272 1735/504/1272
f 1708/961/1273 1774/1069/1269 1710/959/1269
f 1734/926/1274 1800/1071/1270 1736/922/1270
f 1709/480/1271 1771/1075/1275 1707/478/1275
f 1733/502/1276 1799/1074/1272 1797/1076/1276
f 1706/965/1277 1772/1077/1273 1708/961/1273
f 1732/929/1278 1798/1078/1274 1734/926/1274
f 1705/475/1279 1771/1075/1275 1769/1079/1279
f 1733/502/1276 1795/1080/1253 1731/501/1253
f 1706/965/1277 1768/1081/1252 1770/1082/1277
f 1730/932/1251 1796/1083/1278 1732/929/1278
f 1703/476/1250 1769/1079/1279 1767/1084/1250
f 1428/1085/1280 1879/1086/1281 1430/1087/1281
f 1402/1088/205 1866/1089/1282 1404/1090/1282
f 1376/520/926 1853/1091/218 1378/1092/218
f 1430/1087/1281 1880/1093/1283 1432/1094/1283
f 1404/1090/1282 1867/1095/1284 1406/1096/1284
f 1378/1092/218 1854/1097/1285 1380/1098/1285
f 1432/1094/1283 1850/1099/405 1370/1100/405
f 1406/1096/1284 1868/1101/1286 1408/1102/1286
f 1380/1098/1285 1855/1103/1287 1382/1104/1287
f 1408/1102/1286 1869/1105/215 1410/1106/215
f 1382/1104/1287 1856/1107/1288 1384/1108/1288
f 1410/1106/215 1870/1109/1289 1412/1110/1289
f 1384/1111/1288 1857/1112/406 1386/1113/406
f 1412/1110/1289 1871/1114/1290 1414/1115/1290
f 1386/1113/406 1858/1116/1291 1388/1117/1291
f 1414/1115/1290 1872/1118/1292 1416/1119/1292
f 1388/1117/1291 1859/1120/1293 1390/1121/1293
f 1416/1119/1292 1873/1122/404 1418/1123/404
f 1390/1121/1293 1860/1124/1294 1392/1125/1294
f 1418/1123/404 1874/1126/1295 1420/1127/1295
f 1392/1125/1294 1861/1128/217 1394/1129/217
f 1420/1127/1295 1875/1130/1296 1422/1131/1296
f 1394/1129/217 1862/1132/1297 1396/1133/1297
f 1422/1131/1296 1876/1134/1298 1424/1135/1298
f 1396/1133/1297 1863/1136/1299 1398/1137/1299
f 1370/1100/405 1849/1138/1300 1372/1139/1300
f 1424/1135/1298 1877/1140/216 1426/1141/216
f 1398/1137/1299 1864/1142/1301 1400/1143/1301
f 1372/1139/1300 1851/1144/925 1374/518/925
f 1426/1141/216 1878/1145/1280 1428/1085/1280
f 1400/1143/1301 1865/1146/205 1402/1088/205
f 1817/1147/200 1850/1099/200 1818/1148/200
f 1817/1147/200 1851/1144/200 1849/1138/200
f 1820/1149/200 1851/1144/200 1819/1150/200
f 1820/1149/200 1853/1091/200 1852/519/200
f 1822/1151/200 1853/1091/200 1821/1152/200
f 1823/1153/200 1854/1097/200 1822/1151/200
f 1824/1154/200 1855/1103/200 1823/1153/200
f 1825/1155/200 1856/1156/200 1824/1157/200
f 1826/1158/200 1857/1112/200 1825/1155/200
f 1826/1158/200 1859/1120/200 1858/1116/200
f 1828/1159/200 1859/1120/200 1827/1160/200
f 1828/1159/200 1861/1128/200 1860/1124/200
f 1830/1161/200 1861/1128/200 1829/1162/200
f 1831/1163/200 1862/1132/200 1830/1161/200
f 1832/1164/200 1863/1136/200 1831/1163/200
f 1833/1165/200 1864/1142/200 1832/1164/200
f 1834/1166/200 1865/1146/200 1833/1165/200
f 1834/1166/200 1867/1095/200 1866/1089/200
f 1836/1167/200 1867/1095/200 1835/1168/200
f 1836/1167/200 1869/1105/200 1868/1101/200
f 1838/1169/200 1869/1105/200 1837/1170/200
f 1839/1171/200 1870/1109/200 1838/1169/200
f 1840/1172/200 1871/1114/200 1839/1171/200
f 1841/1173/200 1872/1118/200 1840/1172/200
f 1842/1174/200 1873/1122/200 1841/1173/200
f 1842/1174/200 1875/1130/200 1874/1126/200
f 1844/1175/200 1875/1130/200 1843/1176/200
f 1844/1175/200 1877/1140/200 1876/1134/200
f 1846/1177/200 1877/1140/200 1845/1178/200
f 1847/1179/200 1878/1145/200 1846/1177/200
f 1848/1180/200 1879/1086/200 1847/1179/200
f 1818/1148/200 1880/1093/200 1848/1180/200
f 1909/1181/216 1974/1182/1280 1910/1183/1280
f 1881/1184/200 1914/1185/200 1882/1186/200
f 1881/1184/200 1915/1187/200 1913/1188/200
f 1884/1189/200 1915/1187/200 1883/1190/200
f 1884/1189/200 1917/1191/200 1916/1192/200
f 1886/1193/200 1917/1191/200 1885/1194/200
f 1886/1193/200 1919/1195/200 1918/1196/200
f 1888/1197/200 1919/1195/200 1887/1198/200
f 1888/1197/200 1921/1199/200 1920/1200/200
f 1890/1201/200 1921/1199/200 1889/1202/200
f 1890/1201/200 1923/1203/200 1922/1204/200
f 1892/1205/200 1923/1203/200 1891/1206/200
f 1892/1205/200 1925/1207/200 1924/1208/200
f 1894/1209/200 1925/1207/200 1893/1210/200
f 1894/1209/200 1927/1211/200 1926/1212/200
f 1896/1213/200 1927/1211/200 1895/1214/200
f 1896/1213/200 1929/1215/200 1928/1216/200
f 1898/1217/200 1929/1215/200 1897/1218/200
f 1898/1217/200 1931/1219/200 1930/1220/200
f 1900/1221/200 1931/1219/200 1899/1222/200
f 1900/1221/200 1933/1223/200 1932/1224/200
f 1902/1225/200 1933/1223/200 1901/1226/200
f 1902/1225/200 1935/1227/200 1934/1228/200
f 1904/1229/200 1935/1227/200 1903/1230/200
f 1904/1229/200 1937/1231/200 1936/1232/200
f 1906/1233/200 1937/1231/200 1905/1234/200
f 1906/1233/200 1939/1235/200 1938/1236/200
f 1908/1237/200 1939/1235/200 1907/1238/200
f 1908/1237/200 1941/1239/200 1940/1240/200
f 1910/1241/200 1941/1239/200 1909/1242/200
f 1910/1241/200 1943/1243/200 1942/1244/200
f 1912/1245/200 1943/1243/200 1911/1246/200
f 1912/1245/200 1914/1185/200 1944/1247/200
f 1963/1248/200 1955/1249/200 1947/1250/200
f 1896/1251/1301 1961/1252/205 1897/1253/205
f 1884/1254/926 1947/1255/925 1948/1256/926
f 1911/1257/1281 1974/1182/1280 1975/1258/1281
f 1897/1253/205 1962/1259/1282 1898/1260/1282
f 1885/1261/218 1948/1256/926 1949/1262/218
f 1911/1257/1281 1976/1263/1283 1912/1264/1283
f 1898/1260/1282 1963/1265/1284 1899/1266/1284
f 1885/1261/218 1950/1267/1285 1886/1268/1285
f 1912/1264/1283 1946/1269/405 1882/1270/405
f 1899/1266/1284 1964/1271/1286 1900/1272/1286
f 1887/1273/1287 1950/1267/1285 1951/1274/1287
f 1900/1272/1286 1965/1275/215 1901/1276/215
f 1887/1273/1287 1952/1277/1288 1888/1278/1288
f 1901/1276/215 1966/1279/1289 1902/1280/1289
f 1888/1281/1288 1953/1282/406 1889/1283/406
f 1902/1280/1289 1967/1284/1290 1903/1285/1290
f 1889/1283/406 1954/1286/1291 1890/1287/1291
f 1903/1285/1290 1968/1288/1292 1904/1289/1292
f 1890/1287/1291 1955/1290/1293 1891/1291/1293
f 1905/1292/404 1968/1288/1292 1969/1293/404
f 1892/1294/1294 1955/1290/1293 1956/1295/1294
f 1905/1292/404 1970/1296/1295 1906/1297/1295
f 1892/1294/1294 1957/1298/217 1893/1299/217
f 1906/1297/1295 1971/1300/1296 1907/1301/1296
f 1893/1299/217 1958/1302/1297 1894/1303/1297
f 1908/1304/1298 1971/1300/1296 1972/1305/1298
f 1894/1303/1297 1959/1306/1299 1895/1307/1299
f 1882/1270/405 1945/1308/1300 1881/1309/1300
f 1909/1181/216 1972/1305/1298 1973/1310/216
f 1895/1307/1299 1960/1311/1301 1896/1251/1301
f 1881/1309/1300 1947/1255/925 1883/1312/925
f 1843/1313/1296 1940/1314/1298 1844/1315/1298
f 1829/1316/217 1926/1317/1297 1830/1318/1297
f 1842/1319/1295 1939/1320/1296 1843/1313/1296
f 1828/1321/1294 1925/1322/217 1829/1316/217
f 1841/1323/404 1938/1324/1295 1842/1319/1295
f 1827/1325/1293 1924/1326/1294 1828/1321/1294
f 1840/1327/1292 1937/1328/404 1841/1323/404
f 1826/1329/1291 1923/1330/1293 1827/1325/1293
f 1839/1331/1290 1936/1332/1292 1840/1327/1292
f 1825/1333/406 1922/1334/1291 1826/1329/1291
f 1838/1335/1289 1935/1336/1290 1839/1331/1290
f 1824/1337/1288 1921/1338/406 1825/1333/406
f 1837/1339/215 1934/1340/1289 1838/1335/1289
f 1823/1341/1287 1920/1342/1288 1824/1343/1288
f 1836/1344/1286 1933/1345/215 1837/1339/215
f 1823/1341/1287 1918/1346/1285 1919/1347/1287
f 1835/1348/1284 1932/1349/1286 1836/1344/1286
f 1818/1350/405 1944/1351/1283 1914/1352/405
f 1822/1353/1285 1917/1354/218 1918/1346/1285
f 1834/1355/1282 1931/1356/1284 1835/1348/1284
f 1847/1357/1281 1944/1351/1283 1848/1358/1283
f 1820/1359/926 1917/1354/218 1821/1360/218
f 1833/1361/205 1930/1362/1282 1834/1355/1282
f 1846/1363/1280 1943/1364/1281 1847/1357/1281
f 1819/1365/925 1916/1366/926 1820/1359/926
f 1832/1367/1301 1929/1368/205 1833/1361/205
f 1846/1363/1280 1941/1369/216 1942/1370/1280
f 1817/1371/1300 1915/1372/925 1819/1365/925
f 1831/1373/1299 1928/1374/1301 1832/1367/1301
f 1845/1375/216 1940/1314/1298 1941/1369/216
f 1818/1350/405 1913/1376/1300 1817/1371/1300
f 1830/1318/1297 1927/1377/1299 1831/1373/1299
f 1978/1378/1302 1979/1379/1303 1977/1380/1304
f 1980/1381/406 1981/1382/406 1979/1383/406
f 1982/1384/205 1983/1385/1305 1981/1382/1306
f 1984/1386/1307 1985/1387/1308 1983/1385/1308
f 1986/1388/1309 1977/1380/1310 1985/1387/1310
f 1985/1387/1308 1995/1389/1311 1983/1385/1308
f 1991/1390/1312 2000/1391/1312 1990/1391/1312
f 1979/1383/406 1994/1392/406 1993/1393/406
f 1977/1380/1310 1996/1394/1313 1985/1387/1310
f 1979/1379/1303 1992/1395/1314 1977/1380/1304
f 1981/1382/1306 1995/1389/1315 1994/1392/1315
f 1987/1396/209 1993/1397/209 1988/1398/209
f 1989/1399/209 1993/1397/209 1994/1400/209
f 1989/1399/209 1995/1401/209 1990/1391/209
f 1990/1391/209 1996/1402/209 1991/1390/209
f 1991/1390/209 1992/1403/209 1987/1396/209
f 1998/1398/209 2000/1391/209 2001/1390/209
f 1989/1399/404 1998/1398/404 1988/1398/404
f 1991/1390/1316 1997/1396/1316 2001/1390/1316
f 1990/1391/405 1999/1399/405 1989/1399/405
f 1988/1398/1317 1997/1396/1317 1987/1396/1317
f 2002/1404/1318 2005/1405/1319 2004/1406/1320
f 2005/1405/404 2006/1407/404 2004/1406/404
f 2007/1408/405 2008/1409/1321 2006/1407/1322
f 2009/1410/1312 2010/1411/1323 2008/1412/1323
f 2011/1413/1316 2002/1404/1324 2010/1411/1324
f 2010/1411/1323 2015/1414/1325 2008/1412/1323
f 2013/1415/209 2015/1416/209 2016/1417/209
f 2004/1406/404 2014/1418/404 2013/1419/404
f 2002/1404/1324 2016/1420/1326 2010/1411/1324
f 2004/1406/1320 2012/1421/1327 2002/1404/1318
f 2006/1407/1322 2015/1422/1328 2014/1418/1328
f 2018/1423/1329 2019/1406/1330 2017/1404/1331
f 2020/1405/205 2021/1407/205 2019/1406/205
f 2022/1408/404 2023/1409/1332 2021/1407/1333
f 2024/1410/1334 2025/1411/1335 2023/1412/1335
f 2026/1413/1336 2017/1404/1337 2025/1411/1337
f 2023/1412/1335 2031/1420/1338 2030/1414/1338
f 2028/1415/209 2030/1416/209 2031/1417/209
f 2019/1406/205 2029/1418/205 2028/1419/205
f 2017/1404/1337 2031/1420/1339 2025/1411/1337
f 2019/1406/1330 2027/1421/1340 2017/1404/1331
f 2021/1407/1333 2030/1422/1341 2029/1418/1341
f 2032/1404/1342 2035/1405/1343 2034/1406/1344
f 2035/1405/1345 2036/1407/1345 2034/1406/1345
f 2037/1408/1346 2038/1409/1347 2036/1407/1348
f 2039/1410/1349 2040/1411/1350 2038/1412/1350
f 2041/1413/1351 2032/1404/1352 2040/1411/1352
f 2040/1411/1350 2045/1414/1353 2038/1412/1350
f 2043/1415/209 2045/1416/209 2046/1417/209
f 2034/1406/1345 2044/1418/1345 2043/1419/1345
f 2040/1411/1352 2042/1421/1354 2046/1420/1354
f 2034/1406/1344 2042/1421/1355 2032/1404/1342
f 2036/1407/1348 2045/1422/1356 2044/1418/1356
f 2048/1423/1357 2049/1406/1358 2047/1404/1359
f 2050/1405/1360 2051/1407/1360 2049/1406/1360
f 2052/1408/1345 2053/1409/1361 2051/1407/1362
f 2054/1410/1363 2055/1411/1364 2053/1412/1364
f 2056/1413/1365 2047/1404/1366 2055/1411/1366
f 2055/1411/1364 2060/1414/1367 2053/1412/1364
f 2058/1415/209 2060/1416/209 2061/1417/209
f 2049/1406/1360 2059/1418/1360 2058/1419/1360
f 2047/1404/1366 2061/1420/1368 2055/1411/1366
f 2049/1406/1358 2057/1421/1369 2047/1404/1359
f 2051/1407/1362 2060/1422/1370 2059/1418/1370
f 2070/1424/1298 2124/1425/1296 2071/1426/1298
f 2123/1427/217 2063/1428/1297 2062/1429/1297
f 2125/1430/1296 2120/1431/1295 2124/1425/1296
f 2119/1432/1294 2122/1433/217 2123/1427/217
f 2117/1434/404 2120/1431/1295 2121/1435/1295
f 2115/1436/1293 2118/1437/1294 2119/1432/1294
f 2113/1438/1292 2116/1439/404 2117/1434/404
f 2111/1440/1291 2114/1441/1293 2115/1436/1293
f 2109/1442/1290 2112/1443/1292 2113/1438/1292
f 2107/1444/406 2110/1445/1291 2111/1440/1291
f 2105/1446/1289 2108/1447/1290 2109/1442/1290
f 2103/1448/1288 2106/1449/406 2107/1450/406
f 2101/1451/215 2104/1452/1289 2105/1446/1289
f 2099/1453/1287 2102/1454/1288 2103/1448/1288
f 2097/1455/1286 2100/1456/215 2101/1451/215
f 2099/1453/1287 2094/1457/1285 2098/1458/1287
f 2093/1459/1284 2096/1460/1286 2097/1455/1286
f 2066/1461/405 2090/1462/1283 2067/1463/405
f 2095/1464/1285 2088/1465/218 2094/1457/1285
f 2087/1466/1282 2092/1467/1284 2093/1468/1284
f 2085/1469/1281 2090/1462/1283 2091/1470/1283
f 2089/1471/218 2082/1472/926 2088/1465/218
f 2081/1473/205 2086/1474/1282 2087/1466/1282
f 2079/1475/1280 2084/1476/1281 2085/1469/1281
f 2083/1477/926 2076/1478/925 2082/1472/926
f 2075/1479/1301 2080/1480/205 2081/1473/205
f 2079/1475/1280 2072/1481/216 2078/1482/1280
f 2069/1483/1300 2076/1478/925 2077/1484/925
f 2065/1485/1299 2074/1486/1301 2075/1479/1301
f 2073/1487/216 2071/1426/1298 2072/1488/216
f 2069/1483/1300 2067/1463/405 2068/1489/1300
f 2062/1429/1297 2064/1490/1299 2065/1485/1299
f 2134/1491/1294 2216/1492/1293 2217/1493/1293
f 2127/1494/1280 2215/1495/216 2126/1496/1280
f 2240/1497/200 2188/1498/200 2184/1499/200
f 2147/1500/1371 2220/1501/1371 2146/1502/1371
f 2212/1503/1291 2181/1504/406 2213/1505/1291
f 2210/1506/1298 2179/1507/1296 2211/1508/1298
f 2180/1509/406 2177/1510/1288 2181/1511/406
f 2178/1512/1296 2175/1513/1295 2179/1507/1296
f 2176/1514/1288 2209/1515/1287 2177/1510/1288
f 2175/1513/1295 2206/1516/404 2207/1517/404
f 2245/1518/209 2185/1519/209 2189/1520/209
f 2218/1521/200 2150/1522/200 2144/1523/200
f 2204/1524/1285 2165/1525/218 2205/1526/1285
f 2202/1527/1292 2163/1528/1290 2203/1529/1292
f 2164/1530/218 2161/1531/926 2165/1525/218
f 2162/1532/1290 2159/1533/1289 2163/1528/1290
f 2160/1534/926 2157/1535/925 2161/1531/926
f 2131/1536/205 2201/1537/1301 2130/1538/205
f 2158/1539/1289 2199/1540/215 2159/1533/1289
f 2156/1541/925 2197/1542/1300 2157/1535/925
f 2219/1543/1372 2144/1544/1372 2145/1545/1372
f 2188/1546/1373 2245/1547/1373 2189/1548/1373
f 2225/1549/209 2145/1550/209 2151/1551/209
f 2195/1552/1299 2142/1553/1297 2143/1554/1297
f 2192/1555/1286 2141/1556/1284 2193/1557/1286
f 2190/1558/405 2139/1559/1283 2191/1560/405
f 2143/1554/1297 2136/1561/217 2137/1562/217
f 2141/1563/1284 2132/1564/1282 2133/1565/1282
f 2138/1566/1283 2129/1567/1281 2139/1559/1283
f 2137/1562/217 2135/1568/1294 2134/1491/1294
f 2132/1564/1282 2130/1538/205 2133/1565/1282
f 2128/1569/1281 2126/1496/1280 2129/1567/1281
f 2177/1570/209 2109/1571/209 2113/1572/209
f 2192/1573/200 2088/1574/200 2082/1575/200
f 2108/1576/200 2176/1577/200 2112/1578/200
f 2197/1579/209 2081/1580/209 2087/1581/209
f 2175/1582/209 2107/1583/209 2111/1584/209
f 2080/1585/200 2196/1586/200 2086/1587/200
f 2106/1588/200 2174/1589/200 2110/1590/200
f 2085/1591/209 2143/1592/209 2079/1593/209
f 2109/1571/209 2205/1594/209 2105/1595/209
f 2142/1596/200 2084/1597/200 2078/1598/200
f 2204/1599/200 2108/1576/200 2104/1600/200
f 2193/1601/209 2077/1602/209 2083/1603/209
f 2107/1583/209 2203/1604/209 2103/1605/209
f 2076/1606/200 2192/1573/200 2082/1575/200
f 2202/1607/200 2106/1588/200 2102/1608/200
f 2081/1580/209 2139/1609/209 2075/1610/209
f 2205/1594/209 2101/1611/209 2105/1595/209
f 2138/1612/200 2080/1585/200 2074/1613/200
f 2100/1614/200 2204/1599/200 2104/1600/200
f 2143/1592/209 2073/1615/209 2079/1593/209
f 2203/1604/209 2099/1616/209 2103/1605/209
f 2134/1617/209 2125/1618/209 2070/1619/209
f 2072/1620/200 2142/1596/200 2078/1598/200
f 2098/1621/200 2202/1607/200 2102/1608/200
f 2124/1622/200 2135/1623/200 2071/1624/200
f 2077/1602/209 2133/1625/209 2069/1626/209
f 2101/1611/209 2161/1627/209 2097/1628/209
f 2126/1629/209 2123/1630/209 2062/1631/209
f 2132/1632/200 2076/1606/200 2068/1633/200
f 2160/1634/200 2100/1614/200 2096/1635/200
f 2122/1636/200 2127/1637/200 2063/1638/200
f 2139/1609/209 2065/1639/209 2075/1610/209
f 2099/1616/209 2159/1640/209 2095/1641/209
f 2125/1618/209 2213/1642/209 2121/1643/209
f 2064/1644/200 2138/1612/200 2074/1613/200
f 2158/1645/200 2098/1621/200 2094/1646/200
f 2212/1647/200 2124/1622/200 2120/1648/200
f 2073/1615/209 2134/1617/209 2070/1619/209
f 2161/1627/209 2093/1649/209 2097/1628/209
f 2123/1630/209 2211/1650/209 2119/1651/209
f 2135/1623/200 2072/1620/200 2071/1624/200
f 2092/1652/200 2160/1634/200 2096/1635/200
f 2210/1653/200 2122/1636/200 2118/1654/200
f 2133/1625/209 2066/1655/209 2069/1626/209
f 2066/1655/209 2201/1656/209 2091/1657/209
f 2213/1642/209 2117/1658/209 2121/1643/209
f 2067/1659/200 2132/1632/200 2068/1633/200
f 2200/1660/200 2067/1659/200 2090/1661/200
f 2116/1662/200 2212/1647/200 2120/1648/200
f 2065/1639/209 2126/1629/209 2062/1631/209
f 2159/1640/209 2089/1663/209 2095/1641/209
f 2211/1650/209 2115/1664/209 2119/1651/209
f 2127/1637/200 2064/1644/200 2063/1638/200
f 2088/1574/200 2158/1645/200 2094/1646/200
f 2114/1665/200 2210/1653/200 2118/1654/200
f 2093/1649/209 2197/1579/209 2087/1581/209
f 2117/1658/209 2177/1570/209 2113/1572/209
f 2196/1586/200 2092/1652/200 2086/1587/200
f 2176/1577/200 2116/1662/200 2112/1578/200
f 2201/1656/209 2085/1591/209 2091/1657/209
f 2115/1664/209 2175/1582/209 2111/1584/209
f 2084/1597/200 2200/1660/200 2090/1661/200
f 2174/1589/200 2114/1665/200 2110/1590/200
f 2089/1663/209 2193/1601/209 2083/1603/209
f 2144/1666/1374 2191/1560/405 2145/1667/1374
f 2146/1502/1375 2193/1557/1286 2147/1500/1375
f 2148/1668/1376 2195/1552/1299 2149/1669/1376
f 2197/1542/1300 2150/1670/1374 2151/1671/1374
f 2199/1540/215 2152/1672/1375 2153/1673/1375
f 2201/1537/1301 2154/1674/1376 2155/1675/1376
f 2166/1676/1377 2203/1529/1292 2167/1677/1377
f 2168/1678/1378 2205/1526/1285 2169/1679/1378
f 2207/1517/404 2170/1680/1377 2171/1681/1377
f 2209/1515/1287 2172/1682/1378 2173/1683/1378
f 2210/1506/1298 2183/1684/1371 2182/1685/1371
f 2212/1503/1291 2185/1686/1379 2184/1687/1379
f 2215/1688/216 2186/1689/1371 2187/1690/1371
f 2217/1493/1293 2188/1691/1379 2189/1692/1379
f 2185/1686/1379 2217/1493/1293 2189/1692/1379
f 2216/1492/1293 2184/1687/1379 2188/1691/1379
f 2211/1508/1298 2187/1690/1371 2183/1684/1371
f 2186/1689/1371 2210/1506/1298 2182/1685/1371
f 2205/1526/1285 2173/1683/1378 2169/1679/1378
f 2172/1682/1378 2204/1524/1285 2168/1678/1378
f 2203/1529/1292 2171/1681/1377 2167/1677/1377
f 2206/1516/404 2166/1676/1377 2170/1680/1377
f 2195/1552/1299 2155/1675/1376 2149/1669/1376
f 2200/1693/1301 2148/1668/1376 2154/1674/1376
f 2193/1557/1286 2153/1673/1375 2147/1500/1375
f 2152/1672/1375 2192/1555/1286 2146/1502/1375
f 2191/1560/405 2151/1671/1374 2145/1667/1374
f 2196/1694/1300 2144/1666/1374 2150/1670/1374
f 2245/1695/1379 2240/1696/1379 2241/1697/1379
f 2242/1698/1371 2239/1699/1371 2243/1700/1371
f 2236/1701/1378 2233/1702/1378 2237/1703/1378
f 2234/1704/1377 2231/1705/1377 2235/1706/1377
f 2228/1707/1376 2223/1708/1376 2229/1709/1376
f 2227/1710/1375 2220/1501/1375 2221/1711/1375
f 2224/1712/1374 2219/1713/1374 2225/1714/1374
f 2223/1715/1380 2148/1716/1380 2149/1717/1380
f 2187/1718/209 2239/1719/209 2183/1720/209
f 2224/1721/1381 2151/1722/1381 2150/1723/1381
f 2182/1724/200 2242/1725/200 2186/1726/200
f 2152/1727/1382 2227/1728/1382 2153/1729/1382
f 2173/1730/209 2233/1731/209 2169/1732/209
f 2228/1733/1383 2155/1734/1383 2154/1735/1383
f 2168/1736/200 2236/1737/200 2172/1738/200
f 2231/1739/1384 2166/1740/1384 2167/1741/1384
f 2235/1742/209 2167/1743/209 2171/1744/209
f 2233/1745/1385 2168/1746/1385 2169/1747/1385
f 2166/1748/200 2234/1749/200 2170/1750/200
f 2234/1751/1386 2171/1752/1386 2170/1753/1386
f 2229/1754/209 2149/1755/209 2155/1756/209
f 2236/1701/1387 2173/1683/1387 2172/1682/1387
f 2148/1757/200 2228/1758/200 2154/1759/200
f 2239/1760/1388 2182/1761/1388 2183/1762/1388
f 2227/1763/209 2147/1764/209 2153/1765/209
f 2185/1686/1389 2240/1696/1389 2184/1687/1389
f 2220/1766/200 2152/1767/200 2146/1768/200
f 2242/1698/1375 2187/1690/1375 2186/1689/1375
f 2250/1769/200 2253/1770/200 2252/1771/200
f 2255/1772/406 2258/1773/406 2254/1774/406
f 2256/1775/404 2261/1776/404 2257/1777/404
f 2257/1778/405 2259/1779/405 2255/1780/405
f 2254/1781/205 2260/1782/205 2256/1783/205
f 2248/1784/209 2247/1785/209 2246/1786/209
f 2247/1785/209 2254/1787/209 2246/1786/209
f 2248/1784/209 2257/1788/209 2249/1789/209
f 2249/1789/209 2255/1790/209 2247/1785/209
f 2246/1786/209 2256/1791/209 2248/1784/209
f 2250/1769/200 2259/1792/200 2251/1793/200
f 2253/1770/200 2260/1794/200 2252/1771/200
f 2251/1793/200 2261/1795/200 2253/1770/200
f 2252/1771/200 2258/1796/200 2250/1769/200
f 2286/1797/1390 2280/1798/1390 2274/1799/1390
f 2286/1800/1391 2281/1801/1391 2287/1802/1391
f 2290/1803/221 2280/1798/221 2287/1804/221
f 2290/1805/219 2281/1801/219 2273/1806/219
f 2288/1807/222 2272/1808/222 2289/1809/222
f 2288/1810/220 2273/1806/220 2281/1801/220
f 2292/1811/409 2272/1808/409 2290/1803/409
f 2290/1805/407 2271/1812/407 2292/1813/407
f 2291/1814/410 2272/1808/410 2270/1815/410
f 2291/1816/408 2273/1806/408 2289/1817/408
f 2286/1797/222 2270/1815/222 2292/1811/222
f 2286/1800/220 2271/1812/220 2275/1818/220
f 2293/1819/1392 2274/1799/1392 2282/1820/1392
f 2293/1821/1393 2275/1818/1393 2294/1822/1393
f 2295/1823/221 2274/1799/221 2294/1824/221
f 2295/1825/219 2275/1818/219 2271/1812/219
f 2297/1826/409 2270/1815/409 2295/1823/409
f 2297/1827/407 2271/1812/407 2269/1828/407
f 2291/1814/410 2268/1829/410 2296/1830/410
f 2291/1816/408 2269/1828/408 2271/1812/408
f 2293/1819/222 2268/1829/222 2297/1826/222
f 2293/1821/220 2269/1828/220 2283/1831/220
f 2298/1832/221 2268/1829/221 2282/1820/221
f 2298/1833/219 2269/1828/219 2296/1834/219
f 2299/1835/1394 2264/1836/1394 2262/1837/1394
f 2299/1838/1395 2265/1839/1395 2302/1840/1395
f 2301/1841/1396 2262/1837/1397 2264/1836/1396
f 2301/1842/1398 2263/1843/1399 2300/1844/1399
f 2303/1845/221 2264/1836/221 2302/1846/221
f 2303/1847/219 2265/1839/219 2277/1848/219
f 2303/1845/1400 2284/1849/1400 2276/1850/1400
f 2303/1847/1401 2285/1851/1401 2304/1852/1401
f 2299/1835/222 2284/1849/222 2304/1853/222
f 2299/1838/220 2285/1851/220 2263/1843/220
f 2305/1854/221 2262/1837/221 2300/1855/221
f 2305/1856/219 2263/1843/219 2285/1851/219
f 2306/1857/1402 2276/1850/1402 2284/1849/1402
f 2306/1858/1403 2277/1848/1403 2307/1859/1403
f 2308/1860/221 2276/1850/221 2307/1861/221
f 2308/1862/219 2277/1848/219 2275/1818/219
f 2308/1860/1404 2282/1820/1404 2274/1799/1404
f 2308/1862/1405 2283/1831/1405 2309/1863/1405
f 2306/1857/222 2282/1820/222 2309/1864/222
f 2306/1858/220 2283/1831/220 2285/1851/220
f 2298/1832/221 2284/1849/221 2305/1854/221
f 2305/1856/219 2283/1831/219 2298/1833/219
f 2310/1865/1406 2266/1866/1406 2264/1836/1406
f 2310/1867/1407 2267/1868/1407 2312/1869/1407
f 2301/1841/1396 2266/1866/1408 2311/1870/1408
f 2301/1842/1398 2267/1868/1409 2265/1839/1398
f 2314/1871/221 2266/1866/221 2312/1872/221
f 2314/1873/219 2267/1868/219 2279/1874/219
f 2313/1875/222 2266/1866/222 2278/1876/222
f 2313/1877/220 2267/1868/220 2311/1878/220
f 2314/1871/1410 2276/1850/1410 2278/1876/1411
f 2314/1873/1412 2277/1848/1413 2315/1879/1413
f 2310/1865/222 2276/1850/222 2315/1880/222
f 2310/1867/220 2277/1848/220 2265/1839/220
f 2316/1881/1414 2278/1876/1414 2276/1850/1414
f 2316/1882/1415 2279/1874/1415 2317/1883/1415
f 2318/1884/221 2278/1876/221 2317/1885/221
f 2318/1886/219 2279/1874/219 2281/1801/219
f 2313/1875/222 2280/1798/222 2288/1807/222
f 2288/1810/220 2279/1874/220 2313/1877/220
f 2318/1884/1416 2274/1799/1416 2280/1798/1416
f 2318/1886/1417 2275/1818/1418 2319/1887/1418
f 2316/1881/222 2274/1799/222 2319/1888/222
f 2316/1882/220 2275/1818/220 2277/1848/220
f 2324/1769/200 2327/1770/200 2326/1771/200
f 2329/1772/1419 2332/1773/1419 2328/1774/1419
f 2330/1775/1420 2335/1776/1420 2331/1777/1420
f 2331/1778/1421 2333/1779/1421 2329/1780/1421
f 2328/1781/1422 2334/1782/1422 2330/1783/1422
f 2322/1784/209 2321/1785/209 2320/1786/209
f 2321/1785/209 2328/1787/209 2320/1786/209
f 2323/1789/209 2330/1791/209 2331/1788/209
f 2323/1789/209 2329/1790/209 2321/1785/209
f 2320/1786/209 2330/1791/209 2322/1784/209
f 2324/1769/200 2333/1792/200 2325/1793/200
f 2327/1770/200 2334/1794/200 2326/1771/200
f 2327/1770/200 2333/1792/200 2335/1795/200
f 2326/1771/200 2332/1796/200 2324/1769/200
f 2360/1797/1423 2354/1798/1423 2348/1799/1423
f 2360/1800/1424 2355/1801/1424 2361/1802/1424
f 2364/1803/1425 2354/1798/1425 2361/1804/1425
f 2364/1805/1426 2355/1801/1426 2347/1806/1426
f 2362/1807/1427 2346/1808/1427 2363/1809/1427
f 2362/1810/1428 2347/1806/1428 2355/1801/1428
f 2364/1803/1429 2344/1815/1429 2346/1808/1429
f 2364/1805/1430 2345/1812/1430 2366/1813/1430
f 2365/1814/1431 2346/1808/1431 2344/1815/1431
f 2365/1816/1432 2347/1806/1432 2363/1817/1432
f 2360/1797/1427 2344/1815/1427 2366/1811/1427
f 2360/1800/1428 2345/1812/1428 2349/1818/1428
f 2367/1819/1433 2348/1799/1433 2356/1820/1433
f 2367/1821/1434 2349/1818/1434 2368/1822/1434
f 2369/1823/1425 2348/1799/1425 2368/1824/1425
f 2369/1825/1426 2349/1818/1426 2345/1812/1426
f 2371/1826/1429 2344/1815/1429 2369/1823/1429
f 2369/1825/1430 2343/1828/1430 2371/1827/1430
f 2365/1814/1431 2342/1829/1431 2370/1830/1431
f 2365/1816/1432 2343/1828/1432 2345/1812/1432
f 2367/1819/1427 2342/1829/1427 2371/1826/1427
f 2367/1821/1428 2343/1828/1428 2357/1831/1428
f 2372/1832/1425 2342/1829/1425 2356/1820/1425
f 2372/1833/1426 2343/1828/1426 2370/1834/1426
f 2373/1835/1435 2338/1836/1435 2336/1837/1435
f 2373/1838/1436 2339/1839/1436 2376/1840/1436
f 2375/1841/1437 2336/1837/1438 2338/1836/1437
f 2375/1842/1439 2337/1843/1440 2374/1844/1440
f 2377/1845/1425 2338/1836/1425 2376/1846/1425
f 2377/1847/1426 2339/1839/1426 2351/1848/1426
f 2377/1845/1441 2358/1849/1442 2350/1850/1441
f 2377/1847/1443 2359/1851/1444 2378/1852/1444
f 2373/1835/1427 2358/1849/1427 2378/1853/1427
f 2373/1838/1428 2359/1851/1428 2337/1843/1428
f 2379/1854/1425 2336/1837/1425 2374/1855/1425
f 2379/1856/1426 2337/1843/1426 2359/1851/1426
f 2380/1857/1445 2350/1850/1446 2358/1849/1445
f 2380/1858/1447 2351/1848/1448 2381/1859/1448
f 2382/1860/1425 2350/1850/1425 2381/1861/1425
f 2382/1862/1426 2351/1848/1426 2349/1818/1426
f 2382/1860/1449 2356/1820/1449 2348/1799/1449
f 2382/1862/1450 2357/1831/1450 2383/1863/1450
f 2380/1857/1427 2356/1820/1427 2383/1864/1427
f 2380/1858/1428 2357/1831/1428 2359/1851/1428
f 2379/1854/1425 2356/1820/1425 2358/1849/1425
f 2379/1856/1426 2357/1831/1426 2372/1833/1426
f 2384/1865/1451 2340/1866/1451 2338/1836/1451
f 2384/1867/1452 2341/1868/1452 2386/1869/1452
f 2375/1841/1437 2340/1866/1453 2385/1870/1453
f 2375/1842/1439 2341/1868/1454 2339/1839/1439
f 2388/1871/1425 2340/1866/1425 2386/1872/1425
f 2388/1873/1426 2341/1868/1426 2353/1874/1426
f 2387/1875/1427 2340/1866/1427 2352/1876/1427
f 2387/1877/1428 2341/1868/1428 2385/1878/1428
f 2388/1871/1455 2350/1850/1455 2352/1876/1455
f 2388/1873/1456 2351/1848/1457 2389/1879/1457
f 2384/1865/1427 2350/1850/1427 2389/1880/1427
f 2384/1867/1428 2351/1848/1428 2339/1839/1428
f 2390/1881/1458 2352/1876/1458 2350/1850/1458
f 2390/1882/1459 2353/1874/1460 2391/1883/1460
f 2392/1884/1425 2352/1876/1425 2391/1885/1425
f 2392/1886/1426 2353/1874/1426 2355/1801/1426
f 2387/1875/1427 2354/1798/1427 2362/1807/1427
f 2362/1810/1428 2353/1874/1428 2387/1877/1428
f 2392/1884/1461 2348/1799/1461 2354/1798/1461
f 2392/1886/1462 2349/1818/1462 2393/1887/1462
f 2390/1881/1427 2348/1799/1427 2393/1888/1427
f 2390/1882/1428 2349/1818/1428 2351/1848/1428
f 2400/1771/200 2399/1793/200 2401/1770/200
f 2403/1772/1463 2406/1773/1463 2402/1774/1463
f 2404/1775/1464 2409/1776/1464 2405/1777/1464
f 2405/1778/1465 2407/1779/1465 2403/1780/1465
f 2402/1781/1466 2408/1782/1466 2404/1783/1466
f 2394/1786/209 2397/1789/209 2395/1785/209
f 2395/1785/209 2402/1787/209 2394/1786/209
f 2396/1784/209 2405/1788/209 2397/1789/209
f 2397/1789/209 2403/1790/209 2395/1785/209
f 2394/1786/209 2404/1791/209 2396/1784/209
f 2398/1769/200 2407/1792/200 2399/1793/200
f 2400/1771/200 2409/1795/200 2408/1794/200
f 2401/1770/200 2407/1792/200 2409/1795/200
f 2398/1769/200 2408/1794/200 2406/1796/200
f 2434/1797/1467 2428/1798/1467 2422/1799/1467
f 2434/1800/1468 2429/1801/1468 2435/1802/1468
f 2438/1803/1469 2428/1798/1469 2435/1804/1469
f 2438/1805/1470 2429/1801/1471 2421/1806/1470
f 2436/1807/1472 2420/1808/1472 2437/1809/1472
f 2436/1810/1473 2421/1806/1474 2429/1801/1473
f 2440/1811/1475 2420/1808/1475 2438/1803/1475
f 2440/1813/1476 2421/1806/1476 2419/1812/1476
f 2439/1814/1477 2420/1808/1477 2418/1815/1477
f 2439/1816/1478 2421/1806/1478 2437/1817/1478
f 2434/1797/1472 2418/1815/1479 2440/1811/1479
f 2434/1800/1473 2419/1812/1474 2423/1818/1473
f 2441/1819/1480 2422/1799/1480 2430/1820/1480
f 2441/1821/1481 2423/1818/1481 2442/1822/1481
f 2443/1823/1469 2422/1799/1469 2442/1824/1469
f 2443/1825/1470 2423/1818/1471 2419/1812/1470
f 2445/1826/1475 2418/1815/1475 2443/1823/1475
f 2443/1825/1476 2417/1828/1476 2445/1827/1476
f 2439/1814/1477 2416/1829/1477 2444/1830/1477
f 2439/1816/1478 2417/1828/1482 2419/1812/1478
f 2441/1819/1472 2416/1829/1479 2445/1826/1479
f 2441/1821/1473 2417/1828/1474 2431/1831/1473
f 2446/1832/1469 2416/1829/1469 2430/1820/1469
f 2446/1833/1471 2417/1828/1471 2444/1834/1471
f 2447/1835/1483 2412/1836/1483 2410/1837/1483
f 2447/1838/1484 2413/1839/1484 2450/1840/1484
f 2449/1841/1485 2410/1837/1486 2412/1836/1485
f 2449/1842/1487 2411/1843/1488 2448/1844/1488
f 2451/1845/1469 2412/1836/1469 2450/1846/1469
f 2451/1847/1470 2413/1839/1471 2425/1848/1470
f 2451/1845/1489 2432/1849/1489 2424/1850/1489
f 2451/1847/1490 2433/1851/1491 2452/1852/1491
f 2447/1835/1472 2432/1849/1472 2452/1853/1472
f 2447/1838/1473 2433/1851/1474 2411/1843/1473
f 2453/1854/1492 2410/1837/1492 2448/1855/1492
f 2453/1856/1470 2411/1843/1471 2433/1851/1470
f 2454/1857/1493 2424/1850/1494 2432/1849/1493
f 2454/1858/1495 2425/1848/1496 2455/1859/1496
f 2456/1860/1469 2424/1850/1469 2455/1861/1469
f 2456/1862/1470 2425/1848/1471 2423/1818/1470
f 2456/1860/1497 2430/1820/1497 2422/1799/1497
f 2456/1862/1498 2431/1831/1498 2457/1863/1498
f 2454/1857/1472 2430/1820/1472 2457/1864/1472
f 2454/1858/1473 2431/1831/1474 2433/1851/1473
f 2446/1832/1469 2432/1849/1469 2453/1854/1492
f 2453/1856/1470 2431/1831/1471 2446/1833/1471
f 2458/1865/1499 2414/1866/1499 2412/1836/1499
f 2458/1867/1500 2415/1868/1500 2460/1869/1500
f 2449/1841/1485 2414/1866/1501 2459/1870/1501
f 2449/1842/1487 2415/1868/1502 2413/1839/1487
f 2462/1871/1469 2414/1866/1469 2460/1872/1469
f 2462/1873/1471 2415/1868/1471 2427/1874/1471
f 2461/1875/1472 2414/1866/1503 2426/1876/1472
f 2461/1877/1474 2415/1868/1474 2459/1878/1474
f 2462/1871/1504 2424/1850/1504 2426/1876/1504
f 2462/1873/1505 2425/1848/1506 2463/1879/1506
f 2458/1865/1472 2424/1850/1472 2463/1880/1472
f 2458/1867/1473 2425/1848/1474 2413/1839/1473
f 2464/1881/1507 2426/1876/1508 2424/1850/1507
f 2464/1882/1509 2427/1874/1509 2465/1883/1510
f 2466/1884/1469 2426/1876/1469 2465/1885/1469
f 2466/1886/1471 2427/1874/1471 2429/1801/1471
f 2436/1807/1472 2426/1876/1472 2428/1798/1472
f 2436/1810/1473 2427/1874/1474 2461/1877/1474
f 2466/1884/1511 2422/1799/1511 2428/1798/1511
f 2466/1886/1512 2423/1818/1512 2467/1887/1512
f 2464/1881/1472 2422/1799/1472 2467/1888/1472
f 2464/1882/1474 2423/1818/1474 2425/1848/1474
f 2472/1769/200 2475/1770/200 2474/1771/200
f 2477/1772/1513 2480/1773/1513 2476/1774/1513
f 2478/1775/1336 2483/1776/1336 2479/1777/1336
f 2479/1778/1316 2481/1779/1316 2477/1780/1316
f 2476/1781/1309 2482/1782/1309 2478/1783/1309
f 2470/1784/209 2469/1785/209 2468/1786/209
f 2468/1786/209 2477/1790/209 2476/1787/209
f 2470/1784/209 2479/1788/209 2471/1789/209
f 2471/1789/209 2477/1790/209 2469/1785/209
f 2470/1784/209 2476/1787/209 2478/1791/209
f 2472/1769/200 2481/1792/200 2473/1793/200
f 2474/1771/200 2483/1795/200 2482/1794/200
f 2475/1770/200 2481/1792/200 2483/1795/200
f 2474/1771/200 2480/1796/200 2472/1769/200
f 2508/1797/1514 2502/1798/1514 2496/1799/1514
f 2508/1800/1515 2503/1801/1515 2509/1802/1515
f 2512/1803/1516 2502/1798/1516 2509/1804/1516
f 2512/1805/1517 2503/1801/1518 2495/1806/1517
f 2510/1807/1519 2494/1808/1520 2511/1809/1520
f 2510/1810/1521 2495/1806/1522 2503/1801/1521
f 2512/1803/1523 2492/1815/1524 2494/1808/1523
f 2512/1805/1525 2493/1812/1526 2514/1813/1526
f 2513/1814/1527 2494/1808/1527 2492/1815/1527
f 2513/1816/1528 2495/1806/1529 2511/1817/1529
f 2508/1797/1520 2492/1815/1520 2514/1811/1520
f 2508/1800/1521 2493/1812/1522 2497/1818/1521
f 2515/1819/1530 2496/1799/1530 2504/1820/1530
f 2515/1821/1531 2497/1818/1532 2516/1822/1532
f 2517/1823/1516 2496/1799/1516 2516/1824/1516
f 2517/1825/1517 2497/1818/1518 2493/1812/1517
f 2517/1823/1524 2490/1829/1523 2492/1815/1524
f 2517/1825/1526 2491/1828/1525 2519/1827/1525
f 2513/1814/1527 2490/1829/1527 2518/1830/1527
f 2513/1816/1528 2491/1828/1528 2493/1812/1528
f 2515/1819/1520 2490/1829/1520 2519/1826/1520
f 2515/1821/1521 2491/1828/1522 2505/1831/1521
f 2520/1832/1516 2490/1829/1516 2504/1820/1516
f 2520/1833/1518 2491/1828/1518 2518/1834/1518
f 2521/1835/1533 2486/1836/1533 2484/1837/1533
f 2521/1838/1534 2487/1839/1534 2524/1840/1534
f 2523/1841/1535 2484/1837/1536 2486/1836/1535
f 2523/1842/1537 2485/1843/1538 2522/1844/1538
f 2525/1845/1516 2486/1836/1516 2524/1846/1516
f 2525/1847/1518 2487/1839/1518 2499/1848/1518
f 2525/1845/1539 2506/1849/1539 2498/1850/1539
f 2525/1847/1540 2507/1851/1540 2526/1852/1540
f 2521/1835/1520 2506/1849/1520 2526/1853/1520
f 2521/1838/1521 2507/1851/1522 2485/1843/1521
f 2527/1854/1516 2484/1837/1516 2522/1855/1516
f 2527/1856/1517 2485/1843/1518 2507/1851/1517
f 2528/1857/1541 2498/1850/1541 2506/1849/1541
f 2528/1858/1542 2499/1848/1542 2529/1859/1542
f 2530/1860/1516 2498/1850/1516 2529/1861/1516
f 2530/1862/1517 2499/1848/1518 2497/1818/1517
f 2530/1860/1543 2504/1820/1543 2496/1799/1543
f 2530/1862/1544 2505/1831/1544 2531/1863/1544
f 2528/1857/1520 2504/1820/1520 2531/1864/1520
f 2528/1858/1521 2505/1831/1522 2507/1851/1521
f 2520/1832/1516 2506/1849/1516 2527/1854/1516
f 2527/1856/1517 2505/1831/1518 2520/1833/1518
f 2532/1865/1545 2488/1866/1546 2486/1836/1545
f 2532/1867/1547 2489/1868/1547 2534/1869/1548
f 2523/1841/1535 2488/1866/1549 2533/1870/1549
f 2523/1842/1537 2489/1868/1550 2487/1839/1551
f 2536/1871/1516 2488/1866/1516 2534/1872/1516
f 2536/1873/1517 2489/1868/1518 2501/1874/1517
f 2535/1875/1520 2488/1866/1520 2500/1876/1520
f 2535/1877/1522 2489/1868/1522 2533/1878/1522
f 2536/1871/1552 2498/1850/1552 2500/1876/1552
f 2536/1873/1553 2499/1848/1553 2537/1879/1553
f 2532/1865/1520 2498/1850/1520 2537/1880/1520
f 2532/1867/1522 2499/1848/1522 2487/1839/1522
f 2538/1881/1554 2500/1876/1554 2498/1850/1554
f 2538/1882/1555 2501/1874/1555 2539/1883/1555
f 2540/1884/1516 2500/1876/1516 2539/1885/1516
f 2540/1886/1518 2501/1874/1518 2503/1801/1518
f 2535/1875/1520 2502/1798/1519 2510/1807/1519
f 2510/1810/1521 2501/1874/1522 2535/1877/1522
f 2540/1884/1556 2496/1799/1556 2502/1798/1556
f 2540/1886/1557 2497/1818/1557 2541/1887/1557
f 2538/1881/1520 2496/1799/1520 2541/1888/1520
f 2538/1882/1522 2497/1818/1522 2499/1848/1522
f 2548/1771/200 2547/1793/200 2549/1770/200
f 2551/1772/1558 2554/1773/1558 2550/1774/1558
f 2552/1775/1334 2557/1776/1334 2553/1777/1334
f 2553/1778/1312 2555/1779/1312 2551/1780/1312
f 2550/1781/1307 2556/1782/1307 2552/1783/1307
f 2544/1784/209 2543/1785/209 2542/1786/209
f 2542/1786/209 2551/1790/209 2550/1787/209
f 2545/1789/209 2552/1791/209 2553/1788/209
f 2545/1789/209 2551/1790/209 2543/1785/209
f 2542/1786/209 2552/1791/209 2544/1784/209
f 2546/1769/200 2555/1792/200 2547/1793/200
f 2549/1770/200 2556/1794/200 2548/1771/200
f 2547/1793/200 2557/1795/200 2549/1770/200
f 2548/1771/200 2554/1796/200 2546/1769/200
f 2582/1797/1559 2576/1798/1559 2570/1799/1559
f 2582/1800/1560 2577/1801/1560 2583/1802/1560
f 2586/1803/1561 2576/1798/1561 2583/1804/1561
f 2586/1805/1562 2577/1801/1562 2569/1806/1562
f 2584/1807/1563 2568/1808/1563 2585/1809/1563
f 2584/1810/1564 2569/1806/1564 2577/1801/1564
f 2586/1803/1565 2566/1815/1565 2568/1808/1565
f 2586/1805/1566 2567/1812/1566 2588/1813/1566
f 2587/1814/1567 2568/1808/1567 2566/1815/1567
f 2587/1816/1568 2569/1806/1568 2585/1817/1568
f 2582/1797/1563 2566/1815/1563 2588/1811/1563
f 2582/1800/1564 2567/1812/1564 2571/1818/1564
f 2589/1819/1569 2570/1799/1569 2578/1820/1569
f 2589/1821/1570 2571/1818/1570 2590/1822/1570
f 2591/1823/1561 2570/1799/1561 2590/1824/1561
f 2591/1825/1562 2571/1818/1562 2567/1812/1562
f 2593/1826/1565 2566/1815/1565 2591/1823/1565
f 2591/1825/1566 2565/1828/1566 2593/1827/1566
f 2587/1814/1567 2564/1829/1567 2592/1830/1567
f 2587/1816/1568 2565/1828/1568 2567/1812/1568
f 2589/1819/1563 2564/1829/1563 2593/1826/1563
f 2589/1821/1564 2565/1828/1564 2579/1831/1564
f 2594/1832/1561 2564/1829/1561 2578/1820/1561
f 2594/1833/1562 2565/1828/1562 2592/1834/1562
f 2595/1835/1571 2560/1836/1571 2558/1837/1571
f 2595/1838/1572 2561/1839/1572 2598/1840/1572
f 2597/1841/1573 2558/1837/1574 2560/1836/1573
f 2597/1842/1575 2559/1843/1576 2596/1844/1576
f 2599/1845/1561 2560/1836/1561 2598/1846/1561
f 2599/1847/1562 2561/1839/1562 2573/1848/1562
f 2599/1845/1577 2580/1849/1577 2572/1850/1577
f 2599/1847/1578 2581/1851/1578 2600/1852/1578
f 2595/1835/1563 2580/1849/1563 2600/1853/1563
f 2595/1838/1564 2581/1851/1564 2559/1843/1564
f 2601/1854/1561 2558/1837/1561 2596/1855/1561
f 2601/1856/1562 2559/1843/1562 2581/1851/1562
f 2602/1857/1579 2572/1850/1579 2580/1849/1579
f 2602/1858/1580 2573/1848/1580 2603/1859/1580
f 2604/1860/1561 2572/1850/1561 2603/1861/1561
f 2604/1862/1562 2573/1848/1562 2571/1818/1562
f 2604/1860/1581 2578/1820/1581 2570/1799/1581
f 2604/1862/1582 2579/1831/1583 2605/1863/1583
f 2602/1857/1563 2578/1820/1563 2605/1864/1563
f 2602/1858/1564 2579/1831/1564 2581/1851/1564
f 2594/1832/1561 2580/1849/1561 2601/1854/1561
f 2601/1856/1562 2579/1831/1562 2594/1833/1562
f 2606/1865/1584 2562/1866/1584 2560/1836/1584
f 2606/1867/1585 2563/1868/1585 2608/1869/1585
f 2597/1841/1573 2562/1866/1586 2607/1870/1586
f 2597/1842/1575 2563/1868/1587 2561/1839/1575
f 2610/1871/1561 2562/1866/1561 2608/1872/1561
f 2610/1873/1562 2563/1868/1562 2575/1874/1562
f 2609/1875/1563 2562/1866/1563 2574/1876/1563
f 2609/1877/1564 2563/1868/1564 2607/1878/1564
f 2610/1871/1588 2572/1850/1588 2574/1876/1588
f 2610/1873/1589 2573/1848/1589 2611/1879/1589
f 2606/1865/1563 2572/1850/1563 2611/1880/1563
f 2606/1867/1564 2573/1848/1564 2561/1839/1564
f 2612/1881/1590 2574/1876/1591 2572/1850/1590
f 2612/1882/1592 2575/1874/1592 2613/1883/1592
f 2614/1884/1561 2574/1876/1561 2613/1885/1561
f 2614/1886/1562 2575/1874/1562 2577/1801/1562
f 2609/1875/1563 2576/1798/1563 2584/1807/1563
f 2584/1810/1564 2575/1874/1564 2609/1877/1564
f 2614/1884/1593 2570/1799/1593 2576/1798/1593
f 2614/1886/1594 2571/1818/1594 2615/1887/1594
f 2612/1881/1563 2570/1799/1563 2615/1888/1563
f 2612/1882/1564 2571/1818/1564 2573/1848/1564
f 2/1/1 4/4/2 3/2/2
f 4/4/3 8/16/3 7/5/3
f 6/6/4 12/14/5 9/7/5
f 5/9/7 6/18/7 2/1/7
f 7/10/8 5/22/8 1/11/8
f 4/13/6 2/1889/6 6/6/4
f 12/14/5 16/1890/9 13/15/9
f 8/16/10 9/23/10 10/17/10
f 6/18/11 5/9/11 11/19/11
f 7/10/8 10/27/12 11/21/12
f 9/23/13 13/1891/1595 14/24/14
f 12/20/16 11/19/1596 15/25/17
f 10/27/12 14/109/19 15/28/19
f 13/29/20 16/115/20 15/30/20
f 36/34/21 33/1892/1597 34/1893/21
f 34/1893/21 41/114/21 40/32/21
f 40/32/21 39/1894/21 38/33/21
f 38/33/21 37/1895/1598 36/34/21
f 36/34/21 34/1893/21 40/32/21
f 30/35/22 46/68/22 47/36/22
f 32/38/23 31/110/22 47/39/22
f 32/38/23 48/40/24 35/41/22
f 26/43/23 25/42/22 35/41/22
f 24/45/1599 32/85/1599 25/46/1599
f 31/48/26 32/85/26 24/45/26
f 22/50/27 30/86/27 31/51/27
f 29/53/28 30/86/28 22/50/29
f 20/55/30 28/87/30 29/53/30
f 27/56/31 28/87/31 20/55/31
f 26/58/32 27/56/32 19/57/32
f 25/46/33 26/58/33 18/59/33
f 34/60/34 33/61/34 42/44/34
f 33/61/32 36/63/32 43/62/32
f 36/63/31 37/111/31 44/64/31
f 44/64/35 37/111/35 38/65/35
f 45/66/29 38/65/29 39/67/29
f 39/67/27 40/112/27 47/36/27
f 40/32/26 41/114/26 48/40/26
f 48/40/25 41/114/25 34/60/25
f 29/69/22 45/66/22 46/68/22
f 29/69/22 28/70/24 44/64/24
f 28/70/24 27/71/22 43/62/22
f 27/71/22 26/43/23 42/44/23
f 66/74/21 65/1896/1598 68/1897/21
f 68/1897/21 69/1898/1597 70/72/21
f 70/72/21 71/1899/1600 72/73/21
f 72/73/21 73/99/21 66/74/21
f 66/74/21 68/1897/21 70/72/21
f 79/75/22 78/98/22 62/76/22
f 64/78/22 80/82/22 79/79/22
f 57/81/22 67/84/22 80/82/22
f 58/83/23 74/88/23 67/84/22
f 49/47/28 57/46/28 64/85/28
f 56/45/27 64/85/27 63/48/27
f 54/50/26 55/52/26 63/51/26
f 54/50/1599 62/86/1599 61/53/1599
f 52/55/33 53/54/33 61/53/33
f 51/57/32 52/55/32 60/87/32
f 51/57/31 59/56/31 58/58/31
f 50/59/30 58/58/30 57/46/30
f 74/88/35 65/91/35 66/89/35
f 75/90/31 68/93/31 65/91/31
f 76/92/32 69/95/32 68/93/32
f 76/92/34 77/96/34 70/94/34
f 77/96/25 78/98/25 71/97/25
f 79/75/26 72/113/26 71/97/26
f 80/82/27 73/99/27 72/73/27
f 67/84/29 66/89/29 73/99/29
f 78/98/22 77/96/22 61/100/22
f 61/100/22 77/96/22 76/92/24
f 60/101/24 76/92/24 75/90/22
f 59/102/22 75/90/22 74/88/23
f 82/1/36 84/4/37 83/2/37
f 84/4/38 88/16/38 87/5/38
f 86/103/39 92/107/44 89/104/40
f 85/9/42 86/18/42 82/1/42
f 87/10/43 85/22/43 81/11/43
f 84/106/41 82/1900/39 86/103/39
f 92/107/44 96/1901/45 93/108/45
f 88/16/46 89/23/46 90/17/46
f 86/18/47 85/9/47 91/19/47
f 87/10/43 90/27/48 91/21/48
f 89/23/49 93/1891/1601 94/24/50
f 92/20/52 91/19/1602 95/25/53
f 91/21/48 90/27/48 94/109/55
f 93/29/56 96/115/56 95/30/56
f 116/34/57 113/1892/57 114/1893/57
f 114/1893/57 121/114/57 120/32/57
f 120/32/57 119/1894/1603 118/33/57
f 118/33/57 117/1895/57 116/34/57
f 116/34/57 114/1893/57 120/32/57
f 111/37/58 110/35/59 126/68/59
f 111/110/58 127/39/58 128/40/58
f 105/42/60 112/38/59 128/40/58
f 105/42/60 115/41/60 122/44/61
f 112/85/62 105/46/62 97/47/62
f 103/49/71 111/48/71 112/85/71
f 110/86/64 111/51/64 103/52/64
f 101/54/65 109/53/65 110/86/65
f 108/87/66 109/53/66 101/54/66
f 99/57/67 107/56/67 108/87/67
f 106/58/68 107/56/68 99/57/68
f 105/46/69 106/58/69 98/59/69
f 115/41/69 114/60/69 113/61/69
f 113/61/68 116/63/68 123/62/68
f 123/62/70 116/63/70 117/111/70
f 124/64/66 117/111/66 118/65/66
f 118/65/65 119/67/65 126/68/65
f 126/68/64 119/67/64 120/112/64
f 120/32/63 121/114/63 128/40/71
f 128/40/62 121/114/62 114/60/62
f 109/69/73 125/66/74 126/68/59
f 109/69/73 108/70/74 124/64/74
f 108/70/74 107/71/74 123/62/58
f 106/43/58 122/44/61 123/62/58
f 146/74/57 145/1896/1603 148/1897/57
f 148/1897/57 149/1898/57 150/72/57
f 150/72/57 151/1899/57 152/73/57
f 152/73/57 153/99/57 146/74/57
f 146/74/57 148/1897/57 150/72/57
f 159/75/58 158/98/58 142/76/58
f 144/78/58 160/82/58 159/79/58
f 137/81/60 147/84/60 160/82/58
f 154/88/59 147/84/60 137/81/60
f 136/45/75 129/47/75 137/46/65
f 136/45/64 144/85/64 143/48/64
f 134/50/63 135/52/63 143/51/63
f 134/50/72 142/86/72 141/53/72
f 132/55/69 133/54/69 141/53/76
f 131/57/68 132/55/68 140/87/68
f 130/59/67 131/57/67 139/56/67
f 130/59/66 138/58/66 137/46/66
f 154/88/66 145/91/66 146/89/66
f 155/90/67 148/93/67 145/91/67
f 155/90/68 156/92/68 149/95/68
f 157/96/69 150/94/69 149/95/69
f 158/98/62 151/97/62 150/94/62
f 158/98/63 159/75/63 152/113/63
f 160/82/64 153/99/64 152/73/64
f 160/82/65 147/84/65 146/89/65
f 142/76/58 158/98/58 157/96/60
f 157/96/60 156/92/58 140/101/58
f 156/92/58 155/90/78 139/102/77
f 155/90/78 154/88/59 138/83/59
f 161/3/79 162/1/79 164/4/79
f 164/4/80 168/16/80 167/5/80
f 168/8/81 166/6/81 172/14/82
f 165/9/83 166/18/83 162/1/83
f 167/10/84 165/22/84 161/11/84
f 164/13/81 162/1889/81 166/6/81
f 172/14/82 176/1890/85 173/15/85
f 168/16/86 169/23/86 170/17/86
f 166/18/87 165/9/87 171/19/87
f 167/10/84 170/27/88 171/21/88
f 169/23/89 173/1891/1604 174/24/90
f 172/20/92 171/19/1605 175/25/93
f 170/27/88 174/109/95 175/28/95
f 173/29/96 176/115/96 175/30/96
f 196/34/97 193/1892/97 194/1893/97
f 194/1893/97 201/114/97 200/32/97
f 200/32/97 199/1894/97 198/33/97
f 198/33/97 197/1895/97 196/34/97
f 196/34/97 194/1893/97 200/32/97
f 190/35/98 206/68/98 207/36/99
f 191/110/99 207/39/99 208/40/100
f 192/38/100 208/40/100 195/41/99
f 186/43/101 185/42/99 195/41/99
f 192/85/103 185/46/103 177/47/104
f 191/48/105 192/85/105 184/45/105
f 190/86/106 191/51/106 183/52/106
f 181/54/107 189/53/107 190/86/107
f 188/87/108 189/53/108 181/54/108
f 187/56/109 188/87/109 180/55/109
f 178/59/110 186/58/110 187/56/110
f 177/47/1606 185/46/1606 186/58/1606
f 195/41/111 194/60/111 193/61/111
f 202/44/110 193/61/110 196/63/110
f 203/62/109 196/63/109 197/111/109
f 204/64/108 197/111/108 198/65/108
f 205/66/107 198/65/107 199/67/107
f 206/68/106 199/67/106 200/112/106
f 207/39/105 200/32/105 201/114/105
f 208/40/104 201/114/104 194/60/104
f 189/69/112 205/66/112 206/68/98
f 189/69/112 188/70/99 204/64/112
f 188/70/99 187/71/114 203/62/113
f 187/71/114 186/43/101 202/44/102
f 226/74/97 225/1896/1607 228/1897/97
f 228/1897/97 229/1898/1607 230/72/97
f 230/72/97 231/1899/97 232/73/97
f 232/73/97 233/99/97 226/74/97
f 226/74/97 228/1897/97 230/72/97
f 223/77/99 239/75/100 238/98/115
f 240/82/112 239/79/100 223/80/99
f 217/81/112 227/84/112 240/82/112
f 218/83/116 234/88/99 227/84/112
f 216/45/117 209/47/117 217/46/107
f 215/49/106 216/45/106 224/85/106
f 214/50/105 215/52/105 223/51/118
f 214/50/104 222/86/104 221/53/104
f 213/54/111 221/53/111 220/87/111
f 212/55/110 220/87/110 219/56/110
f 210/59/119 211/57/119 219/56/109
f 209/47/108 210/59/108 218/58/108
f 234/88/108 225/91/1608 226/89/108
f 234/88/109 235/90/109 228/93/109
f 236/92/110 229/95/110 228/93/110
f 237/96/111 230/94/1606 229/95/111
f 238/98/104 231/97/104 230/94/104
f 238/98/105 239/75/105 232/113/105
f 240/82/106 233/99/106 232/73/106
f 240/82/107 227/84/107 226/89/107
f 238/98/115 237/96/99 221/100/99
f 221/100/99 237/96/99 236/92/100
f 236/92/100 235/90/120 219/102/120
f 219/102/120 235/90/120 234/88/99
f 242/1/121 244/4/121 243/2/121
f 244/4/122 248/16/122 247/5/122
f 246/103/123 252/107/124 249/104/124
f 245/9/125 246/18/125 242/1/125
f 243/12/126 247/10/126 245/22/126
f 244/106/123 242/1900/1609 246/103/123
f 252/107/124 256/1901/127 253/108/127
f 248/16/128 249/23/128 250/17/128
f 246/18/129 245/9/129 251/19/129
f 247/10/126 250/27/130 251/21/130
f 249/23/131 253/1891/1610 254/24/132
f 252/20/134 251/19/1611 255/25/135
f 251/21/130 250/27/130 254/109/137
f 254/31/138 253/29/138 256/115/138
f 276/34/139 273/1892/1612 274/1893/139
f 274/1893/139 281/114/139 280/32/139
f 280/32/139 279/1894/139 278/33/139
f 278/33/139 277/1895/1612 276/34/139
f 276/34/139 274/1893/139 280/32/139
f 270/35/140 286/68/140 287/36/141
f 272/38/142 271/110/141 287/39/141
f 265/42/142 272/38/142 288/40/142
f 266/43/143 265/42/142 275/41/140
f 264/45/144 272/85/144 265/46/144
f 271/48/145 272/85/145 264/45/145
f 262/50/146 270/86/146 271/51/146
f 269/53/147 270/86/147 262/50/147
f 268/87/148 269/53/148 261/54/149
f 267/56/150 268/87/150 260/55/150
f 266/58/151 267/56/151 259/57/151
f 257/47/152 265/46/152 266/58/152
f 275/41/152 274/60/152 273/61/152
f 282/44/151 273/61/151 276/63/151
f 276/63/150 277/111/150 284/64/150
f 277/111/148 278/65/148 285/66/148
f 278/65/153 279/67/147 286/68/153
f 279/67/146 280/112/146 287/36/146
f 280/32/145 281/114/145 288/40/145
f 281/114/144 274/60/157 275/41/144
f 270/35/140 269/69/140 285/66/140
f 268/70/142 284/64/142 285/66/140
f 268/70/142 267/71/154 283/62/154
f 267/71/154 266/43/143 282/44/143
f 306/74/139 305/1896/139 308/1897/139
f 308/1897/139 309/1898/139 310/72/139
f 310/72/139 311/1899/1612 312/73/139
f 312/73/139 313/99/139 306/74/139
f 306/74/139 308/1897/139 310/72/139
f 319/75/154 318/98/142 302/76/142
f 320/82/156 319/79/154 303/80/155
f 297/81/140 307/84/140 320/82/156
f 298/83/141 314/88/141 307/84/140
f 296/45/147 289/47/147 297/46/147
f 296/45/146 304/85/146 303/48/146
f 295/52/145 303/51/145 302/86/145
f 293/54/157 294/50/157 302/86/144
f 293/54/152 301/53/152 300/87/152
f 291/57/151 292/55/151 300/87/151
f 291/57/150 299/56/150 298/58/150
f 289/47/148 290/59/148 298/58/148
f 314/88/148 305/91/148 306/89/148
f 314/88/150 315/90/150 308/93/150
f 316/92/151 309/95/151 308/93/151
f 316/92/152 317/96/152 310/94/152
f 317/96/144 318/98/1613 311/97/144
f 319/75/145 312/113/145 311/97/145
f 319/79/146 320/82/146 313/99/146
f 307/84/147 306/89/147 313/99/147
f 302/76/142 318/98/142 317/96/142
f 301/100/142 317/96/142 316/92/140
f 316/92/140 315/90/141 299/102/141
f 299/102/141 315/90/141 314/88/141
f 322/1/158 324/4/158 323/2/158
f 324/4/159 328/16/159 327/5/159
f 326/103/160 332/107/161 329/104/161
f 325/9/163 326/18/163 322/1/163
f 327/10/164 325/22/164 321/11/164
f 324/106/160 322/1900/160 326/103/160
f 332/107/161 336/1901/165 333/108/165
f 328/16/166 329/23/166 330/17/166
f 326/18/167 325/9/167 331/19/167
f 327/10/164 330/27/168 331/21/168
f 329/23/169 333/1891/1614 334/24/170
f 332/20/172 331/19/1615 335/25/173
f 330/27/168 334/109/175 335/28/175
f 333/29/176 336/115/176 335/30/176
f 356/34/177 353/1892/177 354/1893/177
f 354/1893/177 361/114/177 360/32/177
f 360/32/177 359/1894/177 358/33/177
f 358/33/177 357/1895/1616 356/34/177
f 356/34/177 354/1893/177 360/32/177
f 350/35/178 366/68/178 367/36/179
f 352/38/181 351/110/180 367/39/179
f 345/42/183 352/38/181 368/40/182
f 345/42/183 355/41/183 362/44/183
f 344/45/184 352/85/184 345/46/184
f 351/48/185 352/85/185 344/45/185
f 350/86/186 351/51/186 343/52/186
f 349/53/187 350/86/187 342/50/187
f 340/55/188 348/87/188 349/53/188
f 347/56/189 348/87/189 340/55/189
f 338/59/190 346/58/190 347/56/190
f 337/47/191 345/46/191 346/58/191
f 354/60/191 353/61/191 362/44/191
f 362/44/190 353/61/190 356/63/190
f 356/63/189 357/111/189 364/64/189
f 364/64/188 357/111/188 358/65/188
f 365/66/187 358/65/187 359/67/187
f 359/67/186 360/112/1617 367/36/186
f 360/32/185 361/114/185 368/40/185
f 368/40/184 361/114/184 354/60/184
f 349/69/192 365/66/194 366/68/178
f 348/70/193 364/64/195 365/66/194
f 347/71/179 363/62/179 364/64/195
f 346/43/183 362/44/183 363/62/179
f 386/74/177 385/1896/177 388/1897/177
f 388/1897/177 389/1898/1616 390/72/177
f 390/72/177 391/1899/177 392/73/177
f 392/73/177 393/99/1616 386/74/177
f 386/74/177 388/1897/177 390/72/177
f 383/77/179 399/75/179 398/98/196
f 384/78/194 400/82/194 399/79/179
f 377/81/194 387/84/194 400/82/194
f 394/88/198 387/84/194 377/81/194
f 369/47/1618 377/46/1618 384/85/1618
f 375/49/186 376/45/186 384/85/186
f 375/52/185 383/51/185 382/86/185
f 373/54/184 374/50/184 382/86/184
f 373/54/191 381/53/191 380/87/191
f 372/55/190 380/87/190 379/56/190
f 371/57/189 379/56/189 378/58/189
f 370/59/1619 378/58/1619 377/46/1619
f 387/84/188 394/88/188 385/91/188
f 394/88/189 395/90/189 388/93/189
f 396/92/190 389/95/190 388/93/190
f 397/96/191 390/94/191 389/95/191
f 397/96/184 398/98/184 391/97/184
f 399/75/185 392/113/185 391/97/185
f 399/79/186 400/82/186 393/99/186
f 387/84/187 386/89/187 393/99/187
f 382/76/197 398/98/196 397/96/183
f 397/96/183 396/92/194 380/101/194
f 380/101/194 396/92/194 395/90/183
f 395/90/183 394/88/198 378/83/182
f 413/116/200 427/120/200 426/117/200
f 414/119/200 428/122/200 427/120/200
f 408/121/200 417/150/200 428/122/200
f 423/123/201 417/142/200 408/124/200
f 401/126/202 408/1902/202 414/127/202
f 407/128/203 414/127/203 413/129/203
f 406/130/204 413/129/204 412/131/204
f 405/132/205 412/131/205 411/133/205
f 404/134/206 411/133/206 410/135/206
f 403/136/207 410/135/207 409/137/207
f 402/138/208 409/137/208 408/139/208
f 423/123/208 415/144/208 416/141/208
f 424/143/207 418/146/207 415/144/207
f 425/145/206 419/147/206 418/146/206
f 426/117/205 420/148/205 419/147/205
f 427/120/204 421/149/204 420/148/204
f 428/122/203 422/151/203 421/149/203
f 417/150/202 416/156/202 422/151/202
f 426/117/200 425/145/200 411/152/200
f 416/156/209 415/1903/209 418/153/209
f 418/153/209 419/158/209 420/154/209
f 420/154/209 421/157/209 422/151/209
f 422/151/209 416/156/209 418/153/209
f 425/145/200 424/143/200 410/155/200
f 424/143/200 423/123/201 409/125/201
f 440/118/209 454/117/209 455/120/209
f 441/116/209 455/120/209 456/122/209
f 436/121/209 442/119/209 456/122/209
f 436/124/209 445/142/209 451/123/209
f 442/127/202 436/1902/202 429/126/202
f 441/129/203 442/127/203 435/128/203
f 440/131/204 441/129/204 434/130/204
f 439/133/205 440/131/205 433/132/205
f 438/135/206 439/133/206 432/134/206
f 437/137/207 438/135/207 431/136/207
f 436/139/208 437/137/208 430/138/208
f 444/141/208 443/144/208 451/123/208
f 443/144/207 446/146/207 452/143/207
f 446/146/206 447/147/206 453/145/206
f 447/147/205 448/148/205 454/117/205
f 448/148/204 449/149/204 455/120/204
f 449/149/203 450/151/203 456/122/203
f 450/151/202 444/156/202 445/150/202
f 439/152/210 453/145/210 454/117/209
f 446/153/200 443/1903/200 444/156/200
f 444/156/200 450/151/200 449/157/200
f 449/157/200 448/154/200 447/158/200
f 447/158/200 446/153/200 444/156/200
f 439/152/210 438/155/209 452/143/209
f 437/125/209 451/123/209 452/143/209
f 468/159/209 482/175/209 483/160/209
f 469/161/209 483/160/209 484/162/211
f 470/163/211 484/162/211 473/164/209
f 465/166/209 464/184/209 473/167/209
f 470/127/202 464/1902/202 457/126/202
f 469/129/203 470/127/203 463/128/203
f 468/131/204 469/129/204 462/130/204
f 467/133/205 468/131/205 461/132/205
f 466/135/206 467/133/206 460/134/206
f 465/137/207 466/135/207 459/136/207
f 464/139/208 465/137/208 458/138/208
f 472/169/208 471/170/208 479/168/208
f 471/170/207 474/172/207 480/171/207
f 474/172/206 475/174/206 481/173/206
f 475/174/205 476/176/205 482/175/205
f 476/176/204 477/177/204 483/160/204
f 477/177/203 478/178/203 484/162/203
f 478/178/202 472/180/202 473/164/202
f 467/179/211 481/173/209 482/175/209
f 474/185/200 471/1904/200 472/180/200
f 472/180/200 478/178/200 477/181/200
f 477/181/200 476/186/200 475/182/200
f 475/182/200 474/185/200 472/180/200
f 466/183/209 480/171/209 481/173/209
f 466/183/209 465/166/209 479/168/209
f 496/159/209 510/175/209 511/160/209
f 497/161/209 511/160/209 512/162/209
f 498/163/209 512/162/209 501/164/209
f 493/166/209 492/184/209 501/167/209
f 498/127/202 492/1902/202 485/126/202
f 497/129/212 498/127/212 491/128/212
f 496/131/204 497/129/204 490/130/204
f 495/133/205 496/131/205 489/132/205
f 494/135/206 495/133/206 488/134/206
f 493/137/213 494/135/213 487/136/213
f 492/139/208 493/137/208 486/138/208
f 500/169/208 499/170/208 507/168/208
f 499/170/213 502/172/213 508/171/213
f 502/172/206 503/174/206 509/173/206
f 503/174/205 504/176/205 510/175/205
f 504/176/204 505/177/204 511/160/204
f 505/177/212 506/178/212 512/162/212
f 506/178/202 500/180/202 501/164/202
f 496/159/209 495/179/209 509/173/209
f 502/185/200 499/1904/200 500/180/200
f 500/180/200 506/178/200 505/181/200
f 505/181/200 504/186/200 503/182/200
f 503/182/200 502/185/200 500/180/200
f 495/179/209 494/183/209 508/171/209
f 494/183/209 493/166/209 507/168/209
f 539/160/200 538/175/201 524/159/214
f 540/162/200 539/160/200 525/161/200
f 529/164/200 540/162/200 526/163/200
f 535/168/201 529/167/200 520/184/200
f 513/126/202 520/1902/202 526/127/202
f 519/128/203 526/127/203 525/129/203
f 518/130/204 525/129/204 524/131/204
f 517/132/205 524/131/205 523/133/205
f 516/134/206 523/133/206 522/135/206
f 515/136/207 522/135/207 521/137/207
f 514/138/208 521/137/208 520/139/208
f 535/168/208 527/170/208 528/169/208
f 536/171/207 530/172/207 527/170/207
f 537/173/206 531/174/206 530/172/206
f 538/175/205 532/176/205 531/174/205
f 539/160/204 533/177/204 532/176/204
f 540/162/203 534/178/203 533/177/203
f 529/164/202 528/180/202 534/178/202
f 538/175/201 537/173/200 523/179/200
f 528/180/209 527/1904/209 530/185/209
f 530/185/209 531/182/209 532/186/209
f 532/186/209 533/181/209 534/178/209
f 534/178/209 528/180/209 530/185/209
f 523/179/200 537/173/200 536/171/200
f 522/183/200 536/171/200 535/168/201
f 567/160/200 566/175/200 552/159/200
f 554/163/200 568/162/200 567/160/200
f 548/165/200 557/164/200 568/162/200
f 563/168/200 557/167/200 548/184/200
f 541/126/202 548/1902/202 554/127/202
f 547/128/203 554/127/203 553/129/203
f 546/130/204 553/129/204 552/131/204
f 545/132/205 552/131/205 551/133/205
f 544/134/206 551/133/206 550/135/206
f 543/136/207 550/135/207 549/137/207
f 542/138/208 549/137/208 548/139/208
f 563/168/208 555/170/208 556/169/208
f 564/171/207 558/172/207 555/170/207
f 565/173/206 559/174/206 558/172/206
f 566/175/205 560/176/205 559/174/205
f 567/160/204 561/177/204 560/176/204
f 568/162/203 562/178/203 561/177/203
f 557/164/202 556/180/202 562/178/202
f 566/175/200 565/173/201 551/179/201
f 556/180/209 555/1904/209 558/185/209
f 558/185/209 559/182/209 560/186/209
f 560/186/209 561/181/209 562/178/209
f 562/178/209 556/180/209 558/185/209
f 551/179/201 565/173/201 564/171/200
f 564/171/200 563/168/200 549/166/200
f 585/187/215 588/1905/215 573/188/215
f 585/190/216 576/1906/216 574/191/216
f 586/193/217 575/255/217 573/194/217
f 587/195/218 574/200/218 576/196/218
f 590/197/219 577/202/219 573/194/219
f 590/199/220 588/1907/220 574/200/220
f 587/195/221 573/194/221 577/202/221
f 589/204/222 578/201/222 574/200/222
f 585/205/223 575/255/223 577/202/223
f 585/206/224 590/199/224 578/201/224
f 591/207/216 594/1908/216 571/208/216
f 591/210/215 570/1909/215 572/211/215
f 592/204/218 569/233/218 571/213/218
f 593/215/217 572/220/217 570/216/217
f 596/217/222 581/222/222 571/213/222
f 596/219/221 594/1910/221 572/220/221
f 593/214/220 571/213/220 581/222/220
f 595/224/219 582/221/219 572/220/219
f 591/225/225 569/233/225 581/222/225
f 591/226/226 596/219/226 582/221/226
f 599/227/220 569/233/220 579/228/220
f 599/230/219 597/243/219 580/231/219
f 598/232/222 579/228/222 569/233/222
f 592/203/221 570/216/221 580/231/221
f 600/235/227 581/1911/227 569/236/228
f 600/238/229 599/1912/230 570/239/230
f 600/241/218 597/229/218 579/228/218
f 600/242/217 582/221/217 580/231/217
f 595/244/216 581/1913/216 579/245/216
f 598/247/215 580/1914/215 582/248/215
f 603/250/221 575/255/221 583/251/221
f 603/253/222 601/263/222 584/254/222
f 602/215/219 583/251/219 575/255/219
f 586/193/220 576/196/220 584/254/220
f 604/256/231 577/1915/231 575/257/232
f 604/259/233 603/1916/234 576/260/234
f 604/261/217 601/252/217 583/251/217
f 604/262/218 578/201/218 584/254/218
f 589/264/215 577/1917/215 583/265/215
f 602/267/216 584/1918/216 578/268/216
f 624/270/235 613/277/235 605/271/235
f 624/273/219 621/285/219 606/274/219
f 622/276/222 605/271/222 613/277/222
f 623/279/236 614/275/221 606/274/237
f 625/281/238 607/284/238 613/277/238
f 625/282/239 624/273/239 614/275/239
f 625/281/240 621/272/240 605/271/240
f 625/282/217 608/283/217 606/274/217
f 626/286/241 607/284/241 605/271/241
f 622/280/215 606/274/215 608/283/215
f 627/287/242 630/295/242 611/288/242
f 627/290/218 610/293/218 612/291/218
f 628/280/243 609/289/243 611/288/243
f 629/278/216 612/291/216 610/293/216
f 632/294/244 619/298/244 611/288/244
f 632/296/222 630/292/222 612/291/222
f 629/279/219 611/288/219 619/298/219
f 629/278/220 631/309/1620 620/297/245
f 632/294/246 627/287/246 609/289/246
f 627/290/247 632/296/247 620/297/247
f 635/300/248 609/289/248 617/301/248
f 635/303/220 633/308/220 618/304/220
f 628/280/221 634/305/221 617/301/221
f 628/276/249 610/293/249 618/304/249
f 636/306/250 619/298/1621 609/289/251
f 636/307/252 635/303/252 610/293/252
f 636/306/215 633/302/215 617/301/215
f 636/307/253 620/297/253 618/304/253
f 634/305/242 631/299/242 619/298/242
f 631/309/218 634/305/218 618/304/218
f 637/310/216 639/317/216 615/311/216
f 637/312/254 614/275/254 616/313/254
f 638/315/240 623/278/240 613/277/240
f 623/279/217 638/319/217 616/313/217
f 640/316/255 607/284/255 615/311/255
f 640/318/221 639/314/221 616/313/221
f 626/286/220 638/315/220 615/311/220
f 626/286/219 608/283/219 616/313/256
f 637/310/258 613/277/258 607/284/259
f 637/312/260 640/318/260 608/283/260
f 702/320/261 701/399/351 641/321/262
f 703/323/264 702/320/261 642/322/263
f 704/325/266 703/323/264 643/324/265
f 705/327/268 704/325/266 644/326/267
f 706/329/270 705/327/268 645/328/269
f 707/331/272 706/329/270 646/330/271
f 708/333/274 707/331/272 647/332/273
f 709/335/276 708/403/274 648/336/275
f 710/338/278 709/335/276 649/337/277
f 711/340/280 710/338/278 650/339/279
f 712/342/282 711/340/280 651/341/281
f 713/344/284 712/342/282 652/343/283
f 642/322/263 641/321/262 657/346/286
f 714/348/288 713/344/284 653/345/285
f 715/350/290 714/348/288 654/349/289
f 670/352/292 685/381/335 672/353/293
f 655/351/291 670/352/306 657/346/286
f 648/336/275 663/1919/307 664/354/295
f 649/337/277 664/354/295 665/355/296
f 643/324/265 642/322/263 656/347/287
f 650/339/279 665/355/296 666/357/298
f 643/324/265 658/356/297 659/358/299
f 651/341/281 666/357/298 667/359/300
f 644/326/267 659/358/299 660/360/301
f 652/343/283 667/359/300 668/361/302
f 645/328/269 660/360/301 661/362/303
f 653/345/285 668/361/302 669/363/304
f 647/332/273 646/330/271 661/362/303
f 654/349/289 669/363/304 670/352/306
f 647/332/273 662/364/305 663/365/307
f 672/353/293 685/381/335 700/366/308
f 664/354/310 663/1919/336 678/368/311
f 657/346/294 672/353/293 671/370/313
f 665/355/315 664/354/310 679/369/312
f 658/356/317 656/347/314 671/370/313
f 665/355/315 680/371/316 681/373/319
f 658/356/317 673/372/318 674/374/321
f 666/357/320 681/373/319 682/375/323
f 660/360/325 659/358/322 674/374/321
f 667/359/324 682/375/323 683/377/327
f 660/360/325 675/376/326 676/378/329
f 668/361/328 683/377/327 684/379/331
f 662/364/333 661/362/330 676/378/329
f 669/363/332 684/379/331 685/381/335
f 662/364/333 677/380/334 678/382/311
f 688/1920/343 686/1921/341 687/1922/309
f 687/1922/309 700/1923/308 699/1924/348
f 699/1924/348 698/1925/346 697/383/337
f 697/383/337 696/1926/344 695/1927/342
f 695/1927/342 694/1928/340 693/384/338
f 693/384/338 692/397/349 691/1929/347
f 691/1929/347 690/1930/345 689/385/339
f 689/385/339 688/1920/343 687/1922/309
f 687/1922/309 699/1924/348 697/383/337
f 697/383/337 695/1927/342 693/384/338
f 693/384/338 691/1929/347 689/385/339
f 689/385/339 687/1922/309 697/383/337
f 678/368/311 693/1931/338 694/386/340
f 672/353/293 687/367/309 686/387/341
f 680/371/316 679/369/312 694/386/340
f 671/370/313 686/387/341 688/389/343
f 680/371/316 695/388/342 696/390/344
f 674/374/321 673/372/318 688/389/343
f 681/373/319 696/390/344 697/392/337
f 674/374/321 689/391/339 690/393/345
f 682/375/323 697/392/337 698/394/346
f 676/378/329 675/376/326 690/393/345
f 683/377/327 698/394/346 699/396/348
f 677/380/334 676/378/329 691/395/347
f 684/379/331 699/396/348 700/366/308
f 677/380/334 692/397/349 693/384/338
f 702/320/261 716/405/357 717/398/350
f 717/398/352 732/413/366 745/400/353
f 717/398/350 730/401/365 715/350/290
f 724/402/355 723/416/1622 708/403/274
f 725/404/356 724/402/355 709/335/276
f 703/323/264 718/420/1623 716/405/357
f 726/406/358 725/404/356 710/338/278
f 719/407/359 718/420/1623 703/323/264
f 727/408/360 726/406/358 711/340/280
f 720/409/361 719/407/359 704/325/266
f 713/344/284 728/425/1624 727/408/360
f 721/410/362 720/409/361 705/327/268
f 729/411/363 728/425/1624 713/344/284
f 722/412/364 721/410/362 706/329/270
f 730/401/365 729/411/363 714/348/288
f 708/333/274 723/429/1622 722/412/364
f 732/413/366 747/457/1625 760/414/367
f 724/402/368 739/418/374 738/415/369
f 731/417/371 732/413/366 717/398/352
f 725/404/373 740/436/396 739/418/374
f 733/419/375 731/417/371 716/405/372
f 741/421/377 740/436/396 725/404/373
f 719/407/379 734/423/383 733/419/375
f 742/422/380 741/421/377 726/406/378
f 720/409/382 735/441/400 734/423/383
f 743/424/384 742/422/380 727/408/381
f 736/426/386 735/441/400 720/409/382
f 729/411/388 744/427/390 743/424/384
f 722/412/389 737/444/403 736/426/386
f 730/401/354 745/400/353 744/427/390
f 738/428/369 737/444/403 722/412/389
f 747/1932/1625 746/1933/394 748/1934/397
f 748/1934/397 749/1935/1626 750/1936/399
f 750/1936/399 751/1937/402 752/430/391
f 752/430/391 753/459/1627 754/1938/393
f 754/1938/393 755/1939/395 756/431/392
f 756/431/392 757/1940/398 758/1941/401
f 758/1941/401 759/1942/1628 760/432/367
f 760/432/367 747/1932/1625 748/1934/397
f 748/1934/397 750/1936/399 752/430/391
f 752/430/391 754/1938/393 756/431/392
f 756/431/392 758/1941/401 760/432/367
f 760/432/367 748/1934/397 752/430/391
f 754/433/393 753/1943/1627 738/415/369
f 746/434/394 747/457/1625 732/413/366
f 755/435/395 754/433/393 739/418/374
f 748/437/397 746/434/394 731/417/371
f 756/438/392 755/435/395 740/436/396
f 734/423/383 749/1944/1626 748/437/397
f 757/439/398 756/438/392 741/421/377
f 750/440/399 749/1944/1626 734/423/383
f 758/442/401 757/439/398 742/422/380
f 751/443/402 750/440/399 735/441/400
f 744/427/390 759/458/1628 758/442/401
f 737/444/403 752/430/391 751/443/402
f 760/414/367 759/458/1628 744/427/390
f 738/428/369 753/459/1627 752/430/391
f 701/399/351 715/350/290 655/351/291
f 762/445/404 764/448/404 763/446/404
f 764/448/405 768/450/405 767/449/405
f 768/450/406 766/452/406 765/451/406
f 766/452/205 762/1945/205 761/453/205
f 767/449/209 765/451/209 761/454/209
f 764/456/200 762/1946/200 766/452/200
f 785/187/217 788/1905/217 773/188/217
f 785/190/215 776/1906/215 774/191/215
f 786/193/218 775/255/218 773/194/218
f 787/195/216 774/200/216 776/196/216
f 790/197/407 777/202/407 773/194/407
f 790/199/408 788/1907/408 774/200/408
f 787/195/409 773/194/409 777/202/409
f 789/204/410 778/201/410 774/200/410
f 785/205/411 775/255/411 777/202/411
f 785/206/412 790/199/412 778/201/412
f 791/207/215 794/1908/215 771/208/215
f 791/210/217 770/1909/217 772/211/217
f 792/204/216 769/233/216 771/213/216
f 793/215/218 772/220/218 770/216/218
f 796/217/410 781/222/410 771/213/410
f 796/219/409 794/1910/409 772/220/409
f 793/214/408 771/213/408 781/222/408
f 795/224/407 782/221/407 772/220/407
f 791/225/413 769/233/413 781/222/413
f 791/226/414 796/219/414 782/221/414
f 799/227/408 769/233/408 779/228/408
f 799/230/407 797/243/407 780/231/407
f 798/232/410 779/228/410 769/233/410
f 792/203/409 770/216/409 780/231/409
f 800/235/415 781/1911/415 769/236/416
f 800/238/417 799/1912/418 770/239/418
f 800/241/216 797/229/216 779/228/216
f 800/242/218 782/221/218 780/231/218
f 795/244/215 781/1913/215 779/245/215
f 798/247/217 780/1914/217 782/248/217
f 803/250/409 775/255/409 783/251/409
f 803/253/410 801/263/410 784/254/410
f 802/215/407 783/251/407 775/255/407
f 786/193/408 776/196/408 784/254/408
f 804/256/419 777/1915/419 775/257/420
f 804/259/421 803/1916/422 776/260/422
f 804/261/218 801/252/218 783/251/218
f 804/262/216 778/201/216 784/254/216
f 789/264/217 777/1917/217 783/265/217
f 802/267/215 784/1918/215 778/268/215
f 824/270/423 813/277/423 805/271/423
f 824/273/407 821/285/407 806/274/407
f 822/276/410 805/271/410 813/277/410
f 822/280/424 823/279/424 814/275/424
f 824/270/425 825/281/425 807/284/425
f 825/282/426 824/273/426 814/275/426
f 825/281/253 821/272/253 805/271/253
f 825/282/218 808/283/218 806/274/218
f 826/286/254 807/284/254 805/271/254
f 822/280/217 806/274/217 808/283/217
f 827/287/427 830/295/427 811/288/427
f 827/290/216 810/293/216 812/291/216
f 828/280/428 809/289/428 811/288/428
f 829/278/215 812/291/215 810/293/215
f 832/294/429 819/298/429 811/288/429
f 832/296/410 830/292/410 812/291/410
f 829/279/407 811/288/407 819/298/407
f 829/278/430 831/309/430 820/297/430
f 832/294/431 827/287/431 809/289/431
f 827/290/432 832/296/432 820/297/432
f 835/300/433 809/289/433 817/301/433
f 835/303/408 833/308/408 818/304/408
f 828/280/409 834/305/409 817/301/409
f 828/276/434 810/293/434 818/304/434
f 835/300/435 836/306/436 819/298/436
f 836/307/437 835/303/437 810/293/437
f 836/306/217 833/302/217 817/301/217
f 836/307/243 820/297/243 818/304/243
f 834/305/438 831/299/427 819/298/427
f 834/305/216 818/304/216 820/297/216
f 837/310/215 839/317/215 815/311/215
f 837/312/242 814/275/242 816/313/242
f 838/315/439 823/278/253 813/277/253
f 823/279/218 838/319/218 816/313/218
f 840/316/440 807/284/440 815/311/440
f 840/318/409 839/314/409 816/313/409
f 826/286/408 838/315/408 815/311/408
f 826/286/441 808/283/441 816/313/441
f 837/310/442 813/277/442 807/284/443
f 837/312/444 840/318/444 808/283/444
f 902/320/445 901/399/535 841/321/446
f 903/323/448 902/320/445 842/322/447
f 904/325/450 903/323/448 843/324/449
f 905/327/452 904/325/450 844/326/451
f 906/329/454 905/327/452 845/328/453
f 907/331/456 906/329/454 846/330/455
f 908/333/458 907/331/456 847/332/457
f 909/335/460 908/403/458 848/336/459
f 910/338/462 909/335/460 849/337/461
f 911/340/464 910/338/462 850/339/463
f 912/342/466 911/340/464 851/341/465
f 913/344/468 912/342/466 852/343/467
f 842/322/447 841/321/446 857/346/470
f 914/348/472 913/344/468 853/345/469
f 915/350/474 914/348/472 854/349/473
f 870/352/476 885/381/519 872/353/477
f 855/351/475 870/352/490 857/346/470
f 848/336/459 863/1919/491 864/354/479
f 849/337/461 864/354/479 865/355/480
f 843/324/449 842/322/447 856/347/471
f 850/339/463 865/355/480 866/357/482
f 843/324/449 858/356/481 859/358/483
f 851/341/465 866/357/482 867/359/484
f 844/326/451 859/358/483 860/360/485
f 852/343/467 867/359/484 868/361/486
f 845/328/453 860/360/485 861/362/487
f 853/345/469 868/361/486 869/363/488
f 846/330/455 861/362/487 862/364/489
f 854/349/473 869/363/488 870/352/490
f 848/334/459 847/332/457 862/364/489
f 872/353/477 885/381/519 900/366/492
f 864/354/494 863/1919/520 878/368/495
f 857/346/478 872/353/477 871/370/497
f 865/355/499 864/354/494 879/369/496
f 856/347/498 871/370/497 873/372/501
f 865/355/499 880/371/500 881/373/503
f 859/358/505 858/356/502 873/372/501
f 866/357/504 881/373/503 882/375/507
f 860/360/509 859/358/505 874/374/506
f 867/359/508 882/375/507 883/377/511
f 860/360/509 875/376/510 876/378/513
f 868/361/512 883/377/511 884/379/515
f 862/364/517 861/362/514 876/378/513
f 869/363/516 884/379/515 885/381/519
f 862/364/517 877/380/518 878/382/495
f 888/1920/527 886/1921/525 887/1922/493
f 887/1922/493 900/1923/492 899/1924/532
f 899/1924/532 898/1925/530 897/383/521
f 897/383/521 896/1926/528 895/1927/526
f 895/1927/526 894/1928/524 893/384/522
f 893/384/522 892/397/533 891/1929/531
f 891/1929/531 890/1930/529 889/385/523
f 889/385/523 888/1920/527 887/1922/493
f 887/1922/493 899/1924/532 897/383/521
f 897/383/521 895/1927/526 893/384/522
f 893/384/522 891/1929/531 889/385/523
f 889/385/523 887/1922/493 897/383/521
f 878/368/495 893/1931/522 894/386/524
f 872/353/477 887/367/493 886/387/525
f 880/371/500 879/369/496 894/386/524
f 871/370/497 886/387/525 888/389/527
f 880/371/500 895/388/526 896/390/528
f 874/374/506 873/372/501 888/389/527
f 882/375/507 881/373/503 896/390/528
f 875/376/510 874/374/506 889/391/523
f 882/375/507 897/392/521 898/394/530
f 875/376/510 890/393/529 891/395/531
f 884/379/515 883/377/511 898/394/530
f 877/380/518 876/378/513 891/395/531
f 885/381/519 884/379/515 899/396/532
f 877/380/518 892/397/533 893/384/522
f 902/320/445 916/405/541 917/398/534
f 917/398/536 932/413/550 945/400/537
f 917/398/534 930/401/549 915/350/474
f 924/402/539 923/416/1629 908/403/458
f 925/404/540 924/402/539 909/335/460
f 903/323/448 918/420/543 916/405/541
f 926/406/542 925/404/540 910/338/462
f 904/325/450 919/407/544 918/420/543
f 912/342/466 927/408/545 926/406/542
f 905/327/452 920/409/546 919/407/544
f 913/344/468 928/425/1630 927/408/545
f 906/329/454 921/410/1631 920/409/546
f 929/411/547 928/425/1630 913/344/468
f 922/412/548 921/410/1631 906/329/454
f 930/401/549 929/411/547 914/348/472
f 908/333/458 923/429/1629 922/412/548
f 932/413/550 947/457/577 960/414/551
f 924/402/552 939/418/558 938/415/553
f 931/417/555 932/413/550 917/398/536
f 925/404/557 940/436/562 939/418/558
f 933/419/559 931/417/555 916/405/556
f 926/406/561 941/421/580 940/436/562
f 919/407/563 934/423/581 933/419/559
f 942/422/564 941/421/580 926/406/561
f 935/441/566 934/423/581 919/407/563
f 943/424/568 942/422/564 927/408/565
f 936/426/570 935/441/566 920/409/567
f 929/411/572 944/427/586 943/424/568
f 922/412/573 937/444/588 936/426/570
f 945/400/537 944/427/586 929/411/572
f 938/428/553 937/444/588 922/412/573
f 947/1932/577 946/1933/579 948/1934/582
f 948/1934/582 949/1935/1632 950/1936/584
f 950/1936/584 951/1937/585 952/430/574
f 952/430/574 953/459/590 954/1938/576
f 954/1938/576 955/1939/578 956/431/575
f 956/431/575 957/1940/583 958/1941/587
f 958/1941/587 959/1942/589 960/432/551
f 960/432/551 947/1932/577 948/1934/582
f 948/1934/582 950/1936/584 952/430/574
f 952/430/574 954/1938/576 956/431/575
f 956/431/575 958/1941/587 960/432/551
f 960/432/551 948/1934/582 952/430/574
f 954/433/576 953/1943/590 938/415/553
f 931/417/555 946/434/579 947/457/577
f 955/435/578 954/433/576 939/418/558
f 933/419/559 948/437/582 946/434/579
f 956/438/575 955/435/578 940/436/562
f 934/423/581 949/1944/1632 948/437/582
f 957/439/583 956/438/575 941/421/580
f 950/440/584 949/1944/1632 934/423/581
f 943/424/568 958/442/587 957/439/583
f 951/443/585 950/440/584 935/441/566
f 944/427/586 959/458/589 958/442/587
f 952/430/574 951/443/585 936/426/570
f 945/400/537 960/414/551 959/458/589
f 953/459/590 952/430/574 937/444/588
f 901/399/535 915/350/474 855/351/475
f 962/445/205 964/448/205 963/446/205
f 964/448/404 968/450/404 967/449/404
f 968/450/405 966/452/405 965/451/405
f 966/452/406 962/1945/406 961/453/406
f 967/449/209 965/451/209 961/454/209
f 964/456/200 962/1946/200 966/452/200
f 985/187/218 988/1905/218 973/188/218
f 985/190/217 976/1906/217 974/191/217
f 986/193/216 975/255/216 973/194/216
f 987/195/215 974/200/215 976/196/215
f 990/197/220 977/202/220 973/194/220
f 990/199/219 988/1907/219 974/200/219
f 987/195/222 973/194/222 977/202/222
f 989/204/221 978/201/221 974/200/221
f 985/205/227 975/255/227 977/202/227
f 985/206/229 990/199/229 978/201/229
f 991/207/217 994/1908/217 971/208/217
f 991/210/218 970/1909/218 972/211/218
f 992/204/215 969/233/215 971/213/215
f 993/215/216 972/220/216 970/216/216
f 996/217/221 981/222/221 971/213/221
f 996/219/222 994/1910/222 972/220/222
f 993/214/219 971/213/219 981/222/219
f 995/224/220 982/221/220 972/220/220
f 991/225/231 969/233/231 981/222/231
f 991/226/233 996/219/233 982/221/233
f 999/227/219 969/233/219 979/228/219
f 999/230/220 997/243/220 980/231/220
f 998/232/221 979/228/221 969/233/221
f 992/203/222 970/216/222 980/231/222
f 1000/235/223 981/1911/223 969/236/591
f 1000/238/224 999/1912/592 970/239/592
f 1000/241/215 997/229/215 979/228/215
f 1000/242/216 982/221/216 980/231/216
f 995/244/217 981/1913/217 979/245/217
f 998/247/218 980/1914/218 982/248/218
f 1003/250/222 975/255/222 983/251/222
f 1003/253/221 1001/263/221 984/254/221
f 1002/215/220 983/251/220 975/255/220
f 986/193/219 976/196/219 984/254/219
f 1004/256/225 977/1915/225 975/257/593
f 1004/259/226 1003/1916/594 976/260/594
f 1004/261/216 1001/252/216 983/251/216
f 1004/262/215 978/201/215 984/254/215
f 989/264/218 977/1917/218 983/265/218
f 1002/267/217 984/1918/217 978/268/217
f 1024/270/248 1013/277/248 1005/271/248
f 1024/273/220 1021/285/220 1006/274/220
f 1022/276/221 1005/271/221 1013/277/221
f 1022/280/595 1023/279/595 1014/275/595
f 1024/270/251 1025/281/251 1007/284/251
f 1025/282/252 1024/273/252 1014/275/252
f 1025/281/243 1021/272/243 1005/271/243
f 1025/282/216 1008/283/216 1006/274/216
f 1026/286/242 1007/284/242 1005/271/242
f 1022/280/218 1006/274/218 1008/283/218
f 1027/287/241 1030/295/241 1011/288/241
f 1027/290/215 1010/293/215 1012/291/215
f 1028/280/240 1009/289/240 1011/288/240
f 1029/278/217 1012/291/217 1010/293/217
f 1032/294/255 1019/298/255 1011/288/255
f 1032/296/221 1030/292/221 1012/291/221
f 1029/279/220 1011/288/220 1019/298/220
f 1029/278/219 1031/309/256 1020/297/256
f 1032/294/259 1027/287/259 1009/289/259
f 1027/290/260 1032/296/260 1020/297/260
f 1035/300/235 1009/289/235 1017/301/235
f 1035/303/219 1033/308/219 1018/304/219
f 1028/280/222 1034/305/222 1017/301/222
f 1028/276/221 1010/293/221 1018/304/236
f 1035/300/238 1036/306/596 1019/298/596
f 1035/303/239 1010/293/239 1020/297/239
f 1036/306/218 1033/302/218 1017/301/218
f 1036/307/428 1020/297/428 1018/304/428
f 1031/299/241 1019/298/241 1017/301/241
f 1031/309/215 1034/305/215 1018/304/215
f 1037/310/217 1039/317/217 1015/311/217
f 1037/312/427 1014/275/427 1016/313/427
f 1038/315/243 1023/278/243 1013/277/243
f 1023/279/216 1038/319/216 1016/313/216
f 1040/316/244 1007/284/244 1015/311/597
f 1040/318/222 1039/314/222 1016/313/222
f 1026/286/219 1038/315/219 1015/311/219
f 1026/286/245 1008/283/220 1016/313/245
f 1040/316/246 1037/310/1633 1013/277/598
f 1040/318/247 1008/283/247 1014/275/247
f 1102/320/599 1101/399/689 1041/321/600
f 1103/323/602 1102/320/599 1042/322/601
f 1104/325/604 1103/323/602 1043/324/603
f 1105/327/606 1104/325/604 1044/326/605
f 1106/329/608 1105/327/606 1045/328/607
f 1107/331/610 1106/329/608 1046/330/609
f 1108/333/612 1107/331/610 1047/332/611
f 1109/335/614 1108/403/612 1048/336/613
f 1110/338/616 1109/335/614 1049/337/615
f 1111/340/618 1110/338/616 1050/339/617
f 1112/342/620 1111/340/618 1051/341/619
f 1113/344/622 1112/342/620 1052/343/621
f 1042/322/601 1041/321/600 1057/346/624
f 1114/348/626 1113/344/622 1053/345/623
f 1115/350/628 1114/348/626 1054/349/627
f 1057/346/630 1070/352/673 1085/381/631
f 1055/351/629 1070/352/644 1057/346/624
f 1048/336/613 1063/1919/645 1064/354/633
f 1049/337/615 1064/354/633 1065/355/634
f 1043/324/603 1042/322/601 1056/347/625
f 1050/339/617 1065/355/634 1066/357/636
f 1043/324/603 1058/356/635 1059/358/637
f 1051/341/619 1066/357/636 1067/359/638
f 1044/326/605 1059/358/637 1060/360/639
f 1053/345/623 1052/343/621 1067/359/638
f 1045/328/607 1060/360/639 1061/362/641
f 1053/345/623 1068/361/640 1069/363/642
f 1047/332/611 1046/330/609 1061/362/641
f 1054/349/627 1069/363/642 1070/352/644
f 1048/334/613 1047/332/611 1062/364/643
f 1072/353/632 1085/381/631 1100/366/646
f 1064/354/648 1063/1919/674 1078/368/649
f 1057/346/630 1072/353/632 1071/370/651
f 1065/355/653 1064/354/648 1079/369/650
f 1058/356/655 1056/347/652 1071/370/651
f 1065/355/653 1080/371/654 1081/373/657
f 1058/356/655 1073/372/656 1074/374/659
f 1066/357/658 1081/373/657 1082/375/661
f 1060/360/663 1059/358/660 1074/374/659
f 1067/359/662 1082/375/661 1083/377/665
f 1060/360/663 1075/376/664 1076/378/667
f 1068/361/666 1083/377/665 1084/379/669
f 1062/364/671 1061/362/668 1076/378/667
f 1069/363/670 1084/379/669 1085/381/631
f 1063/365/674 1062/364/671 1077/380/672
f 1088/1920/681 1086/1921/679 1087/1922/647
f 1087/1922/647 1100/1923/646 1099/1924/686
f 1099/1924/686 1098/1925/684 1097/383/675
f 1097/383/675 1096/1926/682 1095/1927/680
f 1095/1927/680 1094/1928/678 1093/384/676
f 1093/384/676 1092/397/687 1091/1929/685
f 1091/1929/685 1090/1930/683 1089/385/677
f 1089/385/677 1088/1920/681 1087/1922/647
f 1087/1922/647 1099/1924/686 1097/383/675
f 1097/383/675 1095/1927/680 1093/384/676
f 1093/384/676 1091/1929/685 1089/385/677
f 1089/385/677 1087/1922/647 1097/383/675
f 1078/368/649 1093/1931/676 1094/386/678
f 1072/353/632 1087/367/647 1086/387/679
f 1080/371/654 1079/369/650 1094/386/678
f 1073/372/656 1071/370/651 1086/387/679
f 1080/371/654 1095/388/680 1096/390/682
f 1074/374/659 1073/372/656 1088/389/681
f 1082/375/661 1081/373/657 1096/390/682
f 1074/374/659 1089/391/677 1090/393/683
f 1082/375/661 1097/392/675 1098/394/684
f 1075/376/664 1090/393/683 1091/395/685
f 1084/379/669 1083/377/665 1098/394/684
f 1077/380/672 1076/378/667 1091/395/685
f 1084/379/669 1099/396/686 1100/366/646
f 1077/380/672 1092/397/687 1093/384/676
f 1116/405/688 1117/398/693 1101/399/689
f 1132/413/690 1145/400/705 1130/401/691
f 1117/398/693 1130/401/1634 1115/350/628
f 1124/402/694 1123/416/1635 1108/403/612
f 1125/404/695 1124/402/694 1109/335/614
f 1103/323/602 1118/420/1636 1116/405/688
f 1126/406/696 1125/404/695 1110/338/616
f 1119/407/697 1118/420/1636 1103/323/602
f 1127/408/698 1126/406/696 1111/340/618
f 1120/409/699 1119/407/697 1104/325/604
f 1128/425/700 1127/408/698 1112/342/620
f 1121/410/701 1120/409/699 1105/327/606
f 1129/411/702 1128/425/700 1113/344/622
f 1107/331/610 1122/412/703 1121/410/701
f 1115/350/628 1130/401/1634 1129/411/702
f 1108/333/612 1123/429/1635 1122/412/703
f 1132/413/690 1147/457/1637 1160/414/704
f 1124/402/706 1139/418/712 1138/415/707
f 1131/417/709 1132/413/690 1117/398/692
f 1125/404/711 1140/436/736 1139/418/712
f 1133/419/713 1131/417/709 1116/405/710
f 1141/421/715 1140/436/736 1125/404/711
f 1134/423/717 1133/419/713 1118/420/714
f 1142/422/719 1141/421/715 1126/406/716
f 1135/441/721 1134/423/717 1119/407/718
f 1143/424/723 1142/422/719 1127/408/720
f 1136/426/725 1135/441/721 1120/409/722
f 1144/427/727 1143/424/723 1128/425/724
f 1122/412/729 1137/444/730 1136/426/725
f 1145/400/705 1144/427/727 1129/411/728
f 1123/429/708 1138/428/707 1137/444/730
f 1147/1932/1637 1146/1933/734 1148/1934/737
f 1148/1934/737 1149/1935/1638 1150/1936/739
f 1150/1936/739 1151/1937/741 1152/430/731
f 1152/430/731 1153/459/742 1154/1938/733
f 1154/1938/733 1155/1939/735 1156/431/732
f 1156/431/732 1157/1940/738 1158/1941/1639
f 1158/1941/1639 1159/1942/740 1160/432/704
f 1160/432/704 1147/1932/1637 1148/1934/737
f 1148/1934/737 1150/1936/739 1152/430/731
f 1152/430/731 1154/1938/733 1156/431/732
f 1156/431/732 1158/1941/1639 1160/432/704
f 1160/432/704 1148/1934/737 1152/430/731
f 1154/433/733 1153/1943/742 1138/415/707
f 1146/434/734 1147/457/1637 1132/413/690
f 1155/435/735 1154/433/733 1139/418/712
f 1148/437/737 1146/434/734 1131/417/709
f 1156/438/732 1155/435/735 1140/436/736
f 1134/423/717 1149/1944/1638 1148/437/737
f 1157/439/738 1156/438/732 1141/421/715
f 1150/440/739 1149/1944/1638 1134/423/717
f 1143/424/723 1158/442/1639 1157/439/738
f 1136/426/725 1151/443/741 1150/440/739
f 1159/458/740 1158/442/1639 1143/424/723
f 1137/444/730 1152/430/731 1151/443/741
f 1145/400/705 1160/414/704 1159/458/740
f 1153/459/742 1152/430/731 1137/444/730
f 1101/399/689 1115/350/628 1055/351/629
f 1162/445/406 1164/448/406 1163/446/406
f 1164/448/205 1168/450/205 1167/449/205
f 1168/450/404 1166/452/404 1165/451/404
f 1166/452/405 1162/1945/405 1161/453/405
f 1167/449/209 1165/451/209 1161/454/209
f 1164/456/200 1162/1946/200 1166/452/200
f 1185/187/216 1188/1905/216 1173/188/216
f 1185/190/218 1176/1906/218 1174/191/218
f 1186/193/215 1175/255/215 1173/194/215
f 1187/195/217 1174/200/217 1176/196/217
f 1190/197/408 1177/202/408 1173/194/408
f 1190/199/407 1188/1907/407 1174/200/407
f 1187/195/410 1173/194/410 1177/202/410
f 1189/204/409 1178/201/409 1174/200/409
f 1185/205/415 1175/255/415 1177/202/415
f 1185/206/417 1190/199/417 1178/201/417
f 1191/207/218 1194/1908/218 1171/208/218
f 1191/210/216 1170/1909/216 1172/211/216
f 1192/204/217 1169/233/217 1171/213/217
f 1193/215/215 1172/220/215 1170/216/215
f 1196/217/409 1181/222/409 1171/213/409
f 1196/219/410 1194/1910/410 1172/220/410
f 1193/214/407 1171/213/407 1181/222/407
f 1195/224/408 1182/221/408 1172/220/408
f 1191/225/419 1169/233/419 1181/222/419
f 1191/226/421 1196/219/421 1182/221/421
f 1199/227/407 1169/233/407 1179/228/407
f 1199/230/408 1197/243/408 1180/231/408
f 1198/232/409 1179/228/409 1169/233/409
f 1192/203/410 1170/216/410 1180/231/410
f 1200/235/411 1181/1911/411 1169/236/743
f 1200/238/412 1199/1912/744 1170/239/744
f 1200/241/217 1197/229/217 1179/228/217
f 1200/242/215 1182/221/215 1180/231/215
f 1195/244/218 1181/1913/218 1179/245/218
f 1198/247/216 1180/1914/216 1182/248/216
f 1203/250/410 1175/255/410 1183/251/410
f 1203/253/409 1201/263/409 1184/254/409
f 1202/215/408 1183/251/408 1175/255/408
f 1186/193/407 1176/196/407 1184/254/407
f 1204/256/413 1177/1915/413 1175/257/745
f 1204/259/414 1203/1916/746 1176/260/746
f 1204/261/215 1201/252/215 1183/251/215
f 1204/262/217 1178/201/217 1184/254/217
f 1189/264/216 1177/1917/216 1183/265/216
f 1202/267/218 1184/1918/218 1178/268/218
f 1224/270/433 1213/277/433 1205/271/433
f 1224/273/408 1221/285/408 1206/274/408
f 1222/276/409 1205/271/409 1213/277/409
f 1222/280/434 1223/279/434 1214/275/434
f 1224/270/435 1225/281/435 1207/284/435
f 1224/273/437 1214/275/437 1208/283/437
f 1225/281/428 1221/272/428 1205/271/428
f 1225/282/215 1208/283/215 1206/274/215
f 1226/286/427 1207/284/427 1205/271/427
f 1222/280/216 1206/274/216 1208/283/216
f 1227/287/254 1230/295/254 1211/288/254
f 1227/290/217 1210/293/217 1212/291/217
f 1228/280/253 1209/289/253 1211/288/253
f 1229/278/218 1212/291/218 1210/293/218
f 1232/294/440 1219/298/440 1211/288/440
f 1232/296/409 1230/292/409 1212/291/409
f 1229/279/408 1211/288/408 1219/298/408
f 1229/278/441 1231/309/441 1220/297/441
f 1227/287/443 1209/289/443 1219/298/443
f 1232/296/444 1220/297/444 1210/293/444
f 1235/300/423 1209/289/423 1217/301/423
f 1235/303/407 1233/308/407 1218/304/407
f 1234/305/410 1217/301/410 1209/289/410
f 1228/276/424 1210/293/424 1218/304/424
f 1235/300/425 1236/306/747 1219/298/747
f 1236/307/426 1235/303/426 1210/293/426
f 1236/306/216 1233/302/216 1217/301/216
f 1236/307/240 1220/297/240 1218/304/240
f 1234/305/254 1231/299/254 1219/298/254
f 1231/309/217 1234/305/217 1218/304/217
f 1237/310/218 1239/317/218 1215/311/218
f 1237/312/241 1214/275/241 1216/313/241
f 1238/315/428 1223/278/428 1213/277/428
f 1238/319/215 1216/313/215 1214/275/215
f 1240/316/429 1207/284/429 1215/311/429
f 1240/318/410 1239/314/410 1216/313/410
f 1226/286/407 1238/315/407 1215/311/407
f 1226/286/430 1208/283/430 1216/313/430
f 1240/316/431 1237/310/748 1213/277/748
f 1237/312/432 1240/318/432 1208/283/432
f 1302/320/749 1301/399/839 1241/321/750
f 1303/323/752 1302/320/749 1242/322/751
f 1304/325/754 1303/323/752 1243/324/753
f 1305/327/756 1304/325/754 1244/326/755
f 1306/329/758 1305/327/756 1245/328/757
f 1307/331/760 1306/329/758 1246/330/759
f 1308/333/762 1307/331/760 1247/332/761
f 1309/335/764 1308/403/762 1248/336/763
f 1310/338/766 1309/335/764 1249/337/765
f 1311/340/768 1310/338/766 1250/339/767
f 1312/342/770 1311/340/768 1251/341/769
f 1313/344/772 1312/342/770 1252/343/771
f 1242/322/751 1241/321/750 1257/346/774
f 1314/348/776 1313/344/772 1253/345/773
f 1315/350/778 1314/348/776 1254/349/777
f 1257/346/780 1270/352/823 1285/381/781
f 1255/351/779 1270/352/794 1257/346/774
f 1248/336/763 1263/1919/795 1264/354/783
f 1249/337/765 1264/354/783 1265/355/784
f 1243/324/753 1242/322/751 1256/347/775
f 1251/341/769 1250/339/767 1265/355/784
f 1244/326/755 1243/324/753 1258/356/785
f 1251/341/769 1266/357/786 1267/359/788
f 1244/326/755 1259/358/787 1260/360/789
f 1252/343/771 1267/359/788 1268/361/790
f 1245/328/757 1260/360/789 1261/362/791
f 1253/345/773 1268/361/790 1269/363/792
f 1247/332/761 1246/330/759 1261/362/791
f 1254/349/777 1269/363/792 1270/352/794
f 1248/334/763 1247/332/761 1262/364/793
f 1272/353/782 1285/381/781 1300/366/796
f 1264/354/798 1263/1919/824 1278/368/799
f 1257/346/780 1272/353/782 1271/370/801
f 1265/355/803 1264/354/798 1279/369/800
f 1258/356/805 1256/347/802 1271/370/801
f 1265/355/803 1280/371/804 1281/373/807
f 1259/358/809 1258/356/805 1273/372/806
f 1267/359/811 1266/357/808 1281/373/807
f 1260/360/813 1259/358/809 1274/374/810
f 1268/361/815 1267/359/811 1282/375/812
f 1260/360/813 1275/376/814 1276/378/817
f 1268/361/815 1283/377/816 1284/379/819
f 1262/364/821 1261/362/818 1276/378/817
f 1270/352/823 1269/363/820 1284/379/819
f 1262/364/821 1277/380/822 1278/382/799
f 1288/1920/831 1286/1921/829 1287/1922/797
f 1287/1922/797 1300/1923/796 1299/1924/836
f 1299/1924/836 1298/1925/834 1297/383/825
f 1297/383/825 1296/1926/832 1295/1927/830
f 1295/1927/830 1294/1928/828 1293/384/826
f 1293/384/826 1292/397/837 1291/1929/835
f 1291/1929/835 1290/1930/833 1289/385/827
f 1289/385/827 1288/1920/831 1287/1922/797
f 1287/1922/797 1299/1924/836 1297/383/825
f 1297/383/825 1295/1927/830 1293/384/826
f 1293/384/826 1291/1929/835 1289/385/827
f 1289/385/827 1287/1922/797 1297/383/825
f 1278/368/799 1293/1931/826 1294/386/828
f 1272/353/782 1287/367/797 1286/387/829
f 1279/369/800 1294/386/828 1295/388/830
f 1273/372/806 1271/370/801 1286/387/829
f 1281/373/807 1280/371/804 1295/388/830
f 1274/374/810 1273/372/806 1288/389/831
f 1281/373/807 1296/390/832 1297/392/825
f 1274/374/810 1289/391/827 1290/393/833
f 1283/377/816 1282/375/812 1297/392/825
f 1275/376/814 1290/393/833 1291/395/835
f 1284/379/819 1283/377/816 1298/394/834
f 1277/380/822 1276/378/817 1291/395/835
f 1285/381/781 1284/379/819 1299/396/836
f 1277/380/822 1292/397/837 1293/384/826
f 1302/320/749 1316/405/845 1317/398/838
f 1317/398/840 1332/413/855 1345/400/841
f 1317/398/838 1330/401/852 1315/350/778
f 1324/402/843 1323/416/853 1308/403/762
f 1325/404/844 1324/402/843 1309/335/764
f 1303/323/752 1318/420/1640 1316/405/845
f 1326/406/846 1325/404/844 1310/338/766
f 1319/407/847 1318/420/1640 1303/323/752
f 1312/342/770 1327/408/848 1326/406/846
f 1305/327/756 1320/409/849 1319/407/847
f 1313/344/772 1328/425/850 1327/408/848
f 1306/329/758 1321/410/851 1320/409/849
f 1314/348/776 1329/411/1641 1328/425/850
f 1307/331/760 1322/412/1642 1321/410/851
f 1330/401/852 1329/411/1641 1314/348/776
f 1323/429/853 1322/412/1642 1307/331/760
f 1347/457/854 1360/414/882 1345/400/841
f 1324/402/856 1339/418/862 1338/415/857
f 1331/417/859 1332/413/855 1317/398/840
f 1325/404/861 1340/436/885 1339/418/862
f 1318/420/863 1333/419/886 1331/417/859
f 1341/421/864 1340/436/885 1325/404/861
f 1334/423/866 1333/419/886 1318/420/863
f 1342/422/868 1341/421/864 1326/406/865
f 1335/441/870 1334/423/866 1319/407/867
f 1343/424/872 1342/422/868 1327/408/869
f 1336/426/874 1335/441/870 1320/409/871
f 1344/427/876 1343/424/872 1328/425/873
f 1322/412/878 1337/444/879 1336/426/874
f 1330/401/842 1345/400/841 1344/427/876
f 1323/429/858 1338/428/857 1337/444/879
f 1347/1932/854 1346/1933/884 1348/1934/888
f 1348/1934/888 1349/1935/1643 1350/1936/890
f 1350/1936/890 1351/1937/1644 1352/430/880
f 1352/430/880 1353/459/893 1354/1938/883
f 1354/1938/883 1355/1939/887 1356/431/881
f 1356/431/881 1357/1940/889 1358/1941/891
f 1358/1941/891 1359/1942/892 1360/432/882
f 1360/432/882 1347/1932/854 1348/1934/888
f 1348/1934/888 1350/1936/890 1352/430/880
f 1352/430/880 1354/1938/883 1356/431/881
f 1356/431/881 1358/1941/891 1360/432/882
f 1360/432/882 1348/1934/888 1352/430/880
f 1354/433/883 1353/1943/893 1338/415/857
f 1346/434/884 1347/457/854 1332/413/855
f 1340/436/885 1355/435/887 1354/433/883
f 1333/419/886 1348/437/888 1346/434/884
f 1341/421/864 1356/438/881 1355/435/887
f 1334/423/866 1349/1944/1643 1348/437/888
f 1357/439/889 1356/438/881 1341/421/864
f 1350/440/890 1349/1944/1643 1334/423/866
f 1343/424/872 1358/442/891 1357/439/889
f 1336/426/874 1351/443/1644 1350/440/890
f 1344/427/876 1359/458/892 1358/442/891
f 1352/430/880 1351/443/1644 1336/426/874
f 1345/400/841 1360/414/882 1359/458/892
f 1353/459/893 1352/430/880 1337/444/879
f 1301/399/839 1315/350/778 1255/351/779
f 1362/445/405 1364/448/405 1363/446/405
f 1364/448/406 1368/450/406 1367/449/406
f 1368/450/205 1366/452/205 1365/451/205
f 1366/452/404 1362/1945/404 1361/453/404
f 1367/449/209 1365/451/209 1361/454/209
f 1364/456/200 1362/1946/200 1366/452/200
f 1434/460/894 1433/463/895 1691/461/895
f 1433/463/895 1435/526/896 1693/464/896
f 1693/464/896 1435/526/896 1436/465/897
f 1695/466/897 1436/465/897 1437/467/898
f 1697/468/898 1437/467/898 1438/469/899
f 1438/469/899 1439/472/900 1701/471/900
f 1439/472/900 1440/1947/901 1703/473/901
f 1440/474/901 1441/477/902 1705/475/902
f 1441/477/902 1442/479/903 1707/478/903
f 1442/479/903 1443/536/904 1709/480/904
f 1709/480/904 1443/536/904 1444/481/905
f 1711/482/905 1444/481/905 1445/483/906
f 1713/484/906 1445/483/906 1446/485/907
f 1446/485/907 1447/488/908 1717/487/908
f 1447/488/908 1448/490/909 1719/489/909
f 1448/490/909 1449/492/910 1721/491/910
f 1449/492/910 1450/494/911 1723/493/911
f 1450/494/911 1451/545/912 1725/495/912
f 1725/495/912 1451/545/912 1452/496/913
f 1727/497/913 1452/496/913 1453/498/914
f 1729/499/914 1453/498/914 1454/500/915
f 1454/500/915 1455/503/916 1733/502/916
f 1455/503/916 1456/505/917 1735/504/917
f 1456/505/917 1457/507/918 1737/506/918
f 1457/507/918 1458/509/919 1739/508/919
f 1458/509/919 1459/554/920 1741/510/920
f 1741/510/920 1459/554/920 1460/511/921
f 1743/512/921 1460/511/921 1461/513/922
f 1745/514/922 1461/513/922 1462/515/923
f 1462/515/923 1463/521/924 1749/517/924
f 1374/518/925 1851/1144/925 1852/519/926
f 1463/521/924 1464/523/927 1751/522/927
f 1464/523/927 1434/460/894 1690/462/894
f 1465/524/928 1433/463/932 1434/460/929
f 1465/524/928 1467/528/934 1435/526/931
f 1468/527/933 1436/465/936 1435/526/931
f 1469/529/935 1437/467/938 1436/465/936
f 1470/530/937 1438/469/940 1437/467/938
f 1471/531/939 1439/472/942 1438/469/940
f 1472/532/941 1440/1947/944 1439/472/942
f 1473/533/943 1441/477/946 1440/474/944
f 1474/535/945 1442/479/948 1441/477/946
f 1474/535/945 1475/538/950 1443/536/947
f 1476/537/949 1444/481/952 1443/536/947
f 1477/539/951 1445/483/954 1444/481/952
f 1478/540/953 1446/485/956 1445/483/954
f 1479/541/955 1447/488/958 1446/485/956
f 1480/542/957 1448/490/960 1447/488/958
f 1481/543/959 1449/492/962 1448/490/960
f 1482/544/961 1450/494/964 1449/492/962
f 1482/544/961 1483/547/966 1451/545/963
f 1484/546/965 1452/496/968 1451/545/963
f 1485/548/967 1453/498/970 1452/496/968
f 1486/549/969 1454/500/972 1453/498/970
f 1487/550/971 1455/503/974 1454/500/972
f 1488/551/973 1456/505/976 1455/503/974
f 1489/552/975 1457/507/978 1456/505/976
f 1490/553/977 1458/509/980 1457/507/978
f 1490/553/977 1491/556/982 1459/554/979
f 1492/555/981 1460/511/984 1459/554/979
f 1493/557/983 1461/513/986 1460/511/984
f 1494/558/985 1462/515/988 1461/513/986
f 1495/559/987 1463/521/990 1462/515/988
f 1496/560/989 1464/523/991 1463/521/990
f 1466/525/930 1434/460/929 1464/523/991
f 1497/561/992 1465/524/928 1466/525/930
f 1497/561/992 1499/564/995 1467/528/934
f 1500/563/994 1468/527/933 1467/528/934
f 1501/565/996 1469/529/935 1468/527/933
f 1502/566/997 1470/530/937 1469/529/935
f 1502/566/997 1503/568/999 1471/531/939
f 1504/567/998 1472/532/941 1471/531/939
f 1505/569/1000 1473/533/943 1472/534/941
f 1506/571/1001 1474/535/945 1473/533/943
f 1506/571/1001 1507/573/1003 1475/538/950
f 1508/572/1002 1476/537/949 1475/538/950
f 1509/574/1004 1477/539/951 1476/537/949
f 1510/575/1005 1478/540/953 1477/539/951
f 1510/575/1005 1511/577/1007 1479/541/955
f 1512/576/1006 1480/542/957 1479/541/955
f 1513/578/1008 1481/543/959 1480/542/957
f 1514/579/1009 1482/544/961 1481/543/959
f 1514/579/1009 1515/581/1011 1483/547/966
f 1516/580/1010 1484/546/965 1483/547/966
f 1517/582/1012 1485/548/967 1484/546/965
f 1518/583/1013 1486/549/969 1485/548/967
f 1518/583/1013 1519/585/1015 1487/550/971
f 1520/584/1014 1488/551/973 1487/550/971
f 1521/586/1016 1489/552/975 1488/551/973
f 1522/587/1017 1490/553/977 1489/552/975
f 1522/587/1017 1523/589/1019 1491/556/982
f 1524/588/1018 1492/555/981 1491/556/982
f 1525/590/1020 1493/557/983 1492/555/981
f 1526/591/1021 1494/558/985 1493/557/983
f 1526/591/1021 1527/593/1023 1495/559/987
f 1528/592/1022 1496/560/989 1495/559/987
f 1498/562/993 1466/525/930 1496/560/989
f 1372/594/1024 1497/561/992 1498/562/993
f 1372/594/1024 1374/597/1027 1499/564/995
f 1376/596/1026 1500/563/994 1499/564/995
f 1378/598/1028 1501/565/996 1500/563/994
f 1380/599/1029 1502/566/997 1501/565/996
f 1382/600/1030 1503/568/999 1502/566/997
f 1384/601/1031 1504/567/998 1503/568/999
f 1386/602/1032 1505/569/1000 1504/570/998
f 1388/604/1033 1506/571/1001 1505/569/1000
f 1388/604/1033 1390/606/1035 1507/573/1003
f 1392/605/1034 1508/572/1002 1507/573/1003
f 1394/607/1036 1509/574/1004 1508/572/1002
f 1396/608/1037 1510/575/1005 1509/574/1004
f 1398/609/1038 1511/577/1007 1510/575/1005
f 1400/610/1039 1512/576/1006 1511/577/1007
f 1402/611/1040 1513/578/1008 1512/576/1006
f 1404/612/1041 1514/579/1009 1513/578/1008
f 1404/612/1041 1406/614/1043 1515/581/1011
f 1408/613/1042 1516/580/1010 1515/581/1011
f 1410/615/1044 1517/582/1012 1516/580/1010
f 1412/616/1045 1518/583/1013 1517/582/1012
f 1414/617/1046 1519/585/1015 1518/583/1013
f 1416/618/1047 1520/584/1014 1519/585/1015
f 1418/619/1048 1521/586/1016 1520/584/1014
f 1420/620/1049 1522/587/1017 1521/586/1016
f 1420/620/1049 1422/622/1051 1523/589/1019
f 1424/621/1050 1524/588/1018 1523/589/1019
f 1426/623/1052 1525/590/1020 1524/588/1018
f 1428/624/1053 1526/591/1021 1525/590/1020
f 1430/625/1054 1527/593/1023 1526/591/1021
f 1432/626/1055 1528/592/1022 1527/593/1023
f 1370/595/1025 1498/562/993 1528/592/1022
f 1561/627/1056 1529/691/1119 1530/628/1057
f 1562/629/1058 1530/628/1057 1531/630/1059
f 1563/631/1060 1531/630/1059 1532/632/1061
f 1565/634/1063 1564/633/1062 1532/632/1061
f 1565/634/1063 1533/635/1064 1534/636/1065
f 1566/637/1066 1534/636/1065 1535/638/1067
f 1567/639/1068 1535/638/1067 1536/640/1069
f 1568/642/1070 1536/1948/1069 1537/643/1071
f 1569/644/1072 1537/643/1071 1538/645/1073
f 1570/646/1074 1538/645/1073 1539/647/1075
f 1571/648/1076 1539/647/1075 1540/649/1077
f 1573/651/1079 1572/650/1078 1540/649/1077
f 1573/651/1079 1541/652/1080 1542/653/1081
f 1575/655/1083 1574/654/1082 1542/653/1081
f 1575/655/1083 1543/656/1084 1544/657/1085
f 1576/658/1086 1544/657/1085 1545/659/1087
f 1577/660/1088 1545/659/1087 1546/661/1089
f 1578/662/1090 1546/661/1089 1547/663/1091
f 1579/664/1092 1547/663/1091 1548/665/1093
f 1581/667/1095 1580/666/1094 1548/665/1093
f 1581/667/1095 1549/668/1096 1550/669/1097
f 1583/671/1099 1582/670/1098 1550/669/1097
f 1583/671/1099 1551/672/1100 1552/673/1101
f 1584/674/1102 1552/673/1101 1553/675/1103
f 1585/676/1104 1553/675/1103 1554/677/1105
f 1586/678/1106 1554/677/1105 1555/679/1107
f 1588/681/1109 1587/680/1108 1555/679/1107
f 1588/681/1109 1556/682/1110 1557/683/1111
f 1589/684/1112 1557/683/1111 1558/685/1113
f 1591/687/1115 1590/686/1114 1558/685/1113
f 1591/687/1115 1559/688/1116 1560/689/1117
f 1592/690/1118 1560/689/1117 1529/691/1119
f 1369/692/209 1561/627/1056 1562/629/1058
f 1373/694/209 1371/693/209 1562/629/1058
f 1373/694/209 1563/631/1060 1564/633/1062
f 1377/696/209 1375/695/209 1564/633/1062
f 1379/697/209 1377/696/209 1565/634/1063
f 1379/697/209 1566/637/1066 1567/639/1068
f 1383/699/209 1381/698/209 1567/639/1068
f 1383/700/209 1568/642/1070 1569/644/1072
f 1387/702/209 1385/701/209 1569/644/1072
f 1389/703/209 1387/702/209 1570/646/1074
f 1389/703/209 1571/648/1076 1572/650/1078
f 1393/705/209 1391/704/209 1572/650/1078
f 1395/706/209 1393/705/209 1573/651/1079
f 1395/706/209 1574/654/1082 1575/655/1083
f 1399/708/209 1397/707/209 1575/655/1083
f 1399/708/209 1576/658/1086 1577/660/1088
f 1401/709/209 1577/660/1088 1578/662/1090
f 1405/711/209 1403/710/209 1578/662/1090
f 1405/711/209 1579/664/1092 1580/666/1094
f 1407/712/209 1580/666/1094 1581/667/1095
f 1409/713/209 1581/667/1095 1582/670/1098
f 1411/714/209 1582/670/1098 1583/671/1099
f 1415/716/209 1413/715/209 1583/671/1099
f 1415/716/209 1584/674/1102 1585/676/1104
f 1419/718/209 1417/717/209 1585/676/1104
f 1419/718/209 1586/678/1106 1587/680/1108
f 1421/719/209 1587/680/1108 1588/681/1109
f 1423/720/209 1588/681/1109 1589/684/1112
f 1427/722/209 1425/721/209 1589/684/1112
f 1427/722/209 1590/686/1114 1591/687/1115
f 1429/723/209 1591/687/1115 1592/690/1118
f 1431/724/209 1592/690/1118 1561/627/1056
f 1594/725/1120 1686/827/1120 1667/726/1121
f 1599/728/1122 1660/747/1122 1657/729/1123
f 1623/731/1124 1596/877/1125 1687/732/1125
f 1600/734/1126 1661/749/1126 1658/735/1127
f 1598/737/1128 1688/830/1128 1685/738/1129
f 1656/742/209 1625/1949/209 1626/1950/209
f 1626/1950/209 1627/1951/209 1628/1952/209
f 1628/1952/209 1629/1953/209 1630/1954/209
f 1630/1954/209 1631/1955/209 1632/1956/209
f 1632/1956/209 1633/1957/209 1634/1958/209
f 1634/1958/209 1635/1959/209 1636/1960/209
f 1636/1960/209 1637/1961/209 1638/1962/209
f 1638/1962/209 1639/1963/209 1640/740/209
f 1640/740/209 1641/1964/209 1642/1965/209
f 1642/1965/209 1643/1966/209 1644/1967/209
f 1644/1967/209 1645/1968/209 1646/1969/209
f 1646/1969/209 1647/1970/209 1648/741/209
f 1648/741/209 1649/1971/209 1650/1972/209
f 1650/1972/209 1651/1973/209 1652/1974/209
f 1652/1974/209 1653/1975/209 1654/1976/209
f 1654/1976/209 1655/1977/209 1656/742/209
f 1656/742/209 1626/1950/209 1628/1952/209
f 1628/1952/209 1630/1954/209 1632/1956/209
f 1632/1956/209 1634/1958/209 1636/1960/209
f 1636/1960/209 1638/1962/209 1640/740/209
f 1640/740/209 1642/1965/209 1644/1967/209
f 1644/1967/209 1646/1969/209 1648/741/209
f 1648/741/209 1650/1972/209 1652/1974/209
f 1652/1974/209 1654/1976/209 1656/742/209
f 1656/742/209 1628/1952/209 1632/1956/209
f 1632/1956/209 1636/1960/209 1640/740/209
f 1640/740/209 1644/1967/209 1648/741/209
f 1648/741/209 1652/1974/209 1656/742/209
f 1656/742/209 1632/1956/209 1640/740/209
f 1601/743/1130 1662/751/1130 1659/744/1131
f 1599/728/1122 1602/752/1132 1663/746/1132
f 1603/748/1133 1664/754/1133 1661/749/1126
f 1604/750/1134 1665/756/1134 1662/751/1130
f 1602/752/1132 1605/758/1135 1666/753/1135
f 1603/748/1133 1606/727/1121 1667/726/1121
f 1607/755/1136 1668/760/1136 1665/756/1134
f 1608/757/1137 1669/840/1137 1666/753/1135
f 1609/759/1138 1670/842/1138 1668/760/1136
f 1397/761/1139 1399/823/1140 1598/762/1140
f 1425/764/1141 1596/824/1141 1623/765/1142
f 1371/767/1143 1594/825/1143 1606/768/1144
f 1397/761/1139 1624/763/1139 1622/770/1145
f 1423/766/1142 1623/765/1142 1621/772/1146
f 1395/771/1145 1622/770/1145 1620/774/1147
f 1421/773/1146 1621/772/1146 1619/776/1148
f 1393/775/1147 1620/774/1147 1618/778/1149
f 1419/777/1148 1619/776/1148 1617/780/1150
f 1391/779/1149 1618/778/1149 1616/782/1151
f 1417/781/1150 1617/780/1150 1615/784/1152
f 1389/783/1151 1616/782/1151 1614/786/1153
f 1415/785/1152 1615/784/1152 1613/788/1154
f 1387/787/1153 1614/786/1153 1612/790/1155
f 1413/789/1154 1613/788/1154 1611/792/1156
f 1385/791/1155 1612/790/1155 1610/794/1157
f 1411/793/1156 1611/792/1156 1609/796/1158
f 1383/798/1157 1610/1978/1157 1608/799/1159
f 1409/797/1158 1609/796/1158 1607/801/1160
f 1381/800/1159 1608/799/1159 1605/803/1161
f 1407/802/1160 1607/801/1160 1604/805/1162
f 1369/769/1144 1606/768/1144 1603/807/1163
f 1379/804/1161 1605/803/1161 1602/809/1164
f 1405/806/1162 1604/805/1162 1601/811/1165
f 1431/808/1163 1603/807/1163 1600/813/1166
f 1377/810/1164 1602/809/1164 1599/815/1167
f 1403/812/1165 1601/811/1165 1597/817/1168
f 1429/814/1166 1600/813/1166 1595/819/1169
f 1375/816/1167 1599/815/1167 1593/821/1170
f 1401/818/1168 1597/817/1168 1598/762/1140
f 1427/820/1169 1595/819/1169 1596/824/1141
f 1373/822/1170 1593/821/1170 1594/825/1143
f 1657/729/1171 1627/831/1171 1626/826/1172
f 1658/735/1173 1654/832/1173 1653/828/1174
f 1659/744/1175 1641/833/1175 1640/829/1176
f 1660/747/1177 1628/834/1177 1627/831/1171
f 1661/749/1178 1655/835/1178 1654/832/1173
f 1662/751/1179 1642/836/1179 1641/833/1175
f 1663/746/1180 1629/837/1180 1628/834/1177
f 1664/754/1181 1656/838/1181 1655/835/1178
f 1665/756/1182 1643/839/1182 1642/836/1179
f 1666/753/1183 1630/841/1183 1629/837/1180
f 1667/726/1184 1625/874/1184 1656/838/1181
f 1668/760/1185 1644/843/1185 1643/839/1182
f 1669/840/1186 1631/845/1186 1630/841/1183
f 1670/842/1187 1645/847/1187 1644/843/1185
f 1671/844/1188 1632/1979/1188 1631/845/1186
f 1672/846/1189 1646/852/1189 1645/847/1187
f 1673/848/1190 1633/854/1190 1632/849/1188
f 1674/851/1191 1647/856/1191 1646/852/1189
f 1673/848/1190 1675/858/1192 1634/853/1192
f 1676/855/1193 1648/860/1193 1647/856/1191
f 1677/857/1194 1635/862/1194 1634/853/1192
f 1678/859/1195 1649/864/1195 1648/860/1193
f 1679/861/1196 1636/866/1196 1635/862/1194
f 1680/863/1197 1650/868/1197 1649/864/1195
f 1681/865/1198 1637/870/1198 1636/866/1196
f 1682/867/1199 1651/872/1199 1650/868/1197
f 1683/869/1200 1638/873/1200 1637/870/1198
f 1682/867/1199 1684/733/1201 1652/871/1201
f 1685/738/1202 1639/875/1202 1638/873/1200
f 1686/827/1172 1626/826/1172 1625/874/1184
f 1687/732/1174 1653/828/1174 1652/871/1201
f 1688/830/1176 1640/829/1176 1639/875/1202
f 1597/745/1131 1659/744/1131 1688/830/1128
f 1624/739/1129 1685/738/1129 1683/869/1203
f 1595/736/1127 1658/735/1127 1687/732/1125
f 1623/731/1124 1684/733/1124 1682/867/1204
f 1594/725/1120 1593/730/1123 1657/729/1123
f 1620/879/1205 1622/876/1203 1683/869/1203
f 1621/878/1204 1682/867/1204 1680/863/1206
f 1618/881/1207 1620/879/1205 1681/865/1205
f 1619/880/1206 1680/863/1206 1678/859/1208
f 1618/881/1207 1679/861/1207 1677/857/1209
f 1615/884/1210 1617/882/1208 1678/859/1208
f 1616/883/1209 1677/857/1209 1675/858/1211
f 1615/884/1210 1676/855/1210 1674/851/1212
f 1614/885/1211 1675/858/1211 1673/848/1213
f 1611/888/1214 1613/886/1212 1674/851/1212
f 1612/887/1213 1673/848/1213 1671/850/1215
f 1611/888/1214 1672/846/1214 1670/842/1138
f 1610/890/1215 1671/844/1215 1669/840/1137
f 1752/891/927 1689/970/894 1529/892/894
f 1744/894/1216 1808/1056/1216 1810/895/1217
f 1750/897/924 1752/891/927 1560/893/927
f 1718/899/1218 1782/1055/1218 1784/900/1219
f 1558/902/923 1748/916/923 1750/897/924
f 1694/903/1220 1692/1053/1221 1756/904/1221
f 1746/896/922 1748/916/923 1558/902/923
f 1747/516/1222 1811/928/1222 1809/907/1223
f 1744/894/921 1746/896/922 1557/906/922
f 1719/489/1224 1721/491/1225 1785/909/1225
f 1742/911/920 1744/894/921 1556/908/921
f 1693/464/1226 1695/466/1227 1759/913/1227
f 1554/915/919 1740/1066/919 1742/911/920
f 1748/916/1228 1746/896/1217 1810/895/1217
f 1738/918/918 1740/1066/919 1554/915/919
f 1722/920/1229 1720/901/1219 1784/900/1219
f 1736/922/917 1738/918/918 1553/919/918
f 1694/903/1220 1758/905/1220 1760/924/1230
f 1734/926/916 1736/922/917 1552/923/917
f 1749/517/1231 1813/946/1231 1811/928/1222
f 1732/929/915 1734/926/916 1551/927/916
f 1721/491/1225 1723/493/1232 1787/931/1232
f 1730/932/914 1732/929/915 1550/930/915
f 1697/468/1233 1761/949/1233 1759/913/1227
f 1728/934/913 1730/932/914 1549/933/914
f 1748/916/1228 1812/917/1228 1814/936/1234
f 1726/937/912 1728/934/913 1548/935/913
f 1722/920/1229 1786/921/1229 1788/939/1235
f 1724/940/911 1726/937/912 1547/938/912
f 1696/925/1230 1760/924/1230 1762/942/1236
f 1722/920/910 1724/940/911 1546/941/911
f 1749/517/1231 1751/522/1237 1815/945/1237
f 1544/947/909 1720/901/909 1722/920/910
f 1725/495/1238 1789/964/1238 1787/931/1232
f 1543/948/908 1718/899/908 1720/901/909
f 1699/470/1239 1763/967/1239 1761/949/1233
f 1542/950/907 1716/1054/907 1718/899/908
f 1750/897/1234 1814/936/1234 1816/951/1240
f 1714/952/906 1716/1054/907 1542/950/907
f 1724/940/1235 1788/939/1235 1790/954/1241
f 1712/955/905 1714/952/906 1541/953/906
f 1700/957/1242 1698/943/1236 1762/942/1236
f 1710/959/904 1712/955/905 1540/956/905
f 1690/462/1243 1754/1057/1243 1815/945/1237
f 1708/961/903 1710/959/904 1539/960/904
f 1725/495/1238 1727/497/1244 1791/963/1244
f 1706/965/902 1708/961/903 1538/962/903
f 1701/471/1245 1765/980/1245 1763/967/1239
f 1536/968/901 1704/1980/901 1706/965/902
f 1752/891/1240 1816/951/1240 1753/969/1246
f 1535/971/900 1702/977/900 1704/972/901
f 1726/937/1241 1790/954/1241 1792/974/1247
f 1700/957/899 1702/977/900 1535/971/900
f 1700/957/1242 1764/958/1242 1766/976/1248
f 1533/978/898 1698/943/898 1700/957/899
f 1729/499/1249 1793/985/1249 1791/963/1244
f 1696/925/897 1698/943/898 1533/978/898
f 1703/473/1250 1767/1981/1250 1765/980/1245
f 1694/903/896 1696/925/897 1532/979/897
f 1728/934/1247 1792/974/1247 1794/982/1251
f 1530/983/895 1692/1053/895 1694/903/896
f 1702/977/1248 1766/976/1248 1768/984/1252
f 1689/970/894 1692/1053/895 1530/983/895
f 1731/501/1253 1795/1080/1253 1793/985/1249
f 1816/986/927 1815/1982/927 1754/987/894
f 1813/989/924 1815/1982/927 1816/986/927
f 1811/991/923 1813/989/924 1814/990/924
f 1809/993/922 1811/991/923 1812/992/923
f 1807/995/921 1809/993/922 1810/994/922
f 1805/997/920 1807/995/921 1808/996/921
f 1803/999/919 1805/997/920 1806/998/920
f 1801/1001/918 1803/999/919 1804/1000/919
f 1799/1003/917 1801/1001/918 1802/1002/918
f 1797/1005/916 1799/1003/917 1800/1004/917
f 1795/1007/915 1797/1005/916 1798/1006/916
f 1793/1009/914 1795/1007/915 1796/1008/915
f 1791/1011/913 1793/1009/914 1794/1010/914
f 1789/1013/912 1791/1011/913 1792/1012/913
f 1787/1015/911 1789/1013/912 1790/1014/912
f 1785/1017/910 1787/1015/911 1788/1016/911
f 1783/1019/909 1785/1017/910 1786/1018/910
f 1781/1021/908 1783/1019/909 1784/1020/909
f 1779/1023/907 1781/1021/908 1782/1022/908
f 1777/1025/906 1779/1023/907 1780/1024/907
f 1775/1027/905 1777/1025/906 1778/1026/906
f 1773/1029/904 1775/1027/905 1776/1028/905
f 1771/1031/903 1773/1029/904 1774/1030/904
f 1769/1033/902 1771/1031/903 1772/1032/903
f 1767/1035/901 1769/1033/902 1770/1034/902
f 1765/1037/900 1767/1983/901 1768/1038/901
f 1763/1040/899 1765/1037/900 1766/1039/900
f 1761/1042/898 1763/1040/899 1764/1041/899
f 1759/1044/897 1761/1042/898 1762/1043/898
f 1757/1046/896 1759/1044/897 1760/1045/897
f 1755/1048/895 1757/1046/896 1758/1047/896
f 1754/987/894 1755/1048/895 1756/1049/895
f 1691/461/1254 1693/464/1226 1757/914/1226
f 1719/489/1224 1783/910/1224 1781/1051/1255
f 1745/514/1223 1809/907/1223 1807/1052/1256
f 1689/970/1246 1753/969/1246 1756/904/1221
f 1716/1054/1257 1780/1061/1257 1782/1055/1218
f 1742/911/1258 1806/1063/1258 1808/1056/1216
f 1690/462/1243 1691/461/1254 1755/1050/1254
f 1717/487/1255 1781/1051/1255 1779/1058/1259
f 1741/510/1260 1743/512/1256 1807/1052/1256
f 1716/1054/1257 1714/952/1261 1778/1060/1261
f 1742/911/1258 1740/1066/1262 1804/1062/1262
f 1715/486/1259 1779/1058/1259 1777/1064/1263
f 1739/508/1264 1741/510/1260 1805/1059/1260
f 1712/955/1265 1776/1070/1265 1778/1060/1261
f 1738/918/1266 1802/1072/1266 1804/1062/1262
f 1713/484/1263 1777/1064/1263 1775/1067/1267
f 1737/506/1268 1739/508/1264 1803/1065/1264
f 1712/955/1265 1710/959/1269 1774/1069/1269
f 1738/918/1266 1736/922/1270 1800/1071/1270
f 1709/480/1271 1711/482/1267 1775/1067/1267
f 1737/506/1268 1801/1068/1268 1799/1074/1272
f 1708/961/1273 1772/1077/1273 1774/1069/1269
f 1734/926/1274 1798/1078/1274 1800/1071/1270
f 1709/480/1271 1773/1073/1271 1771/1075/1275
f 1733/502/1276 1735/504/1272 1799/1074/1272
f 1706/965/1277 1770/1082/1277 1772/1077/1273
f 1732/929/1278 1796/1083/1278 1798/1078/1274
f 1705/475/1279 1707/478/1275 1771/1075/1275
f 1733/502/1276 1797/1076/1276 1795/1080/1253
f 1706/965/1277 1704/1980/1252 1768/1081/1252
f 1730/932/1251 1794/982/1251 1796/1083/1278
f 1703/476/1250 1705/475/1279 1769/1079/1279
f 1428/1085/1280 1878/1145/1280 1879/1086/1281
f 1402/1088/205 1865/1146/205 1866/1089/1282
f 1376/520/926 1852/519/926 1853/1091/218
f 1430/1087/1281 1879/1086/1281 1880/1093/1283
f 1404/1090/1282 1866/1089/1282 1867/1095/1284
f 1378/1092/218 1853/1091/218 1854/1097/1285
f 1432/1094/1283 1880/1093/1283 1850/1099/405
f 1406/1096/1284 1867/1095/1284 1868/1101/1286
f 1380/1098/1285 1854/1097/1285 1855/1103/1287
f 1408/1102/1286 1868/1101/1286 1869/1105/215
f 1382/1104/1287 1855/1103/1287 1856/1107/1288
f 1410/1106/215 1869/1105/215 1870/1109/1289
f 1384/1111/1288 1856/1156/1288 1857/1112/406
f 1412/1110/1289 1870/1109/1289 1871/1114/1290
f 1386/1113/406 1857/1112/406 1858/1116/1291
f 1414/1115/1290 1871/1114/1290 1872/1118/1292
f 1388/1117/1291 1858/1116/1291 1859/1120/1293
f 1416/1119/1292 1872/1118/1292 1873/1122/404
f 1390/1121/1293 1859/1120/1293 1860/1124/1294
f 1418/1123/404 1873/1122/404 1874/1126/1295
f 1392/1125/1294 1860/1124/1294 1861/1128/217
f 1420/1127/1295 1874/1126/1295 1875/1130/1296
f 1394/1129/217 1861/1128/217 1862/1132/1297
f 1422/1131/1296 1875/1130/1296 1876/1134/1298
f 1396/1133/1297 1862/1132/1297 1863/1136/1299
f 1370/1100/405 1850/1099/405 1849/1138/1300
f 1424/1135/1298 1876/1134/1298 1877/1140/216
f 1398/1137/1299 1863/1136/1299 1864/1142/1301
f 1372/1139/1300 1849/1138/1300 1851/1144/925
f 1426/1141/216 1877/1140/216 1878/1145/1280
f 1400/1143/1301 1864/1142/1301 1865/1146/205
f 1817/1147/200 1849/1138/200 1850/1099/200
f 1817/1147/200 1819/1150/200 1851/1144/200
f 1820/1149/200 1852/519/200 1851/1144/200
f 1820/1149/200 1821/1152/200 1853/1091/200
f 1822/1151/200 1854/1097/200 1853/1091/200
f 1823/1153/200 1855/1103/200 1854/1097/200
f 1824/1154/200 1856/1107/200 1855/1103/200
f 1825/1155/200 1857/1112/200 1856/1156/200
f 1826/1158/200 1858/1116/200 1857/1112/200
f 1826/1158/200 1827/1160/200 1859/1120/200
f 1828/1159/200 1860/1124/200 1859/1120/200
f 1828/1159/200 1829/1162/200 1861/1128/200
f 1830/1161/200 1862/1132/200 1861/1128/200
f 1831/1163/200 1863/1136/200 1862/1132/200
f 1832/1164/200 1864/1142/200 1863/1136/200
f 1833/1165/200 1865/1146/200 1864/1142/200
f 1834/1166/200 1866/1089/200 1865/1146/200
f 1834/1166/200 1835/1168/200 1867/1095/200
f 1836/1167/200 1868/1101/200 1867/1095/200
f 1836/1167/200 1837/1170/200 1869/1105/200
f 1838/1169/200 1870/1109/200 1869/1105/200
f 1839/1171/200 1871/1114/200 1870/1109/200
f 1840/1172/200 1872/1118/200 1871/1114/200
f 1841/1173/200 1873/1122/200 1872/1118/200
f 1842/1174/200 1874/1126/200 1873/1122/200
f 1842/1174/200 1843/1176/200 1875/1130/200
f 1844/1175/200 1876/1134/200 1875/1130/200
f 1844/1175/200 1845/1178/200 1877/1140/200
f 1846/1177/200 1878/1145/200 1877/1140/200
f 1847/1179/200 1879/1086/200 1878/1145/200
f 1848/1180/200 1880/1093/200 1879/1086/200
f 1818/1148/200 1850/1099/200 1880/1093/200
f 1909/1181/216 1973/1310/216 1974/1182/1280
f 1881/1184/200 1913/1188/200 1914/1185/200
f 1881/1184/200 1883/1190/200 1915/1187/200
f 1884/1189/200 1916/1192/200 1915/1187/200
f 1884/1189/200 1885/1194/200 1917/1191/200
f 1886/1193/200 1918/1196/200 1917/1191/200
f 1886/1193/200 1887/1198/200 1919/1195/200
f 1888/1197/200 1920/1200/200 1919/1195/200
f 1888/1197/200 1889/1202/200 1921/1199/200
f 1890/1201/200 1922/1204/200 1921/1199/200
f 1890/1201/200 1891/1206/200 1923/1203/200
f 1892/1205/200 1924/1208/200 1923/1203/200
f 1892/1205/200 1893/1210/200 1925/1207/200
f 1894/1209/200 1926/1212/200 1925/1207/200
f 1894/1209/200 1895/1214/200 1927/1211/200
f 1896/1213/200 1928/1216/200 1927/1211/200
f 1896/1213/200 1897/1218/200 1929/1215/200
f 1898/1217/200 1930/1220/200 1929/1215/200
f 1898/1217/200 1899/1222/200 1931/1219/200
f 1900/1221/200 1932/1224/200 1931/1219/200
f 1900/1221/200 1901/1226/200 1933/1223/200
f 1902/1225/200 1934/1228/200 1933/1223/200
f 1902/1225/200 1903/1230/200 1935/1227/200
f 1904/1229/200 1936/1232/200 1935/1227/200
f 1904/1229/200 1905/1234/200 1937/1231/200
f 1906/1233/200 1938/1236/200 1937/1231/200
f 1906/1233/200 1907/1238/200 1939/1235/200
f 1908/1237/200 1940/1240/200 1939/1235/200
f 1908/1237/200 1909/1242/200 1941/1239/200
f 1910/1241/200 1942/1244/200 1941/1239/200
f 1910/1241/200 1911/1246/200 1943/1243/200
f 1912/1245/200 1944/1247/200 1943/1243/200
f 1912/1245/200 1882/1186/200 1914/1185/200
f 1947/1250/200 1945/1984/200 1946/1985/200
f 1946/1985/200 1976/1986/200 1975/1987/200
f 1975/1987/200 1974/1988/200 1973/1989/200
f 1973/1989/200 1972/1990/200 1971/1991/200
f 1971/1991/200 1970/1992/200 1969/1993/200
f 1969/1993/200 1968/1994/200 1967/1995/200
f 1967/1995/200 1966/1996/200 1965/1997/200
f 1965/1997/200 1964/1998/200 1963/1248/200
f 1963/1248/200 1962/1999/200 1961/2000/200
f 1961/2000/200 1960/2001/1645 1959/2002/200
f 1959/2002/200 1958/2003/200 1957/2004/200
f 1957/2004/200 1956/2005/200 1955/1249/200
f 1955/1249/200 1954/2006/200 1953/2007/200
f 1953/2007/200 1952/2008/200 1951/2009/200
f 1951/2009/200 1950/2010/200 1949/2011/200
f 1949/2011/200 1948/2012/200 1947/1250/200
f 1947/1250/200 1946/1985/200 1975/1987/200
f 1975/1987/200 1973/1989/200 1971/1991/200
f 1971/1991/200 1969/1993/200 1967/1995/200
f 1967/1995/200 1965/1997/200 1963/1248/200
f 1963/1248/200 1961/2000/200 1959/2002/200
f 1959/2002/200 1957/2004/200 1955/1249/200
f 1955/1249/200 1953/2007/200 1951/2009/200
f 1951/2009/200 1949/2011/200 1947/1250/200
f 1947/1250/200 1975/1987/200 1971/1991/200
f 1971/1991/200 1967/1995/200 1963/1248/200
f 1963/1248/200 1959/2002/200 1955/1249/200
f 1955/1249/200 1951/2009/200 1947/1250/200
f 1947/1250/200 1971/1991/200 1963/1248/200
f 1896/1251/1301 1960/1311/1301 1961/1252/205
f 1884/1254/926 1883/1312/925 1947/1255/925
f 1911/1257/1281 1910/1183/1280 1974/1182/1280
f 1897/1253/205 1961/1252/205 1962/1259/1282
f 1885/1261/218 1884/1254/926 1948/1256/926
f 1911/1257/1281 1975/1258/1281 1976/1263/1283
f 1898/1260/1282 1962/1259/1282 1963/1265/1284
f 1885/1261/218 1949/1262/218 1950/1267/1285
f 1912/1264/1283 1976/1263/1283 1946/1269/405
f 1899/1266/1284 1963/1265/1284 1964/1271/1286
f 1887/1273/1287 1886/1268/1285 1950/1267/1285
f 1900/1272/1286 1964/1271/1286 1965/1275/215
f 1887/1273/1287 1951/1274/1287 1952/1277/1288
f 1901/1276/215 1965/1275/215 1966/1279/1289
f 1888/1281/1288 1952/2013/1288 1953/1282/406
f 1902/1280/1289 1966/1279/1289 1967/1284/1290
f 1889/1283/406 1953/1282/406 1954/1286/1291
f 1903/1285/1290 1967/1284/1290 1968/1288/1292
f 1890/1287/1291 1954/1286/1291 1955/1290/1293
f 1905/1292/404 1904/1289/1292 1968/1288/1292
f 1892/1294/1294 1891/1291/1293 1955/1290/1293
f 1905/1292/404 1969/1293/404 1970/1296/1295
f 1892/1294/1294 1956/1295/1294 1957/1298/217
f 1906/1297/1295 1970/1296/1295 1971/1300/1296
f 1893/1299/217 1957/1298/217 1958/1302/1297
f 1908/1304/1298 1907/1301/1296 1971/1300/1296
f 1894/1303/1297 1958/1302/1297 1959/1306/1299
f 1882/1270/405 1946/1269/405 1945/1308/1300
f 1909/1181/216 1908/1304/1298 1972/1305/1298
f 1895/1307/1299 1959/1306/1299 1960/1311/1301
f 1881/1309/1300 1945/1308/1300 1947/1255/925
f 1843/1313/1296 1939/1320/1296 1940/1314/1298
f 1829/1316/217 1925/1322/217 1926/1317/1297
f 1842/1319/1295 1938/1324/1295 1939/1320/1296
f 1828/1321/1294 1924/1326/1294 1925/1322/217
f 1841/1323/404 1937/1328/404 1938/1324/1295
f 1827/1325/1293 1923/1330/1293 1924/1326/1294
f 1840/1327/1292 1936/1332/1292 1937/1328/404
f 1826/1329/1291 1922/1334/1291 1923/1330/1293
f 1839/1331/1290 1935/1336/1290 1936/1332/1292
f 1825/1333/406 1921/1338/406 1922/1334/1291
f 1838/1335/1289 1934/1340/1289 1935/1336/1290
f 1824/1337/1288 1920/2014/1288 1921/1338/406
f 1837/1339/215 1933/1345/215 1934/1340/1289
f 1823/1341/1287 1919/1347/1287 1920/1342/1288
f 1836/1344/1286 1932/1349/1286 1933/1345/215
f 1823/1341/1287 1822/1353/1285 1918/1346/1285
f 1835/1348/1284 1931/1356/1284 1932/1349/1286
f 1818/1350/405 1848/1358/1283 1944/1351/1283
f 1822/1353/1285 1821/1360/218 1917/1354/218
f 1834/1355/1282 1930/1362/1282 1931/1356/1284
f 1847/1357/1281 1943/1364/1281 1944/1351/1283
f 1820/1359/926 1916/1366/926 1917/1354/218
f 1833/1361/205 1929/1368/205 1930/1362/1282
f 1846/1363/1280 1942/1370/1280 1943/1364/1281
f 1819/1365/925 1915/1372/925 1916/1366/926
f 1832/1367/1301 1928/1374/1301 1929/1368/205
f 1846/1363/1280 1845/1375/216 1941/1369/216
f 1817/1371/1300 1913/1376/1300 1915/1372/925
f 1831/1373/1299 1927/1377/1299 1928/1374/1301
f 1845/1375/216 1844/1315/1298 1940/1314/1298
f 1818/1350/405 1914/1352/405 1913/1376/1300
f 1830/1318/1297 1926/1317/1297 1927/1377/1299
f 1978/1378/1302 1980/2015/1302 1979/1379/1303
f 1980/1381/406 1982/1384/406 1981/1382/406
f 1982/1384/205 1984/1386/205 1983/1385/1305
f 1984/1386/1307 1986/1388/1307 1985/1387/1308
f 1986/1388/1309 1978/1378/1309 1977/1380/1310
f 1985/1387/1308 1996/1394/1311 1995/1389/1311
f 1991/1390/1312 2001/1390/1312 2000/1391/1312
f 1979/1383/406 1981/1382/406 1994/1392/406
f 1977/1380/1310 1992/1395/1313 1996/1394/1313
f 1979/1379/1303 1993/2016/1646 1992/1395/1314
f 1981/1382/1306 1983/1385/1305 1995/1389/1315
f 1987/1396/209 1992/1403/209 1993/1397/209
f 1989/1399/209 1988/1398/209 1993/1397/209
f 1989/1399/209 1994/1400/209 1995/1401/209
f 1990/1391/209 1995/1401/209 1996/1402/209
f 1991/1390/209 1996/1402/209 1992/1403/209
f 2001/1390/209 1997/1396/209 1998/1398/209
f 1998/1398/209 1999/1399/209 2000/1391/209
f 1989/1399/404 1999/1399/404 1998/1398/404
f 1991/1390/1316 1987/1396/1316 1997/1396/1316
f 1990/1391/405 2000/1391/405 1999/1399/405
f 1988/1398/1317 1998/1398/1317 1997/1396/1317
f 2002/1404/1318 2003/1423/1319 2005/1405/1319
f 2005/1405/404 2007/1408/404 2006/1407/404
f 2007/1408/405 2009/2017/405 2008/1409/1321
f 2009/1410/1312 2011/1413/1312 2010/1411/1323
f 2011/1413/1316 2003/1423/1316 2002/1404/1324
f 2010/1411/1323 2016/1420/1325 2015/1414/1325
f 2016/1417/209 2012/2018/209 2013/1415/209
f 2013/1415/209 2014/2019/209 2015/1416/209
f 2004/1406/404 2006/1407/404 2014/1418/404
f 2002/1404/1324 2012/1421/1326 2016/1420/1326
f 2004/1406/1320 2013/1419/1647 2012/1421/1327
f 2006/1407/1322 2008/1409/1321 2015/1422/1328
f 2018/1423/1329 2020/1405/1329 2019/1406/1330
f 2020/1405/205 2022/1408/205 2021/1407/205
f 2022/1408/404 2024/2017/404 2023/1409/1332
f 2024/1410/1334 2026/1413/1334 2025/1411/1335
f 2026/1413/1336 2018/1423/1336 2017/1404/1337
f 2023/1412/1335 2025/1411/1335 2031/1420/1338
f 2031/1417/209 2027/2018/209 2028/1415/209
f 2028/1415/209 2029/2019/209 2030/1416/209
f 2019/1406/205 2021/1407/205 2029/1418/205
f 2017/1404/1337 2027/1421/1339 2031/1420/1339
f 2019/1406/1330 2028/1419/1648 2027/1421/1340
f 2021/1407/1333 2023/1409/1332 2030/1422/1341
f 2032/1404/1342 2033/1423/1343 2035/1405/1343
f 2035/1405/1345 2037/1408/1345 2036/1407/1345
f 2037/1408/1346 2039/2017/1346 2038/1409/1347
f 2039/1410/1349 2041/1413/1349 2040/1411/1350
f 2041/1413/1351 2033/1423/1351 2032/1404/1352
f 2040/1411/1350 2046/1420/1353 2045/1414/1353
f 2046/1417/209 2042/2018/209 2043/1415/209
f 2043/1415/209 2044/2019/209 2045/1416/209
f 2034/1406/1345 2036/1407/1345 2044/1418/1345
f 2040/1411/1352 2032/1404/1352 2042/1421/1354
f 2034/1406/1344 2043/1419/1649 2042/1421/1355
f 2036/1407/1348 2038/1409/1347 2045/1422/1356
f 2048/1423/1357 2050/1405/1357 2049/1406/1358
f 2050/1405/1360 2052/1408/1360 2051/1407/1360
f 2052/1408/1345 2054/2017/1345 2053/1409/1361
f 2054/1410/1363 2056/1413/1363 2055/1411/1364
f 2056/1413/1365 2048/1423/1365 2047/1404/1366
f 2055/1411/1364 2061/1420/1367 2060/1414/1367
f 2061/1417/209 2057/2018/209 2058/1415/209
f 2058/1415/209 2059/2019/209 2060/1416/209
f 2049/1406/1360 2051/1407/1360 2059/1418/1360
f 2047/1404/1366 2057/1421/1368 2061/1420/1368
f 2049/1406/1358 2058/1419/1650 2057/1421/1369
f 2051/1407/1362 2053/1409/1361 2060/1422/1370
f 2070/1424/1298 2125/1430/1296 2124/1425/1296
f 2123/1427/217 2122/1433/217 2063/1428/1297
f 2125/1430/1296 2121/1435/1295 2120/1431/1295
f 2119/1432/1294 2118/1437/1294 2122/1433/217
f 2117/1434/404 2116/1439/404 2120/1431/1295
f 2115/1436/1293 2114/1441/1293 2118/1437/1294
f 2113/1438/1292 2112/1443/1292 2116/1439/404
f 2111/1440/1291 2110/1445/1291 2114/1441/1293
f 2109/1442/1290 2108/1447/1290 2112/1443/1292
f 2107/1444/406 2106/2020/406 2110/1445/1291
f 2105/1446/1289 2104/1452/1289 2108/1447/1290
f 2103/1448/1288 2102/1454/1288 2106/1449/406
f 2101/1451/215 2100/1456/215 2104/1452/1289
f 2099/1453/1287 2098/1458/1287 2102/1454/1288
f 2097/1455/1286 2096/1460/1286 2100/1456/215
f 2099/1453/1287 2095/1464/1285 2094/1457/1285
f 2093/1459/1284 2092/2021/1284 2096/1460/1286
f 2066/1461/405 2091/1470/1283 2090/1462/1283
f 2095/1464/1285 2089/1471/218 2088/1465/218
f 2087/1466/1282 2086/1474/1282 2092/1467/1284
f 2085/1469/1281 2084/1476/1281 2090/1462/1283
f 2089/1471/218 2083/1477/926 2082/1472/926
f 2081/1473/205 2080/1480/205 2086/1474/1282
f 2079/1475/1280 2078/1482/1280 2084/1476/1281
f 2083/1477/926 2077/1484/925 2076/1478/925
f 2075/1479/1301 2074/1486/1301 2080/1480/205
f 2079/1475/1280 2073/2022/216 2072/1481/216
f 2069/1483/1300 2068/1489/1300 2076/1478/925
f 2065/1485/1299 2064/1490/1299 2074/1486/1301
f 2073/1487/216 2070/1424/1298 2071/1426/1298
f 2069/1483/1300 2066/1461/405 2067/1463/405
f 2062/1429/1297 2063/1428/1297 2064/1490/1299
f 2134/1491/1294 2135/1568/1294 2216/1492/1293
f 2127/1494/1280 2214/2023/216 2215/1495/216
f 2240/1497/200 2244/2024/200 2188/1498/200
f 2147/1500/1371 2221/1711/1371 2220/1501/1371
f 2212/1503/1291 2180/2025/406 2181/1504/406
f 2210/1506/1298 2178/1512/1296 2179/1507/1296
f 2180/1509/406 2176/1514/1288 2177/1510/1288
f 2178/1512/1296 2174/2026/1295 2175/1513/1295
f 2176/1514/1288 2208/2027/1287 2209/1515/1287
f 2175/1513/1295 2174/2026/1295 2206/1516/404
f 2245/1518/209 2241/2028/209 2185/1519/209
f 2218/1521/200 2224/2029/200 2150/1522/200
f 2204/1524/1285 2164/1530/218 2165/1525/218
f 2202/1527/1292 2162/1532/1290 2163/1528/1290
f 2164/1530/218 2160/1534/926 2161/1531/926
f 2162/1532/1290 2158/1539/1289 2159/1533/1289
f 2160/1534/926 2156/1541/925 2157/1535/925
f 2131/1536/205 2200/1693/1301 2201/1537/1301
f 2158/1539/1289 2198/2030/215 2199/1540/215
f 2156/1541/925 2196/1694/1300 2197/1542/1300
f 2219/1543/1372 2218/2031/1372 2144/1544/1372
f 2188/1546/1373 2244/2032/1373 2245/1547/1373
f 2225/1549/209 2219/2033/209 2145/1550/209
f 2195/1552/1299 2194/2034/1299 2142/1553/1297
f 2192/1555/1286 2140/2035/1284 2141/1556/1284
f 2190/1558/405 2138/1566/1283 2139/1559/1283
f 2143/1554/1297 2142/1553/1297 2136/1561/217
f 2141/1563/1284 2140/2036/1284 2132/1564/1282
f 2138/1566/1283 2128/1569/1281 2129/1567/1281
f 2137/1562/217 2136/1561/217 2135/1568/1294
f 2132/1564/1282 2131/1536/205 2130/1538/205
f 2128/1569/1281 2127/1494/1280 2126/1496/1280
f 2177/1570/209 2209/2037/209 2109/1571/209
f 2192/1573/200 2198/2038/200 2088/1574/200
f 2108/1576/200 2208/2039/200 2176/1577/200
f 2197/1579/209 2191/2040/209 2081/1580/209
f 2175/1582/209 2207/2041/209 2107/1583/209
f 2080/1585/200 2190/2042/200 2196/1586/200
f 2106/1588/200 2206/2043/200 2174/1589/200
f 2085/1591/209 2195/2044/209 2143/1592/209
f 2109/1571/209 2209/2037/209 2205/1594/209
f 2142/1596/200 2194/2045/200 2084/1597/200
f 2204/1599/200 2208/2039/200 2108/1576/200
f 2193/1601/209 2141/2046/209 2077/1602/209
f 2107/1583/209 2207/2041/209 2203/1604/209
f 2076/1606/200 2140/2047/200 2192/1573/200
f 2202/1607/200 2206/2043/200 2106/1588/200
f 2081/1580/209 2191/2040/209 2139/1609/209
f 2205/1594/209 2165/2048/209 2101/1611/209
f 2138/1612/200 2190/2042/200 2080/1585/200
f 2100/1614/200 2164/2049/200 2204/1599/200
f 2143/1592/209 2137/2050/209 2073/1615/209
f 2203/1604/209 2163/2051/209 2099/1616/209
f 2134/1617/209 2217/2052/209 2125/1618/209
f 2072/1620/200 2136/2053/200 2142/1596/200
f 2098/1621/200 2162/2054/200 2202/1607/200
f 2124/1622/200 2216/2055/200 2135/1623/200
f 2077/1602/209 2141/2046/209 2133/1625/209
f 2101/1611/209 2165/2048/209 2161/1627/209
f 2126/1629/209 2215/2056/209 2123/1630/209
f 2132/1632/200 2140/2047/200 2076/1606/200
f 2160/1634/200 2164/2049/200 2100/1614/200
f 2122/1636/200 2214/2057/200 2127/1637/200
f 2139/1609/209 2129/2058/209 2065/1639/209
f 2099/1616/209 2163/2051/209 2159/1640/209
f 2125/1618/209 2217/2052/209 2213/1642/209
f 2064/1644/200 2128/2059/200 2138/1612/200
f 2158/1645/200 2162/2054/200 2098/1621/200
f 2212/1647/200 2216/2055/200 2124/1622/200
f 2073/1615/209 2137/2050/209 2134/1617/209
f 2161/1627/209 2157/2060/209 2093/1649/209
f 2123/1630/209 2215/2056/209 2211/1650/209
f 2135/1623/200 2136/2053/200 2072/1620/200
f 2092/1652/200 2156/2061/200 2160/1634/200
f 2210/1653/200 2214/2057/200 2122/1636/200
f 2133/1625/209 2130/2062/209 2066/1655/209
f 2066/1655/209 2130/2062/209 2201/1656/209
f 2213/1642/209 2181/2063/209 2117/1658/209
f 2067/1659/200 2131/2064/200 2132/1632/200
f 2200/1660/200 2131/2064/200 2067/1659/200
f 2116/1662/200 2180/2065/200 2212/1647/200
f 2065/1639/209 2129/2058/209 2126/1629/209
f 2159/1640/209 2199/2066/209 2089/1663/209
f 2211/1650/209 2179/2067/209 2115/1664/209
f 2127/1637/200 2128/2059/200 2064/1644/200
f 2088/1574/200 2198/2038/200 2158/1645/200
f 2114/1665/200 2178/2068/200 2210/1653/200
f 2093/1649/209 2157/2060/209 2197/1579/209
f 2117/1658/209 2181/2063/209 2177/1570/209
f 2196/1586/200 2156/2061/200 2092/1652/200
f 2176/1577/200 2180/2065/200 2116/1662/200
f 2201/1656/209 2195/2044/209 2085/1591/209
f 2115/1664/209 2179/2067/209 2175/1582/209
f 2084/1597/200 2194/2045/200 2200/1660/200
f 2174/1589/200 2178/2068/200 2114/1665/200
f 2089/1663/209 2199/2066/209 2193/1601/209
f 2144/1666/1374 2190/1558/405 2191/1560/405
f 2146/1502/1375 2192/1555/1286 2193/1557/1286
f 2148/1668/1376 2194/2034/1299 2195/1552/1299
f 2197/1542/1300 2196/1694/1300 2150/1670/1374
f 2199/1540/215 2198/2030/215 2152/1672/1375
f 2201/1537/1301 2200/1693/1301 2154/1674/1376
f 2166/1676/1377 2202/1527/1292 2203/1529/1292
f 2168/1678/1378 2204/1524/1285 2205/1526/1285
f 2207/1517/404 2206/1516/404 2170/1680/1377
f 2209/1515/1287 2208/2027/1287 2172/1682/1378
f 2210/1506/1298 2211/1508/1298 2183/1684/1371
f 2212/1503/1291 2213/1505/1291 2185/1686/1379
f 2215/1688/216 2214/2069/216 2186/1689/1371
f 2217/1493/1293 2216/1492/1293 2188/1691/1379
f 2185/1686/1379 2213/1505/1291 2217/1493/1293
f 2216/1492/1293 2212/1503/1291 2184/1687/1379
f 2211/1508/1298 2215/1688/216 2187/1690/1371
f 2186/1689/1371 2214/2069/216 2210/1506/1298
f 2205/1526/1285 2209/1515/1287 2173/1683/1378
f 2172/1682/1378 2208/2027/1287 2204/1524/1285
f 2203/1529/1292 2207/1517/404 2171/1681/1377
f 2206/1516/404 2202/1527/1292 2166/1676/1377
f 2195/1552/1299 2201/1537/1301 2155/1675/1376
f 2200/1693/1301 2194/2034/1299 2148/1668/1376
f 2193/1557/1286 2199/1540/215 2153/1673/1375
f 2152/1672/1375 2198/2030/215 2192/1555/1286
f 2191/1560/405 2197/1542/1300 2151/1671/1374
f 2196/1694/1300 2190/1558/405 2144/1666/1374
f 2245/1695/1379 2244/2070/1379 2240/1696/1379
f 2242/1698/1371 2238/2071/1371 2239/1699/1371
f 2236/1701/1378 2232/2072/1378 2233/1702/1378
f 2234/1704/1377 2230/2073/1377 2231/1705/1377
f 2228/1707/1376 2222/2074/1376 2223/1708/1376
f 2227/1710/1375 2226/2075/1375 2220/1501/1375
f 2224/1712/1374 2218/2076/1374 2219/1713/1374
f 2223/1715/1380 2222/2077/1380 2148/1716/1380
f 2187/1718/209 2243/2078/209 2239/1719/209
f 2224/1721/1381 2225/2079/1381 2151/1722/1381
f 2182/1724/200 2238/2080/200 2242/1725/200
f 2152/1727/1382 2226/2081/1382 2227/1728/1382
f 2173/1730/209 2237/2082/209 2233/1731/209
f 2228/1733/1383 2229/2083/1383 2155/1734/1383
f 2168/1736/200 2232/2084/200 2236/1737/200
f 2231/1739/1384 2230/2085/1384 2166/1740/1384
f 2235/1742/209 2231/2086/209 2167/1743/209
f 2233/1745/1385 2232/2087/1385 2168/1746/1385
f 2166/1748/200 2230/2088/200 2234/1749/200
f 2234/1751/1386 2235/2089/1386 2171/1752/1386
f 2229/1754/209 2223/2090/209 2149/1755/209
f 2236/1701/1387 2237/1703/1387 2173/1683/1387
f 2148/1757/200 2222/2091/200 2228/1758/200
f 2239/1760/1388 2238/2092/1388 2182/1761/1388
f 2227/1763/209 2221/2093/209 2147/1764/209
f 2185/1686/1389 2241/1697/1389 2240/1696/1389
f 2220/1766/200 2226/2094/200 2152/1767/200
f 2242/1698/1375 2243/1700/1375 2187/1690/1375
f 2250/1769/200 2251/1793/200 2253/1770/200
f 2255/1772/406 2259/2095/406 2258/1773/406
f 2256/1775/404 2260/2096/404 2261/1776/404
f 2257/1778/405 2261/2097/405 2259/1779/405
f 2254/1781/205 2258/2098/205 2260/1782/205
f 2248/1784/209 2249/1789/209 2247/1785/209
f 2247/1785/209 2255/1790/209 2254/1787/209
f 2248/1784/209 2256/1791/209 2257/1788/209
f 2249/1789/209 2257/1788/209 2255/1790/209
f 2246/1786/209 2254/1787/209 2256/1791/209
f 2250/1769/200 2258/1796/200 2259/1792/200
f 2253/1770/200 2261/1795/200 2260/1794/200
f 2251/1793/200 2259/1792/200 2261/1795/200
f 2252/1771/200 2260/1794/200 2258/1796/200
f 2286/1797/1390 2287/1804/1390 2280/1798/1390
f 2286/1800/1391 2275/1818/1391 2281/1801/1391
f 2290/1803/221 2272/1808/221 2280/1798/221
f 2290/1805/219 2287/1802/219 2281/1801/219
f 2288/1807/222 2280/1798/222 2272/1808/222
f 2288/1810/220 2289/1817/220 2273/1806/220
f 2292/1811/409 2270/1815/409 2272/1808/409
f 2290/1805/407 2273/1806/407 2271/1812/407
f 2291/1814/410 2289/1809/410 2272/1808/410
f 2291/1816/408 2271/1812/408 2273/1806/408
f 2286/1797/222 2274/1799/222 2270/1815/222
f 2286/1800/220 2292/1813/220 2271/1812/220
f 2293/1819/1392 2294/1824/1392 2274/1799/1392
f 2293/1821/1393 2283/1831/1393 2275/1818/1393
f 2295/1823/221 2270/1815/221 2274/1799/221
f 2295/1825/219 2294/1822/219 2275/1818/219
f 2297/1826/409 2268/1829/409 2270/1815/409
f 2297/1827/407 2295/1825/407 2271/1812/407
f 2291/1814/410 2270/1815/410 2268/1829/410
f 2291/1816/408 2296/1834/408 2269/1828/408
f 2293/1819/222 2282/1820/222 2268/1829/222
f 2293/1821/220 2297/1827/220 2269/1828/220
f 2298/1832/221 2296/1830/221 2268/1829/221
f 2298/1833/219 2283/1831/219 2269/1828/219
f 2299/1835/1394 2302/1846/1394 2264/1836/1394
f 2299/1838/1395 2263/1843/1395 2265/1839/1395
f 2301/1841/1396 2300/1855/1397 2262/1837/1397
f 2301/1842/1398 2265/1839/1398 2263/1843/1399
f 2303/1845/221 2276/1850/221 2264/1836/221
f 2303/1847/219 2302/1840/219 2265/1839/219
f 2303/1845/1400 2304/1853/1400 2284/1849/1400
f 2303/1847/1401 2277/1848/1401 2285/1851/1401
f 2299/1835/222 2262/1837/222 2284/1849/222
f 2299/1838/220 2304/1852/220 2285/1851/220
f 2305/1854/221 2284/1849/221 2262/1837/221
f 2305/1856/219 2300/1844/219 2263/1843/219
f 2306/1857/1402 2307/1861/1402 2276/1850/1402
f 2306/1858/1403 2285/1851/1403 2277/1848/1403
f 2308/1860/221 2274/1799/221 2276/1850/221
f 2308/1862/219 2307/1859/219 2277/1848/219
f 2308/1860/1404 2309/1864/1404 2282/1820/1404
f 2308/1862/1405 2275/1818/1405 2283/1831/1405
f 2306/1857/222 2284/1849/222 2282/1820/222
f 2306/1858/220 2309/1863/220 2283/1831/220
f 2298/1832/221 2282/1820/221 2284/1849/221
f 2305/1856/219 2285/1851/219 2283/1831/219
f 2310/1865/1406 2312/1872/1406 2266/1866/1406
f 2310/1867/1407 2265/1839/1407 2267/1868/1407
f 2301/1841/1396 2264/1836/1396 2266/1866/1408
f 2301/1842/1398 2311/1878/1409 2267/1868/1409
f 2314/1871/221 2278/1876/221 2266/1866/221
f 2314/1873/219 2312/1869/219 2267/1868/219
f 2313/1875/222 2311/1870/222 2266/1866/222
f 2313/1877/220 2279/1874/220 2267/1868/220
f 2314/1871/1410 2315/1880/1410 2276/1850/1410
f 2314/1873/1412 2279/1874/1412 2277/1848/1413
f 2310/1865/222 2264/1836/222 2276/1850/222
f 2310/1867/220 2315/1879/220 2277/1848/220
f 2316/1881/1414 2317/1885/1414 2278/1876/1414
f 2316/1882/1415 2277/1848/1415 2279/1874/1415
f 2318/1884/221 2280/1798/221 2278/1876/221
f 2318/1886/219 2317/1883/219 2279/1874/219
f 2313/1875/222 2278/1876/222 2280/1798/222
f 2288/1810/220 2281/1801/220 2279/1874/220
f 2318/1884/1416 2319/1888/1416 2274/1799/1416
f 2318/1886/1417 2281/1801/1417 2275/1818/1418
f 2316/1881/222 2276/1850/222 2274/1799/222
f 2316/1882/220 2319/1887/220 2275/1818/220
f 2324/1769/200 2325/1793/200 2327/1770/200
f 2329/1772/1419 2333/2095/1419 2332/1773/1419
f 2330/1775/1420 2334/2096/1420 2335/1776/1420
f 2331/1778/1421 2335/2097/1421 2333/1779/1421
f 2328/1781/1422 2332/2098/1422 2334/1782/1422
f 2322/1784/209 2323/1789/209 2321/1785/209
f 2321/1785/209 2329/1790/209 2328/1787/209
f 2323/1789/209 2322/1784/209 2330/1791/209
f 2323/1789/209 2331/1788/209 2329/1790/209
f 2320/1786/209 2328/1787/209 2330/1791/209
f 2324/1769/200 2332/1796/200 2333/1792/200
f 2327/1770/200 2335/1795/200 2334/1794/200
f 2327/1770/200 2325/1793/200 2333/1792/200
f 2326/1771/200 2334/1794/200 2332/1796/200
f 2360/1797/1423 2361/1804/1423 2354/1798/1423
f 2360/1800/1424 2349/1818/1424 2355/1801/1424
f 2364/1803/1425 2346/1808/1425 2354/1798/1425
f 2364/1805/1426 2361/1802/1426 2355/1801/1426
f 2362/1807/1427 2354/1798/1427 2346/1808/1427
f 2362/1810/1428 2363/1817/1428 2347/1806/1428
f 2364/1803/1429 2366/1811/1429 2344/1815/1429
f 2364/1805/1430 2347/1806/1430 2345/1812/1430
f 2365/1814/1431 2363/1809/1431 2346/1808/1431
f 2365/1816/1432 2345/1812/1432 2347/1806/1432
f 2360/1797/1427 2348/1799/1427 2344/1815/1427
f 2360/1800/1428 2366/1813/1428 2345/1812/1428
f 2367/1819/1433 2368/1824/1433 2348/1799/1433
f 2367/1821/1434 2357/1831/1434 2349/1818/1434
f 2369/1823/1425 2344/1815/1425 2348/1799/1425
f 2369/1825/1426 2368/1822/1426 2349/1818/1426
f 2371/1826/1429 2342/1829/1429 2344/1815/1429
f 2369/1825/1430 2345/1812/1430 2343/1828/1430
f 2365/1814/1431 2344/1815/1431 2342/1829/1431
f 2365/1816/1432 2370/1834/1432 2343/1828/1432
f 2367/1819/1427 2356/1820/1427 2342/1829/1427
f 2367/1821/1428 2371/1827/1428 2343/1828/1428
f 2372/1832/1425 2370/1830/1425 2342/1829/1425
f 2372/1833/1426 2357/1831/1426 2343/1828/1426
f 2373/1835/1435 2376/1846/1435 2338/1836/1435
f 2373/1838/1436 2337/1843/1436 2339/1839/1436
f 2375/1841/1437 2374/1855/1438 2336/1837/1438
f 2375/1842/1439 2339/1839/1439 2337/1843/1440
f 2377/1845/1425 2350/1850/1425 2338/1836/1425
f 2377/1847/1426 2376/1840/1426 2339/1839/1426
f 2377/1845/1441 2378/1853/1442 2358/1849/1442
f 2377/1847/1443 2351/1848/1443 2359/1851/1444
f 2373/1835/1427 2336/1837/1427 2358/1849/1427
f 2373/1838/1428 2378/1852/1428 2359/1851/1428
f 2379/1854/1425 2358/1849/1425 2336/1837/1425
f 2379/1856/1426 2374/1844/1426 2337/1843/1426
f 2380/1857/1445 2381/1861/1446 2350/1850/1446
f 2380/1858/1447 2359/1851/1447 2351/1848/1448
f 2382/1860/1425 2348/1799/1425 2350/1850/1425
f 2382/1862/1426 2381/1859/1426 2351/1848/1426
f 2382/1860/1449 2383/1864/1449 2356/1820/1449
f 2382/1862/1450 2349/1818/1450 2357/1831/1450
f 2380/1857/1427 2358/1849/1427 2356/1820/1427
f 2380/1858/1428 2383/1863/1428 2357/1831/1428
f 2379/1854/1425 2372/1832/1425 2356/1820/1425
f 2379/1856/1426 2359/1851/1426 2357/1831/1426
f 2384/1865/1451 2386/1872/1451 2340/1866/1451
f 2384/1867/1452 2339/1839/1452 2341/1868/1452
f 2375/1841/1437 2338/1836/1437 2340/1866/1453
f 2375/1842/1439 2385/1878/1454 2341/1868/1454
f 2388/1871/1425 2352/1876/1425 2340/1866/1425
f 2388/1873/1426 2386/1869/1426 2341/1868/1426
f 2387/1875/1427 2385/1870/1427 2340/1866/1427
f 2387/1877/1428 2353/1874/1428 2341/1868/1428
f 2388/1871/1455 2389/1880/1455 2350/1850/1455
f 2388/1873/1456 2353/1874/1456 2351/1848/1457
f 2384/1865/1427 2338/1836/1427 2350/1850/1427
f 2384/1867/1428 2389/1879/1428 2351/1848/1428
f 2390/1881/1458 2391/1885/1458 2352/1876/1458
f 2390/1882/1459 2351/1848/1459 2353/1874/1460
f 2392/1884/1425 2354/1798/1425 2352/1876/1425
f 2392/1886/1426 2391/1883/1426 2353/1874/1426
f 2387/1875/1427 2352/1876/1427 2354/1798/1427
f 2362/1810/1428 2355/1801/1428 2353/1874/1428
f 2392/1884/1461 2393/1888/1461 2348/1799/1461
f 2392/1886/1462 2355/1801/1462 2349/1818/1462
f 2390/1881/1427 2350/1850/1427 2348/1799/1427
f 2390/1882/1428 2393/1887/1428 2349/1818/1428
f 2400/1771/200 2398/1769/200 2399/1793/200
f 2403/1772/1463 2407/2095/1463 2406/1773/1463
f 2404/1775/1464 2408/2096/1464 2409/1776/1464
f 2405/1778/1465 2409/2097/1465 2407/1779/1465
f 2402/1781/1466 2406/2098/1466 2408/1782/1466
f 2394/1786/209 2396/1784/209 2397/1789/209
f 2395/1785/209 2403/1790/209 2402/1787/209
f 2396/1784/209 2404/1791/209 2405/1788/209
f 2397/1789/209 2405/1788/209 2403/1790/209
f 2394/1786/209 2402/1787/209 2404/1791/209
f 2398/1769/200 2406/1796/200 2407/1792/200
f 2400/1771/200 2401/1770/200 2409/1795/200
f 2401/1770/200 2399/1793/200 2407/1792/200
f 2398/1769/200 2400/1771/200 2408/1794/200
f 2434/1797/1467 2435/1804/1467 2428/1798/1467
f 2434/1800/1468 2423/1818/1468 2429/1801/1468
f 2438/1803/1469 2420/1808/1469 2428/1798/1469
f 2438/1805/1470 2435/1802/1471 2429/1801/1471
f 2436/1807/1472 2428/1798/1472 2420/1808/1472
f 2436/1810/1473 2437/1817/1474 2421/1806/1474
f 2440/1811/1475 2418/1815/1475 2420/1808/1475
f 2440/1813/1476 2438/1805/1476 2421/1806/1476
f 2439/1814/1477 2437/1809/1477 2420/1808/1477
f 2439/1816/1478 2419/1812/1478 2421/1806/1478
f 2434/1797/1472 2422/1799/1472 2418/1815/1479
f 2434/1800/1473 2440/1813/1474 2419/1812/1474
f 2441/1819/1480 2442/1824/1480 2422/1799/1480
f 2441/1821/1481 2431/1831/1481 2423/1818/1481
f 2443/1823/1469 2418/1815/1469 2422/1799/1469
f 2443/1825/1470 2442/1822/1471 2423/1818/1471
f 2445/1826/1475 2416/1829/1475 2418/1815/1475
f 2443/1825/1476 2419/1812/1476 2417/1828/1476
f 2439/1814/1477 2418/1815/1477 2416/1829/1477
f 2439/1816/1478 2444/1834/1482 2417/1828/1482
f 2441/1819/1472 2430/1820/1472 2416/1829/1479
f 2441/1821/1473 2445/1827/1474 2417/1828/1474
f 2446/1832/1469 2444/1830/1469 2416/1829/1469
f 2446/1833/1471 2431/1831/1471 2417/1828/1471
f 2447/1835/1483 2450/1846/1483 2412/1836/1483
f 2447/1838/1484 2411/1843/1484 2413/1839/1484
f 2449/1841/1485 2448/1855/1486 2410/1837/1486
f 2449/1842/1487 2413/1839/1487 2411/1843/1488
f 2451/1845/1469 2424/1850/1469 2412/1836/1469
f 2451/1847/1470 2450/1840/1471 2413/1839/1471
f 2451/1845/1489 2452/1853/1489 2432/1849/1489
f 2451/1847/1490 2425/1848/1490 2433/1851/1491
f 2447/1835/1472 2410/1837/1472 2432/1849/1472
f 2447/1838/1473 2452/1852/1474 2433/1851/1474
f 2453/1854/1492 2432/1849/1469 2410/1837/1492
f 2453/1856/1470 2448/1844/1471 2411/1843/1471
f 2454/1857/1493 2455/1861/1651 2424/1850/1494
f 2454/1858/1495 2433/1851/1495 2425/1848/1496
f 2456/1860/1469 2422/1799/1469 2424/1850/1469
f 2456/1862/1470 2455/1859/1471 2425/1848/1471
f 2456/1860/1497 2457/1864/1497 2430/1820/1497
f 2456/1862/1498 2423/1818/1498 2431/1831/1498
f 2454/1857/1472 2432/1849/1472 2430/1820/1472
f 2454/1858/1473 2457/1863/1474 2431/1831/1474
f 2446/1832/1469 2430/1820/1469 2432/1849/1469
f 2453/1856/1470 2433/1851/1470 2431/1831/1471
f 2458/1865/1499 2460/1872/1499 2414/1866/1499
f 2458/1867/1500 2413/1839/1500 2415/1868/1500
f 2449/1841/1485 2412/1836/1485 2414/1866/1501
f 2449/1842/1487 2459/1878/1502 2415/1868/1502
f 2462/1871/1469 2426/1876/1469 2414/1866/1469
f 2462/1873/1471 2460/1869/1471 2415/1868/1471
f 2461/1875/1472 2459/1870/1503 2414/1866/1503
f 2461/1877/1474 2427/1874/1474 2415/1868/1474
f 2462/1871/1504 2463/1880/1504 2424/1850/1504
f 2462/1873/1505 2427/1874/1505 2425/1848/1506
f 2458/1865/1472 2412/1836/1472 2424/1850/1472
f 2458/1867/1473 2463/1879/1474 2425/1848/1474
f 2464/1881/1507 2465/1885/1508 2426/1876/1508
f 2464/1882/1509 2425/1848/1509 2427/1874/1509
f 2466/1884/1469 2428/1798/1469 2426/1876/1469
f 2466/1886/1471 2465/1883/1471 2427/1874/1471
f 2436/1807/1472 2461/1875/1472 2426/1876/1472
f 2436/1810/1473 2429/1801/1473 2427/1874/1474
f 2466/1884/1511 2467/1888/1511 2422/1799/1511
f 2466/1886/1512 2429/1801/1512 2423/1818/1512
f 2464/1881/1472 2424/1850/1472 2422/1799/1472
f 2464/1882/1474 2467/1887/1474 2423/1818/1474
f 2472/1769/200 2473/1793/200 2475/1770/200
f 2477/1772/1513 2481/2095/1513 2480/1773/1513
f 2478/1775/1336 2482/2096/1336 2483/1776/1336
f 2479/1778/1316 2483/2097/1316 2481/1779/1316
f 2476/1781/1309 2480/2098/1309 2482/1782/1309
f 2470/1784/209 2471/1789/209 2469/1785/209
f 2468/1786/209 2469/1785/209 2477/1790/209
f 2470/1784/209 2478/1791/209 2479/1788/209
f 2471/1789/209 2479/1788/209 2477/1790/209
f 2470/1784/209 2468/1786/209 2476/1787/209
f 2472/1769/200 2480/1796/200 2481/1792/200
f 2474/1771/200 2475/1770/200 2483/1795/200
f 2475/1770/200 2473/1793/200 2481/1792/200
f 2474/1771/200 2482/1794/200 2480/1796/200
f 2508/1797/1514 2509/1804/1514 2502/1798/1514
f 2508/1800/1515 2497/1818/1515 2503/1801/1515
f 2512/1803/1516 2494/1808/1516 2502/1798/1516
f 2512/1805/1517 2509/1802/1518 2503/1801/1518
f 2510/1807/1519 2502/1798/1519 2494/1808/1520
f 2510/1810/1521 2511/1817/1522 2495/1806/1522
f 2512/1803/1523 2514/1811/1524 2492/1815/1524
f 2512/1805/1525 2495/1806/1525 2493/1812/1526
f 2513/1814/1527 2511/1809/1527 2494/1808/1527
f 2513/1816/1528 2493/1812/1528 2495/1806/1529
f 2508/1797/1520 2496/1799/1520 2492/1815/1520
f 2508/1800/1521 2514/1813/1522 2493/1812/1522
f 2515/1819/1530 2516/1824/1530 2496/1799/1530
f 2515/1821/1531 2505/1831/1531 2497/1818/1532
f 2517/1823/1516 2492/1815/1516 2496/1799/1516
f 2517/1825/1517 2516/1822/1518 2497/1818/1518
f 2517/1823/1524 2519/1826/1523 2490/1829/1523
f 2517/1825/1526 2493/1812/1526 2491/1828/1525
f 2513/1814/1527 2492/1815/1527 2490/1829/1527
f 2513/1816/1528 2518/1834/1652 2491/1828/1528
f 2515/1819/1520 2504/1820/1520 2490/1829/1520
f 2515/1821/1521 2519/1827/1522 2491/1828/1522
f 2520/1832/1516 2518/1830/1516 2490/1829/1516
f 2520/1833/1518 2505/1831/1518 2491/1828/1518
f 2521/1835/1533 2524/1846/1533 2486/1836/1533
f 2521/1838/1534 2485/1843/1534 2487/1839/1534
f 2523/1841/1535 2522/1855/1536 2484/1837/1536
f 2523/1842/1537 2487/1839/1551 2485/1843/1538
f 2525/1845/1516 2498/1850/1516 2486/1836/1516
f 2525/1847/1518 2524/1840/1518 2487/1839/1518
f 2525/1845/1539 2526/1853/1539 2506/1849/1539
f 2525/1847/1540 2499/1848/1540 2507/1851/1540
f 2521/1835/1520 2484/1837/1519 2506/1849/1520
f 2521/1838/1521 2526/1852/1522 2507/1851/1522
f 2527/1854/1516 2506/1849/1516 2484/1837/1516
f 2527/1856/1517 2522/1844/1518 2485/1843/1518
f 2528/1857/1541 2529/1861/1541 2498/1850/1541
f 2528/1858/1542 2507/1851/1542 2499/1848/1542
f 2530/1860/1516 2496/1799/1516 2498/1850/1516
f 2530/1862/1517 2529/1859/1518 2499/1848/1518
f 2530/1860/1543 2531/1864/1543 2504/1820/1543
f 2530/1862/1544 2497/1818/1544 2505/1831/1544
f 2528/1857/1520 2506/1849/1520 2504/1820/1520
f 2528/1858/1521 2531/1863/1522 2505/1831/1522
f 2520/1832/1516 2504/1820/1516 2506/1849/1516
f 2527/1856/1517 2507/1851/1517 2505/1831/1518
f 2532/1865/1545 2534/1872/1546 2488/1866/1546
f 2532/1867/1547 2487/1839/1547 2489/1868/1547
f 2523/1841/1535 2486/1836/1535 2488/1866/1549
f 2523/1842/1537 2533/1878/1653 2489/1868/1550
f 2536/1871/1516 2500/1876/1516 2488/1866/1516
f 2536/1873/1517 2534/1869/1518 2489/1868/1518
f 2535/1875/1520 2533/1870/1520 2488/1866/1520
f 2535/1877/1522 2501/1874/1522 2489/1868/1522
f 2536/1871/1552 2537/1880/1552 2498/1850/1552
f 2536/1873/1553 2501/1874/1553 2499/1848/1553
f 2532/1865/1520 2486/1836/1520 2498/1850/1520
f 2532/1867/1522 2537/1879/1522 2499/1848/1522
f 2538/1881/1554 2539/1885/1554 2500/1876/1554
f 2538/1882/1555 2499/1848/1555 2501/1874/1555
f 2540/1884/1516 2502/1798/1516 2500/1876/1516
f 2540/1886/1518 2539/1883/1518 2501/1874/1518
f 2535/1875/1520 2500/1876/1520 2502/1798/1519
f 2510/1810/1521 2503/1801/1521 2501/1874/1522
f 2540/1884/1556 2541/1888/1556 2496/1799/1556
f 2540/1886/1557 2503/1801/1557 2497/1818/1557
f 2538/1881/1520 2498/1850/1520 2496/1799/1520
f 2538/1882/1522 2541/1887/1522 2497/1818/1522
f 2548/1771/200 2546/1769/200 2547/1793/200
f 2551/1772/1558 2555/2095/1558 2554/1773/1558
f 2552/1775/1334 2556/2096/1334 2557/1776/1334
f 2553/1778/1312 2557/2097/1312 2555/1779/1312
f 2550/1781/1307 2554/2098/1307 2556/1782/1307
f 2544/1784/209 2545/1789/209 2543/1785/209
f 2542/1786/209 2543/1785/209 2551/1790/209
f 2545/1789/209 2544/1784/209 2552/1791/209
f 2545/1789/209 2553/1788/209 2551/1790/209
f 2542/1786/209 2550/1787/209 2552/1791/209
f 2546/1769/200 2554/1796/200 2555/1792/200
f 2549/1770/200 2557/1795/200 2556/1794/200
f 2547/1793/200 2555/1792/200 2557/1795/200
f 2548/1771/200 2556/1794/200 2554/1796/200
f 2582/1797/1559 2583/1804/1559 2576/1798/1559
f 2582/1800/1560 2571/1818/1560 2577/1801/1560
f 2586/1803/1561 2568/1808/1561 2576/1798/1561
f 2586/1805/1562 2583/1802/1562 2577/1801/1562
f 2584/1807/1563 2576/1798/1563 2568/1808/1563
f 2584/1810/1564 2585/1817/1564 2569/1806/1564
f 2586/1803/1565 2588/1811/1565 2566/1815/1565
f 2586/1805/1566 2569/1806/1566 2567/1812/1566
f 2587/1814/1567 2585/1809/1567 2568/1808/1567
f 2587/1816/1568 2567/1812/1568 2569/1806/1568
f 2582/1797/1563 2570/1799/1563 2566/1815/1563
f 2582/1800/1564 2588/1813/1564 2567/1812/1564
f 2589/1819/1569 2590/1824/1569 2570/1799/1569
f 2589/1821/1570 2579/1831/1654 2571/1818/1570
f 2591/1823/1561 2566/1815/1561 2570/1799/1561
f 2591/1825/1562 2590/1822/1562 2571/1818/1562
f 2593/1826/1565 2564/1829/1565 2566/1815/1565
f 2591/1825/1566 2567/1812/1566 2565/1828/1566
f 2587/1814/1567 2566/1815/1567 2564/1829/1567
f 2587/1816/1568 2592/1834/1568 2565/1828/1568
f 2589/1819/1563 2578/1820/1563 2564/1829/1563
f 2589/1821/1564 2593/1827/1564 2565/1828/1564
f 2594/1832/1561 2592/1830/1561 2564/1829/1561
f 2594/1833/1562 2579/1831/1562 2565/1828/1562
f 2595/1835/1571 2598/1846/1571 2560/1836/1571
f 2595/1838/1572 2559/1843/1572 2561/1839/1572
f 2597/1841/1573 2596/1855/1655 2558/1837/1574
f 2597/1842/1575 2561/1839/1575 2559/1843/1576
f 2599/1845/1561 2572/1850/1561 2560/1836/1561
f 2599/1847/1562 2598/1840/1562 2561/1839/1562
f 2599/1845/1577 2600/1853/1577 2580/1849/1577
f 2599/1847/1578 2573/1848/1578 2581/1851/1578
f 2595/1835/1563 2558/1837/1563 2580/1849/1563
f 2595/1838/1564 2600/1852/1564 2581/1851/1564
f 2601/1854/1561 2580/1849/1561 2558/1837/1561
f 2601/1856/1562 2596/1844/1562 2559/1843/1562
f 2602/1857/1579 2603/1861/1579 2572/1850/1579
f 2602/1858/1580 2581/1851/1656 2573/1848/1580
f 2604/1860/1561 2570/1799/1561 2572/1850/1561
f 2604/1862/1562 2603/1859/1562 2573/1848/1562
f 2604/1860/1581 2605/1864/1581 2578/1820/1581
f 2604/1862/1582 2571/1818/1582 2579/1831/1583
f 2602/1857/1563 2580/1849/1563 2578/1820/1563
f 2602/1858/1564 2605/1863/1564 2579/1831/1564
f 2594/1832/1561 2578/1820/1561 2580/1849/1561
f 2601/1856/1562 2581/1851/1562 2579/1831/1562
f 2606/1865/1584 2608/1872/1584 2562/1866/1584
f 2606/1867/1585 2561/1839/1657 2563/1868/1585
f 2597/1841/1573 2560/1836/1573 2562/1866/1586
f 2597/1842/1575 2607/1878/1587 2563/1868/1587
f 2610/1871/1561 2574/1876/1561 2562/1866/1561
f 2610/1873/1562 2608/1869/1562 2563/1868/1562
f 2609/1875/1563 2607/1870/1563 2562/1866/1563
f 2609/1877/1564 2575/1874/1564 2563/1868/1564
f 2610/1871/1588 2611/1880/1588 2572/1850/1588
f 2610/1873/1589 2575/1874/1589 2573/1848/1589
f 2606/1865/1563 2560/1836/1563 2572/1850/1563
f 2606/1867/1564 2611/1879/1564 2573/1848/1564
f 2612/1881/1590 2613/1885/1591 2574/1876/1591
f 2612/1882/1592 2573/1848/1592 2575/1874/1592
f 2614/1884/1561 2576/1798/1561 2574/1876/1561
f 2614/1886/1562 2613/1883/1562 2575/1874/1562
f 2609/1875/1563 2574/1876/1563 2576/1798/1563
f 2584/1810/1564 2577/1801/1564 2575/1874/1564
f 2614/1884/1593 2615/1888/1593 2570/1799/1593
f 2614/1886/1594 2577/1801/1594 2571/1818/1594
f 2612/1881/1563 2572/1850/1563 2570/1799/1563
f 2612/1882/1564 2615/1887/1564 2571/1818/1564
