# Blender v3.2.1 OBJ File: ''
# www.blender.org
mtllib sphere.mtl
o Sphere
v 0.000000 0.980785 -0.195090
v 0.000000 0.923880 -0.382683
v 0.000000 0.831470 -0.555570
v 0.000000 0.707107 -0.707107
v 0.000000 0.555570 -0.831470
v 0.000000 0.382683 -0.923880
v 0.000000 0.195090 -0.980785
v 0.000000 -0.555570 -0.831470
v 0.000000 -0.707107 -0.707107
v 0.000000 -0.831470 -0.555570
v 0.038060 0.980785 -0.191342
v 0.074658 0.923880 -0.375330
v 0.108386 0.831470 -0.544895
v 0.137950 0.707107 -0.693520
v 0.162212 0.555570 -0.815493
v 0.180240 0.382683 -0.906127
v 0.191342 0.195090 -0.961940
v 0.195090 -0.000000 -0.980785
v 0.191342 -0.195090 -0.961940
v 0.180240 -0.382683 -0.906127
v 0.162212 -0.555570 -0.815493
v 0.137950 -0.707107 -0.693520
v 0.108386 -0.831470 -0.544895
v 0.074658 -0.923880 -0.375330
v 0.038060 -0.980785 -0.191342
v 0.074658 0.980785 -0.180240
v 0.146447 0.923880 -0.353553
v 0.212608 0.831470 -0.513280
v 0.270598 0.707107 -0.653281
v 0.318190 0.555570 -0.768178
v 0.353553 0.382683 -0.853553
v 0.375330 0.195090 -0.906127
v 0.382683 -0.000000 -0.923879
v 0.375330 -0.195090 -0.906127
v 0.353553 -0.382683 -0.853553
v 0.318190 -0.555570 -0.768178
v 0.270598 -0.707107 -0.653281
v 0.212608 -0.831470 -0.513280
v 0.146447 -0.923880 -0.353553
v 0.074658 -0.980785 -0.180240
v 0.108386 0.980785 -0.162212
v 0.212608 0.923880 -0.318190
v 0.308658 0.831470 -0.461940
v 0.392848 0.707107 -0.587938
v 0.461940 0.555570 -0.691342
v 0.513280 0.382683 -0.768178
v 0.544895 0.195090 -0.815493
v 0.555570 -0.000000 -0.831469
v 0.544895 -0.195090 -0.815493
v 0.513280 -0.382683 -0.768178
v 0.461940 -0.555570 -0.691342
v 0.392848 -0.707107 -0.587938
v 0.308658 -0.831470 -0.461940
v 0.212608 -0.923880 -0.318190
v 0.108386 -0.980785 -0.162212
v 0.137950 0.980785 -0.137950
v 0.270598 0.923880 -0.270598
v 0.392848 0.831470 -0.392847
v 0.500000 0.707107 -0.500000
v 0.587938 0.555570 -0.587938
v 0.653281 0.382683 -0.653281
v 0.693520 0.195090 -0.693520
v 0.707107 -0.000000 -0.707107
v 0.693520 -0.195090 -0.693520
v 0.653282 -0.382683 -0.653281
v 0.587938 -0.555570 -0.587938
v 0.500000 -0.707107 -0.500000
v 0.392848 -0.831470 -0.392847
v 0.270598 -0.923880 -0.270598
v 0.137950 -0.980785 -0.137950
v 0.162212 0.980785 -0.108386
v 0.318190 0.923880 -0.212607
v 0.461940 0.831470 -0.308658
v 0.587938 0.707107 -0.392847
v 0.691342 0.555570 -0.461940
v 0.768178 0.382683 -0.513280
v 0.815493 0.195090 -0.544895
v 0.831470 -0.000000 -0.555570
v 0.815493 -0.195090 -0.544895
v 0.768178 -0.382683 -0.513280
v 0.691342 -0.555570 -0.461940
v 0.587938 -0.707107 -0.392847
v 0.461940 -0.831470 -0.308658
v 0.318190 -0.923880 -0.212608
v 0.162212 -0.980785 -0.108386
v 0.180240 0.980785 -0.074658
v 0.353554 0.923880 -0.146447
v 0.513280 0.831470 -0.212607
v 0.653281 0.707107 -0.270598
v 0.768178 0.555570 -0.318190
v 0.853553 0.382683 -0.353553
v 0.906127 0.195090 -0.375330
v 0.923879 -0.000000 -0.382683
v 0.906127 -0.195090 -0.375330
v 0.853553 -0.382683 -0.353553
v 0.768178 -0.555570 -0.318190
v 0.653281 -0.707107 -0.270598
v 0.513280 -0.831470 -0.212607
v 0.353554 -0.923880 -0.146447
v 0.180240 -0.980785 -0.074658
v 0.191342 0.980785 -0.038060
v 0.375330 0.923880 -0.074658
v 0.544895 0.831470 -0.108386
v 0.693520 0.707107 -0.137950
v 0.815493 0.555570 -0.162212
v 0.906127 0.382683 -0.180240
v 0.961940 0.195090 -0.191342
v 0.980785 -0.000000 -0.195090
v 0.961940 -0.195090 -0.191342
v 0.906128 -0.382683 -0.180240
v 0.815493 -0.555570 -0.162212
v 0.693520 -0.707107 -0.137950
v 0.544895 -0.831470 -0.108386
v 0.375330 -0.923880 -0.074658
v 0.191342 -0.980785 -0.038060
v 0.195090 0.980785 0.000000
v 0.382684 0.923880 0.000000
v 0.555570 0.831470 0.000000
v 0.707107 0.707107 0.000000
v 0.831469 0.555570 0.000000
v 0.923879 0.382683 0.000000
v 0.980785 0.195090 0.000000
v 1.000000 -0.000000 0.000000
v 0.980785 -0.195090 0.000000
v 0.923880 -0.382683 0.000000
v 0.831469 -0.555570 0.000000
v 0.707107 -0.707107 0.000000
v 0.555570 -0.831470 0.000000
v 0.382684 -0.923880 0.000000
v 0.195090 -0.980785 0.000000
v 0.191342 0.980785 0.038060
v 0.375330 0.923880 0.074658
v 0.544895 0.831470 0.108386
v 0.693520 0.707107 0.137950
v 0.815493 0.555570 0.162212
v 0.906127 0.382683 0.180240
v 0.961940 0.195090 0.191342
v 0.980785 -0.000000 0.195090
v 0.961940 -0.195090 0.191342
v 0.906127 -0.382683 0.180240
v 0.815493 -0.555570 0.162212
v 0.693520 -0.707107 0.137950
v 0.544895 -0.831470 0.108386
v 0.375330 -0.923880 0.074658
v 0.191342 -0.980785 0.038060
v 0.180240 0.980785 0.074658
v 0.353553 0.923880 0.146447
v 0.513280 0.831470 0.212608
v 0.653281 0.707107 0.270598
v 0.768178 0.555570 0.318190
v 0.853553 0.382683 0.353553
v 0.906127 0.195090 0.375330
v 0.923879 -0.000000 0.382683
v 0.906127 -0.195090 0.375330
v 0.853553 -0.382683 0.353554
v 0.768178 -0.555570 0.318190
v 0.653281 -0.707107 0.270598
v 0.513280 -0.831470 0.212608
v 0.353554 -0.923880 0.146447
v 0.180240 -0.980785 0.074658
v 0.162212 0.980785 0.108386
v 0.318190 0.923880 0.212608
v 0.461940 0.831470 0.308658
v 0.587938 0.707107 0.392847
v 0.691341 0.555570 0.461940
v 0.768178 0.382683 0.513280
v 0.815493 0.195090 0.544895
v 0.831469 -0.000000 0.555570
v 0.815493 -0.195090 0.544895
v 0.768178 -0.382683 0.513280
v 0.691342 -0.555570 0.461940
v 0.587938 -0.707107 0.392847
v 0.461940 -0.831470 0.308658
v 0.318190 -0.923880 0.212608
v 0.162212 -0.980785 0.108386
v 0.137950 0.980785 0.137950
v 0.270598 0.923880 0.270598
v 0.392847 0.831470 0.392847
v 0.500000 0.707107 0.500000
v 0.587938 0.555570 0.587938
v 0.653281 0.382683 0.653281
v 0.693520 0.195090 0.693520
v 0.707106 -0.000000 0.707107
v 0.693520 -0.195090 0.693520
v 0.653281 -0.382683 0.653282
v 0.587938 -0.555570 0.587938
v 0.500000 -0.707107 0.500000
v 0.392847 -0.831470 0.392847
v 0.270598 -0.923880 0.270598
v 0.137950 -0.980785 0.137950
v 0.108386 0.980785 0.162212
v 0.212608 0.923880 0.318190
v 0.308658 0.831470 0.461940
v 0.392847 0.707107 0.587938
v 0.461940 0.555570 0.691342
v 0.513280 0.382683 0.768178
v 0.544895 0.195090 0.815493
v 0.555570 -0.000000 0.831469
v 0.544895 -0.195090 0.815493
v 0.513280 -0.382683 0.768178
v 0.461940 -0.555570 0.691342
v 0.392847 -0.707107 0.587938
v 0.308658 -0.831470 0.461940
v 0.212608 -0.923880 0.318190
v 0.108386 -0.980785 0.162212
v 0.074658 0.980785 0.180240
v 0.146447 0.923880 0.353554
v 0.212607 0.831470 0.513280
v 0.270598 0.707107 0.653281
v 0.318190 0.555570 0.768178
v 0.353553 0.382683 0.853553
v 0.375330 0.195090 0.906127
v 0.382683 -0.000000 0.923879
v 0.375330 -0.195090 0.906127
v 0.353553 -0.382683 0.853553
v 0.318190 -0.555570 0.768178
v 0.270598 -0.707107 0.653281
v 0.212607 -0.831470 0.513280
v 0.146447 -0.923880 0.353554
v 0.074658 -0.980785 0.180240
v 0.038060 0.980785 0.191342
v 0.074658 0.923880 0.375330
v 0.108386 0.831470 0.544895
v 0.137950 0.707107 0.693520
v 0.162212 0.555570 0.815493
v 0.180240 0.382683 0.906127
v 0.191342 0.195090 0.961939
v 0.195090 -0.000000 0.980785
v 0.191342 -0.195090 0.961939
v 0.180240 -0.382683 0.906127
v 0.162212 -0.555570 0.815493
v 0.137950 -0.707107 0.693520
v 0.108386 -0.831470 0.544895
v 0.074658 -0.923880 0.375330
v 0.038060 -0.980785 0.191342
v 0.000000 0.980785 0.195090
v -0.000000 0.923880 0.382684
v -0.000000 0.831470 0.555570
v 0.000000 0.707107 0.707107
v -0.000000 0.555570 0.831469
v 0.000000 0.382683 0.923879
v -0.000000 0.195090 0.980785
v -0.000000 -0.000000 0.999999
v -0.000000 -0.195090 0.980785
v -0.000000 -0.382683 0.923880
v -0.000000 -0.555570 0.831469
v 0.000000 -0.707107 0.707107
v -0.000000 -0.831470 0.555570
v 0.000000 -0.923880 0.382684
v -0.000000 -0.980785 0.195090
v -0.038060 0.980785 0.191342
v -0.074658 0.923880 0.375330
v -0.108386 0.831470 0.544895
v -0.137950 0.707107 0.693520
v -0.162212 0.555570 0.815493
v -0.180240 0.382683 0.906127
v -0.191342 0.195090 0.961939
v -0.195090 -0.000000 0.980785
v -0.191342 -0.195090 0.961939
v -0.180240 -0.382683 0.906127
v -0.162212 -0.555570 0.815493
v -0.137950 -0.707107 0.693520
v -0.108386 -0.831470 0.544895
v -0.074658 -0.923880 0.375330
v -0.038060 -0.980785 0.191342
v -0.074658 0.980785 0.180240
v -0.146447 0.923880 0.353553
v -0.212608 0.831470 0.513280
v -0.270598 0.707107 0.653281
v -0.318189 0.555570 0.768177
v -0.353553 0.382683 0.853553
v -0.375330 0.195090 0.906127
v -0.382683 -0.000000 0.923879
v -0.375330 -0.195090 0.906127
v -0.353553 -0.382683 0.853553
v -0.318190 -0.555570 0.768178
v -0.270598 -0.707107 0.653281
v -0.212608 -0.831470 0.513280
v -0.146447 -0.923880 0.353553
v -0.074658 -0.980785 0.180240
v -0.108386 0.980785 0.162212
v -0.212608 0.923880 0.318190
v -0.308658 0.831470 0.461940
v -0.392847 0.707107 0.587938
v -0.461940 0.555570 0.691341
v -0.513280 0.382683 0.768178
v -0.544895 0.195090 0.815493
v -0.555570 -0.000000 0.831469
v -0.544895 -0.195090 0.815493
v -0.513280 -0.382683 0.768178
v -0.461940 -0.555570 0.691342
v -0.392847 -0.707107 0.587938
v -0.308658 -0.831470 0.461940
v -0.212608 -0.923880 0.318190
v -0.108386 -0.980785 0.162212
v -0.137950 0.980785 0.137950
v -0.270598 0.923880 0.270598
v -0.392847 0.831470 0.392847
v -0.500000 0.707107 0.500000
v -0.587937 0.555570 0.587938
v -0.653281 0.382683 0.653281
v -0.693520 0.195090 0.693520
v -0.707106 -0.000000 0.707106
v -0.693520 -0.195090 0.693520
v -0.653281 -0.382683 0.653281
v -0.587938 -0.555570 0.587938
v -0.500000 -0.707107 0.500000
v -0.392847 -0.831470 0.392847
v -0.270598 -0.923880 0.270598
v -0.137950 -0.980785 0.137950
v -0.162212 0.980785 0.108386
v -0.318190 0.923880 0.212608
v -0.461940 0.831470 0.308658
v -0.587938 0.707107 0.392847
v -0.691341 0.555570 0.461940
v -0.768178 0.382683 0.513280
v -0.815493 0.195090 0.544895
v -0.831469 -0.000000 0.555569
v -0.815493 -0.195090 0.544895
v -0.768178 -0.382683 0.513280
v -0.691341 -0.555570 0.461940
v -0.587938 -0.707107 0.392847
v -0.461940 -0.831470 0.308658
v -0.318190 -0.923880 0.212608
v -0.162212 -0.980785 0.108386
v -0.000000 1.000000 0.000000
v -0.180240 0.980785 0.074658
v -0.353553 0.923880 0.146447
v -0.513280 0.831470 0.212607
v -0.653281 0.707107 0.270598
v -0.768177 0.555570 0.318190
v -0.853553 0.382683 0.353553
v -0.906127 0.195090 0.375330
v -0.923879 -0.000000 0.382683
v -0.906127 -0.195090 0.375330
v -0.853553 -0.382683 0.353553
v -0.768177 -0.555570 0.318190
v -0.653281 -0.707107 0.270598
v -0.513280 -0.831470 0.212607
v -0.353553 -0.923880 0.146447
v -0.180240 -0.980785 0.074658
v -0.191342 0.980785 0.038060
v -0.375330 0.923880 0.074658
v -0.544895 0.831470 0.108386
v -0.693520 0.707107 0.137950
v -0.815493 0.555570 0.162212
v -0.906127 0.382683 0.180240
v -0.961939 0.195090 0.191342
v -0.980784 -0.000000 0.195090
v -0.961939 -0.195090 0.191342
v -0.906127 -0.382683 0.180240
v -0.815493 -0.555570 0.162212
v -0.693520 -0.707107 0.137950
v -0.544895 -0.831470 0.108386
v -0.375330 -0.923880 0.074658
v -0.191342 -0.980785 0.038060
v -0.195090 0.980785 0.000000
v -0.382683 0.923880 0.000000
v -0.555570 0.831470 -0.000000
v -0.707107 0.707107 0.000000
v -0.831469 0.555570 0.000000
v -0.923879 0.382683 0.000000
v -0.980785 0.195090 -0.000000
v -0.999999 -0.000000 -0.000000
v -0.980785 -0.195090 -0.000000
v -0.923879 -0.382683 -0.000000
v -0.831469 -0.555570 0.000000
v -0.707107 -0.707107 0.000000
v -0.555570 -0.831470 -0.000000
v -0.382683 -0.923880 0.000000
v -0.195090 -0.980785 0.000000
v -0.191342 0.980785 -0.038060
v -0.375330 0.923880 -0.074658
v -0.544895 0.831470 -0.108386
v -0.693520 0.707107 -0.137950
v -0.815493 0.555570 -0.162212
v -0.906127 0.382683 -0.180240
v -0.961939 0.195090 -0.191342
v -0.980784 -0.000000 -0.195091
v -0.961939 -0.195090 -0.191342
v -0.906127 -0.382683 -0.180240
v -0.815493 -0.555570 -0.162212
v -0.693520 -0.707107 -0.137950
v -0.544895 -0.831470 -0.108386
v -0.375330 -0.923880 -0.074658
v -0.191342 -0.980785 -0.038060
v -0.180240 0.980785 -0.074658
v -0.353553 0.923880 -0.146447
v -0.513280 0.831470 -0.212607
v -0.653281 0.707107 -0.270598
v -0.768177 0.555570 -0.318189
v -0.853553 0.382683 -0.353553
v -0.906127 0.195090 -0.375330
v -0.923878 -0.000000 -0.382683
v -0.906127 -0.195090 -0.375330
v -0.853553 -0.382683 -0.353553
v -0.768177 -0.555570 -0.318189
v -0.653281 -0.707107 -0.270598
v -0.513280 -0.831470 -0.212607
v -0.353553 -0.923880 -0.146446
v -0.180240 -0.980785 -0.074658
v -0.162212 0.980785 -0.108386
v -0.318189 0.923880 -0.212607
v -0.461939 0.831470 -0.308658
v -0.587938 0.707107 -0.392847
v -0.691341 0.555570 -0.461939
v -0.768177 0.382683 -0.513280
v -0.815493 0.195090 -0.544895
v -0.831469 -0.000000 -0.555570
v -0.815493 -0.195090 -0.544895
v -0.768177 -0.382683 -0.513280
v -0.691341 -0.555570 -0.461939
v -0.587938 -0.707107 -0.392847
v -0.461939 -0.831470 -0.308658
v -0.318189 -0.923880 -0.212607
v -0.162212 -0.980785 -0.108386
v -0.137950 0.980785 -0.137950
v -0.270598 0.923880 -0.270598
v -0.392847 0.831470 -0.392847
v -0.500000 0.707107 -0.500000
v -0.587937 0.555570 -0.587937
v -0.653281 0.382683 -0.653281
v -0.693519 0.195090 -0.693520
v -0.707106 -0.000000 -0.707106
v -0.693519 -0.195090 -0.693520
v -0.653281 -0.382683 -0.653281
v -0.587937 -0.555570 -0.587937
v -0.500000 -0.707107 -0.500000
v -0.392847 -0.831470 -0.392847
v -0.270598 -0.923880 -0.270598
v -0.137950 -0.980785 -0.137950
v -0.108386 0.980785 -0.162212
v -0.212607 0.923880 -0.318189
v -0.308658 0.831470 -0.461939
v -0.392847 0.707107 -0.587937
v -0.461939 0.555570 -0.691341
v -0.513280 0.382683 -0.768177
v -0.544895 0.195090 -0.815493
v -0.555569 -0.000000 -0.831469
v -0.544895 -0.195090 -0.815493
v -0.513280 -0.382683 -0.768178
v -0.461939 -0.555570 -0.691341
v -0.392847 -0.707107 -0.587937
v -0.308658 -0.831470 -0.461939
v -0.212607 -0.923880 -0.318189
v -0.108386 -0.980785 -0.162212
v -0.074658 0.980785 -0.180240
v -0.146446 0.923880 -0.353553
v -0.212607 0.831470 -0.513279
v -0.270598 0.707107 -0.653281
v -0.318189 0.555570 -0.768177
v -0.353553 0.382683 -0.853553
v -0.375330 0.195090 -0.906127
v -0.382683 -0.000000 -0.923879
v -0.375330 -0.195090 -0.906127
v -0.353553 -0.382683 -0.853553
v -0.318189 -0.555570 -0.768177
v -0.270598 -0.707107 -0.653281
v -0.212607 -0.831470 -0.513279
v -0.146446 -0.923880 -0.353553
v -0.074658 -0.980785 -0.180240
v -0.038060 0.980785 -0.191342
v -0.074658 0.923880 -0.375330
v -0.108386 0.831470 -0.544895
v -0.137950 0.707107 -0.693520
v -0.162212 0.555570 -0.815493
v -0.180240 0.382683 -0.906127
v -0.191341 0.195090 -0.961939
v -0.195090 -0.000000 -0.980784
v -0.191341 -0.195090 -0.961939
v -0.180240 -0.382683 -0.906127
v -0.162212 -0.555570 -0.815493
v -0.137950 -0.707107 -0.693520
v -0.108386 -0.831470 -0.544895
v -0.074658 -0.923880 -0.375330
v -0.038060 -0.980785 -0.191342
v 0.000001 -0.000000 -0.999999
v 0.000000 -0.195090 -0.980785
v 0.000000 -0.382683 -0.923879
v 0.000000 -0.923880 -0.382683
v 0.000000 -0.980785 -0.195090
v 0.000000 -1.000000 0.000000
v 0.000000 0.952332 -0.288887
v 0.000000 0.877675 -0.469127
v 0.000000 0.769288 -0.631338
v 0.000000 0.631338 -0.769288
v 0.000000 0.469127 -0.877675
v 0.000000 0.288887 -0.952332
v 0.000000 -0.631338 -0.769288
v 0.000000 -0.769288 -0.631338
v 0.056359 0.952332 -0.283336
v 0.091522 0.877675 -0.460113
v 0.123168 0.769288 -0.619208
v 0.150081 0.631338 -0.754506
v 0.171226 0.469127 -0.860810
v 0.185791 0.288887 -0.934034
v 0.193216 0.097545 -0.971362
v 0.193216 -0.097545 -0.971362
v 0.185791 -0.288887 -0.934034
v 0.171226 -0.469127 -0.860810
v 0.150081 -0.631338 -0.754507
v 0.123168 -0.769288 -0.619208
v 0.091522 -0.877675 -0.460113
v 0.056359 -0.952332 -0.283336
v 0.019030 0.980785 -0.193216
v 0.037329 0.923880 -0.379007
v 0.054193 0.831470 -0.550233
v 0.081106 -0.555570 -0.823481
v 0.068975 0.707107 -0.700313
v 0.068975 -0.707107 -0.700313
v 0.081106 0.555570 -0.823481
v 0.054193 -0.831470 -0.550233
v 0.090120 0.382683 -0.915003
v 0.095671 0.195090 -0.971362
v 0.110552 0.952332 -0.266897
v 0.179527 0.877675 -0.433417
v 0.241603 0.769288 -0.583281
v 0.294394 0.631338 -0.710730
v 0.335872 0.469127 -0.810866
v 0.364442 0.288887 -0.879840
v 0.379007 0.097545 -0.915003
v 0.379007 -0.097545 -0.915003
v 0.364442 -0.288887 -0.879840
v 0.335872 -0.469127 -0.810866
v 0.294394 -0.631338 -0.710730
v 0.241603 -0.769288 -0.583281
v 0.179527 -0.877675 -0.433417
v 0.110552 -0.952332 -0.266897
v 0.283336 0.195090 -0.934034
v 0.266897 0.382683 -0.879840
v 0.056359 -0.980785 -0.185791
v 0.110552 -0.923880 -0.364442
v 0.288887 -0.000000 -0.952332
v 0.056359 0.980785 -0.185791
v 0.283336 -0.195090 -0.934034
v 0.110552 0.923880 -0.364442
v 0.266897 -0.382683 -0.879840
v 0.160497 0.831470 -0.529088
v 0.240201 -0.555570 -0.791835
v 0.204274 0.707107 -0.673401
v 0.204274 -0.707107 -0.673401
v 0.240201 0.555570 -0.791835
v 0.160497 -0.831470 -0.529087
v 0.160497 0.952332 -0.240201
v 0.260633 0.877675 -0.390065
v 0.350753 0.769288 -0.524939
v 0.427394 0.631338 -0.639640
v 0.487610 0.469127 -0.729760
v 0.529088 0.288887 -0.791835
v 0.550233 0.097545 -0.823481
v 0.550233 -0.097545 -0.823481
v 0.529088 -0.288887 -0.791835
v 0.487610 -0.469127 -0.729760
v 0.427394 -0.631338 -0.639640
v 0.350753 -0.769288 -0.524939
v 0.260633 -0.877675 -0.390065
v 0.160497 -0.952332 -0.240201
v 0.390065 -0.555570 -0.729760
v 0.433417 -0.382683 -0.810866
v 0.331723 0.707107 -0.620610
v 0.260633 0.831470 -0.487610
v 0.331723 -0.707107 -0.620610
v 0.390065 0.555570 -0.729760
v 0.260633 -0.831470 -0.487610
v 0.433417 0.382683 -0.810866
v 0.179527 -0.923880 -0.335872
v 0.460113 0.195090 -0.860810
v 0.091522 -0.980785 -0.171226
v 0.469127 -0.000000 -0.877674
v 0.091522 0.980785 -0.171226
v 0.460113 -0.195090 -0.860810
v 0.179527 0.923880 -0.335872
v 0.204274 0.952332 -0.204274
v 0.331723 0.877675 -0.331723
v 0.446424 0.769288 -0.446424
v 0.543969 0.631338 -0.543969
v 0.620610 0.469127 -0.620610
v 0.673401 0.288887 -0.673401
v 0.700313 0.097545 -0.700313
v 0.700313 -0.097545 -0.700313
v 0.673401 -0.288887 -0.673401
v 0.620610 -0.469127 -0.620610
v 0.543969 -0.631338 -0.543969
v 0.446424 -0.769288 -0.446424
v 0.331723 -0.877675 -0.331723
v 0.204274 -0.952332 -0.204274
v 0.123168 -0.980785 -0.150081
v 0.241603 -0.923880 -0.294394
v 0.631338 -0.000000 -0.769288
v 0.619208 0.195090 -0.754506
v 0.123168 0.980785 -0.150081
v 0.619208 -0.195090 -0.754506
v 0.241603 0.923880 -0.294394
v 0.583281 -0.382683 -0.710730
v 0.350753 0.831470 -0.427394
v 0.524939 -0.555570 -0.639640
v 0.446424 0.707107 -0.543969
v 0.446424 -0.707107 -0.543969
v 0.524939 0.555570 -0.639640
v 0.350753 -0.831470 -0.427394
v 0.583281 0.382683 -0.710730
v 0.240201 0.952332 -0.160497
v 0.390065 0.877675 -0.260633
v 0.524939 0.769288 -0.350753
v 0.639640 0.631338 -0.427394
v 0.729760 0.469127 -0.487610
v 0.791835 0.288887 -0.529087
v 0.823481 0.097545 -0.550233
v 0.823481 -0.097545 -0.550233
v 0.791835 -0.288887 -0.529087
v 0.729760 -0.469127 -0.487610
v 0.639640 -0.631338 -0.427394
v 0.524939 -0.769288 -0.350753
v 0.390065 -0.877675 -0.260633
v 0.240201 -0.952332 -0.160497
v 0.543969 -0.707107 -0.446424
v 0.639640 -0.555570 -0.524939
v 0.639640 0.555570 -0.524939
v 0.543969 0.707107 -0.446424
v 0.427394 -0.831470 -0.350753
v 0.710730 0.382683 -0.583281
v 0.294394 -0.923880 -0.241603
v 0.754506 0.195090 -0.619207
v 0.150081 -0.980785 -0.123168
v 0.769288 -0.000000 -0.631338
v 0.150081 0.980785 -0.123168
v 0.754506 -0.195090 -0.619207
v 0.294394 0.923880 -0.241603
v 0.710730 -0.382683 -0.583281
v 0.427394 0.831470 -0.350753
v 0.266897 0.952332 -0.110552
v 0.433417 0.877675 -0.179527
v 0.583281 0.769288 -0.241603
v 0.710730 0.631338 -0.294394
v 0.810865 0.469127 -0.335871
v 0.879840 0.288887 -0.364442
v 0.915003 0.097545 -0.379007
v 0.915003 -0.097545 -0.379007
v 0.879840 -0.288887 -0.364442
v 0.810866 -0.469127 -0.335871
v 0.710730 -0.631338 -0.294394
v 0.583281 -0.769288 -0.241603
v 0.433417 -0.877675 -0.179527
v 0.266897 -0.952332 -0.110552
v 0.171226 0.980785 -0.091522
v 0.171226 -0.980785 -0.091522
v 0.860810 -0.195090 -0.460113
v 0.877674 -0.000000 -0.469127
v 0.335872 0.923880 -0.179527
v 0.810866 -0.382683 -0.433417
v 0.487610 0.831470 -0.260633
v 0.729760 -0.555570 -0.390065
v 0.620610 0.707107 -0.331723
v 0.620610 -0.707107 -0.331723
v 0.729760 0.555570 -0.390065
v 0.487610 -0.831470 -0.260633
v 0.810866 0.382683 -0.433417
v 0.335872 -0.923880 -0.179527
v 0.860810 0.195090 -0.460113
v 0.283336 0.952332 -0.056359
v 0.460113 0.877675 -0.091522
v 0.619208 0.769288 -0.123168
v 0.754506 0.631338 -0.150081
v 0.860810 0.469127 -0.171226
v 0.934034 0.288887 -0.185791
v 0.971362 0.097545 -0.193216
v 0.971362 -0.097545 -0.193216
v 0.934034 -0.288887 -0.185791
v 0.860810 -0.469127 -0.171226
v 0.754506 -0.631338 -0.150081
v 0.619208 -0.769288 -0.123168
v 0.460113 -0.877675 -0.091522
v 0.283336 -0.952332 -0.056359
v 0.791835 0.555570 -0.240201
v 0.673401 0.707107 -0.204274
v 0.529088 -0.831470 -0.160497
v 0.673401 -0.707107 -0.204274
v 0.879840 0.382683 -0.266897
v 0.364442 -0.923880 -0.110552
v 0.934034 0.195090 -0.283336
v 0.185791 -0.980785 -0.056359
v 0.952332 -0.000000 -0.288887
v 0.185791 0.980785 -0.056359
v 0.934034 -0.195090 -0.283336
v 0.364442 0.923880 -0.110552
v 0.879840 -0.382683 -0.266897
v 0.529088 0.831470 -0.160497
v 0.791835 -0.555570 -0.240201
v 0.288887 0.952332 0.000000
v 0.469127 0.877675 0.000000
v 0.631338 0.769288 0.000000
v 0.769288 0.631338 0.000000
v 0.877674 0.469127 0.000000
v 0.952332 0.288887 0.000000
v 0.990392 0.097545 0.000000
v 0.990392 -0.097545 0.000000
v 0.952332 -0.288887 0.000000
v 0.877675 -0.469127 0.000000
v 0.769288 -0.631338 0.000000
v 0.631338 -0.769288 0.000000
v 0.469127 -0.877675 0.000000
v 0.288887 -0.952332 0.000000
v 0.971362 -0.195090 -0.095671
v 0.990392 -0.000000 -0.097545
v 0.379007 0.923880 -0.037329
v 0.193216 0.980785 -0.019030
v 0.915004 -0.382683 -0.090120
v 0.550233 0.831470 -0.054193
v 0.823481 -0.555570 -0.081106
v 0.700313 0.707107 -0.068975
v 0.700313 -0.707107 -0.068975
v 0.823481 0.555570 -0.081106
v 0.550233 -0.831470 -0.054193
v 0.915003 0.382683 -0.090120
v 0.379007 -0.923880 -0.037329
v 0.971362 0.195090 -0.095671
v 0.193216 -0.980785 -0.019030
v 0.283336 0.952332 0.056359
v 0.460113 0.877675 0.091522
v 0.619207 0.769288 0.123168
v 0.754506 0.631338 0.150081
v 0.860810 0.469127 0.171226
v 0.934033 0.288887 0.185791
v 0.971362 0.097545 0.193216
v 0.971362 -0.097545 0.193216
v 0.934034 -0.288887 0.185791
v 0.860810 -0.469127 0.171226
v 0.754506 -0.631338 0.150081
v 0.619207 -0.769288 0.123168
v 0.460113 -0.877675 0.091522
v 0.283336 -0.952332 0.056359
v 0.550233 -0.831470 0.054193
v 0.700313 -0.707107 0.068975
v 0.915003 0.382683 0.090120
v 0.823481 0.555570 0.081106
v 0.379007 -0.923880 0.037329
v 0.971362 0.195090 0.095671
v 0.193216 -0.980785 0.019030
v 0.990392 -0.000000 0.097545
v 0.193216 0.980785 0.019030
v 0.971362 -0.195090 0.095671
v 0.379007 0.923880 0.037329
v 0.915004 -0.382683 0.090120
v 0.550233 0.831470 0.054193
v 0.823481 -0.555570 0.081106
v 0.700313 0.707107 0.068975
v 0.266897 0.952332 0.110552
v 0.433417 0.877675 0.179527
v 0.583281 0.769288 0.241603
v 0.710729 0.631338 0.294394
v 0.810865 0.469127 0.335872
v 0.879840 0.288887 0.364442
v 0.915003 0.097545 0.379007
v 0.915003 -0.097545 0.379007
v 0.879840 -0.288887 0.364442
v 0.810865 -0.469127 0.335872
v 0.710729 -0.631338 0.294394
v 0.583281 -0.769288 0.241603
v 0.433417 -0.877675 0.179527
v 0.266897 -0.952332 0.110552
v 0.364442 0.923880 0.110552
v 0.185791 0.980785 0.056359
v 0.879840 -0.382683 0.266897
v 0.934033 -0.195090 0.283336
v 0.529087 0.831470 0.160497
v 0.791835 -0.555570 0.240201
v 0.673401 0.707107 0.204274
v 0.673401 -0.707107 0.204274
v 0.791835 0.555570 0.240201
v 0.529087 -0.831470 0.160497
v 0.879840 0.382683 0.266897
v 0.364442 -0.923880 0.110552
v 0.934033 0.195090 0.283336
v 0.185791 -0.980785 0.056359
v 0.952332 -0.000000 0.288887
v 0.240201 0.952332 0.160497
v 0.390065 0.877675 0.260633
v 0.524939 0.769288 0.350753
v 0.639640 0.631338 0.427394
v 0.729760 0.469127 0.487610
v 0.791835 0.288887 0.529087
v 0.823481 0.097545 0.550233
v 0.823481 -0.097545 0.550233
v 0.791835 -0.288887 0.529088
v 0.729760 -0.469127 0.487610
v 0.639640 -0.631338 0.427394
v 0.524939 -0.769288 0.350753
v 0.390065 -0.877675 0.260633
v 0.240201 -0.952332 0.160497
v 0.810865 0.382683 0.433417
v 0.729759 0.555570 0.390065
v 0.335872 -0.923880 0.179527
v 0.487610 -0.831470 0.260633
v 0.860810 0.195090 0.460113
v 0.171226 -0.980785 0.091522
v 0.877674 -0.000000 0.469127
v 0.171226 0.980785 0.091522
v 0.860810 -0.195090 0.460113
v 0.335872 0.923880 0.179527
v 0.810866 -0.382683 0.433417
v 0.487610 0.831470 0.260633
v 0.729760 -0.555570 0.390065
v 0.620610 0.707107 0.331723
v 0.620610 -0.707107 0.331723
v 0.204274 0.952332 0.204274
v 0.331723 0.877675 0.331723
v 0.446424 0.769288 0.446424
v 0.543969 0.631338 0.543969
v 0.620609 0.469127 0.620610
v 0.673401 0.288887 0.673401
v 0.700313 0.097545 0.700313
v 0.700313 -0.097545 0.700313
v 0.673401 -0.288887 0.673401
v 0.620610 -0.469127 0.620610
v 0.543969 -0.631338 0.543969
v 0.446424 -0.769288 0.446424
v 0.331723 -0.877675 0.331723
v 0.204274 -0.952332 0.204274
v 0.710730 -0.382683 0.583281
v 0.754506 -0.195090 0.619207
v 0.427393 0.831470 0.350753
v 0.294394 0.923880 0.241603
v 0.639640 -0.555570 0.524939
v 0.543969 0.707107 0.446424
v 0.543969 -0.707107 0.446424
v 0.639639 0.555570 0.524939
v 0.427393 -0.831470 0.350753
v 0.710729 0.382683 0.583281
v 0.294394 -0.923880 0.241603
v 0.754506 0.195090 0.619207
v 0.150081 -0.980785 0.123168
v 0.769288 -0.000000 0.631338
v 0.150081 0.980785 0.123168
v 0.160497 0.952332 0.240201
v 0.260633 0.877675 0.390065
v 0.350753 0.769288 0.524939
v 0.427393 0.631338 0.639640
v 0.487610 0.469127 0.729760
v 0.529087 0.288887 0.791835
v 0.550232 0.097545 0.823481
v 0.550232 -0.097545 0.823481
v 0.529087 -0.288887 0.791835
v 0.487610 -0.469127 0.729760
v 0.427394 -0.631338 0.639640
v 0.350753 -0.769288 0.524939
v 0.260633 -0.877675 0.390065
v 0.160497 -0.952332 0.240201
v 0.241603 -0.923880 0.294394
v 0.350753 -0.831470 0.427394
v 0.619207 0.195090 0.754506
v 0.583281 0.382683 0.710729
v 0.123168 -0.980785 0.150081
v 0.631338 -0.000000 0.769288
v 0.123168 0.980785 0.150081
v 0.619207 -0.195090 0.754506
v 0.241603 0.923880 0.294394
v 0.583281 -0.382683 0.710730
v 0.350753 0.831470 0.427394
v 0.524939 -0.555570 0.639640
v 0.446424 0.707107 0.543969
v 0.446424 -0.707107 0.543969
v 0.524939 0.555570 0.639640
v 0.110552 0.952332 0.266897
v 0.179527 0.877675 0.433417
v 0.241603 0.769288 0.583281
v 0.294394 0.631338 0.710729
v 0.335871 0.469127 0.810865
v 0.364442 0.288887 0.879840
v 0.379007 0.097545 0.915003
v 0.379007 -0.097545 0.915003
v 0.364442 -0.288887 0.879840
v 0.335871 -0.469127 0.810866
v 0.294394 -0.631338 0.710729
v 0.241603 -0.769288 0.583281
v 0.179527 -0.877675 0.433417
v 0.110552 -0.952332 0.266897
v 0.390065 -0.555570 0.729760
v 0.433417 -0.382683 0.810866
v 0.331723 0.707107 0.620610
v 0.260633 0.831470 0.487610
v 0.331723 -0.707107 0.620610
v 0.390065 0.555570 0.729760
v 0.260633 -0.831470 0.487610
v 0.433417 0.382683 0.810865
v 0.179527 -0.923880 0.335872
v 0.460112 0.195090 0.860810
v 0.091522 -0.980785 0.171226
v 0.469126 -0.000000 0.877674
v 0.091522 0.980785 0.171226
v 0.460112 -0.195090 0.860810
v 0.179527 0.923880 0.335872
v 0.056359 0.952332 0.283336
v 0.091522 0.877675 0.460113
v 0.123168 0.769288 0.619208
v 0.150081 0.631338 0.754506
v 0.171226 0.469127 0.860810
v 0.185791 0.288887 0.934033
v 0.193216 0.097545 0.971362
v 0.193216 -0.097545 0.971362
v 0.185791 -0.288887 0.934033
v 0.171226 -0.469127 0.860810
v 0.150081 -0.631338 0.754506
v 0.123168 -0.769288 0.619208
v 0.091522 -0.877675 0.460113
v 0.056359 -0.952332 0.283336
v 0.056359 -0.980785 0.185791
v 0.110552 -0.923880 0.364442
v 0.288886 -0.000000 0.952332
v 0.283336 0.195090 0.934033
v 0.056359 0.980785 0.185791
v 0.283336 -0.195090 0.934033
v 0.110552 0.923880 0.364442
v 0.266897 -0.382683 0.879840
v 0.160497 0.831470 0.529087
v 0.240201 -0.555570 0.791835
v 0.204274 0.707107 0.673401
v 0.204274 -0.707107 0.673401
v 0.240201 0.555570 0.791835
v 0.160497 -0.831470 0.529087
v 0.266897 0.382683 0.879840
v -0.000000 0.952332 0.288887
v -0.000000 0.877675 0.469127
v -0.000000 0.769288 0.631338
v 0.000000 0.631338 0.769288
v 0.000000 0.469127 0.877674
v -0.000000 0.288887 0.952332
v -0.000000 0.097545 0.990392
v -0.000000 -0.097545 0.990392
v -0.000000 -0.288887 0.952332
v -0.000000 -0.469127 0.877674
v 0.000000 -0.631338 0.769288
v -0.000000 -0.769288 0.631338
v -0.000000 -0.877675 0.469127
v 0.000000 -0.952332 0.288887
v 0.068975 0.707107 0.700313
v 0.054193 0.831470 0.550233
v 0.068975 -0.707107 0.700313
v 0.081106 -0.555570 0.823481
v 0.081106 0.555570 0.823481
v 0.054193 -0.831470 0.550233
v 0.090120 0.382683 0.915003
v 0.037329 -0.923880 0.379007
v 0.095671 0.195090 0.971362
v 0.019030 -0.980785 0.193216
v 0.097545 -0.000000 0.990392
v 0.019030 0.980785 0.193216
v 0.095671 -0.195090 0.971362
v 0.037329 0.923880 0.379007
v 0.090120 -0.382683 0.915003
v -0.056359 0.952332 0.283336
v -0.091522 0.877675 0.460113
v -0.123168 0.769288 0.619207
v -0.150081 0.631338 0.754506
v -0.171226 0.469127 0.860810
v -0.185791 0.288887 0.934033
v -0.193216 0.097545 0.971362
v -0.193216 -0.097545 0.971362
v -0.185791 -0.288887 0.934033
v -0.171226 -0.469127 0.860810
v -0.150081 -0.631338 0.754506
v -0.123168 -0.769288 0.619207
v -0.091522 -0.877675 0.460113
v -0.056359 -0.952332 0.283336
v -0.097545 -0.000000 0.990392
v -0.095671 0.195090 0.971362
v -0.019030 0.980785 0.193216
v -0.019030 -0.980785 0.193216
v -0.095671 -0.195090 0.971362
v -0.037329 0.923880 0.379007
v -0.090120 -0.382683 0.915003
v -0.054193 0.831470 0.550233
v -0.081106 -0.555570 0.823481
v -0.068975 0.707107 0.700313
v -0.068975 -0.707107 0.700313
v -0.081106 0.555570 0.823481
v -0.054193 -0.831470 0.550233
v -0.090120 0.382683 0.915003
v -0.037329 -0.923880 0.379007
v -0.110552 0.952332 0.266897
v -0.179527 0.877675 0.433417
v -0.241603 0.769288 0.583281
v -0.294394 0.631338 0.710729
v -0.335871 0.469127 0.810865
v -0.364442 0.288887 0.879840
v -0.379007 0.097545 0.915003
v -0.379007 -0.097545 0.915003
v -0.364442 -0.288887 0.879840
v -0.335871 -0.469127 0.810865
v -0.294394 -0.631338 0.710729
v -0.241603 -0.769288 0.583281
v -0.179527 -0.877675 0.433417
v -0.110552 -0.952332 0.266897
v -0.204274 -0.707107 0.673401
v -0.240201 -0.555570 0.791835
v -0.240201 0.555570 0.791835
v -0.204274 0.707107 0.673401
v -0.160497 -0.831470 0.529087
v -0.266897 0.382683 0.879840
v -0.110552 -0.923880 0.364442
v -0.283336 0.195090 0.934033
v -0.056359 -0.980785 0.185791
v -0.288887 -0.000000 0.952332
v -0.056359 0.980785 0.185791
v -0.283336 -0.195090 0.934033
v -0.110552 0.923880 0.364442
v -0.266897 -0.382683 0.879840
v -0.160497 0.831470 0.529087
v -0.160497 0.952332 0.240201
v -0.260633 0.877675 0.390065
v -0.350753 0.769288 0.524939
v -0.427393 0.631338 0.639640
v -0.487610 0.469127 0.729760
v -0.529087 0.288887 0.791835
v -0.550233 0.097545 0.823481
v -0.550233 -0.097545 0.823481
v -0.529087 -0.288887 0.791835
v -0.487610 -0.469127 0.729760
v -0.427393 -0.631338 0.639640
v -0.350753 -0.769288 0.524939
v -0.260633 -0.877675 0.390065
v -0.160497 -0.952332 0.240201
v -0.091522 0.980785 0.171226
v -0.091522 -0.980785 0.171226
v -0.460113 -0.195090 0.860810
v -0.469127 -0.000000 0.877674
v -0.179527 0.923880 0.335872
v -0.433417 -0.382683 0.810865
v -0.260633 0.831470 0.487610
v -0.390065 -0.555570 0.729760
v -0.331723 0.707107 0.620610
v -0.331723 -0.707107 0.620610
v -0.390064 0.555570 0.729759
v -0.260633 -0.831470 0.487610
v -0.433417 0.382683 0.810865
v -0.179527 -0.923880 0.335872
v -0.460113 0.195090 0.860810
v -0.204274 0.952332 0.204274
v -0.331723 0.877675 0.331723
v -0.446424 0.769288 0.446424
v -0.543969 0.631338 0.543969
v -0.620609 0.469127 0.620609
v -0.673400 0.288887 0.673400
v -0.700313 0.097545 0.700313
v -0.700313 -0.097545 0.700313
v -0.673401 -0.288887 0.673400
v -0.620610 -0.469127 0.620609
v -0.543969 -0.631338 0.543969
v -0.446424 -0.769288 0.446424
v -0.331723 -0.877675 0.331723
v -0.204274 -0.952332 0.204274
v -0.524938 0.555570 0.639639
v -0.446424 0.707107 0.543969
v -0.350753 -0.831470 0.427393
v -0.446424 -0.707107 0.543969
v -0.583281 0.382683 0.710729
v -0.241603 -0.923880 0.294394
v -0.619207 0.195090 0.754506
v -0.123168 -0.980785 0.150081
v -0.631338 -0.000000 0.769287
v -0.123168 0.980785 0.150081
v -0.619207 -0.195090 0.754506
v -0.241603 0.923880 0.294394
v -0.583281 -0.382683 0.710729
v -0.350753 0.831470 0.427393
v -0.524939 -0.555570 0.639640
v -0.240201 0.952332 0.160497
v -0.390065 0.877675 0.260633
v -0.524939 0.769288 0.350753
v -0.639639 0.631338 0.427394
v -0.729759 0.469127 0.487610
v -0.791835 0.288887 0.529087
v -0.823481 0.097545 0.550232
v -0.823481 -0.097545 0.550232
v -0.791835 -0.288887 0.529087
v -0.729760 -0.469127 0.487610
v -0.639639 -0.631338 0.427394
v -0.524939 -0.769288 0.350753
v -0.390065 -0.877675 0.260633
v -0.240201 -0.952332 0.160497
v -0.754506 -0.195090 0.619207
v -0.769288 -0.000000 0.631338
v -0.294394 0.923880 0.241603
v -0.150081 0.980785 0.123168
v -0.710730 -0.382683 0.583281
v -0.427393 0.831470 0.350753
v -0.639639 -0.555570 0.524939
v -0.543969 0.707107 0.446424
v -0.543969 -0.707107 0.446424
v -0.639639 0.555570 0.524939
v -0.427393 -0.831470 0.350753
v -0.710729 0.382683 0.583281
v -0.294394 -0.923880 0.241603
v -0.754506 0.195090 0.619207
v -0.150081 -0.980785 0.123168
v -0.090120 0.990393 0.037329
v -0.266897 0.952332 0.110552
v -0.433417 0.877675 0.179527
v -0.583280 0.769288 0.241603
v -0.710729 0.631338 0.294394
v -0.810865 0.469127 0.335871
v -0.879840 0.288887 0.364442
v -0.915003 0.097545 0.379006
v -0.915003 -0.097545 0.379006
v -0.879840 -0.288887 0.364442
v -0.810865 -0.469127 0.335871
v -0.710729 -0.631338 0.294394
v -0.583280 -0.769288 0.241603
v -0.433416 -0.877675 0.179527
v -0.266897 -0.952332 0.110552
v -0.487610 -0.831470 0.260633
v -0.620609 -0.707107 0.331723
v -0.810865 0.382683 0.433417
v -0.729759 0.555570 0.390065
v -0.335871 -0.923880 0.179527
v -0.860810 0.195090 0.460112
v -0.171226 -0.980785 0.091522
v -0.877674 -0.000000 0.469126
v -0.171226 0.980785 0.091522
v -0.860810 -0.195090 0.460112
v -0.335872 0.923880 0.179527
v -0.810866 -0.382683 0.433417
v -0.487610 0.831470 0.260633
v -0.729759 -0.555570 0.390065
v -0.620609 0.707107 0.331723
v -0.283336 0.952332 0.056359
v -0.460113 0.877675 0.091522
v -0.619207 0.769288 0.123168
v -0.754506 0.631338 0.150081
v -0.860810 0.469127 0.171226
v -0.934033 0.288887 0.185791
v -0.971362 0.097545 0.193216
v -0.971362 -0.097545 0.193216
v -0.934033 -0.288887 0.185791
v -0.860810 -0.469127 0.171226
v -0.754506 -0.631338 0.150081
v -0.619207 -0.769288 0.123168
v -0.460113 -0.877675 0.091522
v -0.283336 -0.952332 0.056359
v -0.879840 -0.382683 0.266897
v -0.934033 -0.195090 0.283336
v -0.529087 0.831470 0.160497
v -0.364442 0.923880 0.110552
v -0.791835 -0.555570 0.240201
v -0.673401 0.707107 0.204274
v -0.673401 -0.707107 0.204274
v -0.791835 0.555570 0.240201
v -0.529087 -0.831470 0.160497
v -0.879840 0.382683 0.266897
v -0.364442 -0.923880 0.110552
v -0.934033 0.195090 0.283336
v -0.185791 -0.980785 0.056359
v -0.952332 -0.000000 0.288886
v -0.185791 0.980785 0.056359
v -0.288887 0.952332 0.000000
v -0.469127 0.877675 0.000000
v -0.631338 0.769288 0.000000
v -0.769288 0.631338 0.000000
v -0.877674 0.469127 0.000000
v -0.952332 0.288887 -0.000000
v -0.990392 0.097545 -0.000000
v -0.990392 -0.097545 -0.000000
v -0.952332 -0.288887 -0.000000
v -0.877674 -0.469127 -0.000000
v -0.769288 -0.631338 0.000000
v -0.631338 -0.769288 0.000000
v -0.469127 -0.877675 0.000000
v -0.288887 -0.952332 0.000000
v -0.379007 -0.923880 0.037329
v -0.550232 -0.831470 0.054193
v -0.971362 0.195090 0.095671
v -0.915003 0.382683 0.090120
v -0.193216 -0.980785 0.019030
v -0.990392 -0.000000 0.097545
v -0.193216 0.980785 0.019030
v -0.971362 -0.195090 0.095671
v -0.379007 0.923880 0.037329
v -0.915003 -0.382683 0.090120
v -0.550232 0.831470 0.054193
v -0.823481 -0.555570 0.081106
v -0.700313 0.707107 0.068975
v -0.700313 -0.707107 0.068975
v -0.823481 0.555570 0.081106
v -0.283336 0.952332 -0.056359
v -0.460112 0.877675 -0.091522
v -0.619207 0.769288 -0.123168
v -0.754506 0.631338 -0.150081
v -0.860810 0.469127 -0.171226
v -0.934033 0.288887 -0.185791
v -0.971362 0.097545 -0.193216
v -0.971362 -0.097545 -0.193216
v -0.934033 -0.288887 -0.185791
v -0.860810 -0.469127 -0.171226
v -0.754506 -0.631338 -0.150081
v -0.619207 -0.769288 -0.123168
v -0.460112 -0.877675 -0.091522
v -0.283336 -0.952332 -0.056359
v -0.550232 0.831470 -0.054193
v -0.379007 0.923880 -0.037329
v -0.823481 -0.555570 -0.081106
v -0.915003 -0.382683 -0.090120
v -0.700313 0.707107 -0.068975
v -0.700313 -0.707107 -0.068975
v -0.823481 0.555570 -0.081106
v -0.550232 -0.831470 -0.054193
v -0.915003 0.382683 -0.090120
v -0.379007 -0.923880 -0.037329
v -0.971362 0.195090 -0.095671
v -0.193216 -0.980785 -0.019030
v -0.990392 -0.000000 -0.097545
v -0.193216 0.980785 -0.019030
v -0.971362 -0.195090 -0.095671
v -0.266897 0.952332 -0.110552
v -0.433416 0.877675 -0.179527
v -0.583280 0.769288 -0.241603
v -0.710729 0.631338 -0.294394
v -0.810865 0.469127 -0.335871
v -0.879840 0.288887 -0.364442
v -0.915003 0.097545 -0.379007
v -0.915003 -0.097545 -0.379007
v -0.879840 -0.288887 -0.364442
v -0.810865 -0.469127 -0.335871
v -0.710729 -0.631338 -0.294394
v -0.583280 -0.769288 -0.241603
v -0.433416 -0.877675 -0.179527
v -0.266897 -0.952332 -0.110552
v -0.934033 0.195090 -0.283336
v -0.879840 0.382683 -0.266897
v -0.185791 -0.980785 -0.056359
v -0.364442 -0.923880 -0.110552
v -0.952331 -0.000000 -0.288887
v -0.185791 0.980785 -0.056359
v -0.934033 -0.195090 -0.283336
v -0.364442 0.923880 -0.110552
v -0.879840 -0.382683 -0.266897
v -0.529087 0.831470 -0.160497
v -0.791835 -0.555570 -0.240201
v -0.673400 0.707107 -0.204274
v -0.673400 -0.707107 -0.204274
v -0.791835 0.555570 -0.240200
v -0.529087 -0.831470 -0.160497
v -0.240201 0.952332 -0.160497
v -0.390064 0.877675 -0.260633
v -0.524938 0.769288 -0.350753
v -0.639639 0.631338 -0.427393
v -0.729759 0.469127 -0.487610
v -0.791835 0.288887 -0.529087
v -0.823481 0.097545 -0.550232
v -0.823481 -0.097545 -0.550232
v -0.791835 -0.288887 -0.529087
v -0.729759 -0.469127 -0.487610
v -0.639639 -0.631338 -0.427393
v -0.524938 -0.769288 -0.350753
v -0.390064 -0.877675 -0.260633
v -0.240201 -0.952332 -0.160497
v -0.729759 -0.555570 -0.390064
v -0.810865 -0.382683 -0.433417
v -0.620609 0.707107 -0.331723
v -0.487610 0.831470 -0.260633
v -0.620609 -0.707107 -0.331723
v -0.729759 0.555570 -0.390064
v -0.487610 -0.831470 -0.260633
v -0.810865 0.382683 -0.433416
v -0.335871 -0.923880 -0.179527
v -0.860810 0.195090 -0.460113
v -0.171226 -0.980785 -0.091522
v -0.877674 -0.000000 -0.469127
v -0.171226 0.980785 -0.091522
v -0.860810 -0.195090 -0.460113
v -0.335871 0.923880 -0.179527
v -0.204274 0.952332 -0.204274
v -0.331722 0.877675 -0.331723
v -0.446423 0.769288 -0.446423
v -0.543969 0.631338 -0.543969
v -0.620609 0.469127 -0.620609
v -0.673400 0.288887 -0.673400
v -0.700313 0.097545 -0.700313
v -0.700313 -0.097545 -0.700313
v -0.673400 -0.288887 -0.673400
v -0.620609 -0.469127 -0.620609
v -0.543969 -0.631338 -0.543969
v -0.446423 -0.769288 -0.446423
v -0.331722 -0.877675 -0.331723
v -0.204274 -0.952332 -0.204274
v -0.150081 -0.980785 -0.123168
v -0.294394 -0.923880 -0.241603
v -0.769287 -0.000000 -0.631338
v -0.754506 0.195090 -0.619207
v -0.150081 0.980785 -0.123168
v -0.754506 -0.195090 -0.619207
v -0.294394 0.923880 -0.241603
v -0.710729 -0.382683 -0.583281
v -0.427393 0.831470 -0.350753
v -0.639639 -0.555570 -0.524938
v -0.543969 0.707107 -0.446423
v -0.543969 -0.707107 -0.446423
v -0.639639 0.555570 -0.524938
v -0.427393 -0.831470 -0.350753
v -0.710729 0.382683 -0.583280
v -0.160497 0.952332 -0.240201
v -0.260633 0.877675 -0.390064
v -0.350753 0.769288 -0.524938
v -0.427393 0.631338 -0.639639
v -0.487610 0.469127 -0.729759
v -0.529087 0.288887 -0.791835
v -0.550232 0.097545 -0.823481
v -0.550232 -0.097545 -0.823481
v -0.529087 -0.288887 -0.791835
v -0.487610 -0.469127 -0.729759
v -0.427393 -0.631338 -0.639639
v -0.350753 -0.769288 -0.524938
v -0.260633 -0.877675 -0.390064
v -0.160497 -0.952332 -0.240200
v -0.446424 0.707107 -0.543969
v -0.350753 0.831470 -0.427393
v -0.446424 -0.707107 -0.543969
v -0.524938 -0.555570 -0.639639
v -0.524938 0.555570 -0.639639
v -0.350753 -0.831470 -0.427393
v -0.583280 0.382683 -0.710729
v -0.241603 -0.923880 -0.294394
v -0.619207 0.195090 -0.754506
v -0.123168 -0.980785 -0.150081
v -0.631337 -0.000000 -0.769288
v -0.123168 0.980785 -0.150081
v -0.619207 -0.195090 -0.754506
v -0.241603 0.923880 -0.294394
v -0.583280 -0.382683 -0.710729
v -0.110552 0.952332 -0.266897
v -0.179527 0.877675 -0.433416
v -0.241603 0.769288 -0.583280
v -0.294394 0.631338 -0.710729
v -0.335871 0.469127 -0.810865
v -0.364442 0.288887 -0.879840
v -0.379006 0.097545 -0.915003
v -0.379006 -0.097545 -0.915003
v -0.364442 -0.288887 -0.879840
v -0.335871 -0.469127 -0.810865
v -0.294394 -0.631338 -0.710729
v -0.241603 -0.769288 -0.583280
v -0.179527 -0.877675 -0.433416
v -0.110552 -0.952332 -0.266896
v -0.469126 -0.000000 -0.877674
v -0.460112 0.195090 -0.860810
v -0.091522 0.980785 -0.171226
v -0.091522 -0.980785 -0.171226
v -0.460112 -0.195090 -0.860810
v -0.179527 0.923880 -0.335871
v -0.433416 -0.382683 -0.810865
v -0.260633 0.831470 -0.487609
v -0.390064 -0.555570 -0.729759
v -0.331723 0.707107 -0.620609
v -0.331723 -0.707107 -0.620609
v -0.390064 0.555570 -0.729759
v -0.260633 -0.831470 -0.487609
v -0.433416 0.382683 -0.810865
v -0.179527 -0.923880 -0.335871
v -0.056359 0.952332 -0.283336
v -0.091522 0.877675 -0.460112
v -0.123168 0.769288 -0.619207
v -0.150081 0.631338 -0.754506
v -0.171226 0.469127 -0.860810
v -0.185791 0.288887 -0.934033
v -0.193215 0.097545 -0.971362
v -0.193215 -0.097545 -0.971362
v -0.185791 -0.288887 -0.934033
v -0.171226 -0.469127 -0.860810
v -0.150081 -0.631338 -0.754506
v -0.123168 -0.769288 -0.619207
v -0.091522 -0.877675 -0.460112
v -0.056359 -0.952332 -0.283336
v -0.204274 -0.707107 -0.673400
v -0.240200 -0.555570 -0.791835
v -0.240200 0.555570 -0.791835
v -0.204274 0.707107 -0.673400
v -0.160497 -0.831470 -0.529087
v -0.266896 0.382683 -0.879840
v -0.110552 -0.923880 -0.364442
v -0.283336 0.195090 -0.934033
v -0.056359 -0.980785 -0.185791
v -0.288886 -0.000000 -0.952331
v -0.056359 0.980785 -0.185791
v -0.283336 -0.195090 -0.934033
v -0.110552 0.923880 -0.364442
v -0.266896 -0.382683 -0.879840
v -0.160497 0.831470 -0.529087
v 0.000000 -0.097545 -0.990392
v 0.000000 -0.288887 -0.952332
v 0.000000 -0.952332 -0.288887
v 0.000000 -0.990393 -0.097545
v -0.019030 -0.980785 -0.193216
v -0.095671 -0.195090 -0.971362
v -0.097545 -0.000000 -0.990391
v -0.090120 -0.382683 -0.915003
v -0.037329 -0.923880 -0.379007
v -0.000000 0.990393 -0.097545
v 0.000000 0.097545 -0.990392
v 0.000000 -0.469127 -0.877674
v 0.000000 -0.877675 -0.469127
v 0.019030 0.990393 -0.095671
v 0.019030 -0.990393 -0.095671
v 0.019030 -0.980785 -0.193216
v 0.095671 -0.195090 -0.971362
v 0.097545 -0.000000 -0.990392
v 0.090120 -0.382683 -0.915003
v 0.037329 -0.923880 -0.379007
v 0.037329 0.990393 -0.090120
v 0.037329 -0.990393 -0.090120
v 0.054193 0.990393 -0.081106
v 0.054193 -0.990393 -0.081106
v 0.068975 0.990393 -0.068975
v 0.068975 -0.990393 -0.068975
v 0.081106 0.990393 -0.054193
v 0.081106 -0.990393 -0.054193
v 0.090120 0.990393 -0.037329
v 0.090120 -0.990393 -0.037329
v 0.095671 0.990393 -0.019030
v 0.095671 -0.990393 -0.019030
v 0.097545 0.990393 0.000000
v 0.097545 -0.990393 0.000000
v 0.095671 0.990393 0.019030
v 0.095671 -0.990393 0.019030
v 0.090120 0.990393 0.037329
v 0.090120 -0.990393 0.037329
v 0.081106 0.990393 0.054193
v 0.081106 -0.990393 0.054193
v 0.068975 0.990393 0.068975
v 0.068975 -0.990393 0.068975
v 0.054193 0.990393 0.081106
v 0.054193 -0.990393 0.081106
v 0.037329 0.990393 0.090120
v 0.037329 -0.990393 0.090120
v 0.019030 0.990393 0.095671
v 0.019030 -0.990393 0.095671
v -0.000000 0.990393 0.097545
v -0.000000 -0.990393 0.097545
v -0.019030 0.990393 0.095671
v -0.019030 -0.990393 0.095671
v -0.037329 0.990393 0.090120
v -0.037329 -0.990393 0.090120
v -0.054193 0.990393 0.081106
v -0.054193 -0.990393 0.081106
v -0.068975 0.990393 0.068975
v -0.068975 -0.990393 0.068975
v -0.081106 0.990393 0.054193
v -0.081106 -0.990393 0.054193
v -0.090120 -0.990393 0.037329
v -0.095671 0.990393 0.019030
v -0.095671 -0.990393 0.019030
v -0.097545 0.990393 0.000000
v -0.097545 -0.990393 0.000000
v -0.095671 0.990393 -0.019030
v -0.095671 -0.990393 -0.019030
v -0.090120 0.990393 -0.037329
v -0.090120 -0.990393 -0.037329
v -0.081106 0.990393 -0.054193
v -0.081106 -0.990393 -0.054193
v -0.068975 0.990393 -0.068975
v -0.068975 -0.990393 -0.068975
v -0.054193 0.990393 -0.081106
v -0.054193 -0.990393 -0.081106
v -0.037329 0.990393 -0.090120
v -0.037329 -0.990393 -0.090120
v -0.019030 0.990393 -0.095671
v -0.019030 -0.990393 -0.095671
v -0.037329 0.923880 -0.379007
v -0.019030 0.980785 -0.193216
v -0.054193 0.831470 -0.550232
v -0.081106 -0.555570 -0.823481
v -0.068975 0.707107 -0.700313
v -0.068975 -0.707107 -0.700313
v -0.081106 0.555570 -0.823481
v -0.054193 -0.831470 -0.550232
v -0.090120 0.382683 -0.915003
v -0.095671 0.195090 -0.971362
v -0.096608 0.097545 -0.980877
v -0.028179 -0.952332 -0.286111
v -0.092895 0.288887 -0.943183
v -0.045761 -0.877675 -0.464619
v -0.085613 0.469127 -0.869242
v -0.061584 -0.769288 -0.625273
v -0.075040 0.631338 -0.761897
v -0.075040 -0.631338 -0.761897
v -0.061584 0.769288 -0.625273
v -0.085613 -0.469127 -0.869242
v -0.045761 0.877675 -0.464620
v -0.092895 -0.288887 -0.943183
v -0.028179 0.952332 -0.286111
v -0.096608 -0.097545 -0.980877
v -0.182385 0.769288 -0.601244
v -0.253548 -0.469127 -0.835837
v -0.135524 0.877675 -0.446764
v -0.275116 -0.288887 -0.906937
v -0.083456 0.952332 -0.275116
v -0.286111 -0.097545 -0.943182
v -0.286111 0.097545 -0.943182
v -0.083456 -0.952332 -0.275116
v -0.275116 0.288887 -0.906937
v -0.135524 -0.877675 -0.446764
v -0.253548 0.469127 -0.835837
v -0.182385 -0.769288 -0.601244
v -0.222237 0.631338 -0.732618
v -0.222237 -0.631338 -0.732618
v -0.135524 -0.952332 -0.253549
v -0.446764 0.288887 -0.835838
v -0.220080 -0.877675 -0.411740
v -0.411740 0.469127 -0.770312
v -0.296178 -0.769288 -0.554109
v -0.360894 0.631338 -0.675184
v -0.360894 -0.631338 -0.675184
v -0.296178 0.769288 -0.554109
v -0.411740 -0.469127 -0.770312
v -0.220080 0.877675 -0.411740
v -0.446764 -0.288887 -0.835838
v -0.135524 0.952332 -0.253549
v -0.464619 -0.097545 -0.869242
v -0.464619 0.097545 -0.869242
v -0.554109 -0.469127 -0.675184
v -0.296178 0.877675 -0.360893
v -0.601244 -0.288887 -0.732618
v -0.182385 0.952332 -0.222237
v -0.625272 -0.097545 -0.761897
v -0.625272 0.097545 -0.761897
v -0.182385 -0.952332 -0.222237
v -0.601244 0.288887 -0.732618
v -0.296178 -0.877675 -0.360893
v -0.554109 0.469127 -0.675184
v -0.398588 -0.769288 -0.485681
v -0.485681 0.631338 -0.591804
v -0.485681 -0.631338 -0.591804
v -0.398588 0.769288 -0.485681
v -0.732618 0.288887 -0.601244
v -0.360893 -0.877675 -0.296178
v -0.675184 0.469127 -0.554109
v -0.485681 -0.769288 -0.398588
v -0.591804 0.631338 -0.485681
v -0.591804 -0.631338 -0.485681
v -0.485681 0.769288 -0.398588
v -0.675184 -0.469127 -0.554110
v -0.360893 0.877675 -0.296178
v -0.732618 -0.288887 -0.601244
v -0.222237 0.952332 -0.182385
v -0.761897 -0.097545 -0.625273
v -0.761897 0.097545 -0.625273
v -0.222237 -0.952332 -0.182385
v -0.411740 0.877675 -0.220080
v -0.835838 -0.288887 -0.446765
v -0.253549 0.952332 -0.135524
v -0.869242 -0.097545 -0.464620
v -0.869242 0.097545 -0.464620
v -0.253549 -0.952332 -0.135524
v -0.835838 0.288887 -0.446764
v -0.411740 -0.877675 -0.220080
v -0.770312 0.469127 -0.411740
v -0.554109 -0.769288 -0.296178
v -0.675184 0.631338 -0.360894
v -0.675184 -0.631338 -0.360894
v -0.554109 0.769288 -0.296178
v -0.770312 -0.469127 -0.411741
v -0.446764 -0.877675 -0.135524
v -0.835838 0.469127 -0.253549
v -0.601244 -0.769288 -0.182385
v -0.732618 0.631338 -0.222237
v -0.732618 -0.631338 -0.222237
v -0.601244 0.769288 -0.182385
v -0.835838 -0.469127 -0.253549
v -0.446764 0.877675 -0.135524
v -0.906937 -0.288887 -0.275116
v -0.275116 0.952332 -0.083456
v -0.943182 -0.097545 -0.286111
v -0.943182 0.097545 -0.286111
v -0.275116 -0.952332 -0.083456
v -0.906937 0.288887 -0.275116
v -0.943183 -0.288887 -0.092895
v -0.286111 0.952332 -0.028179
v -0.980877 -0.097545 -0.096608
v -0.980877 0.097545 -0.096608
v -0.286111 -0.952332 -0.028179
v -0.943183 0.288887 -0.092895
v -0.464620 -0.877675 -0.045761
v -0.869242 0.469127 -0.085613
v -0.625273 -0.769288 -0.061584
v -0.761897 0.631338 -0.075040
v -0.761897 -0.631338 -0.075040
v -0.625273 0.769288 -0.061584
v -0.869242 -0.469127 -0.085613
v -0.464620 0.877675 -0.045761
v -0.869242 0.469127 0.085613
v -0.625273 -0.769288 0.061584
v -0.761897 0.631338 0.075040
v -0.761897 -0.631338 0.075040
v -0.625273 0.769288 0.061584
v -0.869242 -0.469127 0.085613
v -0.464620 0.877675 0.045761
v -0.943183 -0.288887 0.092895
v -0.286111 0.952332 0.028180
v -0.980877 -0.097545 0.096608
v -0.980877 0.097545 0.096608
v -0.286111 -0.952332 0.028180
v -0.943183 0.288887 0.092895
v -0.464620 -0.877675 0.045761
v -0.275116 0.952332 0.083456
v -0.943182 -0.097545 0.286111
v -0.943182 0.097545 0.286111
v -0.275116 -0.952332 0.083456
v -0.906937 0.288887 0.275116
v -0.446764 -0.877675 0.135525
v -0.835838 0.469127 0.253549
v -0.601244 -0.769288 0.182385
v -0.732618 0.631338 0.222237
v -0.732618 -0.631338 0.222237
v -0.601244 0.769288 0.182385
v -0.835838 -0.469127 0.253549
v -0.446765 0.877675 0.135525
v -0.906937 -0.288887 0.275116
v -0.675184 0.631338 0.360894
v -0.675184 -0.631338 0.360894
v -0.554110 0.769288 0.296178
v -0.770312 -0.469127 0.411741
v -0.411741 0.877675 0.220080
v -0.835838 -0.288887 0.446764
v -0.253549 0.952332 0.135525
v -0.869242 -0.097545 0.464619
v -0.869242 0.097545 0.464619
v -0.253549 -0.952332 0.135525
v -0.835838 0.288887 0.446764
v -0.411741 -0.877675 0.220080
v -0.770312 0.469127 0.411741
v -0.554110 -0.769288 0.296178
v -0.761897 0.097545 0.625273
v -0.222237 -0.952332 0.182385
v -0.732618 0.288887 0.601244
v -0.360894 -0.877675 0.296178
v -0.675184 0.469127 0.554110
v -0.485681 -0.769288 0.398588
v -0.591804 0.631338 0.485681
v -0.591804 -0.631338 0.485681
v -0.485681 0.769288 0.398588
v -0.675185 -0.469127 0.554110
v -0.360894 0.877675 0.296178
v -0.732618 -0.288887 0.601244
v -0.222237 0.952332 0.182385
v -0.761897 -0.097545 0.625273
v -0.485681 -0.631338 0.591804
v -0.398588 0.769288 0.485681
v -0.554110 -0.469127 0.675184
v -0.296178 0.877675 0.360894
v -0.601244 -0.288887 0.732618
v -0.182385 0.952332 0.222237
v -0.625273 -0.097545 0.761897
v -0.625273 0.097545 0.761897
v -0.182385 -0.952332 0.222237
v -0.601244 0.288887 0.732618
v -0.296178 -0.877675 0.360894
v -0.554110 0.469127 0.675184
v -0.398588 -0.769288 0.485681
v -0.485681 0.631338 0.591804
v -0.464620 0.097545 0.869242
v -0.135525 -0.952332 0.253549
v -0.446765 0.288887 0.835838
v -0.220080 -0.877675 0.411741
v -0.411740 0.469127 0.770312
v -0.296178 -0.769288 0.554110
v -0.360894 0.631338 0.675184
v -0.360894 -0.631338 0.675185
v -0.296178 0.769288 0.554110
v -0.411741 -0.469127 0.770312
v -0.220080 0.877675 0.411741
v -0.446765 -0.288887 0.835838
v -0.135525 0.952332 0.253549
v -0.464620 -0.097545 0.869242
v -0.182385 0.769288 0.601244
v -0.253549 -0.469127 0.835838
v -0.135525 0.877675 0.446765
v -0.275116 -0.288887 0.906937
v -0.083456 0.952332 0.275116
v -0.286111 -0.097545 0.943182
v -0.286111 0.097545 0.943182
v -0.083456 -0.952332 0.275116
v -0.275116 0.288887 0.906937
v -0.135525 -0.877675 0.446765
v -0.253549 0.469127 0.835838
v -0.182385 -0.769288 0.601244
v -0.222237 0.631338 0.732618
v -0.222237 -0.631338 0.732618
v -0.028180 -0.952332 0.286112
v -0.092895 0.288887 0.943183
v -0.045761 -0.877675 0.464620
v -0.085613 0.469127 0.869242
v -0.061584 -0.769288 0.625273
v -0.075040 0.631338 0.761897
v -0.075040 -0.631338 0.761897
v -0.061584 0.769288 0.625273
v -0.085613 -0.469127 0.869242
v -0.045761 0.877675 0.464620
v -0.092895 -0.288887 0.943183
v -0.028180 0.952332 0.286112
v -0.096608 -0.097545 0.980877
v -0.096608 0.097545 0.980877
v 0.085613 -0.469127 0.869242
v 0.045761 0.877675 0.464620
v 0.092895 -0.288887 0.943183
v 0.028180 0.952332 0.286112
v 0.096608 -0.097545 0.980877
v 0.096608 0.097545 0.980877
v 0.028180 -0.952332 0.286112
v 0.092895 0.288887 0.943183
v 0.045761 -0.877675 0.464620
v 0.085613 0.469127 0.869242
v 0.061584 -0.769288 0.625273
v 0.075040 0.631338 0.761897
v 0.075040 -0.631338 0.761897
v 0.061584 0.769288 0.625273
v 0.275116 0.288887 0.906937
v 0.135525 -0.877675 0.446765
v 0.253549 0.469127 0.835838
v 0.182385 -0.769288 0.601244
v 0.222237 0.631338 0.732618
v 0.222237 -0.631338 0.732618
v 0.182385 0.769288 0.601244
v 0.253549 -0.469127 0.835838
v 0.135525 0.877675 0.446765
v 0.275116 -0.288887 0.906937
v 0.083456 0.952332 0.275116
v 0.286111 -0.097545 0.943183
v 0.286111 0.097545 0.943183
v 0.083456 -0.952332 0.275116
v 0.220080 0.877675 0.411741
v 0.446765 -0.288887 0.835838
v 0.135525 0.952332 0.253549
v 0.464619 -0.097545 0.869242
v 0.464619 0.097545 0.869242
v 0.135525 -0.952332 0.253549
v 0.446765 0.288887 0.835838
v 0.220080 -0.877675 0.411741
v 0.411741 0.469127 0.770312
v 0.296178 -0.769288 0.554110
v 0.360894 0.631338 0.675185
v 0.360894 -0.631338 0.675185
v 0.296178 0.769288 0.554110
v 0.411741 -0.469127 0.770313
v 0.554110 0.469127 0.675185
v 0.398588 -0.769288 0.485681
v 0.485681 0.631338 0.591804
v 0.485681 -0.631338 0.591804
v 0.398588 0.769288 0.485681
v 0.554110 -0.469127 0.675185
v 0.296178 0.877675 0.360894
v 0.601244 -0.288887 0.732618
v 0.182385 0.952332 0.222237
v 0.625273 -0.097545 0.761897
v 0.625273 0.097545 0.761897
v 0.182385 -0.952332 0.222237
v 0.601244 0.288887 0.732618
v 0.296178 -0.877675 0.360894
v 0.222237 0.952332 0.182386
v 0.761897 -0.097545 0.625273
v 0.761897 0.097545 0.625273
v 0.222237 -0.952332 0.182386
v 0.732618 0.288887 0.601244
v 0.360894 -0.877675 0.296178
v 0.675184 0.469127 0.554110
v 0.485681 -0.769288 0.398588
v 0.591804 0.631338 0.485681
v 0.591804 -0.631338 0.485681
v 0.485681 0.769288 0.398588
v 0.675185 -0.469127 0.554110
v 0.360894 0.877675 0.296178
v 0.732618 -0.288887 0.601244
v 0.554110 -0.769288 0.296178
v 0.675185 0.631338 0.360894
v 0.675185 -0.631338 0.360894
v 0.554110 0.769288 0.296178
v 0.770313 -0.469127 0.411741
v 0.411741 0.877675 0.220080
v 0.835838 -0.288887 0.446765
v 0.253549 0.952332 0.135525
v 0.869242 -0.097545 0.464620
v 0.869242 0.097545 0.464620
v 0.253549 -0.952332 0.135525
v 0.835838 0.288887 0.446765
v 0.411741 -0.877675 0.220080
v 0.770312 0.469127 0.411741
v 0.943183 -0.097545 0.286111
v 0.943183 0.097545 0.286111
v 0.275116 -0.952332 0.083456
v 0.906937 0.288887 0.275116
v 0.446765 -0.877675 0.135525
v 0.835838 0.469127 0.253549
v 0.601244 -0.769288 0.182385
v 0.732618 0.631338 0.222237
v 0.732618 -0.631338 0.222237
v 0.601244 0.769288 0.182385
v 0.835838 -0.469127 0.253549
v 0.446765 0.877675 0.135525
v 0.906937 -0.288887 0.275116
v 0.275116 0.952332 0.083456
v 0.761897 0.631338 0.075040
v 0.761897 -0.631338 0.075040
v 0.625273 0.769288 0.061584
v 0.869242 -0.469127 0.085613
v 0.464620 0.877675 0.045761
v 0.943183 -0.288887 0.092896
v 0.286111 0.952332 0.028180
v 0.980877 -0.097545 0.096608
v 0.980877 0.097545 0.096608
v 0.286112 -0.952332 0.028180
v 0.943183 0.288887 0.092895
v 0.464620 -0.877675 0.045761
v 0.869242 0.469127 0.085613
v 0.625273 -0.769288 0.061584
v 0.980877 0.097545 -0.096608
v 0.286112 -0.952332 -0.028179
v 0.943183 0.288887 -0.092895
v 0.464620 -0.877675 -0.045761
v 0.869242 0.469127 -0.085613
v 0.625273 -0.769288 -0.061584
v 0.761897 0.631338 -0.075040
v 0.761897 -0.631338 -0.075040
v 0.625273 0.769288 -0.061584
v 0.869242 -0.469127 -0.085613
v 0.464620 0.877675 -0.045761
v 0.943183 -0.288887 -0.092895
v 0.286112 0.952332 -0.028179
v 0.980877 -0.097545 -0.096608
v 0.732618 -0.631338 -0.222237
v 0.601244 0.769288 -0.182385
v 0.835838 -0.469127 -0.253549
v 0.446765 0.877675 -0.135524
v 0.906937 -0.288887 -0.275116
v 0.275116 0.952332 -0.083456
v 0.943183 -0.097545 -0.286111
v 0.943183 0.097545 -0.286111
v 0.275116 -0.952332 -0.083456
v 0.906937 0.288887 -0.275116
v 0.446765 -0.877675 -0.135524
v 0.835838 0.469127 -0.253549
v 0.601244 -0.769288 -0.182385
v 0.732618 0.631338 -0.222237
v 0.869242 0.097545 -0.464620
v 0.253549 -0.952332 -0.135525
v 0.835838 0.288887 -0.446765
v 0.411741 -0.877675 -0.220080
v 0.770313 0.469127 -0.411741
v 0.554110 -0.769288 -0.296178
v 0.675185 0.631338 -0.360894
v 0.675185 -0.631338 -0.360894
v 0.554110 0.769288 -0.296178
v 0.770313 -0.469127 -0.411741
v 0.411741 0.877675 -0.220080
v 0.835838 -0.288887 -0.446765
v 0.253549 0.952332 -0.135525
v 0.869242 -0.097545 -0.464620
v 0.485681 0.769288 -0.398588
v 0.675185 -0.469127 -0.554110
v 0.360894 0.877675 -0.296178
v 0.732618 -0.288887 -0.601244
v 0.222237 0.952332 -0.182385
v 0.761897 -0.097545 -0.625273
v 0.761897 0.097545 -0.625273
v 0.222237 -0.952332 -0.182385
v 0.732618 0.288887 -0.601244
v 0.360894 -0.877675 -0.296178
v 0.675185 0.469127 -0.554110
v 0.485681 -0.769288 -0.398588
v 0.591804 0.631338 -0.485681
v 0.591804 -0.631338 -0.485681
v 0.601244 0.288887 -0.732618
v 0.296178 -0.877675 -0.360894
v 0.554110 0.469127 -0.675185
v 0.398588 -0.769288 -0.485681
v 0.485681 0.631338 -0.591804
v 0.485681 -0.631338 -0.591804
v 0.398588 0.769288 -0.485681
v 0.554110 -0.469127 -0.675185
v 0.296178 0.877675 -0.360894
v 0.601244 -0.288887 -0.732618
v 0.182385 0.952332 -0.222237
v 0.625273 -0.097545 -0.761897
v 0.625273 0.097545 -0.761897
v 0.182385 -0.952332 -0.222237
v 0.220080 0.877675 -0.411741
v 0.446765 -0.288887 -0.835838
v 0.135525 0.952332 -0.253549
v 0.464620 -0.097545 -0.869242
v 0.464620 0.097545 -0.869242
v 0.135525 -0.952332 -0.253549
v 0.446765 0.288887 -0.835838
v 0.220080 -0.877675 -0.411741
v 0.411741 0.469127 -0.770313
v 0.296178 -0.769288 -0.554110
v 0.360894 0.631338 -0.675185
v 0.360894 -0.631338 -0.675185
v 0.296178 0.769288 -0.554110
v 0.411741 -0.469127 -0.770313
v 0.135525 -0.877675 -0.446765
v 0.253549 0.469127 -0.835838
v 0.182385 -0.769288 -0.601244
v 0.222237 0.631338 -0.732618
v 0.222237 -0.631338 -0.732618
v 0.182385 0.769288 -0.601244
v 0.253549 -0.469127 -0.835838
v 0.135525 0.877675 -0.446765
v 0.275116 -0.288887 -0.906937
v 0.083456 0.952332 -0.275116
v 0.286111 -0.097545 -0.943183
v 0.286111 0.097545 -0.943183
v 0.083456 -0.952332 -0.275116
v 0.275116 0.288887 -0.906937
v 0.096608 0.097545 -0.980877
v 0.028180 -0.952332 -0.286111
v 0.092895 0.288887 -0.943183
v 0.045761 -0.877675 -0.464620
v 0.085613 0.469127 -0.869242
v 0.061584 -0.769288 -0.625273
v 0.075040 0.631338 -0.761897
v 0.075040 -0.631338 -0.761897
v 0.061584 0.769288 -0.625273
v 0.085613 -0.469127 -0.869242
v 0.045761 0.877675 -0.464620
v 0.092896 -0.288887 -0.943183
v 0.028180 0.952332 -0.286111
v 0.096608 -0.097545 -0.980877
vt 0.750000 0.937500
vt 0.742188 0.968750
vt 0.734375 0.937500
vt 0.734375 0.000000
vt 0.742187 0.031250
vt 0.726562 0.031250
vt 0.734375 0.500000
vt 0.718750 0.468750
vt 0.734375 0.468750
vt 0.734375 0.906250
vt 0.718750 0.937500
vt 0.718750 0.906250
vt 0.734375 0.437500
vt 0.718750 0.406250
vt 0.734375 0.406250
vt 0.734375 0.843750
vt 0.718750 0.875000
vt 0.718750 0.843750
vt 0.734375 0.375000
vt 0.718750 0.343750
vt 0.734375 0.343750
vt 0.734375 0.781250
vt 0.718750 0.812500
vt 0.718750 0.781250
vt 0.734375 0.312500
vt 0.718750 0.281250
vt 0.734375 0.281250
vt 0.734375 0.718750
vt 0.718750 0.750000
vt 0.718750 0.718750
vt 0.734375 0.250000
vt 0.718750 0.218750
vt 0.734375 0.218750
vt 0.734375 0.656250
vt 0.718750 0.687500
vt 0.718750 0.656250
vt 0.734375 0.187500
vt 0.718750 0.156250
vt 0.734375 0.156250
vt 0.734375 0.593750
vt 0.718750 0.625000
vt 0.718750 0.593750
vt 0.734375 0.125000
vt 0.718750 0.093750
vt 0.734375 0.093750
vt 0.734375 0.531250
vt 0.718750 0.562500
vt 0.718750 0.531250
vt 0.703125 0.593750
vt 0.687500 0.625000
vt 0.687500 0.593750
vt 0.703125 0.125000
vt 0.687500 0.093750
vt 0.703125 0.093750
vt 0.703125 0.531250
vt 0.687500 0.562500
vt 0.687500 0.531250
vt 0.710938 0.968750
vt 0.703125 0.937500
vt 0.703125 0.000000
vt 0.710938 0.031250
vt 0.695312 0.031250
vt 0.703125 0.500000
vt 0.687500 0.468750
vt 0.703125 0.468750
vt 0.703125 0.906250
vt 0.687500 0.937500
vt 0.687500 0.906250
vt 0.703125 0.437500
vt 0.687500 0.406250
vt 0.703125 0.406250
vt 0.703125 0.843750
vt 0.687500 0.875000
vt 0.687500 0.843750
vt 0.703125 0.375000
vt 0.687500 0.343750
vt 0.703125 0.343750
vt 0.703125 0.781250
vt 0.687500 0.812500
vt 0.687500 0.781250
vt 0.703125 0.312500
vt 0.687500 0.281250
vt 0.703125 0.281250
vt 0.703125 0.718750
vt 0.687500 0.750000
vt 0.687500 0.718750
vt 0.703125 0.250000
vt 0.687500 0.218750
vt 0.703125 0.218750
vt 0.703125 0.656250
vt 0.687500 0.687500
vt 0.687500 0.656250
vt 0.703125 0.187500
vt 0.687500 0.156250
vt 0.703125 0.156250
vt 0.671875 0.375000
vt 0.656250 0.343750
vt 0.671875 0.343750
vt 0.671875 0.781250
vt 0.656250 0.812500
vt 0.656250 0.781250
vt 0.671875 0.312500
vt 0.656250 0.281250
vt 0.671875 0.281250
vt 0.671875 0.718750
vt 0.656250 0.750000
vt 0.656250 0.718750
vt 0.671875 0.250000
vt 0.656250 0.218750
vt 0.671875 0.218750
vt 0.671875 0.656250
vt 0.656250 0.687500
vt 0.656250 0.656250
vt 0.671875 0.187500
vt 0.656250 0.156250
vt 0.671875 0.156250
vt 0.671875 0.593750
vt 0.656250 0.625000
vt 0.656250 0.593750
vt 0.671875 0.125000
vt 0.656250 0.093750
vt 0.671875 0.093750
vt 0.671875 0.531250
vt 0.656250 0.562500
vt 0.656250 0.531250
vt 0.679688 0.968750
vt 0.671875 0.937500
vt 0.671875 0.000000
vt 0.679688 0.031250
vt 0.664062 0.031250
vt 0.671875 0.500000
vt 0.656250 0.468750
vt 0.671875 0.468750
vt 0.671875 0.906250
vt 0.656250 0.937500
vt 0.656250 0.906250
vt 0.671875 0.437500
vt 0.656250 0.406250
vt 0.671875 0.406250
vt 0.671875 0.843750
vt 0.656250 0.875000
vt 0.656250 0.843750
vt 0.640625 0.125000
vt 0.625000 0.093750
vt 0.640625 0.093750
vt 0.640625 0.531250
vt 0.625000 0.562500
vt 0.625000 0.531250
vt 0.648438 0.968750
vt 0.640625 0.937500
vt 0.640625 0.000000
vt 0.648438 0.031250
vt 0.632812 0.031250
vt 0.640625 0.500000
vt 0.625000 0.468750
vt 0.640625 0.468750
vt 0.640625 0.906250
vt 0.625000 0.937500
vt 0.625000 0.906250
vt 0.640625 0.437500
vt 0.625000 0.406250
vt 0.640625 0.406250
vt 0.640625 0.843750
vt 0.625000 0.875000
vt 0.625000 0.843750
vt 0.640625 0.375000
vt 0.625000 0.343750
vt 0.640625 0.343750
vt 0.640625 0.781250
vt 0.625000 0.812500
vt 0.625000 0.781250
vt 0.640625 0.312500
vt 0.625000 0.281250
vt 0.640625 0.281250
vt 0.640625 0.718750
vt 0.625000 0.750000
vt 0.625000 0.718750
vt 0.640625 0.250000
vt 0.625000 0.218750
vt 0.640625 0.218750
vt 0.640625 0.656250
vt 0.625000 0.687500
vt 0.625000 0.656250
vt 0.640625 0.187500
vt 0.625000 0.156250
vt 0.640625 0.156250
vt 0.640625 0.593750
vt 0.625000 0.625000
vt 0.625000 0.593750
vt 0.609375 0.312500
vt 0.593750 0.281250
vt 0.609375 0.281250
vt 0.609375 0.718750
vt 0.593750 0.750000
vt 0.593750 0.718750
vt 0.609375 0.250000
vt 0.593750 0.218750
vt 0.609375 0.218750
vt 0.609375 0.656250
vt 0.593750 0.687500
vt 0.593750 0.656250
vt 0.609375 0.187500
vt 0.593750 0.156250
vt 0.609375 0.156250
vt 0.609375 0.593750
vt 0.593750 0.625000
vt 0.593750 0.593750
vt 0.609375 0.125000
vt 0.593750 0.093750
vt 0.609375 0.093750
vt 0.609375 0.531250
vt 0.593750 0.562500
vt 0.593750 0.531250
vt 0.617187 0.968750
vt 0.609375 0.937500
vt 0.609375 0.000000
vt 0.617187 0.031250
vt 0.601562 0.031250
vt 0.609375 0.500000
vt 0.593750 0.468750
vt 0.609375 0.468750
vt 0.609375 0.906250
vt 0.593750 0.937500
vt 0.593750 0.906250
vt 0.609375 0.437500
vt 0.593750 0.406250
vt 0.609375 0.406250
vt 0.609375 0.843750
vt 0.593750 0.875000
vt 0.593750 0.843750
vt 0.609375 0.375000
vt 0.593750 0.343750
vt 0.609375 0.343750
vt 0.609375 0.781250
vt 0.593750 0.812500
vt 0.593750 0.781250
vt 0.585937 0.968750
vt 0.578125 0.937500
vt 0.578125 0.000000
vt 0.585937 0.031250
vt 0.570312 0.031250
vt 0.578125 0.500000
vt 0.562500 0.468750
vt 0.578125 0.468750
vt 0.578125 0.906250
vt 0.562500 0.937500
vt 0.562500 0.906250
vt 0.578125 0.437500
vt 0.562500 0.406250
vt 0.578125 0.406250
vt 0.578125 0.843750
vt 0.562500 0.875000
vt 0.562500 0.843750
vt 0.578125 0.375000
vt 0.562500 0.343750
vt 0.578125 0.343750
vt 0.578125 0.781250
vt 0.562500 0.812500
vt 0.562500 0.781250
vt 0.578125 0.312500
vt 0.562500 0.281250
vt 0.578125 0.281250
vt 0.578125 0.718750
vt 0.562500 0.750000
vt 0.562500 0.718750
vt 0.578125 0.250000
vt 0.562500 0.218750
vt 0.578125 0.218750
vt 0.578125 0.656250
vt 0.562500 0.687500
vt 0.562500 0.656250
vt 0.578125 0.187500
vt 0.562500 0.156250
vt 0.578125 0.156250
vt 0.578125 0.593750
vt 0.562500 0.625000
vt 0.562500 0.593750
vt 0.578125 0.125000
vt 0.562500 0.093750
vt 0.578125 0.093750
vt 0.578125 0.531250
vt 0.562500 0.562500
vt 0.562500 0.531250
vt 0.546875 0.718750
vt 0.531250 0.750000
vt 0.531250 0.718750
vt 0.546875 0.250000
vt 0.531250 0.218750
vt 0.546875 0.218750
vt 0.546875 0.656250
vt 0.531250 0.687500
vt 0.531250 0.656250
vt 0.546875 0.187500
vt 0.531250 0.156250
vt 0.546875 0.156250
vt 0.546875 0.593750
vt 0.531250 0.625000
vt 0.531250 0.593750
vt 0.546875 0.125000
vt 0.531250 0.093750
vt 0.546875 0.093750
vt 0.546875 0.531250
vt 0.531250 0.562500
vt 0.531250 0.531250
vt 0.554687 0.968750
vt 0.546875 0.937500
vt 0.546875 0.000000
vt 0.554687 0.031250
vt 0.539062 0.031250
vt 0.546875 0.500000
vt 0.531250 0.468750
vt 0.546875 0.468750
vt 0.546875 0.906250
vt 0.531250 0.937500
vt 0.531250 0.906250
vt 0.546875 0.437500
vt 0.531250 0.406250
vt 0.546875 0.406250
vt 0.546875 0.843750
vt 0.531250 0.875000
vt 0.531250 0.843750
vt 0.546875 0.375000
vt 0.531250 0.343750
vt 0.546875 0.343750
vt 0.546875 0.781250
vt 0.531250 0.812500
vt 0.531250 0.781250
vt 0.546875 0.312500
vt 0.531250 0.281250
vt 0.546875 0.281250
vt 0.515625 0.500000
vt 0.500000 0.468750
vt 0.515625 0.468750
vt 0.515625 0.906250
vt 0.500000 0.937500
vt 0.500000 0.906250
vt 0.515625 0.437500
vt 0.500000 0.406250
vt 0.515625 0.406250
vt 0.515625 0.843750
vt 0.500000 0.875000
vt 0.500000 0.843750
vt 0.515625 0.375000
vt 0.500000 0.343750
vt 0.515625 0.343750
vt 0.515625 0.781250
vt 0.500000 0.812500
vt 0.500000 0.781250
vt 0.515625 0.312500
vt 0.500000 0.281250
vt 0.515625 0.281250
vt 0.515625 0.718750
vt 0.500000 0.750000
vt 0.500000 0.718750
vt 0.515625 0.250000
vt 0.500000 0.218750
vt 0.515625 0.218750
vt 0.515625 0.656250
vt 0.500000 0.687500
vt 0.500000 0.656250
vt 0.515625 0.187500
vt 0.500000 0.156250
vt 0.515625 0.156250
vt 0.515625 0.593750
vt 0.500000 0.625000
vt 0.500000 0.593750
vt 0.515625 0.125000
vt 0.500000 0.093750
vt 0.515625 0.093750
vt 0.515625 0.531250
vt 0.500000 0.562500
vt 0.500000 0.531250
vt 0.523437 0.968750
vt 0.515625 0.937500
vt 0.515625 0.000000
vt 0.523437 0.031250
vt 0.507812 0.031250
vt 0.484375 0.250000
vt 0.468750 0.218750
vt 0.484375 0.218750
vt 0.484375 0.656250
vt 0.468750 0.687500
vt 0.468750 0.656250
vt 0.484375 0.187500
vt 0.468750 0.156250
vt 0.484375 0.156250
vt 0.484375 0.593750
vt 0.468750 0.625000
vt 0.468750 0.593750
vt 0.484375 0.125000
vt 0.468750 0.093750
vt 0.484375 0.093750
vt 0.484375 0.531250
vt 0.468750 0.562500
vt 0.468750 0.531250
vt 0.492187 0.968750
vt 0.484375 0.937500
vt 0.484375 0.000000
vt 0.492187 0.031250
vt 0.476562 0.031250
vt 0.484375 0.500000
vt 0.468750 0.468750
vt 0.484375 0.468750
vt 0.484375 0.906250
vt 0.468750 0.937500
vt 0.468750 0.906250
vt 0.484375 0.437500
vt 0.468750 0.406250
vt 0.484375 0.406250
vt 0.484375 0.843750
vt 0.468750 0.875000
vt 0.468750 0.843750
vt 0.484375 0.375000
vt 0.468750 0.343750
vt 0.484375 0.343750
vt 0.484375 0.781250
vt 0.468750 0.812500
vt 0.468750 0.781250
vt 0.484375 0.312500
vt 0.468750 0.281250
vt 0.484375 0.281250
vt 0.484375 0.718750
vt 0.468750 0.750000
vt 0.468750 0.718750
vt 0.453125 0.906250
vt 0.437500 0.937500
vt 0.437500 0.906250
vt 0.453125 0.437500
vt 0.437500 0.406250
vt 0.453125 0.406250
vt 0.453125 0.843750
vt 0.437500 0.875000
vt 0.437500 0.843750
vt 0.453125 0.375000
vt 0.437500 0.343750
vt 0.453125 0.343750
vt 0.453125 0.781250
vt 0.437500 0.812500
vt 0.437500 0.781250
vt 0.453125 0.312500
vt 0.437500 0.281250
vt 0.453125 0.281250
vt 0.453125 0.718750
vt 0.437500 0.750000
vt 0.437500 0.718750
vt 0.453125 0.250000
vt 0.437500 0.218750
vt 0.453125 0.218750
vt 0.453125 0.656250
vt 0.437500 0.687500
vt 0.437500 0.656250
vt 0.453125 0.187500
vt 0.437500 0.156250
vt 0.453125 0.156250
vt 0.453125 0.593750
vt 0.437500 0.625000
vt 0.437500 0.593750
vt 0.453125 0.125000
vt 0.437500 0.093750
vt 0.453125 0.093750
vt 0.453125 0.531250
vt 0.437500 0.562500
vt 0.437500 0.531250
vt 0.460937 0.968750
vt 0.453125 0.937500
vt 0.453125 0.000000
vt 0.460937 0.031250
vt 0.445312 0.031250
vt 0.453125 0.500000
vt 0.437500 0.468750
vt 0.453125 0.468750
vt 0.421875 0.656250
vt 0.406250 0.687500
vt 0.406250 0.656250
vt 0.421875 0.187500
vt 0.406250 0.156250
vt 0.421875 0.156250
vt 0.421875 0.593750
vt 0.406250 0.625000
vt 0.406250 0.593750
vt 0.421875 0.125000
vt 0.406250 0.093750
vt 0.421875 0.093750
vt 0.421875 0.531250
vt 0.406250 0.562500
vt 0.406250 0.531250
vt 0.429687 0.968750
vt 0.421875 0.937500
vt 0.421875 0.000000
vt 0.429687 0.031250
vt 0.414062 0.031250
vt 0.421875 0.500000
vt 0.406250 0.468750
vt 0.421875 0.468750
vt 0.421875 0.906250
vt 0.406250 0.937500
vt 0.406250 0.906250
vt 0.421875 0.437500
vt 0.406250 0.406250
vt 0.421875 0.406250
vt 0.421875 0.843750
vt 0.406250 0.875000
vt 0.406250 0.843750
vt 0.421875 0.375000
vt 0.406250 0.343750
vt 0.421875 0.343750
vt 0.421875 0.781250
vt 0.406250 0.812500
vt 0.406250 0.781250
vt 0.421875 0.312500
vt 0.406250 0.281250
vt 0.421875 0.281250
vt 0.421875 0.718750
vt 0.406250 0.750000
vt 0.406250 0.718750
vt 0.421875 0.250000
vt 0.406250 0.218750
vt 0.421875 0.218750
vt 0.390625 0.437500
vt 0.375000 0.406250
vt 0.390625 0.406250
vt 0.390625 0.843750
vt 0.375000 0.875000
vt 0.375000 0.843750
vt 0.390625 0.375000
vt 0.375000 0.343750
vt 0.390625 0.343750
vt 0.390625 0.781250
vt 0.375000 0.812500
vt 0.375000 0.781250
vt 0.390625 0.312500
vt 0.375000 0.281250
vt 0.390625 0.281250
vt 0.390625 0.718750
vt 0.375000 0.750000
vt 0.375000 0.718750
vt 0.390625 0.250000
vt 0.375000 0.218750
vt 0.390625 0.218750
vt 0.390625 0.656250
vt 0.375000 0.687500
vt 0.375000 0.656250
vt 0.390625 0.187500
vt 0.375000 0.156250
vt 0.390625 0.156250
vt 0.390625 0.593750
vt 0.375000 0.625000
vt 0.375000 0.593750
vt 0.390625 0.125000
vt 0.375000 0.093750
vt 0.390625 0.093750
vt 0.390625 0.531250
vt 0.375000 0.562500
vt 0.375000 0.531250
vt 0.398437 0.968750
vt 0.390625 0.937500
vt 0.390625 0.000000
vt 0.398437 0.031250
vt 0.382812 0.031250
vt 0.390625 0.500000
vt 0.375000 0.468750
vt 0.390625 0.468750
vt 0.390625 0.906250
vt 0.375000 0.937500
vt 0.375000 0.906250
vt 0.359375 0.187500
vt 0.343750 0.156250
vt 0.359375 0.156250
vt 0.359375 0.593750
vt 0.343750 0.625000
vt 0.343750 0.593750
vt 0.359375 0.125000
vt 0.343750 0.093750
vt 0.359375 0.093750
vt 0.359375 0.531250
vt 0.343750 0.562500
vt 0.343750 0.531250
vt 0.367187 0.968750
vt 0.359375 0.937500
vt 0.359375 0.000000
vt 0.367187 0.031250
vt 0.351562 0.031250
vt 0.359375 0.500000
vt 0.343750 0.468750
vt 0.359375 0.468750
vt 0.359375 0.906250
vt 0.343750 0.937500
vt 0.343750 0.906250
vt 0.359375 0.437500
vt 0.343750 0.406250
vt 0.359375 0.406250
vt 0.359375 0.843750
vt 0.343750 0.875000
vt 0.343750 0.843750
vt 0.359375 0.375000
vt 0.343750 0.343750
vt 0.359375 0.343750
vt 0.359375 0.781250
vt 0.343750 0.812500
vt 0.343750 0.781250
vt 0.359375 0.312500
vt 0.343750 0.281250
vt 0.359375 0.281250
vt 0.359375 0.718750
vt 0.343750 0.750000
vt 0.343750 0.718750
vt 0.359375 0.250000
vt 0.343750 0.218750
vt 0.359375 0.218750
vt 0.359375 0.656250
vt 0.343750 0.687500
vt 0.343750 0.656250
vt 0.328125 0.375000
vt 0.312500 0.343750
vt 0.328125 0.343750
vt 0.328125 0.781250
vt 0.312500 0.812500
vt 0.312500 0.781250
vt 0.328125 0.312500
vt 0.312500 0.281250
vt 0.328125 0.281250
vt 0.328125 0.718750
vt 0.312500 0.750000
vt 0.312500 0.718750
vt 0.328125 0.250000
vt 0.312500 0.218750
vt 0.328125 0.218750
vt 0.328125 0.656250
vt 0.312500 0.687500
vt 0.312500 0.656250
vt 0.328125 0.187500
vt 0.312500 0.156250
vt 0.328125 0.156250
vt 0.328125 0.593750
vt 0.312500 0.625000
vt 0.312500 0.593750
vt 0.328125 0.125000
vt 0.312500 0.093750
vt 0.328125 0.093750
vt 0.328125 0.531250
vt 0.312500 0.562500
vt 0.312500 0.531250
vt 0.335937 0.968750
vt 0.328125 0.937500
vt 0.328125 0.000000
vt 0.335937 0.031250
vt 0.320312 0.031250
vt 0.328125 0.500000
vt 0.312500 0.468750
vt 0.328125 0.468750
vt 0.328125 0.906250
vt 0.312500 0.937500
vt 0.312500 0.906250
vt 0.328125 0.437500
vt 0.312500 0.406250
vt 0.328125 0.406250
vt 0.328125 0.843750
vt 0.312500 0.875000
vt 0.312500 0.843750
vt 0.296875 0.125000
vt 0.281250 0.093750
vt 0.296875 0.093750
vt 0.296875 0.531250
vt 0.281250 0.562500
vt 0.281250 0.531250
vt 0.304687 0.968750
vt 0.296875 0.937500
vt 0.296875 0.000000
vt 0.304688 0.031250
vt 0.289062 0.031250
vt 0.296875 0.500000
vt 0.281250 0.468750
vt 0.296875 0.468750
vt 0.296875 0.906250
vt 0.281250 0.937500
vt 0.281250 0.906250
vt 0.296875 0.437500
vt 0.281250 0.406250
vt 0.296875 0.406250
vt 0.296875 0.843750
vt 0.281250 0.875000
vt 0.281250 0.843750
vt 0.296875 0.375000
vt 0.281250 0.343750
vt 0.296875 0.343750
vt 0.296875 0.781250
vt 0.281250 0.812500
vt 0.281250 0.781250
vt 0.296875 0.312500
vt 0.281250 0.281250
vt 0.296875 0.281250
vt 0.296875 0.718750
vt 0.281250 0.750000
vt 0.281250 0.718750
vt 0.296875 0.250000
vt 0.281250 0.218750
vt 0.296875 0.218750
vt 0.296875 0.656250
vt 0.281250 0.687500
vt 0.281250 0.656250
vt 0.296875 0.187500
vt 0.281250 0.156250
vt 0.296875 0.156250
vt 0.296875 0.593750
vt 0.281250 0.625000
vt 0.281250 0.593750
vt 0.265625 0.781250
vt 0.250000 0.812500
vt 0.250000 0.781250
vt 0.265625 0.312500
vt 0.250000 0.281250
vt 0.265625 0.281250
vt 0.265625 0.718750
vt 0.250000 0.750000
vt 0.250000 0.718750
vt 0.265625 0.250000
vt 0.250000 0.218750
vt 0.265625 0.218750
vt 0.265625 0.656250
vt 0.250000 0.687500
vt 0.250000 0.656250
vt 0.265625 0.187500
vt 0.250000 0.156250
vt 0.265625 0.156250
vt 0.265625 0.593750
vt 0.250000 0.625000
vt 0.250000 0.593750
vt 0.265625 0.125000
vt 0.250000 0.093750
vt 0.265625 0.093750
vt 0.265625 0.531250
vt 0.250000 0.562500
vt 0.250000 0.531250
vt 0.273438 0.968750
vt 0.265625 0.937500
vt 0.265625 0.000000
vt 0.273438 0.031250
vt 0.257812 0.031250
vt 0.265625 0.500000
vt 0.250000 0.468750
vt 0.265625 0.468750
vt 0.265625 0.906250
vt 0.250000 0.937500
vt 0.250000 0.906250
vt 0.265625 0.437500
vt 0.250000 0.406250
vt 0.265625 0.406250
vt 0.265625 0.843750
vt 0.250000 0.875000
vt 0.250000 0.843750
vt 0.265625 0.375000
vt 0.250000 0.343750
vt 0.265625 0.343750
vt 0.234375 0.531250
vt 0.218750 0.562500
vt 0.218750 0.531250
vt 0.242188 0.968750
vt 0.234375 0.937500
vt 0.234375 0.000000
vt 0.242188 0.031250
vt 0.226563 0.031250
vt 0.234375 0.500000
vt 0.218750 0.468750
vt 0.234375 0.468750
vt 0.234375 0.906250
vt 0.218750 0.937500
vt 0.218750 0.906250
vt 0.234375 0.437500
vt 0.218750 0.406250
vt 0.234375 0.406250
vt 0.234375 0.843750
vt 0.218750 0.875000
vt 0.218750 0.843750
vt 0.234375 0.375000
vt 0.218750 0.343750
vt 0.234375 0.343750
vt 0.234375 0.781250
vt 0.218750 0.812500
vt 0.218750 0.781250
vt 0.234375 0.312500
vt 0.218750 0.281250
vt 0.234375 0.281250
vt 0.234375 0.718750
vt 0.218750 0.750000
vt 0.218750 0.718750
vt 0.234375 0.250000
vt 0.218750 0.218750
vt 0.234375 0.218750
vt 0.234375 0.656250
vt 0.218750 0.687500
vt 0.218750 0.656250
vt 0.234375 0.187500
vt 0.218750 0.156250
vt 0.234375 0.156250
vt 0.234375 0.593750
vt 0.218750 0.625000
vt 0.218750 0.593750
vt 0.234375 0.125000
vt 0.218750 0.093750
vt 0.234375 0.093750
vt 0.203125 0.312500
vt 0.187500 0.281250
vt 0.203125 0.281250
vt 0.203125 0.718750
vt 0.187500 0.750000
vt 0.187500 0.718750
vt 0.203125 0.250000
vt 0.187500 0.218750
vt 0.203125 0.218750
vt 0.203125 0.656250
vt 0.187500 0.687500
vt 0.187500 0.656250
vt 0.203125 0.187500
vt 0.187500 0.156250
vt 0.203125 0.156250
vt 0.203125 0.593750
vt 0.187500 0.625000
vt 0.187500 0.593750
vt 0.203125 0.125000
vt 0.187500 0.093750
vt 0.203125 0.093750
vt 0.203125 0.531250
vt 0.187500 0.562500
vt 0.187500 0.531250
vt 0.210938 0.968750
vt 0.203125 0.937500
vt 0.203125 0.000000
vt 0.210938 0.031250
vt 0.195313 0.031250
vt 0.203125 0.500000
vt 0.187500 0.468750
vt 0.203125 0.468750
vt 0.203125 0.906250
vt 0.187500 0.937500
vt 0.187500 0.906250
vt 0.203125 0.437500
vt 0.187500 0.406250
vt 0.203125 0.406250
vt 0.203125 0.843750
vt 0.187500 0.875000
vt 0.187500 0.843750
vt 0.203125 0.375000
vt 0.187500 0.343750
vt 0.203125 0.343750
vt 0.203125 0.781250
vt 0.187500 0.812500
vt 0.187500 0.781250
vt 0.179688 0.968750
vt 0.171875 0.937500
vt 0.171875 0.000000
vt 0.179688 0.031250
vt 0.164063 0.031250
vt 0.171875 0.500000
vt 0.156250 0.468750
vt 0.171875 0.468750
vt 0.171875 0.906250
vt 0.156250 0.937500
vt 0.156250 0.906250
vt 0.171875 0.437500
vt 0.156250 0.406250
vt 0.171875 0.406250
vt 0.171875 0.843750
vt 0.156250 0.875000
vt 0.156250 0.843750
vt 0.171875 0.375000
vt 0.156250 0.343750
vt 0.171875 0.343750
vt 0.171875 0.781250
vt 0.156250 0.812500
vt 0.156250 0.781250
vt 0.171875 0.312500
vt 0.156250 0.281250
vt 0.171875 0.281250
vt 0.171875 0.718750
vt 0.156250 0.750000
vt 0.156250 0.718750
vt 0.171875 0.250000
vt 0.156250 0.218750
vt 0.171875 0.218750
vt 0.171875 0.656250
vt 0.156250 0.687500
vt 0.156250 0.656250
vt 0.171875 0.187500
vt 0.156250 0.156250
vt 0.171875 0.156250
vt 0.171875 0.593750
vt 0.156250 0.625000
vt 0.156250 0.593750
vt 0.171875 0.125000
vt 0.156250 0.093750
vt 0.171875 0.093750
vt 0.171875 0.531250
vt 0.156250 0.562500
vt 0.156250 0.531250
vt 0.140625 0.718750
vt 0.125000 0.750000
vt 0.125000 0.718750
vt 0.140625 0.250000
vt 0.125000 0.218750
vt 0.140625 0.218750
vt 0.140625 0.656250
vt 0.125000 0.687500
vt 0.125000 0.656250
vt 0.140625 0.187500
vt 0.125000 0.156250
vt 0.140625 0.156250
vt 0.140625 0.593750
vt 0.125000 0.625000
vt 0.125000 0.593750
vt 0.140625 0.125000
vt 0.125000 0.093750
vt 0.140625 0.093750
vt 0.140625 0.531250
vt 0.125000 0.562500
vt 0.125000 0.531250
vt 0.148438 0.968750
vt 0.140625 0.937500
vt 0.140625 0.000000
vt 0.148438 0.031250
vt 0.132813 0.031250
vt 0.140625 0.500000
vt 0.125000 0.468750
vt 0.140625 0.468750
vt 0.140625 0.906250
vt 0.125000 0.937500
vt 0.125000 0.906250
vt 0.140625 0.437500
vt 0.125000 0.406250
vt 0.140625 0.406250
vt 0.140625 0.843750
vt 0.125000 0.875000
vt 0.125000 0.843750
vt 0.140625 0.375000
vt 0.125000 0.343750
vt 0.140625 0.343750
vt 0.140625 0.781250
vt 0.125000 0.812500
vt 0.125000 0.781250
vt 0.140625 0.312500
vt 0.125000 0.281250
vt 0.140625 0.281250
vt 0.109375 0.500000
vt 0.093750 0.468750
vt 0.109375 0.468750
vt 0.109375 0.906250
vt 0.093750 0.937500
vt 0.093750 0.906250
vt 0.109375 0.437500
vt 0.093750 0.406250
vt 0.109375 0.406250
vt 0.109375 0.843750
vt 0.093750 0.875000
vt 0.093750 0.843750
vt 0.109375 0.375000
vt 0.093750 0.343750
vt 0.109375 0.343750
vt 0.109375 0.781250
vt 0.093750 0.812500
vt 0.093750 0.781250
vt 0.109375 0.312500
vt 0.093750 0.281250
vt 0.109375 0.281250
vt 0.109375 0.718750
vt 0.093750 0.750000
vt 0.093750 0.718750
vt 0.109375 0.250000
vt 0.093750 0.218750
vt 0.109375 0.218750
vt 0.109375 0.656250
vt 0.093750 0.687500
vt 0.093750 0.656250
vt 0.109375 0.187500
vt 0.093750 0.156250
vt 0.109375 0.156250
vt 0.109375 0.593750
vt 0.093750 0.625000
vt 0.093750 0.593750
vt 0.109375 0.125000
vt 0.093750 0.093750
vt 0.109375 0.093750
vt 0.109375 0.531250
vt 0.093750 0.562500
vt 0.093750 0.531250
vt 0.117188 0.968750
vt 0.109375 0.937500
vt 0.109375 0.000000
vt 0.117188 0.031250
vt 0.101563 0.031250
vt 0.078125 0.250000
vt 0.062500 0.218750
vt 0.078125 0.218750
vt 0.078125 0.656250
vt 0.062500 0.687500
vt 0.062500 0.656250
vt 0.078125 0.187500
vt 0.062500 0.156250
vt 0.078125 0.156250
vt 0.078125 0.593750
vt 0.062500 0.625000
vt 0.062500 0.593750
vt 0.078125 0.125000
vt 0.062500 0.093750
vt 0.078125 0.093750
vt 0.078125 0.531250
vt 0.062500 0.562500
vt 0.062500 0.531250
vt 0.085938 0.968750
vt 0.078125 0.937500
vt 0.078125 0.000000
vt 0.085938 0.031250
vt 0.070313 0.031250
vt 0.078125 0.500000
vt 0.062500 0.468750
vt 0.078125 0.468750
vt 0.078125 0.906250
vt 0.062500 0.937500
vt 0.062500 0.906250
vt 0.078125 0.437500
vt 0.062500 0.406250
vt 0.078125 0.406250
vt 0.078125 0.843750
vt 0.062500 0.875000
vt 0.062500 0.843750
vt 0.078125 0.375000
vt 0.062500 0.343750
vt 0.078125 0.343750
vt 0.078125 0.781250
vt 0.062500 0.812500
vt 0.062500 0.781250
vt 0.078125 0.312500
vt 0.062500 0.281250
vt 0.078125 0.281250
vt 0.078125 0.718750
vt 0.062500 0.750000
vt 0.062500 0.718750
vt 0.046875 0.437500
vt 0.031250 0.406250
vt 0.046875 0.406250
vt 0.046875 0.843750
vt 0.031250 0.875000
vt 0.031250 0.843750
vt 0.046875 0.375000
vt 0.031250 0.343750
vt 0.046875 0.343750
vt 0.046875 0.781250
vt 0.031250 0.812500
vt 0.031250 0.781250
vt 0.046875 0.312500
vt 0.031250 0.281250
vt 0.046875 0.281250
vt 0.046875 0.718750
vt 0.031250 0.750000
vt 0.031250 0.718750
vt 0.046875 0.250000
vt 0.031250 0.218750
vt 0.046875 0.218750
vt 0.046875 0.656250
vt 0.031250 0.687500
vt 0.031250 0.656250
vt 0.046875 0.187500
vt 0.031250 0.156250
vt 0.046875 0.156250
vt 0.046875 0.593750
vt 0.031250 0.625000
vt 0.031250 0.593750
vt 0.046875 0.125000
vt 0.031250 0.093750
vt 0.046875 0.093750
vt 0.046875 0.531250
vt 0.031250 0.562500
vt 0.031250 0.531250
vt 0.054688 0.968750
vt 0.046875 0.937500
vt 0.046875 0.000000
vt 0.054688 0.031250
vt 0.039063 0.031250
vt 0.046875 0.500000
vt 0.031250 0.468750
vt 0.046875 0.468750
vt 0.046875 0.906250
vt 0.031250 0.937500
vt 0.031250 0.906250
vt 0.015625 0.187500
vt 0.000000 0.156250
vt 0.015625 0.156250
vt 0.015625 0.593750
vt 0.000000 0.625000
vt 0.000000 0.593750
vt 0.015625 0.125000
vt 0.000000 0.093750
vt 0.015625 0.093750
vt 0.015625 0.531250
vt 0.000000 0.562500
vt 0.000000 0.531250
vt 0.023438 0.968750
vt 0.015625 0.937500
vt 0.015625 0.000000
vt 0.023438 0.031250
vt 0.007813 0.031250
vt 0.015625 0.500000
vt 0.000000 0.468750
vt 0.015625 0.468750
vt 0.015625 0.906250
vt 0.000000 0.937500
vt 0.000000 0.906250
vt 0.015625 0.437500
vt 0.000000 0.406250
vt 0.015625 0.406250
vt 0.015625 0.843750
vt 0.000000 0.875000
vt 0.000000 0.843750
vt 0.015625 0.375000
vt 0.000000 0.343750
vt 0.015625 0.343750
vt 0.015625 0.781250
vt 0.000000 0.812500
vt 0.000000 0.781250
vt 0.015625 0.312500
vt 0.000000 0.281250
vt 0.015625 0.281250
vt 0.015625 0.718750
vt 0.000000 0.750000
vt 0.000000 0.718750
vt 0.015625 0.250000
vt 0.000000 0.218750
vt 0.015625 0.218750
vt 0.015625 0.656250
vt 0.000000 0.687500
vt 0.000000 0.656250
vt 0.984375 0.843750
vt 0.968750 0.875000
vt 0.968750 0.843750
vt 0.984375 0.375000
vt 0.968750 0.343750
vt 0.984375 0.343750
vt 0.984375 0.781250
vt 0.968750 0.812500
vt 0.968750 0.781250
vt 0.984375 0.312500
vt 0.968750 0.281250
vt 0.984375 0.281250
vt 0.984375 0.718750
vt 0.968750 0.750000
vt 0.968750 0.718750
vt 0.984375 0.250000
vt 0.968750 0.218750
vt 0.984375 0.218750
vt 0.984375 0.656250
vt 0.968750 0.687500
vt 0.968750 0.656250
vt 0.984375 0.187500
vt 0.968750 0.156250
vt 0.984375 0.156250
vt 0.984375 0.593750
vt 0.968750 0.625000
vt 0.968750 0.593750
vt 0.984375 0.125000
vt 0.968750 0.093750
vt 0.984375 0.093750
vt 0.984375 0.531250
vt 0.968750 0.562500
vt 0.968750 0.531250
vt 1.000000 0.937500
vt 0.992188 0.968750
vt 0.984375 0.937500
vt 0.984375 0.000000
vt 0.992188 0.031250
vt 0.976562 0.031250
vt 0.984375 0.500000
vt 0.968750 0.468750
vt 0.984375 0.468750
vt 0.984375 0.906250
vt 0.968750 0.937500
vt 0.968750 0.906250
vt 0.984375 0.437500
vt 0.968750 0.406250
vt 0.984375 0.406250
vt 0.953125 0.593750
vt 0.937500 0.625000
vt 0.937500 0.593750
vt 0.953125 0.125000
vt 0.937500 0.093750
vt 0.953125 0.093750
vt 0.953125 0.531250
vt 0.937500 0.562500
vt 0.937500 0.531250
vt 0.960938 0.968750
vt 0.953125 0.937500
vt 0.953125 0.000000
vt 0.960938 0.031250
vt 0.945312 0.031250
vt 0.953125 0.500000
vt 0.937500 0.468750
vt 0.953125 0.468750
vt 0.953125 0.906250
vt 0.937500 0.937500
vt 0.937500 0.906250
vt 0.953125 0.437500
vt 0.937500 0.406250
vt 0.953125 0.406250
vt 0.953125 0.843750
vt 0.937500 0.875000
vt 0.937500 0.843750
vt 0.953125 0.375000
vt 0.937500 0.343750
vt 0.953125 0.343750
vt 0.953125 0.781250
vt 0.937500 0.812500
vt 0.937500 0.781250
vt 0.953125 0.312500
vt 0.937500 0.281250
vt 0.953125 0.281250
vt 0.953125 0.718750
vt 0.937500 0.750000
vt 0.937500 0.718750
vt 0.953125 0.250000
vt 0.937500 0.218750
vt 0.953125 0.218750
vt 0.953125 0.656250
vt 0.937500 0.687500
vt 0.937500 0.656250
vt 0.953125 0.187500
vt 0.937500 0.156250
vt 0.953125 0.156250
vt 0.921875 0.375000
vt 0.906250 0.343750
vt 0.921875 0.343750
vt 0.921875 0.781250
vt 0.906250 0.812500
vt 0.906250 0.781250
vt 0.921875 0.312500
vt 0.906250 0.281250
vt 0.921875 0.281250
vt 0.921875 0.718750
vt 0.906250 0.750000
vt 0.906250 0.718750
vt 0.921875 0.250000
vt 0.906250 0.218750
vt 0.921875 0.218750
vt 0.921875 0.656250
vt 0.906250 0.687500
vt 0.906250 0.656250
vt 0.921875 0.187500
vt 0.906250 0.156250
vt 0.921875 0.156250
vt 0.921875 0.593750
vt 0.906250 0.625000
vt 0.906250 0.593750
vt 0.921875 0.125000
vt 0.906250 0.093750
vt 0.921875 0.093750
vt 0.921875 0.531250
vt 0.906250 0.562500
vt 0.906250 0.531250
vt 0.929688 0.968750
vt 0.921875 0.937500
vt 0.921875 0.000000
vt 0.929688 0.031250
vt 0.914062 0.031250
vt 0.921875 0.500000
vt 0.906250 0.468750
vt 0.921875 0.468750
vt 0.921875 0.906250
vt 0.906250 0.937500
vt 0.906250 0.906250
vt 0.921875 0.437500
vt 0.906250 0.406250
vt 0.921875 0.406250
vt 0.921875 0.843750
vt 0.906250 0.875000
vt 0.906250 0.843750
vt 0.890625 0.125000
vt 0.875000 0.093750
vt 0.890625 0.093750
vt 0.890625 0.531250
vt 0.875000 0.562500
vt 0.875000 0.531250
vt 0.898438 0.968750
vt 0.890625 0.937500
vt 0.890625 0.000000
vt 0.898438 0.031250
vt 0.882812 0.031250
vt 0.890625 0.500000
vt 0.875000 0.468750
vt 0.890625 0.468750
vt 0.890625 0.906250
vt 0.875000 0.937500
vt 0.875000 0.906250
vt 0.890625 0.437500
vt 0.875000 0.406250
vt 0.890625 0.406250
vt 0.890625 0.843750
vt 0.875000 0.875000
vt 0.875000 0.843750
vt 0.890625 0.375000
vt 0.875000 0.343750
vt 0.890625 0.343750
vt 0.890625 0.781250
vt 0.875000 0.812500
vt 0.875000 0.781250
vt 0.890625 0.312500
vt 0.875000 0.281250
vt 0.890625 0.281250
vt 0.890625 0.718750
vt 0.875000 0.750000
vt 0.875000 0.718750
vt 0.890625 0.250000
vt 0.875000 0.218750
vt 0.890625 0.218750
vt 0.890625 0.656250
vt 0.875000 0.687500
vt 0.875000 0.656250
vt 0.890625 0.187500
vt 0.875000 0.156250
vt 0.890625 0.156250
vt 0.890625 0.593750
vt 0.875000 0.625000
vt 0.875000 0.593750
vt 0.859375 0.781250
vt 0.843750 0.812500
vt 0.843750 0.781250
vt 0.859375 0.312500
vt 0.843750 0.281250
vt 0.859375 0.281250
vt 0.859375 0.718750
vt 0.843750 0.750000
vt 0.843750 0.718750
vt 0.859375 0.250000
vt 0.843750 0.218750
vt 0.859375 0.218750
vt 0.859375 0.656250
vt 0.843750 0.687500
vt 0.843750 0.656250
vt 0.859375 0.187500
vt 0.843750 0.156250
vt 0.859375 0.156250
vt 0.859375 0.593750
vt 0.843750 0.625000
vt 0.843750 0.593750
vt 0.859375 0.125000
vt 0.843750 0.093750
vt 0.859375 0.093750
vt 0.859375 0.531250
vt 0.843750 0.562500
vt 0.843750 0.531250
vt 0.867188 0.968750
vt 0.859375 0.937500
vt 0.859375 0.000000
vt 0.867188 0.031250
vt 0.851562 0.031250
vt 0.859375 0.500000
vt 0.843750 0.468750
vt 0.859375 0.468750
vt 0.859375 0.906250
vt 0.843750 0.937500
vt 0.843750 0.906250
vt 0.859375 0.437500
vt 0.843750 0.406250
vt 0.859375 0.406250
vt 0.859375 0.843750
vt 0.843750 0.875000
vt 0.843750 0.843750
vt 0.859375 0.375000
vt 0.843750 0.343750
vt 0.859375 0.343750
vt 0.828125 0.531250
vt 0.812500 0.562500
vt 0.812500 0.531250
vt 0.835938 0.968750
vt 0.828125 0.937500
vt 0.828125 0.000000
vt 0.835938 0.031250
vt 0.820312 0.031250
vt 0.828125 0.500000
vt 0.812500 0.468750
vt 0.828125 0.468750
vt 0.828125 0.906250
vt 0.812500 0.937500
vt 0.812500 0.906250
vt 0.828125 0.437500
vt 0.812500 0.406250
vt 0.828125 0.406250
vt 0.828125 0.843750
vt 0.812500 0.875000
vt 0.812500 0.843750
vt 0.828125 0.375000
vt 0.812500 0.343750
vt 0.828125 0.343750
vt 0.828125 0.781250
vt 0.812500 0.812500
vt 0.812500 0.781250
vt 0.828125 0.312500
vt 0.812500 0.281250
vt 0.828125 0.281250
vt 0.828125 0.718750
vt 0.812500 0.750000
vt 0.812500 0.718750
vt 0.828125 0.250000
vt 0.812500 0.218750
vt 0.828125 0.218750
vt 0.828125 0.656250
vt 0.812500 0.687500
vt 0.812500 0.656250
vt 0.828125 0.187500
vt 0.812500 0.156250
vt 0.828125 0.156250
vt 0.828125 0.593750
vt 0.812500 0.625000
vt 0.812500 0.593750
vt 0.828125 0.125000
vt 0.812500 0.093750
vt 0.828125 0.093750
vt 0.796875 0.312500
vt 0.781250 0.281250
vt 0.796875 0.281250
vt 0.796875 0.718750
vt 0.781250 0.750000
vt 0.781250 0.718750
vt 0.796875 0.250000
vt 0.781250 0.218750
vt 0.796875 0.218750
vt 0.796875 0.656250
vt 0.781250 0.687500
vt 0.781250 0.656250
vt 0.796875 0.187500
vt 0.781250 0.156250
vt 0.796875 0.156250
vt 0.796875 0.593750
vt 0.781250 0.625000
vt 0.781250 0.593750
vt 0.796875 0.125000
vt 0.781250 0.093750
vt 0.796875 0.093750
vt 0.796875 0.531250
vt 0.781250 0.562500
vt 0.781250 0.531250
vt 0.804688 0.968750
vt 0.796875 0.937500
vt 0.796875 0.000000
vt 0.804688 0.031250
vt 0.789062 0.031250
vt 0.796875 0.500000
vt 0.781250 0.468750
vt 0.796875 0.468750
vt 0.796875 0.906250
vt 0.781250 0.937500
vt 0.781250 0.906250
vt 0.796875 0.437500
vt 0.781250 0.406250
vt 0.796875 0.406250
vt 0.796875 0.843750
vt 0.781250 0.875000
vt 0.781250 0.843750
vt 0.796875 0.375000
vt 0.781250 0.343750
vt 0.796875 0.343750
vt 0.796875 0.781250
vt 0.781250 0.812500
vt 0.781250 0.781250
vt 0.765625 0.000000
vt 0.773438 0.031250
vt 0.757812 0.031250
vt 0.765625 0.500000
vt 0.750000 0.468750
vt 0.765625 0.468750
vt 0.765625 0.906250
vt 0.750000 0.906250
vt 0.765625 0.437500
vt 0.750000 0.406250
vt 0.765625 0.406250
vt 0.765625 0.843750
vt 0.750000 0.875000
vt 0.750000 0.843750
vt 0.765625 0.375000
vt 0.750000 0.343750
vt 0.765625 0.343750
vt 0.765625 0.781250
vt 0.750000 0.812500
vt 0.750000 0.781250
vt 0.765625 0.312500
vt 0.750000 0.281250
vt 0.765625 0.281250
vt 0.765625 0.718750
vt 0.750000 0.750000
vt 0.750000 0.718750
vt 0.765625 0.250000
vt 0.750000 0.218750
vt 0.765625 0.218750
vt 0.765625 0.656250
vt 0.750000 0.687500
vt 0.750000 0.656250
vt 0.765625 0.187500
vt 0.750000 0.156250
vt 0.765625 0.156250
vt 0.765625 0.593750
vt 0.750000 0.625000
vt 0.750000 0.593750
vt 0.765625 0.125000
vt 0.750000 0.093750
vt 0.765625 0.093750
vt 0.765625 0.531250
vt 0.750000 0.562500
vt 0.750000 0.531250
vt 0.773438 0.968750
vt 0.765625 0.937500
vt 0.757812 0.968750
vt 0.765625 1.000000
vt 0.750000 0.500000
vt 0.781250 0.500000
vt 0.750000 0.062500
vt 0.765625 0.062500
vt 0.781250 0.062500
vt 0.765625 0.562500
vt 0.750000 0.125000
vt 0.781250 0.125000
vt 0.765625 0.625000
vt 0.750000 0.187500
vt 0.781250 0.187500
vt 0.765625 0.687500
vt 0.750000 0.250000
vt 0.781250 0.250000
vt 0.765625 0.750000
vt 0.750000 0.312500
vt 0.781250 0.312500
vt 0.765625 0.812500
vt 0.750000 0.375000
vt 0.781250 0.375000
vt 0.765625 0.875000
vt 0.750000 0.437500
vt 0.781250 0.437500
vt 0.796875 0.750000
vt 0.812500 0.312500
vt 0.796875 0.812500
vt 0.812500 0.375000
vt 0.796875 0.875000
vt 0.812500 0.437500
vt 0.796875 0.062500
vt 0.812500 0.062500
vt 0.789062 0.968750
vt 0.796875 1.000000
vt 0.812500 0.500000
vt 0.796875 0.562500
vt 0.812500 0.125000
vt 0.796875 0.625000
vt 0.812500 0.187500
vt 0.796875 0.687500
vt 0.812500 0.250000
vt 0.828125 0.062500
vt 0.843750 0.062500
vt 0.828125 0.562500
vt 0.843750 0.125000
vt 0.828125 0.625000
vt 0.843750 0.187500
vt 0.828125 0.687500
vt 0.843750 0.250000
vt 0.828125 0.750000
vt 0.843750 0.312500
vt 0.828125 0.812500
vt 0.843750 0.375000
vt 0.828125 0.875000
vt 0.843750 0.437500
vt 0.820312 0.968750
vt 0.828125 1.000000
vt 0.843750 0.500000
vt 0.875000 0.312500
vt 0.859375 0.812500
vt 0.875000 0.375000
vt 0.859375 0.875000
vt 0.875000 0.437500
vt 0.859375 0.062500
vt 0.875000 0.062500
vt 0.851562 0.968750
vt 0.859375 1.000000
vt 0.875000 0.500000
vt 0.859375 0.562500
vt 0.875000 0.125000
vt 0.859375 0.625000
vt 0.875000 0.187500
vt 0.859375 0.687500
vt 0.875000 0.250000
vt 0.859375 0.750000
vt 0.890625 0.562500
vt 0.906250 0.125000
vt 0.890625 0.625000
vt 0.906250 0.187500
vt 0.890625 0.687500
vt 0.906250 0.250000
vt 0.890625 0.750000
vt 0.906250 0.312500
vt 0.890625 0.812500
vt 0.906250 0.375000
vt 0.890625 0.875000
vt 0.906250 0.437500
vt 0.890625 0.062500
vt 0.906250 0.062500
vt 0.882812 0.968750
vt 0.890625 1.000000
vt 0.906250 0.500000
vt 0.921875 0.812500
vt 0.937500 0.375000
vt 0.921875 0.875000
vt 0.937500 0.437500
vt 0.921875 0.062500
vt 0.937500 0.062500
vt 0.914063 0.968750
vt 0.921875 1.000000
vt 0.937500 0.500000
vt 0.921875 0.562500
vt 0.937500 0.125000
vt 0.921875 0.625000
vt 0.937500 0.187500
vt 0.921875 0.687500
vt 0.937500 0.250000
vt 0.921875 0.750000
vt 0.937500 0.312500
vt 0.968750 0.125000
vt 0.953125 0.625000
vt 0.968750 0.187500
vt 0.953125 0.687500
vt 0.968750 0.250000
vt 0.953125 0.750000
vt 0.968750 0.312500
vt 0.953125 0.812500
vt 0.968750 0.375000
vt 0.953125 0.875000
vt 0.968750 0.437500
vt 0.953125 0.062500
vt 0.968750 0.062500
vt 0.945313 0.968750
vt 0.953125 1.000000
vt 0.968750 0.500000
vt 0.953125 0.562500
vt 1.000000 0.375000
vt 1.000000 0.406250
vt 0.984375 0.875000
vt 1.000000 0.906250
vt 1.000000 0.875000
vt 1.000000 0.437500
vt 1.000000 0.468750
vt 0.984375 0.062500
vt 1.000000 0.062500
vt 0.976563 0.968750
vt 0.984375 1.000000
vt 1.000000 0.531250
vt 1.000000 0.500000
vt 1.000000 0.562500
vt 1.000000 0.093750
vt 0.984375 0.562500
vt 1.000000 0.593750
vt 1.000000 0.625000
vt 1.000000 0.125000
vt 1.000000 0.156250
vt 0.984375 0.625000
vt 1.000000 0.656250
vt 1.000000 0.687500
vt 1.000000 0.187500
vt 1.000000 0.218750
vt 0.984375 0.687500
vt 1.000000 0.718750
vt 1.000000 0.750000
vt 1.000000 0.250000
vt 1.000000 0.281250
vt 0.984375 0.750000
vt 1.000000 0.781250
vt 1.000000 0.812500
vt 1.000000 0.312500
vt 1.000000 0.343750
vt 0.984375 0.812500
vt 1.000000 0.843750
vt 0.015625 0.625000
vt 0.000000 0.187500
vt 0.031250 0.187500
vt 0.015625 0.687500
vt 0.000000 0.250000
vt 0.031250 0.250000
vt 0.015625 0.750000
vt 0.000000 0.312500
vt 0.031250 0.312500
vt 0.015625 0.812500
vt 0.000000 0.375000
vt 0.031250 0.375000
vt 0.015625 0.875000
vt 0.000000 0.437500
vt 0.031250 0.437500
vt 0.015625 0.062500
vt 0.000000 0.062500
vt 0.031250 0.062500
vt 0.007813 0.968750
vt 0.015625 1.000000
vt 0.000000 0.500000
vt 0.031250 0.500000
vt 0.015625 0.562500
vt 0.000000 0.125000
vt 0.031250 0.125000
vt 0.046875 0.875000
vt 0.062500 0.437500
vt 0.046875 0.062500
vt 0.062500 0.062500
vt 0.039063 0.968750
vt 0.046875 1.000000
vt 0.062500 0.500000
vt 0.046875 0.562500
vt 0.062500 0.125000
vt 0.046875 0.625000
vt 0.062500 0.187500
vt 0.046875 0.687500
vt 0.062500 0.250000
vt 0.046875 0.750000
vt 0.062500 0.312500
vt 0.046875 0.812500
vt 0.062500 0.375000
vt 0.078125 0.687500
vt 0.093750 0.250000
vt 0.078125 0.750000
vt 0.093750 0.312500
vt 0.078125 0.812500
vt 0.093750 0.375000
vt 0.078125 0.875000
vt 0.093750 0.437500
vt 0.078125 0.062500
vt 0.093750 0.062500
vt 0.070313 0.968750
vt 0.078125 1.000000
vt 0.093750 0.500000
vt 0.078125 0.562500
vt 0.093750 0.125000
vt 0.078125 0.625000
vt 0.093750 0.187500
vt 0.109375 0.062500
vt 0.125000 0.062500
vt 0.101563 0.968750
vt 0.109375 1.000000
vt 0.125000 0.500000
vt 0.109375 0.562500
vt 0.125000 0.125000
vt 0.109375 0.625000
vt 0.125000 0.187500
vt 0.109375 0.687500
vt 0.125000 0.250000
vt 0.109375 0.750000
vt 0.125000 0.312500
vt 0.109375 0.812500
vt 0.125000 0.375000
vt 0.109375 0.875000
vt 0.125000 0.437500
vt 0.156250 0.250000
vt 0.140625 0.750000
vt 0.156250 0.312500
vt 0.140625 0.812500
vt 0.156250 0.375000
vt 0.140625 0.875000
vt 0.156250 0.437500
vt 0.140625 0.062500
vt 0.156250 0.062500
vt 0.132813 0.968750
vt 0.140625 1.000000
vt 0.156250 0.500000
vt 0.140625 0.562500
vt 0.156250 0.125000
vt 0.140625 0.625000
vt 0.156250 0.187500
vt 0.140625 0.687500
vt 0.187500 0.500000
vt 0.171875 0.062500
vt 0.187500 0.062500
vt 0.171875 0.562500
vt 0.187500 0.125000
vt 0.171875 0.625000
vt 0.187500 0.187500
vt 0.171875 0.687500
vt 0.187500 0.250000
vt 0.171875 0.750000
vt 0.187500 0.312500
vt 0.171875 0.812500
vt 0.187500 0.375000
vt 0.171875 0.875000
vt 0.187500 0.437500
vt 0.164063 0.968750
vt 0.171875 1.000000
vt 0.203125 0.750000
vt 0.218750 0.312500
vt 0.203125 0.812500
vt 0.218750 0.375000
vt 0.203125 0.875000
vt 0.218750 0.437500
vt 0.203125 0.062500
vt 0.218750 0.062500
vt 0.195313 0.968750
vt 0.203125 1.000000
vt 0.218750 0.500000
vt 0.203125 0.562500
vt 0.218750 0.125000
vt 0.203125 0.625000
vt 0.218750 0.187500
vt 0.203125 0.687500
vt 0.218750 0.250000
vt 0.234375 0.062500
vt 0.250000 0.062500
vt 0.234375 0.562500
vt 0.250000 0.125000
vt 0.234375 0.625000
vt 0.250000 0.187500
vt 0.234375 0.687500
vt 0.250000 0.250000
vt 0.234375 0.750000
vt 0.250000 0.312500
vt 0.234375 0.812500
vt 0.250000 0.375000
vt 0.234375 0.875000
vt 0.250000 0.437500
vt 0.226563 0.968750
vt 0.234375 1.000000
vt 0.250000 0.500000
vt 0.281250 0.312500
vt 0.265625 0.812500
vt 0.281250 0.375000
vt 0.265625 0.875000
vt 0.281250 0.437500
vt 0.265625 0.062500
vt 0.281250 0.062500
vt 0.257812 0.968750
vt 0.265625 1.000000
vt 0.281250 0.500000
vt 0.265625 0.562500
vt 0.281250 0.125000
vt 0.265625 0.625000
vt 0.281250 0.187500
vt 0.265625 0.687500
vt 0.281250 0.250000
vt 0.265625 0.750000
vt 0.296875 0.562500
vt 0.312500 0.125000
vt 0.296875 0.625000
vt 0.312500 0.187500
vt 0.296875 0.687500
vt 0.312500 0.250000
vt 0.296875 0.750000
vt 0.312500 0.312500
vt 0.296875 0.812500
vt 0.312500 0.375000
vt 0.296875 0.875000
vt 0.312500 0.437500
vt 0.296875 0.062500
vt 0.312500 0.062500
vt 0.289062 0.968750
vt 0.296875 1.000000
vt 0.312500 0.500000
vt 0.328125 0.812500
vt 0.343750 0.375000
vt 0.328125 0.875000
vt 0.343750 0.437500
vt 0.328125 0.062500
vt 0.343750 0.062500
vt 0.320312 0.968750
vt 0.328125 1.000000
vt 0.343750 0.500000
vt 0.328125 0.562500
vt 0.343750 0.125000
vt 0.328125 0.625000
vt 0.343750 0.187500
vt 0.328125 0.687500
vt 0.343750 0.250000
vt 0.328125 0.750000
vt 0.343750 0.312500
vt 0.359375 0.625000
vt 0.375000 0.187500
vt 0.359375 0.687500
vt 0.375000 0.250000
vt 0.359375 0.750000
vt 0.375000 0.312500
vt 0.359375 0.812500
vt 0.375000 0.375000
vt 0.359375 0.875000
vt 0.375000 0.437500
vt 0.359375 0.062500
vt 0.375000 0.062500
vt 0.351562 0.968750
vt 0.359375 1.000000
vt 0.375000 0.500000
vt 0.359375 0.562500
vt 0.375000 0.125000
vt 0.390625 0.875000
vt 0.406250 0.437500
vt 0.390625 0.062500
vt 0.406250 0.062500
vt 0.382812 0.968750
vt 0.390625 1.000000
vt 0.406250 0.500000
vt 0.390625 0.562500
vt 0.406250 0.125000
vt 0.390625 0.625000
vt 0.406250 0.187500
vt 0.390625 0.687500
vt 0.406250 0.250000
vt 0.390625 0.750000
vt 0.406250 0.312500
vt 0.390625 0.812500
vt 0.406250 0.375000
vt 0.437500 0.187500
vt 0.421875 0.687500
vt 0.437500 0.250000
vt 0.421875 0.750000
vt 0.437500 0.312500
vt 0.421875 0.812500
vt 0.437500 0.375000
vt 0.421875 0.875000
vt 0.437500 0.437500
vt 0.421875 0.062500
vt 0.437500 0.062500
vt 0.414062 0.968750
vt 0.421875 1.000000
vt 0.437500 0.500000
vt 0.421875 0.562500
vt 0.437500 0.125000
vt 0.421875 0.625000
vt 0.468750 0.437500
vt 0.453125 0.062500
vt 0.468750 0.062500
vt 0.445312 0.968750
vt 0.453125 1.000000
vt 0.468750 0.500000
vt 0.453125 0.562500
vt 0.468750 0.125000
vt 0.453125 0.625000
vt 0.468750 0.187500
vt 0.453125 0.687500
vt 0.468750 0.250000
vt 0.453125 0.750000
vt 0.468750 0.312500
vt 0.453125 0.812500
vt 0.468750 0.375000
vt 0.453125 0.875000
vt 0.484375 0.687500
vt 0.500000 0.250000
vt 0.484375 0.750000
vt 0.500000 0.312500
vt 0.484375 0.812500
vt 0.500000 0.375000
vt 0.484375 0.875000
vt 0.500000 0.437500
vt 0.484375 0.062500
vt 0.500000 0.062500
vt 0.476562 0.968750
vt 0.484375 1.000000
vt 0.500000 0.500000
vt 0.484375 0.562500
vt 0.500000 0.125000
vt 0.484375 0.625000
vt 0.500000 0.187500
vt 0.515625 0.062500
vt 0.531250 0.062500
vt 0.507812 0.968750
vt 0.515625 1.000000
vt 0.531250 0.500000
vt 0.515625 0.562500
vt 0.531250 0.125000
vt 0.515625 0.625000
vt 0.531250 0.187500
vt 0.515625 0.687500
vt 0.531250 0.250000
vt 0.515625 0.750000
vt 0.531250 0.312500
vt 0.515625 0.812500
vt 0.531250 0.375000
vt 0.515625 0.875000
vt 0.531250 0.437500
vt 0.562500 0.250000
vt 0.546875 0.750000
vt 0.562500 0.312500
vt 0.546875 0.812500
vt 0.562500 0.375000
vt 0.546875 0.875000
vt 0.562500 0.437500
vt 0.546875 0.062500
vt 0.562500 0.062500
vt 0.539062 0.968750
vt 0.546875 1.000000
vt 0.562500 0.500000
vt 0.546875 0.562500
vt 0.562500 0.125000
vt 0.546875 0.625000
vt 0.562500 0.187500
vt 0.546875 0.687500
vt 0.593750 0.500000
vt 0.578125 0.062500
vt 0.593750 0.062500
vt 0.578125 0.562500
vt 0.593750 0.125000
vt 0.578125 0.625000
vt 0.593750 0.187500
vt 0.578125 0.687500
vt 0.593750 0.250000
vt 0.578125 0.750000
vt 0.593750 0.312500
vt 0.578125 0.812500
vt 0.593750 0.375000
vt 0.578125 0.875000
vt 0.593750 0.437500
vt 0.570312 0.968750
vt 0.578125 1.000000
vt 0.609375 0.750000
vt 0.625000 0.312500
vt 0.609375 0.812500
vt 0.625000 0.375000
vt 0.609375 0.875000
vt 0.625000 0.437500
vt 0.609375 0.062500
vt 0.625000 0.062500
vt 0.601562 0.968750
vt 0.609375 1.000000
vt 0.625000 0.500000
vt 0.609375 0.562500
vt 0.625000 0.125000
vt 0.609375 0.625000
vt 0.625000 0.187500
vt 0.609375 0.687500
vt 0.625000 0.250000
vt 0.640625 0.562500
vt 0.656250 0.125000
vt 0.640625 0.625000
vt 0.656250 0.187500
vt 0.640625 0.687500
vt 0.656250 0.250000
vt 0.640625 0.750000
vt 0.656250 0.312500
vt 0.640625 0.812500
vt 0.656250 0.375000
vt 0.640625 0.875000
vt 0.656250 0.437500
vt 0.640625 0.062500
vt 0.656250 0.062500
vt 0.632812 0.968750
vt 0.640625 1.000000
vt 0.656250 0.500000
vt 0.671875 0.812500
vt 0.687500 0.375000
vt 0.671875 0.875000
vt 0.687500 0.437500
vt 0.671875 0.062500
vt 0.687500 0.062500
vt 0.664062 0.968750
vt 0.671875 1.000000
vt 0.687500 0.500000
vt 0.671875 0.562500
vt 0.687500 0.125000
vt 0.671875 0.625000
vt 0.687500 0.187500
vt 0.671875 0.687500
vt 0.687500 0.250000
vt 0.671875 0.750000
vt 0.687500 0.312500
vt 0.718750 0.125000
vt 0.703125 0.625000
vt 0.718750 0.187500
vt 0.703125 0.687500
vt 0.718750 0.250000
vt 0.703125 0.750000
vt 0.718750 0.312500
vt 0.703125 0.812500
vt 0.718750 0.375000
vt 0.703125 0.875000
vt 0.718750 0.437500
vt 0.703125 0.062500
vt 0.718750 0.062500
vt 0.695312 0.968750
vt 0.703125 1.000000
vt 0.718750 0.500000
vt 0.703125 0.562500
vt 0.734375 0.062500
vt 0.734375 0.562500
vt 0.734375 0.625000
vt 0.734375 0.687500
vt 0.734375 0.750000
vt 0.734375 0.812500
vt 0.734375 0.875000
vt 0.726562 0.968750
vt 0.734375 1.000000
vn 0.0097 0.9951 -0.0980
vn 0.0097 -0.9951 -0.0980
vn 0.0975 -0.0975 -0.9904
vn 0.0286 0.9565 -0.2902
vn 0.0938 -0.2890 -0.9527
vn 0.0464 0.8810 -0.4709
vn 0.0865 -0.4696 -0.8786
vn 0.0624 0.7715 -0.6332
vn 0.0759 -0.6326 -0.7708
vn 0.0759 0.6326 -0.7708
vn 0.0624 -0.7715 -0.6332
vn 0.0865 0.4696 -0.8786
vn 0.0464 -0.8810 -0.4709
vn 0.0938 0.2890 -0.9527
vn 0.0286 -0.9565 -0.2902
vn 0.0975 0.0975 -0.9904
vn 0.2779 0.2890 -0.9161
vn 0.0846 -0.9565 -0.2790
vn 0.2889 0.0975 -0.9524
vn 0.0286 0.9951 -0.0942
vn 0.0286 -0.9951 -0.0942
vn 0.2889 -0.0975 -0.9524
vn 0.0846 0.9565 -0.2790
vn 0.2779 -0.2890 -0.9161
vn 0.1374 0.8810 -0.4528
vn 0.2563 -0.4696 -0.8448
vn 0.1847 0.7715 -0.6088
vn 0.2248 -0.6326 -0.7412
vn 0.2248 0.6326 -0.7412
vn 0.1847 -0.7715 -0.6088
vn 0.2563 0.4696 -0.8448
vn 0.1374 -0.8810 -0.4528
vn 0.4162 -0.4696 -0.7786
vn 0.2999 0.7715 -0.5611
vn 0.3651 -0.6326 -0.6831
vn 0.3651 0.6326 -0.6831
vn 0.2999 -0.7715 -0.5611
vn 0.4162 0.4696 -0.7786
vn 0.2231 -0.8810 -0.4173
vn 0.4513 0.2890 -0.8443
vn 0.1374 -0.9565 -0.2571
vn 0.4691 0.0975 -0.8777
vn 0.0464 0.9951 -0.0869
vn 0.0464 -0.9951 -0.0869
vn 0.4691 -0.0976 -0.8777
vn 0.1374 0.9565 -0.2571
vn 0.4513 -0.2890 -0.8443
vn 0.2230 0.8810 -0.4173
vn 0.1850 -0.9565 -0.2254
vn 0.6314 0.0975 -0.7693
vn 0.0625 0.9951 -0.0761
vn 0.0625 -0.9951 -0.0761
vn 0.6314 -0.0975 -0.7693
vn 0.1850 0.9566 -0.2254
vn 0.6073 -0.2890 -0.7400
vn 0.3002 0.8810 -0.3658
vn 0.5601 -0.4696 -0.6825
vn 0.4036 0.7715 -0.4918
vn 0.4913 -0.6326 -0.5987
vn 0.4913 0.6326 -0.5987
vn 0.4036 -0.7715 -0.4918
vn 0.5601 0.4696 -0.6825
vn 0.3002 -0.8810 -0.3658
vn 0.6073 0.2890 -0.7400
vn 0.5987 -0.6326 -0.4913
vn 0.5987 0.6326 -0.4913
vn 0.4918 -0.7715 -0.4036
vn 0.6825 0.4696 -0.5601
vn 0.3658 -0.8810 -0.3002
vn 0.7400 0.2890 -0.6073
vn 0.2254 -0.9565 -0.1850
vn 0.7693 0.0975 -0.6314
vn 0.0761 0.9951 -0.0625
vn 0.0761 -0.9951 -0.0625
vn 0.7693 -0.0975 -0.6314
vn 0.2254 0.9565 -0.1850
vn 0.7400 -0.2890 -0.6073
vn 0.3658 0.8810 -0.3002
vn 0.6825 -0.4696 -0.5601
vn 0.4918 0.7715 -0.4036
vn 0.0869 0.9951 -0.0464
vn 0.0869 -0.9951 -0.0464
vn 0.8777 -0.0976 -0.4691
vn 0.2571 0.9565 -0.1374
vn 0.8443 -0.2890 -0.4513
vn 0.4173 0.8810 -0.2230
vn 0.7786 -0.4696 -0.4162
vn 0.5611 0.7715 -0.2999
vn 0.6831 -0.6326 -0.3651
vn 0.6831 0.6326 -0.3651
vn 0.5611 -0.7715 -0.2999
vn 0.7786 0.4696 -0.4162
vn 0.4173 -0.8810 -0.2231
vn 0.8443 0.2890 -0.4513
vn 0.2571 -0.9566 -0.1374
vn 0.8777 0.0975 -0.4691
vn 0.7412 0.6326 -0.2248
vn 0.6088 -0.7715 -0.1847
vn 0.8448 0.4696 -0.2563
vn 0.4528 -0.8810 -0.1374
vn 0.9161 0.2890 -0.2779
vn 0.2790 -0.9565 -0.0846
vn 0.9524 0.0975 -0.2889
vn 0.0942 0.9951 -0.0286
vn 0.0942 -0.9951 -0.0286
vn 0.9524 -0.0975 -0.2889
vn 0.2790 0.9565 -0.0846
vn 0.9161 -0.2890 -0.2779
vn 0.4528 0.8810 -0.1374
vn 0.8448 -0.4696 -0.2563
vn 0.6088 0.7715 -0.1847
vn 0.7412 -0.6326 -0.2248
vn 0.9904 -0.0975 -0.0975
vn 0.2902 0.9565 -0.0286
vn 0.9527 -0.2890 -0.0938
vn 0.4709 0.8810 -0.0464
vn 0.8786 -0.4696 -0.0865
vn 0.6332 0.7715 -0.0624
vn 0.7708 -0.6326 -0.0759
vn 0.7708 0.6326 -0.0759
vn 0.6332 -0.7715 -0.0624
vn 0.8786 0.4696 -0.0865
vn 0.4709 -0.8810 -0.0464
vn 0.9527 0.2890 -0.0938
vn 0.2902 -0.9565 -0.0286
vn 0.9904 0.0975 -0.0975
vn 0.0980 0.9951 -0.0097
vn 0.0980 -0.9951 -0.0096
vn 0.6332 -0.7715 0.0624
vn 0.8786 0.4696 0.0865
vn 0.4709 -0.8810 0.0464
vn 0.9527 0.2890 0.0938
vn 0.2902 -0.9565 0.0286
vn 0.9904 0.0975 0.0976
vn 0.0980 0.9951 0.0097
vn 0.0980 -0.9951 0.0096
vn 0.9904 -0.0975 0.0976
vn 0.2902 0.9565 0.0286
vn 0.9527 -0.2890 0.0938
vn 0.4709 0.8810 0.0464
vn 0.8786 -0.4696 0.0865
vn 0.6332 0.7715 0.0624
vn 0.7708 -0.6326 0.0759
vn 0.7708 0.6326 0.0759
vn 0.2790 0.9565 0.0846
vn 0.9161 -0.2890 0.2779
vn 0.4528 0.8810 0.1374
vn 0.8448 -0.4696 0.2563
vn 0.6088 0.7715 0.1847
vn 0.7412 -0.6326 0.2248
vn 0.7412 0.6326 0.2248
vn 0.6088 -0.7715 0.1847
vn 0.8448 0.4696 0.2563
vn 0.4528 -0.8810 0.1374
vn 0.9161 0.2890 0.2779
vn 0.2790 -0.9565 0.0846
vn 0.9524 0.0975 0.2889
vn 0.0942 0.9951 0.0286
vn 0.0942 -0.9951 0.0286
vn 0.9524 -0.0975 0.2889
vn 0.7786 0.4696 0.4162
vn 0.4173 -0.8810 0.2231
vn 0.8443 0.2890 0.4513
vn 0.2571 -0.9565 0.1374
vn 0.8777 0.0975 0.4691
vn 0.0869 0.9951 0.0464
vn 0.0869 -0.9951 0.0464
vn 0.8777 -0.0975 0.4691
vn 0.2571 0.9565 0.1374
vn 0.8443 -0.2890 0.4513
vn 0.4173 0.8810 0.2230
vn 0.7786 -0.4696 0.4162
vn 0.5611 0.7715 0.2999
vn 0.6831 -0.6326 0.3651
vn 0.6831 0.6326 0.3651
vn 0.5611 -0.7715 0.2999
vn 0.7400 -0.2890 0.6073
vn 0.3658 0.8810 0.3002
vn 0.6825 -0.4696 0.5601
vn 0.4918 0.7715 0.4036
vn 0.5987 -0.6326 0.4913
vn 0.5987 0.6326 0.4913
vn 0.4918 -0.7715 0.4036
vn 0.6825 0.4696 0.5601
vn 0.3658 -0.8810 0.3002
vn 0.7400 0.2890 0.6073
vn 0.2254 -0.9565 0.1850
vn 0.7693 0.0975 0.6314
vn 0.0761 0.9951 0.0625
vn 0.0761 -0.9951 0.0625
vn 0.7693 -0.0975 0.6314
vn 0.2254 0.9565 0.1850
vn 0.3002 -0.8810 0.3658
vn 0.6073 0.2890 0.7400
vn 0.1850 -0.9565 0.2254
vn 0.6314 0.0975 0.7693
vn 0.0625 0.9951 0.0761
vn 0.0625 -0.9951 0.0761
vn 0.6314 -0.0975 0.7693
vn 0.1850 0.9565 0.2254
vn 0.6073 -0.2890 0.7400
vn 0.3002 0.8810 0.3658
vn 0.5601 -0.4696 0.6825
vn 0.4036 0.7715 0.4918
vn 0.4913 -0.6326 0.5987
vn 0.4913 0.6326 0.5987
vn 0.4036 -0.7715 0.4918
vn 0.5601 0.4696 0.6825
vn 0.4162 -0.4696 0.7786
vn 0.2999 0.7715 0.5611
vn 0.3651 -0.6326 0.6831
vn 0.3651 0.6326 0.6831
vn 0.2999 -0.7715 0.5611
vn 0.4162 0.4696 0.7786
vn 0.2231 -0.8810 0.4173
vn 0.4513 0.2890 0.8443
vn 0.1374 -0.9565 0.2571
vn 0.4691 0.0975 0.8777
vn 0.0464 0.9951 0.0869
vn 0.0464 -0.9951 0.0869
vn 0.4691 -0.0975 0.8777
vn 0.1374 0.9565 0.2571
vn 0.4513 -0.2890 0.8443
vn 0.2230 0.8810 0.4173
vn 0.0846 -0.9566 0.2790
vn 0.2889 0.0975 0.9524
vn 0.0286 0.9951 0.0942
vn 0.0286 -0.9951 0.0942
vn 0.2889 -0.0975 0.9524
vn 0.0846 0.9565 0.2790
vn 0.2779 -0.2890 0.9161
vn 0.1374 0.8810 0.4528
vn 0.2563 -0.4696 0.8448
vn 0.1847 0.7715 0.6088
vn 0.2248 -0.6326 0.7412
vn 0.2248 0.6326 0.7412
vn 0.1847 -0.7715 0.6088
vn 0.2563 0.4696 0.8448
vn 0.1374 -0.8810 0.4528
vn 0.2779 0.2890 0.9161
vn 0.0624 0.7715 0.6332
vn 0.0759 -0.6326 0.7708
vn 0.0759 0.6326 0.7708
vn 0.0624 -0.7715 0.6332
vn 0.0865 0.4696 0.8786
vn 0.0464 -0.8810 0.4709
vn 0.0938 0.2890 0.9527
vn 0.0286 -0.9565 0.2902
vn 0.0975 0.0975 0.9904
vn 0.0097 0.9951 0.0980
vn 0.0097 -0.9951 0.0980
vn 0.0975 -0.0975 0.9904
vn 0.0286 0.9565 0.2902
vn 0.0938 -0.2890 0.9527
vn 0.0464 0.8810 0.4709
vn 0.0865 -0.4696 0.8786
vn -0.0975 0.0975 0.9904
vn -0.0097 0.9951 0.0980
vn -0.0097 -0.9951 0.0980
vn -0.0976 -0.0975 0.9904
vn -0.0286 0.9565 0.2902
vn -0.0938 -0.2890 0.9527
vn -0.0464 0.8810 0.4709
vn -0.0865 -0.4696 0.8786
vn -0.0624 0.7715 0.6332
vn -0.0759 -0.6326 0.7708
vn -0.0759 0.6326 0.7708
vn -0.0624 -0.7715 0.6332
vn -0.0865 0.4696 0.8786
vn -0.0464 -0.8810 0.4709
vn -0.0938 0.2890 0.9527
vn -0.0286 -0.9565 0.2902
vn -0.2248 -0.6326 0.7412
vn -0.2248 0.6326 0.7412
vn -0.1847 -0.7715 0.6088
vn -0.2563 0.4696 0.8448
vn -0.1374 -0.8810 0.4528
vn -0.2779 0.2890 0.9161
vn -0.0846 -0.9565 0.2790
vn -0.2889 0.0975 0.9524
vn -0.0286 0.9951 0.0942
vn -0.0286 -0.9951 0.0942
vn -0.2889 -0.0975 0.9524
vn -0.0846 0.9565 0.2790
vn -0.2779 -0.2890 0.9161
vn -0.1374 0.8810 0.4528
vn -0.2563 -0.4696 0.8448
vn -0.1847 0.7715 0.6088
vn -0.0464 0.9951 0.0869
vn -0.0464 -0.9951 0.0869
vn -0.4691 -0.0975 0.8777
vn -0.1374 0.9565 0.2571
vn -0.4513 -0.2890 0.8443
vn -0.2231 0.8810 0.4173
vn -0.4162 -0.4696 0.7786
vn -0.2999 0.7715 0.5611
vn -0.3651 -0.6326 0.6831
vn -0.3651 0.6326 0.6831
vn -0.2999 -0.7715 0.5611
vn -0.4162 0.4696 0.7786
vn -0.2230 -0.8810 0.4173
vn -0.4513 0.2890 0.8443
vn -0.1374 -0.9565 0.2571
vn -0.4691 0.0975 0.8777
vn -0.4913 0.6326 0.5987
vn -0.4036 -0.7715 0.4918
vn -0.5601 0.4696 0.6825
vn -0.3002 -0.8810 0.3658
vn -0.6073 0.2890 0.7400
vn -0.1850 -0.9565 0.2254
vn -0.6314 0.0975 0.7693
vn -0.0625 0.9951 0.0761
vn -0.0625 -0.9951 0.0761
vn -0.6314 -0.0975 0.7693
vn -0.1850 0.9566 0.2254
vn -0.6073 -0.2890 0.7400
vn -0.3002 0.8810 0.3658
vn -0.5601 -0.4696 0.6825
vn -0.4036 0.7715 0.4918
vn -0.4913 -0.6326 0.5987
vn -0.7693 -0.0975 0.6314
vn -0.2254 0.9565 0.1850
vn -0.7400 -0.2890 0.6073
vn -0.3658 0.8810 0.3002
vn -0.6825 -0.4696 0.5601
vn -0.4918 0.7715 0.4036
vn -0.5987 -0.6326 0.4913
vn -0.5987 0.6326 0.4913
vn -0.4918 -0.7715 0.4036
vn -0.6825 0.4696 0.5601
vn -0.3658 -0.8810 0.3002
vn -0.7400 0.2890 0.6073
vn -0.2254 -0.9565 0.1850
vn -0.7693 0.0975 0.6314
vn -0.0761 0.9951 0.0625
vn -0.0761 -0.9951 0.0625
vn -0.5611 -0.7715 0.2999
vn -0.7786 0.4696 0.4162
vn -0.4173 -0.8810 0.2231
vn -0.8443 0.2890 0.4513
vn -0.2571 -0.9565 0.1374
vn -0.8777 0.0975 0.4691
vn -0.0869 0.9951 0.0464
vn -0.0869 -0.9951 0.0464
vn -0.8777 -0.0975 0.4691
vn -0.2571 0.9565 0.1374
vn -0.8443 -0.2890 0.4513
vn -0.4173 0.8810 0.2230
vn -0.7786 -0.4696 0.4162
vn -0.5611 0.7715 0.2999
vn -0.6831 -0.6326 0.3651
vn -0.6831 0.6326 0.3651
vn -0.9161 -0.2890 0.2779
vn -0.4528 0.8810 0.1374
vn -0.8448 -0.4696 0.2563
vn -0.6088 0.7715 0.1847
vn -0.7412 -0.6326 0.2248
vn -0.7412 0.6326 0.2248
vn -0.6088 -0.7715 0.1847
vn -0.8448 0.4696 0.2563
vn -0.4528 -0.8810 0.1374
vn -0.9161 0.2890 0.2779
vn -0.2790 -0.9565 0.0846
vn -0.9524 0.0975 0.2889
vn -0.0942 0.9951 0.0286
vn -0.0942 -0.9951 0.0286
vn -0.9524 -0.0975 0.2889
vn -0.2790 0.9565 0.0846
vn -0.4709 -0.8810 0.0464
vn -0.9527 0.2890 0.0938
vn -0.2902 -0.9565 0.0286
vn -0.9904 0.0975 0.0975
vn -0.0980 0.9951 0.0097
vn -0.0980 -0.9951 0.0096
vn -0.9904 -0.0975 0.0975
vn -0.2902 0.9565 0.0286
vn -0.9527 -0.2890 0.0938
vn -0.4709 0.8810 0.0464
vn -0.8786 -0.4696 0.0865
vn -0.6332 0.7715 0.0624
vn -0.7708 -0.6326 0.0759
vn -0.7708 0.6326 0.0759
vn -0.6332 -0.7715 0.0624
vn -0.8786 0.4696 0.0865
vn -0.4709 0.8810 -0.0464
vn -0.8786 -0.4696 -0.0865
vn -0.6332 0.7715 -0.0624
vn -0.7708 -0.6326 -0.0759
vn -0.7708 0.6326 -0.0759
vn -0.6332 -0.7715 -0.0624
vn -0.8786 0.4696 -0.0865
vn -0.4709 -0.8810 -0.0464
vn -0.9527 0.2890 -0.0938
vn -0.2902 -0.9565 -0.0286
vn -0.9904 0.0975 -0.0975
vn -0.0980 0.9951 -0.0097
vn -0.0980 -0.9951 -0.0096
vn -0.9904 -0.0975 -0.0975
vn -0.2902 0.9565 -0.0286
vn -0.9527 -0.2890 -0.0938
vn -0.9161 0.2890 -0.2779
vn -0.2790 -0.9565 -0.0846
vn -0.9524 0.0975 -0.2889
vn -0.0942 0.9951 -0.0286
vn -0.0942 -0.9951 -0.0286
vn -0.9524 -0.0975 -0.2889
vn -0.2790 0.9565 -0.0846
vn -0.9161 -0.2890 -0.2779
vn -0.4528 0.8810 -0.1374
vn -0.8448 -0.4696 -0.2563
vn -0.6088 0.7715 -0.1847
vn -0.7412 -0.6326 -0.2248
vn -0.7412 0.6326 -0.2248
vn -0.6088 -0.7715 -0.1847
vn -0.8448 0.4696 -0.2563
vn -0.4528 -0.8810 -0.1374
vn -0.7786 -0.4696 -0.4162
vn -0.5611 0.7715 -0.2999
vn -0.6831 -0.6326 -0.3651
vn -0.6831 0.6326 -0.3651
vn -0.5611 -0.7715 -0.2999
vn -0.7786 0.4696 -0.4162
vn -0.4173 -0.8810 -0.2231
vn -0.8443 0.2890 -0.4513
vn -0.2571 -0.9566 -0.1374
vn -0.8777 0.0975 -0.4691
vn -0.0869 0.9951 -0.0464
vn -0.0869 -0.9951 -0.0464
vn -0.8777 -0.0975 -0.4691
vn -0.2571 0.9565 -0.1374
vn -0.8443 -0.2890 -0.4513
vn -0.4173 0.8810 -0.2230
vn -0.2254 -0.9566 -0.1850
vn -0.7693 0.0975 -0.6314
vn -0.0761 0.9951 -0.0625
vn -0.0761 -0.9951 -0.0625
vn -0.7693 -0.0975 -0.6314
vn -0.2254 0.9565 -0.1850
vn -0.7400 -0.2890 -0.6073
vn -0.3658 0.8810 -0.3002
vn -0.6825 -0.4696 -0.5601
vn -0.4918 0.7715 -0.4036
vn -0.5987 -0.6326 -0.4913
vn -0.5987 0.6326 -0.4913
vn -0.4918 -0.7715 -0.4036
vn -0.6825 0.4696 -0.5601
vn -0.3658 -0.8810 -0.3002
vn -0.7400 0.2890 -0.6073
vn -0.4036 0.7715 -0.4918
vn -0.4913 -0.6326 -0.5987
vn -0.4913 0.6326 -0.5987
vn -0.4036 -0.7715 -0.4918
vn -0.5601 0.4696 -0.6825
vn -0.3002 -0.8810 -0.3658
vn -0.6073 0.2890 -0.7400
vn -0.1850 -0.9565 -0.2254
vn -0.6314 0.0975 -0.7693
vn -0.0625 0.9951 -0.0761
vn -0.0625 -0.9951 -0.0761
vn -0.6314 -0.0975 -0.7693
vn -0.1850 0.9565 -0.2254
vn -0.6073 -0.2890 -0.7400
vn -0.3002 0.8810 -0.3658
vn -0.5601 -0.4696 -0.6825
vn -0.4691 0.0975 -0.8777
vn -0.0464 0.9951 -0.0869
vn -0.0464 -0.9951 -0.0869
vn -0.4691 -0.0975 -0.8777
vn -0.1374 0.9565 -0.2571
vn -0.4513 -0.2890 -0.8443
vn -0.2231 0.8810 -0.4173
vn -0.4162 -0.4696 -0.7786
vn -0.2999 0.7715 -0.5611
vn -0.3651 -0.6326 -0.6831
vn -0.3651 0.6326 -0.6831
vn -0.2999 -0.7715 -0.5611
vn -0.4162 0.4696 -0.7786
vn -0.2230 -0.8810 -0.4173
vn -0.4513 0.2890 -0.8443
vn -0.1374 -0.9565 -0.2571
vn -0.2248 -0.6326 -0.7412
vn -0.2248 0.6326 -0.7412
vn -0.1847 -0.7715 -0.6088
vn -0.2563 0.4696 -0.8448
vn -0.1374 -0.8810 -0.4528
vn -0.2779 0.2890 -0.9161
vn -0.0846 -0.9565 -0.2790
vn -0.2889 0.0975 -0.9524
vn -0.0286 0.9951 -0.0942
vn -0.0286 -0.9951 -0.0942
vn -0.2889 -0.0975 -0.9524
vn -0.0846 0.9565 -0.2790
vn -0.2779 -0.2890 -0.9161
vn -0.1374 0.8810 -0.4528
vn -0.2563 -0.4696 -0.8448
vn -0.1847 0.7715 -0.6088
vn -0.0097 -0.9951 -0.0980
vn -0.0975 -0.0975 -0.9904
vn -0.0286 0.9565 -0.2902
vn -0.0938 -0.2890 -0.9527
vn -0.0464 0.8810 -0.4709
vn -0.0865 -0.4696 -0.8786
vn -0.0624 0.7715 -0.6332
vn -0.0759 -0.6326 -0.7708
vn -0.0759 0.6326 -0.7708
vn -0.0624 -0.7715 -0.6332
vn -0.0865 0.4696 -0.8786
vn -0.0464 -0.8810 -0.4709
vn -0.0938 0.2890 -0.9527
vn -0.0286 -0.9565 -0.2902
vn -0.0976 0.0975 -0.9904
vn -0.0097 0.9951 -0.0980
vn -0.0975 0.0975 -0.9904
vn -0.0976 -0.0975 -0.9904
vn -0.2231 -0.8810 -0.4173
vn -0.2254 -0.9565 -0.1850
vn -0.4173 0.8810 -0.2231
vn -0.2571 -0.9565 -0.1374
vn -0.4173 -0.8810 -0.2230
vn -0.9904 -0.0975 -0.0976
vn -0.0980 -0.9951 -0.0097
vn -0.0980 0.9951 -0.0096
vn -0.9904 0.0975 -0.0976
vn -0.0980 -0.9951 0.0097
vn -0.0980 0.9951 0.0096
vn -0.4173 -0.8810 0.2230
vn -0.2254 -0.9566 0.1850
vn -0.1850 0.9565 0.2254
vn -0.2231 -0.8810 0.4173
vn -0.2230 0.8810 0.4173
vn -0.0975 -0.0975 0.9904
vn -0.0976 0.0975 0.9904
vn 0.0976 -0.0975 0.9904
vn 0.0846 -0.9565 0.2790
vn 0.2230 -0.8810 0.4173
vn 0.1850 -0.9566 0.2254
vn 0.8777 -0.0976 0.4691
vn 0.4173 -0.8810 0.2230
vn 0.9524 -0.0976 0.2889
vn 0.9904 -0.0976 0.0975
vn 0.9904 -0.0975 0.0975
vn 0.0980 -0.9951 0.0097
vn 0.0980 0.9951 0.0096
vn 0.9904 0.0975 0.0975
vn 0.0980 -0.9951 -0.0097
vn 0.0980 0.9951 -0.0096
vn 0.9904 -0.0976 -0.0975
vn 0.2571 -0.9565 -0.1374
vn 0.4173 -0.8810 -0.2230
vn 0.4173 0.8810 -0.2231
vn 0.8777 -0.0975 -0.4691
vn 0.1850 0.9565 -0.2254
vn 0.6314 -0.0976 -0.7693
vn 0.2231 0.8810 -0.4173
vn 0.4691 -0.0975 -0.8777
vn 0.1374 -0.9566 -0.2571
vn 0.2230 -0.8810 -0.4173
vn 0.2889 -0.0976 -0.9524
vn 0.0286 0.9951 -0.0943
vn 0.0846 -0.9566 -0.2790
vn 0.0976 0.0975 -0.9904
vn 0.2889 0.0976 -0.9524
vn 0.2254 -0.9566 -0.1850
vn 0.8777 0.0976 -0.4691
vn 0.9904 0.0976 -0.0975
vn 0.9904 0.0976 0.0975
vn 0.8777 0.0976 0.4691
vn 0.2254 0.9566 0.1850
vn 0.1850 0.9566 0.2254
vn 0.2231 0.8810 0.4173
vn -0.2230 0.8810 -0.4173
vn -0.2254 0.9566 -0.1850
vn -0.2571 0.9566 -0.1374
vn -0.4173 0.8810 0.2231
vn -0.2254 0.9566 0.1850
vn -0.1374 0.9566 0.2571
vn -0.0286 -0.9566 0.2902
vn 0.0976 0.0975 0.9904
vn 0.1374 0.9566 0.2571
vn 0.4173 0.8810 0.2231
vn 0.9524 0.0976 0.2889
vn 0.2571 0.9566 -0.1374
vn 0.6314 0.0976 -0.7693
vn 0.1850 -0.9566 -0.2254
vn 0.1374 0.9566 -0.2571
vn 0.4691 0.0976 -0.8777
usemtl None
s off
f 1/1/1 1395/2/1 505/3/1
f 482/4/2 1389/5/2 1400/6/2
f 1403/7/3 498/8/3 1922/9/3
f 1921/10/4 11/11/4 491/12/4
f 1402/13/5 499/14/5 1920/15/5
f 1919/16/6 12/17/6 492/18/6
f 1404/19/7 500/20/7 1918/21/7
f 1917/22/8 13/23/8 493/24/8
f 508/25/9 501/26/9 1916/27/9
f 1915/28/10 14/29/10 494/30/10
f 510/31/11 502/32/11 1914/33/11
f 1913/34/12 15/35/12 495/36/12
f 512/37/13 503/38/13 1912/39/13
f 1911/40/14 16/41/14 496/42/14
f 1405/43/15 504/44/15 1910/45/15
f 1909/46/16 17/47/16 497/48/16
f 1908/49/17 31/50/17 520/51/17
f 532/52/18 528/53/18 1907/54/18
f 1906/55/19 32/56/19 521/57/19
f 11/11/20 1399/58/20 534/59/20
f 482/60/21 1400/61/21 1407/62/21
f 533/63/22 522/64/22 1905/65/22
f 1904/66/23 26/67/23 515/68/23
f 535/69/24 523/70/24 1903/71/24
f 1902/72/25 27/73/25 516/74/25
f 537/75/26 524/76/26 1901/77/26
f 1900/78/27 28/79/27 517/80/27
f 539/81/28 525/82/28 1899/83/28
f 1898/84/29 29/85/29 518/86/29
f 541/87/30 526/88/30 1897/89/30
f 1896/90/31 30/91/31 519/92/31
f 543/93/32 527/94/32 1895/95/32
f 559/96/33 553/97/33 1894/98/33
f 1893/99/34 43/100/34 546/101/34
f 558/102/35 554/103/35 1892/104/35
f 1891/105/36 44/106/36 547/107/36
f 562/108/37 555/109/37 1890/110/37
f 1889/111/38 45/112/38 548/113/38
f 564/114/39 556/115/39 1888/116/39
f 1887/117/40 46/118/40 549/119/40
f 566/120/41 557/121/41 1886/122/41
f 1885/123/42 47/124/42 550/125/42
f 26/67/43 1406/126/43 570/127/43
f 482/128/44 1407/129/44 1409/130/44
f 569/131/45 551/132/45 1884/133/45
f 1883/134/46 41/135/46 544/136/46
f 571/137/47 552/138/47 1882/139/47
f 1881/140/48 42/141/48 545/142/48
f 588/143/49 586/144/49 1880/145/49
f 1879/146/50 62/147/50 579/148/50
f 41/135/51 1408/149/51 591/150/51
f 482/151/52 1409/152/52 1411/153/52
f 589/154/53 580/155/53 1878/156/53
f 1877/157/54 56/158/54 573/159/54
f 592/160/55 581/161/55 1876/162/55
f 1875/163/56 57/164/56 574/165/56
f 594/166/57 582/167/57 1874/168/57
f 1873/169/58 58/170/58 575/171/58
f 596/172/59 583/173/59 1872/174/59
f 1871/175/60 59/176/60 576/177/60
f 598/178/61 584/179/61 1870/180/61
f 1869/181/62 60/182/62 577/183/62
f 600/184/63 585/185/63 1868/186/63
f 1867/187/64 61/188/64 578/189/64
f 617/190/65 612/191/65 1866/192/65
f 1865/193/66 74/194/66 605/195/66
f 616/196/67 613/197/67 1864/198/67
f 1863/199/68 75/200/68 606/201/68
f 620/202/69 614/203/69 1862/204/69
f 1861/205/70 76/206/70 607/207/70
f 622/208/71 615/209/71 1860/210/71
f 1859/211/72 77/212/72 608/213/72
f 56/158/73 1410/214/73 626/215/73
f 482/216/74 1411/217/74 1413/218/74
f 625/219/75 609/220/75 1858/221/75
f 1857/222/76 71/223/76 602/224/76
f 627/225/77 610/226/77 1856/227/77
f 1855/228/78 72/229/78 603/230/78
f 629/231/79 611/232/79 1854/233/79
f 1853/234/80 73/235/80 604/236/80
f 71/223/81 1412/237/81 645/238/81
f 482/239/82 1413/240/82 1415/241/82
f 648/242/83 638/243/83 1852/244/83
f 1851/245/84 86/246/84 631/247/84
f 647/248/85 639/249/85 1850/250/85
f 1849/251/86 87/252/86 632/253/86
f 650/254/87 640/255/87 1848/256/87
f 1847/257/88 88/258/88 633/259/88
f 652/260/89 641/261/89 1846/262/89
f 1845/263/90 89/264/90 634/265/90
f 654/266/91 642/267/91 1844/268/91
f 1843/269/92 90/270/92 635/271/92
f 656/272/93 643/273/93 1842/274/93
f 1841/275/94 91/276/94 636/277/94
f 658/278/95 644/279/95 1840/280/95
f 1839/281/96 92/282/96 637/283/96
f 1838/284/97 104/285/97 663/286/97
f 677/287/98 671/288/98 1837/289/98
f 1836/290/99 105/291/99 664/292/99
f 676/293/100 672/294/100 1835/295/100
f 1834/296/101 106/297/101 665/298/101
f 679/299/102 673/300/102 1833/301/102
f 1832/302/103 107/303/103 666/304/103
f 86/246/104 1414/305/104 683/306/104
f 482/307/105 1415/308/105 1417/309/105
f 682/310/106 667/311/106 1831/312/106
f 1830/313/107 101/314/107 660/315/107
f 684/316/108 668/317/108 1829/318/108
f 1828/319/109 102/320/109 661/321/109
f 686/322/110 669/323/110 1827/324/110
f 1826/325/111 103/326/111 662/327/111
f 688/328/112 670/329/112 1825/330/112
f 704/331/113 696/332/113 1824/333/113
f 1823/334/114 116/335/114 689/336/114
f 703/337/115 697/338/115 1822/339/115
f 1821/340/116 117/341/116 690/342/116
f 707/343/117 698/344/117 1820/345/117
f 1819/346/118 118/347/118 691/348/118
f 709/349/119 699/350/119 1818/351/119
f 1817/352/120 119/353/120 692/354/120
f 711/355/121 700/356/121 1816/357/121
f 1815/358/122 120/359/122 693/360/122
f 713/361/123 701/362/123 1814/363/123
f 1813/364/124 121/365/124 694/366/124
f 715/367/125 702/368/125 1812/369/125
f 1811/370/126 122/371/126 695/372/126
f 101/314/127 1416/373/127 706/374/127
f 482/375/128 1417/376/128 1419/377/128
f 733/378/129 729/379/129 1810/380/129
f 1809/381/130 135/382/130 722/383/130
f 732/384/131 730/385/131 1808/386/131
f 1807/387/132 136/388/132 723/389/132
f 736/390/133 731/391/133 1806/392/133
f 1805/393/134 137/394/134 724/395/134
f 116/335/135 1418/396/135 740/397/135
f 482/398/136 1419/399/136 1421/400/136
f 739/401/137 725/402/137 1804/403/137
f 1803/404/138 131/405/138 718/406/138
f 741/407/139 726/408/139 1802/409/139
f 1801/410/140 132/411/140 719/412/140
f 743/413/141 727/414/141 1800/415/141
f 1799/416/142 133/417/142 720/418/142
f 745/419/143 728/420/143 1798/421/143
f 1797/422/144 134/423/144 721/424/144
f 1796/425/145 146/426/145 747/427/145
f 764/428/146 755/429/146 1795/430/146
f 1794/431/147 147/432/147 748/433/147
f 763/434/148 756/435/148 1793/436/148
f 1792/437/149 148/438/149 749/439/149
f 766/440/150 757/441/150 1791/442/150
f 1790/443/151 149/444/151 750/445/151
f 768/446/152 758/447/152 1789/448/152
f 1788/449/153 150/450/153 751/451/153
f 770/452/154 759/453/154 1787/454/154
f 1786/455/155 151/456/155 752/457/155
f 772/458/156 760/459/156 1785/460/156
f 1784/461/157 152/462/157 753/463/157
f 131/405/158 1420/464/158 762/465/158
f 482/466/159 1421/467/159 1423/468/159
f 775/469/160 754/470/160 1783/471/160
f 1782/472/161 165/473/161 780/474/161
f 793/475/162 788/476/162 1781/477/162
f 1780/478/163 166/479/163 781/480/163
f 792/481/164 789/482/164 1779/483/164
f 1778/484/165 167/485/165 782/486/165
f 146/426/166 1422/487/166 797/488/166
f 482/489/167 1423/490/167 1425/491/167
f 796/492/168 783/493/168 1777/494/168
f 1776/495/169 161/496/169 776/497/169
f 798/498/170 784/499/170 1775/500/170
f 1774/501/171 162/502/171 777/503/171
f 800/504/172 785/505/172 1773/506/172
f 1772/507/173 163/508/173 778/509/173
f 802/510/174 786/511/174 1771/512/174
f 1770/513/175 164/514/175 779/515/175
f 804/516/176 787/517/176 1769/518/176
f 820/519/177 813/520/177 1768/521/177
f 1767/522/178 177/523/178 806/524/178
f 819/525/179 814/526/179 1766/527/179
f 1765/528/180 178/529/180 807/530/180
f 823/531/181 815/532/181 1764/533/181
f 1763/534/182 179/535/182 808/536/182
f 825/537/183 816/538/183 1762/539/183
f 1761/540/184 180/541/184 809/542/184
f 827/543/185 817/544/185 1760/545/185
f 1759/546/186 181/547/186 810/548/186
f 829/549/187 818/550/187 1758/551/187
f 1757/552/188 182/553/188 811/554/188
f 161/496/189 1424/555/189 833/556/189
f 482/557/190 1425/558/190 1427/559/190
f 832/560/191 812/561/191 1756/562/191
f 1755/563/192 176/564/192 805/565/192
f 849/566/193 846/567/193 1754/568/193
f 1753/569/194 196/570/194 839/571/194
f 848/572/195 847/573/195 1752/574/195
f 1751/575/196 197/576/196 840/577/196
f 176/564/197 1426/578/197 854/579/197
f 482/580/198 1427/581/198 1429/582/198
f 853/583/199 841/584/199 1750/585/199
f 1749/586/200 191/587/200 834/588/200
f 855/589/201 842/590/201 1748/591/201
f 1747/592/202 192/593/202 835/594/202
f 857/595/203 843/596/203 1746/597/203
f 1745/598/204 193/599/204 836/600/204
f 859/601/205 844/602/205 1744/603/205
f 1743/604/206 194/605/206 837/606/206
f 861/607/207 845/608/207 1742/609/207
f 1741/610/208 195/611/208 838/612/208
f 878/613/209 872/614/209 1740/615/209
f 1739/616/210 208/617/210 865/618/210
f 877/619/211 873/620/211 1738/621/211
f 1737/622/212 209/623/212 866/624/212
f 881/625/213 874/626/213 1736/627/213
f 1735/628/214 210/629/214 867/630/214
f 883/631/215 875/632/215 1734/633/215
f 1733/634/216 211/635/216 868/636/216
f 885/637/217 876/638/217 1732/639/217
f 1731/640/218 212/641/218 869/642/218
f 191/587/219 1428/643/219 889/644/219
f 482/645/220 1429/646/220 1431/647/220
f 888/648/221 870/649/221 1730/650/221
f 1729/651/222 206/652/222 863/653/222
f 890/654/223 871/655/223 1728/656/223
f 1727/657/224 207/658/224 864/659/224
f 907/660/225 905/661/225 1726/662/225
f 1725/663/226 227/664/226 898/665/226
f 206/652/227 1430/666/227 910/667/227
f 482/668/228 1431/669/228 1433/670/228
f 908/671/229 899/672/229 1724/673/229
f 1723/674/230 221/675/230 892/676/230
f 911/677/231 900/678/231 1722/679/231
f 1721/680/232 222/681/232 893/682/232
f 913/683/233 901/684/233 1720/685/233
f 1719/686/234 223/687/234 894/688/234
f 915/689/235 902/690/235 1718/691/235
f 1717/692/236 224/693/236 895/694/236
f 917/695/237 903/696/237 1716/697/237
f 1715/698/238 225/699/238 896/700/238
f 919/701/239 904/702/239 1714/703/239
f 1713/704/240 226/705/240 897/706/240
f 1712/707/241 238/708/241 923/709/241
f 938/710/242 931/711/242 1711/712/242
f 1710/713/243 239/714/243 924/715/243
f 937/716/244 932/717/244 1709/718/244
f 1708/719/245 240/720/245 925/721/245
f 940/722/246 933/723/246 1707/724/246
f 1706/725/247 241/726/247 926/727/247
f 942/728/248 934/729/248 1705/730/248
f 1704/731/249 242/732/249 927/733/249
f 221/675/250 1432/734/250 946/735/250
f 482/736/251 1433/737/251 1435/738/251
f 945/739/252 928/740/252 1703/741/252
f 1702/742/253 236/743/253 921/744/253
f 947/745/254 929/746/254 1701/747/254
f 1700/748/255 237/749/255 922/750/255
f 949/751/256 930/752/256 1699/753/256
f 1698/754/257 257/755/257 956/756/257
f 236/743/258 1434/757/258 966/758/258
f 482/759/259 1435/760/259 1437/761/259
f 964/762/260 957/763/260 1697/764/260
f 1696/765/261 251/766/261 950/767/261
f 968/768/262 958/769/262 1695/770/262
f 1694/771/263 252/772/263 951/773/263
f 970/774/264 959/775/264 1693/776/264
f 1692/777/265 253/778/265 952/779/265
f 972/780/266 960/781/266 1691/782/266
f 1690/783/267 254/784/267 953/785/267
f 974/786/268 961/787/268 1689/788/268
f 1688/789/269 255/790/269 954/791/269
f 976/792/270 962/793/270 1687/794/270
f 1686/795/271 256/796/271 955/797/271
f 978/798/272 963/799/272 1685/800/272
f 994/801/273 989/802/273 1684/803/273
f 1683/804/274 269/805/274 982/806/274
f 993/807/275 990/808/275 1682/809/275
f 1681/810/276 270/811/276 983/812/276
f 997/813/277 991/814/277 1680/815/277
f 1679/816/278 271/817/278 984/818/278
f 999/819/279 992/820/279 1678/821/279
f 1677/822/280 272/823/280 985/824/280
f 251/766/281 1436/825/281 1003/826/281
f 482/827/282 1437/828/282 1439/829/282
f 1002/830/283 986/831/283 1676/832/283
f 1675/833/284 266/834/284 979/835/284
f 1004/836/285 987/837/285 1674/838/285
f 1673/839/286 267/840/286 980/841/286
f 1006/842/287 988/843/287 1672/844/287
f 1671/845/288 268/846/288 981/847/288
f 266/834/289 1438/848/289 1022/849/289
f 482/850/290 1439/851/290 1441/852/290
f 1025/853/291 1015/854/291 1670/855/291
f 1669/856/292 281/857/292 1008/858/292
f 1024/859/293 1016/860/293 1668/861/293
f 1667/862/294 282/863/294 1009/864/294
f 1027/865/295 1017/866/295 1666/867/295
f 1665/868/296 283/869/296 1010/870/296
f 1029/871/297 1018/872/297 1664/873/297
f 1663/874/298 284/875/298 1011/876/298
f 1031/877/299 1019/878/299 1662/879/299
f 1661/880/300 285/881/300 1012/882/300
f 1033/883/301 1020/884/301 1660/885/301
f 1659/886/302 286/887/302 1013/888/302
f 1035/889/303 1021/890/303 1658/891/303
f 1657/892/304 287/893/304 1014/894/304
f 1656/895/305 299/896/305 1040/897/305
f 1054/898/306 1048/899/306 1655/900/306
f 1654/901/307 300/902/307 1041/903/307
f 1053/904/308 1049/905/308 1653/906/308
f 1652/907/309 301/908/309 1042/909/309
f 1056/910/310 1050/911/310 1651/912/310
f 1650/913/311 302/914/311 1043/915/311
f 281/857/312 1440/916/312 1060/917/312
f 482/918/313 1441/919/313 1443/920/313
f 1059/921/314 1044/922/314 1649/923/314
f 1648/924/315 296/925/315 1037/926/315
f 1061/927/316 1045/928/316 1647/929/316
f 1646/930/317 297/931/317 1038/932/317
f 1063/933/318 1046/934/318 1645/935/318
f 1644/936/319 298/937/319 1039/938/319
f 1065/939/320 1047/940/320 1643/941/320
f 1081/942/321 1073/943/321 1642/944/321
f 1641/945/322 311/946/322 1066/947/322
f 1080/948/323 1074/949/323 1640/950/323
f 1639/951/324 312/952/324 1067/953/324
f 1084/954/325 1075/955/325 1638/956/325
f 1637/957/326 313/958/326 1068/959/326
f 1086/960/327 1076/961/327 1636/962/327
f 1635/963/328 314/964/328 1069/965/328
f 1088/966/329 1077/967/329 1634/968/329
f 1633/969/330 315/970/330 1070/971/330
f 1090/972/331 1078/973/331 1632/974/331
f 1631/975/332 316/976/332 1071/977/332
f 1092/978/333 1079/979/333 1630/980/333
f 1629/981/334 317/982/334 1072/983/334
f 296/925/335 1442/984/335 1083/985/335
f 482/986/336 1443/987/336 1445/988/336
f 1111/989/337 1107/990/337 1628/991/337
f 1627/992/338 331/993/338 1100/994/338
f 1110/995/339 1108/996/339 1626/997/339
f 1625/998/340 332/999/340 1101/1000/340
f 1114/1001/341 1109/1002/341 1624/1003/341
f 1623/1004/342 333/1005/342 1102/1006/342
f 311/946/343 1444/1007/343 1118/1008/343
f 482/1009/344 1445/1010/344 1446/1011/344
f 1117/1012/345 1103/1013/345 1622/1014/345
f 1621/1015/346 327/1016/346 1096/1017/346
f 1119/1018/347 1104/1019/347 1620/1020/347
f 1619/1021/348 328/1022/348 1097/1023/348
f 1121/1024/349 1105/1025/349 1618/1026/349
f 1617/1027/350 329/1028/350 1098/1029/350
f 1123/1030/351 1106/1031/351 1616/1032/351
f 1615/1033/352 330/1034/352 1099/1035/352
f 1140/1036/353 1133/1037/353 1614/1038/353
f 1613/1039/354 343/1040/354 1126/1041/354
f 1139/1042/355 1134/1043/355 1612/1044/355
f 1611/1045/356 344/1046/356 1127/1047/356
f 1143/1048/357 1135/1049/357 1610/1050/357
f 1609/1051/358 345/1052/358 1128/1053/358
f 1145/1054/359 1136/1055/359 1608/1056/359
f 1607/1057/360 346/1058/360 1129/1059/360
f 1147/1060/361 1137/1061/361 1606/1062/361
f 1605/1063/362 347/1064/362 1130/1065/362
f 1149/1066/363 1138/1067/363 1604/1068/363
f 1603/1069/364 348/1070/364 1131/1071/364
f 327/1016/365 1095/1072/365 1153/1073/365
f 482/1074/366 1446/1075/366 1448/1076/366
f 1152/1077/367 1132/1078/367 1602/1079/367
f 1601/1080/368 342/1081/368 1125/1082/368
f 1169/1083/369 1166/1084/369 1600/1085/369
f 1599/1086/370 362/1087/370 1159/1088/370
f 1168/1089/371 1167/1090/371 1598/1091/371
f 1597/1092/372 363/1093/372 1160/1094/372
f 342/1081/373 1447/1095/373 1174/1096/373
f 482/1097/374 1448/1098/374 1450/1099/374
f 1173/1100/375 1161/1101/375 1596/1102/375
f 1595/1103/376 357/1104/376 1154/1105/376
f 1175/1106/377 1162/1107/377 1594/1108/377
f 1593/1109/378 358/1110/378 1155/1111/378
f 1177/1112/379 1163/1113/379 1592/1114/379
f 1591/1115/380 359/1116/380 1156/1117/380
f 1179/1118/381 1164/1119/381 1590/1120/381
f 1589/1121/382 360/1122/382 1157/1123/382
f 1181/1124/383 1165/1125/383 1588/1126/383
f 1587/1127/384 361/1128/384 1158/1129/384
f 1586/1130/385 373/1131/385 1184/1132/385
f 1200/1133/386 1192/1134/386 1585/1135/386
f 1584/1136/387 374/1137/387 1185/1138/387
f 1199/1139/388 1193/1140/388 1583/1141/388
f 1582/1142/389 375/1143/389 1186/1144/389
f 1202/1145/390 1194/1146/390 1581/1147/390
f 1580/1148/391 376/1149/391 1187/1150/391
f 1204/1151/392 1195/1152/392 1579/1153/392
f 1578/1154/393 377/1155/393 1188/1156/393
f 1206/1157/394 1196/1158/394 1577/1159/394
f 1576/1160/395 378/1161/395 1189/1162/395
f 357/1163/396 1449/1164/396 1210/1165/396
f 482/1166/397 1450/1167/397 1452/1168/397
f 1209/1169/398 1190/1170/398 1575/1171/398
f 1574/1172/399 372/1173/399 1183/1174/399
f 1211/1175/400 1191/1176/400 1573/1177/400
f 1572/1178/401 392/1179/401 1217/1180/401
f 1229/1181/402 1225/1182/402 1571/1183/402
f 1570/1184/403 393/1185/403 1218/1186/403
f 372/1173/404 1451/1187/404 1231/1188/404
f 482/1189/405 1452/1190/405 1454/1191/405
f 1230/1192/406 1219/1193/406 1569/1194/406
f 1568/1195/407 387/1196/407 1212/1197/407
f 1232/1198/408 1220/1199/408 1567/1200/408
f 1566/1201/409 388/1202/409 1213/1203/409
f 1234/1204/410 1221/1205/410 1565/1206/410
f 1564/1207/411 389/1208/411 1214/1209/411
f 1236/1210/412 1222/1211/412 1563/1212/412
f 1562/1213/413 390/1214/413 1215/1215/413
f 1238/1216/414 1223/1217/414 1561/1218/414
f 1560/1219/415 391/1220/415 1216/1221/415
f 1240/1222/416 1224/1223/416 1559/1224/416
f 1256/1225/417 1250/1226/417 1558/1227/417
f 1557/1228/418 404/1229/418 1243/1230/418
f 1255/1231/419 1251/1232/419 1556/1233/419
f 1555/1234/420 405/1235/420 1244/1236/420
f 1259/1237/421 1252/1238/421 1554/1239/421
f 1553/1240/422 406/1241/422 1245/1242/422
f 1261/1243/423 1253/1244/423 1552/1245/423
f 1551/1246/424 407/1247/424 1246/1248/424
f 1263/1249/425 1254/1250/425 1550/1251/425
f 1549/1252/426 408/1253/426 1247/1254/426
f 387/1196/427 1453/1255/427 1267/1256/427
f 482/1257/428 1454/1258/428 1456/1259/428
f 1266/1260/429 1248/1261/429 1548/1262/429
f 1547/1263/430 402/1264/430 1241/1265/430
f 1268/1266/431 1249/1267/431 1546/1268/431
f 1545/1269/432 403/1270/432 1242/1271/432
f 1285/1272/433 1283/1273/433 1544/1274/433
f 1543/1275/434 423/1276/434 1276/1277/434
f 402/1264/435 1455/1278/435 1288/1279/435
f 482/1280/436 1456/1281/436 1458/1282/436
f 1286/1283/437 1277/1284/437 1542/1285/437
f 1541/1286/438 417/1287/438 1270/1288/438
f 1289/1289/439 1278/1290/439 1540/1291/439
f 1539/1292/440 418/1293/440 1271/1294/440
f 1291/1295/441 1279/1296/441 1538/1297/441
f 1537/1298/442 419/1299/442 1272/1300/442
f 1293/1301/443 1280/1302/443 1536/1303/443
f 1535/1304/444 420/1305/444 1273/1306/444
f 1295/1307/445 1281/1308/445 1534/1309/445
f 1533/1310/446 421/1311/446 1274/1312/446
f 1297/1313/447 1282/1314/447 1532/1315/447
f 1531/1316/448 422/1317/448 1275/1318/448
f 1530/1319/449 434/1320/449 1301/1321/449
f 1316/1322/450 1309/1323/450 1529/1324/450
f 1528/1325/451 435/1326/451 1302/1327/451
f 1315/1328/452 1310/1329/452 1527/1330/452
f 1526/1331/453 436/1332/453 1303/1333/453
f 1318/1334/454 1311/1335/454 1525/1336/454
f 1524/1337/455 437/1338/455 1304/1339/455
f 1320/1340/456 1312/1341/456 1523/1342/456
f 1522/1343/457 438/1344/457 1305/1345/457
f 417/1287/458 1457/1346/458 1324/1347/458
f 482/1348/459 1458/1349/459 1460/1350/459
f 1323/1351/460 1306/1352/460 1521/1353/460
f 1520/1354/461 432/1355/461 1299/1356/461
f 1325/1357/462 1307/1358/462 1519/1359/462
f 1518/1360/463 433/1361/463 1300/1362/463
f 1327/1363/464 1308/1364/464 1517/1365/464
f 1516/1366/465 453/1367/465 1334/1368/465
f 432/1355/466 1459/1369/466 1344/1370/466
f 482/1371/467 1460/1372/467 1462/1373/467
f 1342/1374/468 1335/1375/468 1515/1376/468
f 1514/1377/469 447/1378/469 1328/1379/469
f 1346/1380/470 1336/1381/470 1513/1382/470
f 1512/1383/471 448/1384/471 1329/1385/471
f 1348/1386/472 1337/1387/472 1511/1388/472
f 1510/1389/473 449/1390/473 1330/1391/473
f 1350/1392/474 1338/1393/474 1509/1394/474
f 1508/1395/475 450/1396/475 1331/1397/475
f 1352/1398/476 1339/1399/476 1507/1400/476
f 1506/1401/477 451/1402/477 1332/1403/477
f 1354/1404/478 1340/1405/478 1505/1406/478
f 1504/1407/479 452/1408/479 1333/1409/479
f 1356/1410/480 1341/1411/480 1503/1412/480
f 1372/1413/481 1367/1414/481 1502/1415/481
f 1501/1416/482 465/1417/482 1360/1418/482
f 1371/1419/483 1368/1420/483 1500/1421/483
f 1499/1422/484 466/1423/484 1361/1424/484
f 1375/1425/485 1369/1426/485 1498/1427/485
f 1497/1428/486 467/1429/486 1362/1430/486
f 1377/1431/487 1370/1432/487 1496/1433/487
f 1495/1434/488 468/1435/488 1363/1436/488
f 447/1378/489 1461/1437/489 1381/1438/489
f 482/1439/490 1462/1440/490 1464/1441/490
f 1380/1442/491 1364/1443/491 1494/1444/491
f 1493/1445/492 462/1446/492 1357/1447/492
f 1382/1448/493 1365/1449/493 1492/1450/493
f 1491/1451/494 463/1452/494 1358/1453/494
f 1384/1454/495 1366/1455/495 1490/1456/495
f 1489/1457/496 464/1458/496 1359/1459/496
f 482/1460/497 1464/1461/497 1389/1462/497
f 1392/1463/498 1386/1464/498 1488/1465/498
f 1487/1466/499 1/1/499 483/1467/499
f 1391/1468/500 1387/1469/500 1486/1470/500
f 1485/1471/501 2/1472/501 484/1473/501
f 1393/1474/502 1397/1475/502 1484/1476/502
f 1483/1477/503 3/1478/503 485/1479/503
f 1468/1480/504 489/1481/504 1482/1482/504
f 1481/1483/505 4/1484/505 486/1485/505
f 1470/1486/506 490/1487/506 1480/1488/506
f 1479/1489/507 5/1490/507 487/1491/507
f 1472/1492/508 1398/1493/508 1478/1494/508
f 1477/1495/509 6/1496/509 488/1497/509
f 1394/1498/510 1388/1499/510 1476/1500/510
f 1475/1501/511 7/1502/511 1396/1503/511
f 462/1446/512 1463/1504/512 1466/1505/512
f 1466/1505/512 1395/1506/512 1/1/512
f 1466/1505/512 1463/1504/512 1395/1506/512
f 1463/1504/512 326/1507/512 1395/1506/512
f 1392/1463/513 1396/1503/513 477/1508/513
f 1363/1436/513 1392/1463/513 469/1509/513
f 468/1435/513 1475/1501/513 1363/1436/513
f 1476/1500/510 481/1510/510 1390/1511/510
f 476/1512/510 1476/1500/510 1390/1511/510
f 1370/1432/510 1394/1498/510 1476/1500/510
f 1474/1513/509 488/1497/509 7/1502/509
f 1362/1430/509 1474/1513/509 468/1435/509
f 467/1429/509 1477/1495/509 1362/1430/509
f 1478/1494/508 480/1514/508 1394/1498/508
f 475/1515/508 1478/1494/508 1394/1498/508
f 1369/1426/508 1472/1492/508 1478/1494/508
f 1473/1516/507 487/1491/507 6/1496/507
f 1361/1424/507 1473/1516/507 467/1429/507
f 466/1423/507 1479/1489/507 1361/1424/507
f 1480/1488/506 10/1517/506 1472/1492/506
f 474/1518/506 1480/1488/506 1472/1492/506
f 1368/1420/506 1470/1486/506 1480/1488/506
f 1471/1519/505 486/1485/505 5/1490/505
f 1360/1418/505 1471/1519/505 466/1423/505
f 465/1417/505 1481/1483/505 1360/1418/505
f 1482/1482/504 9/1520/504 1470/1486/504
f 473/1521/504 1482/1482/504 1470/1486/504
f 1367/1414/504 1468/1480/504 1482/1482/504
f 1469/1522/503 485/1479/503 4/1484/503
f 1359/1459/503 1469/1522/503 465/1417/503
f 464/1458/503 1483/1477/503 1359/1459/503
f 1484/1476/502 8/1523/502 1468/1480/502
f 472/1524/502 1484/1476/502 1468/1480/502
f 1366/1455/502 1393/1474/502 1484/1476/502
f 1467/1525/501 484/1473/501 3/1478/501
f 1358/1453/501 1467/1525/501 464/1458/501
f 463/1452/501 1485/1471/501 1358/1453/501
f 1486/1470/500 479/1526/500 1393/1474/500
f 471/1527/500 1486/1470/500 1393/1474/500
f 1365/1449/500 1391/1468/500 1486/1470/500
f 1465/1528/499 483/1467/499 2/1472/499
f 1357/1447/499 1465/1528/499 463/1452/499
f 462/1446/499 1487/1466/499 1357/1447/499
f 1488/1465/514 478/1529/514 1391/1468/514
f 470/1530/498 1488/1465/498 1391/1468/498
f 1364/1443/498 1392/1463/498 1488/1465/498
f 1389/1462/497 1390/1511/497 481/1510/497
f 1389/1462/497 1464/1461/497 1390/1511/497
f 1464/1461/497 476/1512/497 1390/1511/497
f 1374/1531/496 1359/1459/496 465/1417/496
f 1330/1391/496 1374/1531/496 450/1396/496
f 449/1390/496 1489/1457/496 1330/1391/496
f 1490/1456/495 472/1524/495 1372/1413/495
f 457/1532/495 1490/1456/495 1372/1413/495
f 1337/1387/495 1384/1454/495 1490/1456/495
f 1385/1533/494 1358/1453/494 464/1458/494
f 1329/1385/494 1385/1533/494 449/1390/494
f 448/1384/494 1491/1451/494 1329/1385/494
f 1492/1450/493 471/1527/493 1384/1454/493
f 456/1534/493 1492/1450/493 1384/1454/493
f 1336/1381/493 1382/1448/493 1492/1450/493
f 1383/1535/492 1357/1447/492 463/1452/492
f 1328/1379/492 1383/1535/492 448/1384/492
f 447/1378/492 1493/1445/492 1328/1379/492
f 1494/1444/491 470/1530/491 1382/1448/491
f 455/1536/491 1494/1444/491 1382/1448/491
f 1335/1375/491 1380/1442/491 1494/1444/491
f 1464/1441/490 1379/1537/490 476/1512/490
f 1464/1441/490 1462/1440/490 1379/1537/490
f 1462/1440/490 461/1538/490 1379/1537/490
f 1381/1438/489 1463/1539/489 462/1446/489
f 1381/1438/489 1461/1437/489 1463/1539/489
f 1461/1437/489 326/1540/489 1463/1539/489
f 1380/1442/488 1363/1436/488 469/1509/488
f 1334/1368/488 1380/1442/488 454/1541/488
f 453/1367/488 1495/1434/488 1334/1368/488
f 1496/1433/487 476/1512/487 1379/1537/487
f 461/1538/487 1496/1433/487 1379/1537/487
f 1341/1411/487 1377/1431/487 1496/1433/487
f 1378/1542/486 1362/1430/486 468/1435/486
f 1333/1409/486 1378/1542/486 453/1367/486
f 452/1408/486 1497/1428/486 1333/1409/486
f 1498/1427/485 475/1515/485 1377/1431/485
f 460/1543/485 1498/1427/485 1377/1431/485
f 1340/1405/485 1375/1425/485 1498/1427/485
f 1376/1544/484 1361/1424/484 467/1429/484
f 1332/1403/484 1376/1544/484 452/1408/484
f 451/1402/484 1499/1422/484 1332/1403/484
f 1500/1421/483 474/1518/483 1375/1425/483
f 459/1545/483 1500/1421/483 1375/1425/483
f 1339/1399/483 1371/1419/483 1500/1421/483
f 1373/1546/482 1360/1418/482 466/1423/482
f 1331/1397/482 1373/1546/482 451/1402/482
f 450/1396/482 1501/1416/482 1331/1397/482
f 1502/1415/481 473/1521/481 1371/1419/481
f 458/1547/481 1502/1415/481 1371/1419/481
f 1338/1393/481 1372/1413/481 1502/1415/481
f 1503/1412/480 461/1538/480 1345/1548/480
f 446/1549/480 1503/1412/480 1345/1548/480
f 1312/1341/480 1356/1410/480 1503/1412/480
f 1343/1550/479 1333/1409/479 453/1367/479
f 1304/1339/479 1343/1550/479 438/1344/479
f 437/1338/479 1504/1407/479 1304/1339/479
f 1505/1406/515 460/1543/515 1356/1410/515
f 445/1551/478 1505/1406/478 1356/1410/478
f 1311/1335/515 1354/1404/515 1505/1406/515
f 1355/1552/477 1332/1403/477 452/1408/477
f 1303/1333/477 1355/1552/477 437/1338/477
f 436/1332/477 1506/1401/477 1303/1333/477
f 1507/1400/476 459/1545/476 1354/1404/476
f 444/1553/476 1507/1400/476 1354/1404/476
f 1310/1329/476 1352/1398/476 1507/1400/476
f 1353/1554/475 1331/1397/475 451/1402/475
f 1302/1327/475 1353/1554/475 436/1332/475
f 435/1326/475 1508/1395/475 1302/1327/475
f 1509/1394/474 458/1547/474 1352/1398/474
f 443/1555/474 1509/1394/474 1352/1398/474
f 1309/1323/474 1350/1392/474 1509/1394/474
f 1351/1556/473 1330/1391/473 450/1396/473
f 1301/1321/473 1351/1556/473 435/1326/473
f 434/1320/473 1510/1389/473 1301/1321/473
f 1511/1388/472 457/1532/472 1350/1392/472
f 442/1557/472 1511/1388/472 1350/1392/472
f 1308/1364/472 1348/1386/472 1511/1388/472
f 1349/1558/471 1329/1385/471 449/1390/471
f 1300/1362/471 1349/1558/471 434/1320/471
f 433/1361/471 1512/1383/471 1300/1362/471
f 1513/1382/470 456/1534/470 1348/1386/470
f 441/1559/470 1513/1382/470 1348/1386/470
f 1307/1358/470 1346/1380/470 1513/1382/470
f 1347/1560/469 1328/1379/469 448/1384/469
f 1299/1356/469 1347/1560/469 433/1361/469
f 432/1355/469 1514/1377/469 1299/1356/469
f 1515/1376/468 455/1536/468 1346/1380/468
f 440/1561/468 1515/1376/468 1346/1380/468
f 1306/1352/468 1342/1374/468 1515/1376/468
f 1462/1373/467 1345/1548/467 461/1538/467
f 1462/1373/467 1460/1372/467 1345/1548/467
f 1460/1372/467 446/1549/467 1345/1548/467
f 1344/1370/466 1461/1562/466 447/1378/466
f 1344/1370/466 1459/1369/466 1461/1562/466
f 1459/1369/466 326/1563/466 1461/1562/466
f 1342/1374/465 1334/1368/465 454/1541/465
f 1305/1345/465 1342/1374/465 439/1564/465
f 438/1344/465 1516/1366/465 1305/1345/465
f 1517/1365/464 442/1557/464 1316/1322/464
f 427/1565/464 1517/1365/464 1316/1322/464
f 1279/1296/464 1327/1363/464 1517/1365/464
f 1314/1566/463 1300/1362/463 434/1320/463
f 1271/1294/463 1314/1566/463 419/1299/463
f 418/1293/463 1518/1360/463 1271/1294/463
f 1519/1359/462 441/1559/462 1327/1363/462
f 426/1567/462 1519/1359/462 1327/1363/462
f 1278/1290/462 1325/1357/462 1519/1359/462
f 1326/1568/461 1299/1356/461 433/1361/461
f 1270/1288/461 1326/1568/461 418/1293/461
f 417/1287/461 1520/1354/461 1270/1288/461
f 1521/1353/460 440/1561/460 1325/1357/460
f 425/1569/460 1521/1353/460 1325/1357/460
f 1277/1284/460 1323/1351/460 1521/1353/460
f 1460/1350/459 1322/1570/459 446/1549/459
f 1460/1350/459 1458/1349/459 1322/1570/459
f 1458/1349/459 431/1571/459 1322/1570/459
f 1324/1347/458 1459/1572/458 432/1355/458
f 1324/1347/458 1457/1346/458 1459/1572/458
f 1457/1346/458 326/1573/458 1459/1572/458
f 1323/1351/457 1305/1345/457 439/1564/457
f 1276/1277/457 1323/1351/457 424/1574/457
f 423/1276/457 1522/1343/457 1276/1277/457
f 1523/1342/456 446/1549/456 1322/1570/456
f 431/1571/456 1523/1342/456 1322/1570/456
f 1283/1273/456 1320/1340/456 1523/1342/456
f 1321/1575/455 1304/1339/455 438/1344/455
f 1275/1318/455 1321/1575/455 423/1276/455
f 422/1317/455 1524/1337/455 1275/1318/455
f 1525/1336/454 445/1551/454 1320/1340/454
f 430/1576/454 1525/1336/454 1320/1340/454
f 1282/1314/454 1318/1334/454 1525/1336/454
f 1319/1577/453 1303/1333/453 437/1338/453
f 1274/1312/453 1319/1577/453 422/1317/453
f 421/1311/453 1526/1331/453 1274/1312/453
f 1527/1330/452 444/1553/452 1318/1334/452
f 429/1578/452 1527/1330/452 1318/1334/452
f 1281/1308/452 1315/1328/452 1527/1330/452
f 1317/1579/451 1302/1327/451 436/1332/451
f 1273/1306/451 1317/1579/451 421/1311/451
f 420/1305/451 1528/1325/451 1273/1306/451
f 1529/1324/450 443/1555/450 1315/1328/450
f 428/1580/450 1529/1324/450 1315/1328/450
f 1280/1302/450 1316/1322/450 1529/1324/450
f 1313/1581/449 1301/1321/449 435/1326/449
f 1272/1300/449 1313/1581/449 420/1305/449
f 419/1299/449 1530/1319/449 1272/1300/449
f 1287/1582/448 1275/1318/448 423/1276/448
f 1246/1248/448 1287/1582/448 408/1253/448
f 407/1247/448 1531/1316/448 1246/1248/448
f 1532/1315/447 430/1576/447 1285/1272/447
f 415/1583/447 1532/1315/447 1285/1272/447
f 1253/1244/447 1297/1313/447 1532/1315/447
f 1298/1584/446 1274/1312/446 422/1317/446
f 1245/1242/446 1298/1584/446 407/1247/446
f 406/1241/446 1533/1310/446 1245/1242/446
f 1534/1309/445 429/1578/445 1297/1313/445
f 414/1585/445 1534/1309/445 1297/1313/445
f 1252/1238/445 1295/1307/445 1534/1309/445
f 1296/1586/444 1273/1306/444 421/1311/444
f 1244/1236/444 1296/1586/444 406/1241/444
f 405/1235/444 1535/1304/444 1244/1236/444
f 1536/1303/443 428/1580/443 1295/1307/443
f 413/1587/443 1536/1303/443 1295/1307/443
f 1251/1232/443 1293/1301/443 1536/1303/443
f 1294/1588/442 1272/1300/442 420/1305/442
f 1243/1230/442 1294/1588/442 405/1235/442
f 404/1229/442 1537/1298/442 1243/1230/442
f 1538/1297/441 427/1565/441 1293/1301/441
f 412/1589/441 1538/1297/441 1293/1301/441
f 1250/1226/441 1291/1295/441 1538/1297/441
f 1292/1590/440 1271/1294/440 419/1299/440
f 1242/1271/440 1292/1590/440 404/1229/440
f 403/1270/440 1539/1292/440 1242/1271/440
f 1540/1291/439 426/1567/439 1291/1295/439
f 411/1591/439 1540/1291/439 1291/1295/439
f 1249/1267/439 1289/1289/439 1540/1291/439
f 1290/1592/438 1270/1288/438 418/1293/438
f 1241/1265/438 1290/1592/438 403/1270/438
f 402/1264/438 1541/1286/438 1241/1265/438
f 1542/1285/437 425/1569/437 1289/1289/437
f 410/1593/437 1542/1285/437 1289/1289/437
f 1248/1261/437 1286/1283/437 1542/1285/437
f 1458/1282/436 1284/1594/436 431/1571/436
f 1458/1282/436 1456/1281/436 1284/1594/436
f 1456/1281/436 416/1595/436 1284/1594/436
f 1288/1279/435 1457/1596/435 417/1287/435
f 1288/1279/435 1455/1278/435 1457/1596/435
f 1455/1278/435 326/1597/435 1457/1596/435
f 1286/1283/434 1276/1277/434 424/1574/434
f 1247/1254/434 1286/1283/434 409/1598/434
f 408/1253/434 1543/1275/434 1247/1254/434
f 1544/1274/516 431/1571/516 1284/1594/516
f 416/1595/516 1544/1274/516 1284/1594/516
f 1254/1250/516 1285/1272/516 1544/1274/516
f 1258/1599/517 1242/1271/517 404/1229/517
f 1213/1203/517 1258/1599/517 389/1208/517
f 388/1202/517 1545/1269/517 1213/1203/517
f 1546/1268/431 411/1591/431 1256/1225/431
f 396/1600/431 1546/1268/431 1256/1225/431
f 1220/1199/431 1268/1266/431 1546/1268/431
f 1269/1601/430 1241/1265/430 403/1270/430
f 1212/1197/430 1269/1601/430 388/1202/430
f 387/1196/430 1547/1263/430 1212/1197/430
f 1548/1262/429 410/1593/429 1268/1266/429
f 395/1602/429 1548/1262/429 1268/1266/429
f 1219/1193/429 1266/1260/429 1548/1262/429
f 1456/1259/428 1265/1603/428 416/1595/428
f 1456/1259/428 1454/1258/428 1265/1603/428
f 1454/1258/428 401/1604/428 1265/1603/428
f 1267/1256/427 1455/1605/427 402/1264/427
f 1267/1256/427 1453/1255/427 1455/1605/427
f 1453/1255/427 326/1606/427 1455/1605/427
f 1266/1260/426 1247/1254/426 409/1598/426
f 1218/1186/426 1266/1260/426 394/1607/426
f 393/1185/426 1549/1252/426 1218/1186/426
f 1550/1251/518 416/1595/518 1265/1603/518
f 401/1604/518 1550/1251/518 1265/1603/518
f 1225/1182/518 1263/1249/518 1550/1251/518
f 1264/1608/424 1246/1248/424 408/1253/424
f 1217/1180/424 1264/1608/424 393/1185/424
f 392/1179/424 1551/1246/424 1217/1180/424
f 1552/1245/519 415/1583/519 1263/1249/519
f 400/1609/519 1552/1245/519 1263/1249/519
f 1224/1223/423 1261/1243/423 1552/1245/423
f 1262/1610/422 1245/1242/422 407/1247/422
f 1216/1221/422 1262/1610/422 392/1179/422
f 391/1220/422 1553/1240/422 1216/1221/422
f 1554/1239/421 414/1585/421 1261/1243/421
f 399/1611/421 1554/1239/421 1261/1243/421
f 1223/1217/421 1259/1237/421 1554/1239/421
f 1260/1612/420 1244/1236/420 406/1241/420
f 1215/1215/420 1260/1612/420 391/1220/420
f 390/1214/420 1555/1234/420 1215/1215/420
f 1556/1233/419 413/1587/419 1259/1237/419
f 398/1613/419 1556/1233/419 1259/1237/419
f 1222/1211/419 1255/1231/419 1556/1233/419
f 1257/1614/418 1243/1230/418 405/1235/418
f 1214/1209/418 1257/1614/418 390/1214/418
f 389/1208/418 1557/1228/418 1214/1209/418
f 1558/1227/417 412/1589/417 1255/1231/417
f 397/1615/417 1558/1227/417 1255/1231/417
f 1221/1205/417 1256/1225/417 1558/1227/417
f 1559/1224/416 400/1609/416 1229/1181/416
f 385/1616/416 1559/1224/416 1229/1181/416
f 1195/1152/416 1240/1222/416 1559/1224/416
f 1227/1617/415 1216/1221/415 392/1179/415
f 1187/1150/415 1227/1617/415 377/1155/415
f 376/1149/415 1560/1219/415 1187/1150/415
f 1561/1218/414 399/1611/414 1240/1222/414
f 384/1618/414 1561/1218/414 1240/1222/414
f 1194/1146/414 1238/1216/414 1561/1218/414
f 1239/1619/413 1215/1215/413 391/1220/413
f 1186/1144/413 1239/1619/413 376/1149/413
f 375/1143/413 1562/1213/413 1186/1144/413
f 1563/1212/412 398/1613/412 1238/1216/412
f 383/1620/412 1563/1212/412 1238/1216/412
f 1193/1140/412 1236/1210/412 1563/1212/412
f 1237/1621/411 1214/1209/411 390/1214/411
f 1185/1138/411 1237/1621/411 375/1143/411
f 374/1137/411 1564/1207/411 1185/1138/411
f 1565/1206/410 397/1615/410 1236/1210/410
f 382/1622/410 1565/1206/410 1236/1210/410
f 1192/1134/410 1234/1204/410 1565/1206/410
f 1235/1623/409 1213/1203/409 389/1208/409
f 1184/1132/409 1235/1623/409 374/1137/409
f 373/1131/409 1566/1201/409 1184/1132/409
f 1567/1200/408 396/1600/408 1234/1204/408
f 381/1624/408 1567/1200/408 1234/1204/408
f 1191/1176/408 1232/1198/408 1567/1200/408
f 1233/1625/407 1212/1197/407 388/1202/407
f 1183/1174/407 1233/1625/407 373/1131/407
f 372/1173/407 1568/1195/407 1183/1174/407
f 1569/1194/406 395/1602/406 1232/1198/406
f 380/1626/406 1569/1194/406 1232/1198/406
f 1190/1170/406 1230/1192/406 1569/1194/406
f 1454/1191/405 1228/1627/405 401/1604/405
f 1454/1191/405 1452/1190/405 1228/1627/405
f 1452/1190/405 386/1628/405 1228/1627/405
f 1231/1188/404 1453/1629/404 387/1196/404
f 1231/1188/404 1451/1187/404 1453/1629/404
f 1451/1187/404 326/1630/404 1453/1629/404
f 1230/1192/403 1218/1186/403 394/1607/403
f 1189/1162/403 1230/1192/403 379/1631/403
f 378/1161/403 1570/1184/403 1189/1162/403
f 1571/1183/402 401/1604/402 1228/1627/402
f 386/1628/402 1571/1183/402 1228/1627/402
f 1196/1158/402 1229/1181/402 1571/1183/402
f 1226/1632/401 1217/1180/401 393/1185/401
f 1188/1156/401 1226/1632/401 378/1161/401
f 377/1155/401 1572/1178/401 1188/1156/401
f 1573/1177/400 381/1624/400 1200/1133/400
f 366/1633/400 1573/1177/400 1200/1133/400
f 1162/1634/400 1211/1175/400 1573/1177/400
f 1198/1635/399 1183/1174/399 373/1131/399
f 1154/1636/399 1198/1635/399 358/1637/399
f 357/1163/399 1574/1172/399 1154/1636/399
f 1575/1171/398 380/1626/398 1211/1175/398
f 365/1638/398 1575/1171/398 1211/1175/398
f 1161/1639/520 1209/1169/520 1575/1171/520
f 1452/1168/397 1208/1640/397 386/1628/397
f 1452/1168/521 1450/1167/521 1208/1640/521
f 1450/1167/397 371/1641/397 1208/1640/397
f 1210/1165/396 1451/1642/396 372/1173/396
f 1210/1165/396 1449/1164/396 1451/1642/396
f 1449/1164/522 326/1643/522 1451/1642/522
f 1209/1169/395 1189/1162/395 379/1631/395
f 1160/1644/523 1209/1169/523 364/1645/523
f 363/1646/523 1576/1160/523 1160/1644/523
f 1577/1159/394 386/1628/394 1208/1640/394
f 371/1641/394 1577/1159/394 1208/1640/394
f 1167/1647/394 1206/1157/394 1577/1159/394
f 1207/1648/393 1188/1156/393 378/1161/393
f 1159/1649/393 1207/1648/393 363/1646/393
f 362/1650/393 1578/1154/393 1159/1649/393
f 1579/1153/392 385/1616/392 1206/1157/392
f 370/1651/392 1579/1153/392 1206/1157/392
f 1166/1652/392 1204/1151/392 1579/1153/392
f 1205/1653/391 1187/1150/391 377/1155/391
f 1158/1654/391 1205/1653/391 362/1650/391
f 361/1655/391 1580/1148/391 1158/1654/391
f 1581/1147/390 384/1618/390 1204/1151/390
f 369/1656/390 1581/1147/390 1204/1151/390
f 1165/1657/390 1202/1145/390 1581/1147/390
f 1203/1658/389 1186/1144/389 376/1149/389
f 1157/1659/389 1203/1658/389 361/1655/389
f 360/1660/389 1582/1142/389 1157/1659/389
f 1583/1141/388 383/1620/388 1202/1145/388
f 368/1661/388 1583/1141/388 1202/1145/388
f 1164/1662/388 1199/1139/388 1583/1141/388
f 1201/1663/387 1185/1138/387 375/1143/387
f 1156/1664/387 1201/1663/387 360/1660/387
f 359/1665/387 1584/1136/387 1156/1664/387
f 1585/1135/386 382/1622/386 1199/1139/386
f 367/1666/386 1585/1135/386 1199/1139/386
f 1163/1667/386 1200/1133/386 1585/1135/386
f 1197/1668/385 1184/1132/385 374/1137/385
f 1155/1669/385 1197/1668/385 359/1665/385
f 358/1637/385 1586/1130/385 1155/1669/385
f 1171/1670/384 1158/1129/384 362/1087/384
f 1129/1059/384 1171/1670/384 347/1064/384
f 346/1058/384 1587/1127/384 1129/1059/384
f 1588/1126/383 369/1671/383 1169/1083/383
f 354/1672/383 1588/1126/383 1169/1083/383
f 1136/1055/383 1181/1124/383 1588/1126/383
f 1182/1673/382 1157/1123/382 361/1128/382
f 1128/1053/382 1182/1673/382 346/1058/382
f 345/1052/382 1589/1121/382 1128/1053/382
f 1590/1120/381 368/1674/381 1181/1124/381
f 353/1675/381 1590/1120/381 1181/1124/381
f 1135/1049/381 1179/1118/381 1590/1120/381
f 1180/1676/380 1156/1117/380 360/1122/380
f 1127/1047/380 1180/1676/380 345/1052/380
f 344/1046/380 1591/1115/380 1127/1047/380
f 1592/1114/379 367/1677/379 1179/1118/379
f 352/1678/379 1592/1114/379 1179/1118/379
f 1134/1043/379 1177/1112/379 1592/1114/379
f 1178/1679/378 1155/1111/378 359/1116/378
f 1126/1041/378 1178/1679/378 344/1046/378
f 343/1040/378 1593/1109/378 1126/1041/378
f 1594/1108/377 366/1680/377 1177/1112/377
f 351/1681/377 1594/1108/377 1177/1112/377
f 1133/1037/377 1175/1106/377 1594/1108/377
f 1176/1682/376 1154/1105/376 358/1110/376
f 1125/1082/376 1176/1682/376 343/1040/376
f 342/1081/376 1595/1103/376 1125/1082/376
f 1596/1102/375 365/1683/375 1175/1106/375
f 350/1684/375 1596/1102/375 1175/1106/375
f 1132/1078/375 1173/1100/375 1596/1102/375
f 1450/1099/374 1172/1685/374 371/1686/374
f 1450/1099/524 1448/1098/524 1172/1685/524
f 1448/1098/374 356/1687/374 1172/1685/374
f 1174/1096/373 1449/1688/373 357/1104/373
f 1174/1096/373 1447/1095/373 1449/1688/373
f 1447/1095/525 326/1689/525 1449/1688/525
f 1173/1100/372 1160/1094/372 364/1690/372
f 1131/1071/372 1173/1100/372 349/1691/372
f 348/1070/372 1597/1092/372 1131/1071/372
f 1598/1091/371 371/1686/371 1172/1685/371
f 356/1687/371 1598/1091/371 1172/1685/371
f 1138/1067/371 1168/1089/371 1598/1091/371
f 1170/1692/370 1159/1088/370 363/1093/370
f 1130/1065/370 1170/1692/370 348/1070/370
f 347/1064/370 1599/1086/370 1130/1065/370
f 1600/1085/369 370/1693/369 1168/1089/369
f 355/1694/369 1600/1085/369 1168/1089/369
f 1137/1061/369 1169/1083/369 1600/1085/369
f 1142/1695/368 1125/1082/368 343/1040/368
f 1096/1017/368 1142/1695/368 328/1022/368
f 327/1016/368 1601/1080/368 1096/1017/368
f 1602/1079/367 350/1684/367 1140/1036/367
f 335/1696/367 1602/1079/367 1140/1036/367
f 1103/1013/367 1152/1077/367 1602/1079/367
f 1448/1076/366 1151/1697/366 356/1687/366
f 1448/1076/366 1446/1075/366 1151/1697/366
f 1446/1075/366 341/1698/366 1151/1697/366
f 1153/1073/365 1447/1699/365 342/1081/365
f 1153/1073/365 1095/1072/365 1447/1699/365
f 1095/1072/365 326/1700/365 1447/1699/365
f 1152/1077/364 1131/1071/364 349/1691/364
f 1102/1006/364 1152/1077/364 334/1701/364
f 333/1005/364 1603/1069/364 1102/1006/364
f 1604/1068/363 356/1687/363 1151/1697/363
f 341/1698/363 1604/1068/363 1151/1697/363
f 1109/1002/363 1149/1066/363 1604/1068/363
f 1150/1702/362 1130/1065/362 348/1070/362
f 1101/1000/362 1150/1702/362 333/1005/362
f 332/999/362 1605/1063/362 1101/1000/362
f 1606/1062/361 355/1694/361 1149/1066/361
f 340/1703/361 1606/1062/361 1149/1066/361
f 1108/996/361 1147/1060/361 1606/1062/361
f 1148/1704/360 1129/1059/360 347/1064/360
f 1100/994/360 1148/1704/360 332/999/360
f 331/993/360 1607/1057/360 1100/994/360
f 1608/1056/359 354/1672/359 1147/1060/359
f 339/1705/359 1608/1056/359 1147/1060/359
f 1107/990/359 1145/1054/359 1608/1056/359
f 1146/1706/358 1128/1053/358 346/1058/358
f 1099/1035/358 1146/1706/358 331/993/358
f 330/1034/358 1609/1051/358 1099/1035/358
f 1610/1050/357 353/1675/357 1145/1054/357
f 338/1707/357 1610/1050/357 1145/1054/357
f 1106/1031/357 1143/1048/357 1610/1050/357
f 1144/1708/356 1127/1047/356 345/1052/356
f 1098/1029/356 1144/1708/356 330/1034/356
f 329/1028/356 1611/1045/356 1098/1029/356
f 1612/1044/355 352/1678/355 1143/1048/355
f 337/1709/355 1612/1044/355 1143/1048/355
f 1105/1025/355 1139/1042/355 1612/1044/355
f 1141/1710/354 1126/1041/354 344/1046/354
f 1097/1023/354 1141/1710/354 329/1028/354
f 328/1022/354 1613/1039/354 1097/1023/354
f 1614/1038/353 351/1681/353 1139/1042/353
f 336/1711/353 1614/1038/353 1139/1042/353
f 1104/1019/353 1140/1036/353 1614/1038/353
f 1113/1712/352 1099/1035/352 331/993/352
f 1069/965/352 1113/1712/352 315/970/352
f 314/964/352 1615/1033/352 1069/965/352
f 1616/1032/351 338/1707/351 1111/989/351
f 322/1713/351 1616/1032/351 1111/989/351
f 1076/961/351 1123/1030/351 1616/1032/351
f 1124/1714/350 1098/1029/350 330/1034/350
f 1068/959/350 1124/1714/350 314/964/350
f 313/958/350 1617/1027/350 1068/959/350
f 1618/1026/349 337/1709/349 1123/1030/349
f 321/1715/349 1618/1026/349 1123/1030/349
f 1075/955/349 1121/1024/349 1618/1026/349
f 1122/1716/348 1097/1023/348 329/1028/348
f 1067/953/348 1122/1716/348 313/958/348
f 312/952/348 1619/1021/348 1067/953/348
f 1620/1020/347 336/1711/347 1121/1024/347
f 320/1717/347 1620/1020/347 1121/1024/347
f 1074/949/347 1119/1018/347 1620/1020/347
f 1120/1718/346 1096/1017/346 328/1022/346
f 1066/947/346 1120/1718/346 312/952/346
f 311/946/346 1621/1015/346 1066/947/346
f 1622/1014/345 335/1696/345 1119/1018/345
f 319/1719/345 1622/1014/345 1119/1018/345
f 1073/943/345 1117/1012/345 1622/1014/345
f 1446/1011/344 1116/1720/344 341/1698/344
f 1446/1011/344 1445/1010/344 1116/1720/344
f 1445/1010/344 325/1721/344 1116/1720/344
f 1118/1008/343 1095/1722/343 327/1016/343
f 1118/1008/343 1444/1007/343 1095/1722/343
f 1444/1007/343 326/1723/343 1095/1722/343
f 1117/1012/342 1102/1006/342 334/1701/342
f 1072/983/342 1117/1012/342 318/1724/342
f 317/982/342 1623/1004/342 1072/983/342
f 1624/1003/341 341/1698/341 1116/1720/341
f 325/1721/341 1624/1003/341 1116/1720/341
f 1079/979/341 1114/1001/341 1624/1003/341
f 1115/1725/340 1101/1000/340 333/1005/340
f 1071/977/340 1115/1725/340 317/982/340
f 316/976/340 1625/998/340 1071/977/340
f 1626/997/526 340/1703/526 1114/1001/526
f 324/1726/526 1626/997/526 1114/1001/526
f 1078/973/526 1110/995/526 1626/997/526
f 1112/1727/338 1100/994/338 332/999/338
f 1070/971/338 1112/1727/338 316/976/338
f 315/970/338 1627/992/338 1070/971/338
f 1628/991/337 339/1705/337 1110/995/337
f 323/1728/337 1628/991/337 1110/995/337
f 1077/967/337 1111/989/337 1628/991/337
f 1445/988/336 1094/1729/336 325/1721/336
f 1445/988/336 1443/987/336 1094/1729/336
f 1443/987/336 310/1730/336 1094/1729/336
f 1083/985/335 1444/1731/335 311/946/335
f 1083/985/335 1442/984/335 1444/1731/335
f 1442/984/335 326/1732/335 1444/1731/335
f 1081/942/334 1072/983/334 318/1724/334
f 1043/915/334 1081/942/334 303/1733/334
f 302/914/334 1629/981/334 1043/915/334
f 1630/980/333 325/1721/333 1094/1729/333
f 310/1730/527 1630/980/527 1094/1729/527
f 1050/911/333 1092/978/333 1630/980/333
f 1093/1734/332 1071/977/332 317/982/332
f 1042/909/332 1093/1734/332 302/914/332
f 301/908/332 1631/975/332 1042/909/332
f 1632/974/331 324/1726/331 1092/978/331
f 309/1735/331 1632/974/331 1092/978/331
f 1049/905/331 1090/972/331 1632/974/331
f 1091/1736/330 1070/971/330 316/976/330
f 1041/903/330 1091/1736/330 301/908/330
f 300/902/330 1633/969/330 1041/903/330
f 1634/968/329 323/1728/329 1090/972/329
f 308/1737/329 1634/968/329 1090/972/329
f 1048/899/329 1088/966/329 1634/968/329
f 1089/1738/328 1069/965/328 315/970/328
f 1040/897/328 1089/1738/328 300/902/328
f 299/896/328 1635/963/328 1040/897/328
f 1636/962/327 322/1713/327 1088/966/327
f 307/1739/327 1636/962/327 1088/966/327
f 1047/940/327 1086/960/327 1636/962/327
f 1087/1740/326 1068/959/326 314/964/326
f 1039/938/326 1087/1740/326 299/896/326
f 298/937/326 1637/957/326 1039/938/326
f 1638/956/325 321/1715/325 1086/960/325
f 306/1741/325 1638/956/325 1086/960/325
f 1046/934/325 1084/954/325 1638/956/325
f 1085/1742/324 1067/953/324 313/958/324
f 1038/932/324 1085/1742/324 298/937/324
f 297/931/324 1639/951/324 1038/932/324
f 1640/950/323 320/1717/323 1084/954/323
f 305/1743/323 1640/950/323 1084/954/323
f 1045/928/323 1080/948/323 1640/950/323
f 1082/1744/322 1066/947/322 312/952/322
f 1037/926/322 1082/1744/322 297/931/322
f 296/925/322 1641/945/322 1037/926/322
f 1642/944/321 319/1719/321 1080/948/321
f 304/1745/321 1642/944/321 1080/948/321
f 1044/922/321 1081/942/321 1642/944/321
f 1643/941/320 307/1739/320 1054/898/320
f 292/1746/320 1643/941/320 1054/898/320
f 1018/872/320 1065/939/320 1643/941/320
f 1052/1747/319 1039/938/319 299/896/319
f 1010/870/319 1052/1747/319 284/875/319
f 283/869/319 1644/936/319 1010/870/319
f 1645/935/318 306/1741/318 1065/939/318
f 291/1748/318 1645/935/318 1065/939/318
f 1017/866/318 1063/933/318 1645/935/318
f 1064/1749/317 1038/932/317 298/937/317
f 1009/864/317 1064/1749/317 283/869/317
f 282/863/317 1646/930/317 1009/864/317
f 1647/929/316 305/1743/316 1063/933/316
f 290/1750/316 1647/929/316 1063/933/316
f 1016/860/316 1061/927/316 1647/929/316
f 1062/1751/528 1037/926/528 297/931/528
f 1008/858/528 1062/1751/528 282/863/528
f 281/857/528 1648/924/528 1008/858/528
f 1649/923/314 304/1745/314 1061/927/314
f 289/1752/314 1649/923/314 1061/927/314
f 1015/854/314 1059/921/314 1649/923/314
f 1443/920/313 1058/1753/313 310/1730/313
f 1443/920/313 1441/919/313 1058/1753/313
f 1441/919/313 295/1754/313 1058/1753/313
f 1060/917/312 1442/1755/312 296/925/312
f 1060/917/312 1440/916/312 1442/1755/312
f 1440/916/312 326/1756/312 1442/1755/312
f 1059/921/311 1043/915/311 303/1733/311
f 1014/894/311 1059/921/311 288/1757/311
f 287/893/311 1650/913/311 1014/894/311
f 1651/912/310 310/1730/310 1058/1753/310
f 295/1754/310 1651/912/310 1058/1753/310
f 1021/890/310 1056/910/310 1651/912/310
f 1057/1758/309 1042/909/309 302/914/309
f 1013/888/309 1057/1758/309 287/893/309
f 286/887/309 1652/907/309 1013/888/309
f 1653/906/308 309/1735/308 1056/910/308
f 294/1759/308 1653/906/308 1056/910/308
f 1020/884/308 1053/904/308 1653/906/308
f 1055/1760/307 1041/903/307 301/908/307
f 1012/882/307 1055/1760/307 286/887/307
f 285/881/307 1654/901/307 1012/882/307
f 1655/900/306 308/1737/306 1053/904/306
f 293/1761/306 1655/900/306 1053/904/306
f 1019/878/306 1054/898/306 1655/900/306
f 1051/1762/305 1040/897/305 300/902/305
f 1011/876/305 1051/1762/305 285/881/305
f 284/875/305 1656/895/305 1011/876/305
f 1025/853/304 1014/894/304 288/1757/304
f 985/824/304 1025/853/304 273/1763/304
f 272/823/304 1657/892/304 985/824/304
f 1658/891/303 295/1754/303 1023/1764/303
f 280/1765/303 1658/891/303 1023/1764/303
f 992/820/303 1035/889/303 1658/891/303
f 1036/1766/302 1013/888/302 287/893/302
f 984/818/302 1036/1766/302 272/823/302
f 271/817/302 1659/886/302 984/818/302
f 1660/885/301 294/1759/301 1035/889/301
f 279/1767/529 1660/885/529 1035/889/529
f 991/814/529 1033/883/529 1660/885/529
f 1034/1768/300 1012/882/300 286/887/300
f 983/812/300 1034/1768/300 271/817/300
f 270/811/300 1661/880/300 983/812/300
f 1662/879/299 293/1761/299 1033/883/299
f 278/1769/299 1662/879/299 1033/883/299
f 990/808/299 1031/877/299 1662/879/299
f 1032/1770/298 1011/876/298 285/881/298
f 982/806/298 1032/1770/298 270/811/298
f 269/805/298 1663/874/298 982/806/298
f 1664/873/297 292/1746/297 1031/877/297
f 277/1771/297 1664/873/297 1031/877/297
f 989/802/297 1029/871/297 1664/873/297
f 1030/1772/296 1010/870/296 284/875/296
f 981/847/296 1030/1772/296 269/805/296
f 268/846/296 1665/868/296 981/847/296
f 1666/867/295 291/1748/295 1029/871/295
f 276/1773/295 1666/867/295 1029/871/295
f 988/843/295 1027/865/295 1666/867/295
f 1028/1774/294 1009/864/294 283/869/294
f 980/841/530 1028/1774/530 268/846/530
f 267/840/530 1667/862/530 980/841/530
f 1668/861/293 290/1750/293 1027/865/293
f 275/1775/293 1668/861/293 1027/865/293
f 987/837/293 1024/859/293 1668/861/293
f 1026/1776/292 1008/858/292 282/863/292
f 979/835/292 1026/1776/292 267/840/292
f 266/834/292 1669/856/292 979/835/292
f 1670/855/291 289/1752/291 1024/859/291
f 274/1777/291 1670/855/291 1024/859/291
f 986/831/291 1025/853/291 1670/855/291
f 1441/852/290 1023/1764/290 295/1754/290
f 1441/852/290 1439/851/290 1023/1764/290
f 1439/851/290 280/1765/290 1023/1764/290
f 1022/849/289 1440/1778/289 281/857/289
f 1022/849/289 1438/848/289 1440/1778/289
f 1438/848/289 326/1779/289 1440/1778/289
f 996/1780/288 981/847/288 269/805/288
f 952/779/288 996/1780/288 254/784/288
f 253/778/288 1671/845/288 952/779/288
f 1672/844/287 276/1773/287 994/801/287
f 261/1781/287 1672/844/287 994/801/287
f 959/775/287 1006/842/287 1672/844/287
f 1007/1782/286 980/841/286 268/846/286
f 951/773/286 1007/1782/286 253/778/286
f 252/772/286 1673/839/286 951/773/286
f 1674/838/285 275/1775/285 1006/842/285
f 260/1783/285 1674/838/285 1006/842/285
f 958/769/285 1004/836/285 1674/838/285
f 1005/1784/284 979/835/284 267/840/284
f 950/767/284 1005/1784/284 252/772/284
f 251/766/284 1675/833/284 950/767/284
f 1676/832/283 274/1777/283 1004/836/283
f 259/1785/283 1676/832/283 1004/836/283
f 957/763/283 1002/830/283 1676/832/283
f 1439/829/282 1001/1786/282 280/1765/282
f 1439/829/282 1437/828/282 1001/1786/282
f 1437/828/282 265/1787/282 1001/1786/282
f 1003/826/281 1438/1788/281 266/834/281
f 1003/826/281 1436/825/281 1438/1788/281
f 1436/825/281 326/1789/281 1438/1788/281
f 1002/830/280 985/824/280 273/1763/280
f 956/756/280 1002/830/280 258/1790/280
f 257/755/280 1677/822/280 956/756/280
f 1678/821/279 280/1765/279 1001/1786/279
f 265/1787/279 1678/821/279 1001/1786/279
f 963/799/279 999/819/279 1678/821/279
f 1000/1791/278 984/818/278 272/823/278
f 955/797/278 1000/1791/278 257/755/278
f 256/796/278 1679/816/278 955/797/278
f 1680/815/277 279/1767/277 999/819/277
f 264/1792/277 1680/815/277 999/819/277
f 962/793/277 997/813/277 1680/815/277
f 998/1793/276 983/812/276 271/817/276
f 954/791/276 998/1793/276 256/796/276
f 255/790/276 1681/810/276 954/791/276
f 1682/809/275 278/1769/275 997/813/275
f 263/1794/275 1682/809/275 997/813/275
f 961/787/275 993/807/275 1682/809/275
f 995/1795/274 982/806/274 270/811/274
f 953/785/274 995/1795/274 255/790/274
f 254/784/274 1683/804/274 953/785/274
f 1684/803/273 277/1771/273 993/807/273
f 262/1796/273 1684/803/273 993/807/273
f 960/781/273 994/801/273 1684/803/273
f 1685/800/272 265/1787/272 967/1797/272
f 250/1798/272 1685/800/272 967/1797/272
f 934/729/272 978/798/272 1685/800/272
f 965/1799/271 955/797/271 257/755/271
f 926/727/271 965/1799/271 242/732/271
f 241/726/271 1686/795/271 926/727/271
f 1687/794/270 264/1792/270 978/798/270
f 249/1800/270 1687/794/270 978/798/270
f 933/723/270 976/792/270 1687/794/270
f 977/1801/269 954/791/269 256/796/269
f 925/721/269 977/1801/269 241/726/269
f 240/720/269 1688/789/269 925/721/269
f 1689/788/268 263/1794/268 976/792/268
f 248/1802/268 1689/788/268 976/792/268
f 932/717/268 974/786/268 1689/788/268
f 975/1803/267 953/785/267 255/790/267
f 924/715/267 975/1803/267 240/720/267
f 239/714/267 1690/783/267 924/715/267
f 1691/782/266 262/1796/266 974/786/266
f 247/1804/266 1691/782/266 974/786/266
f 931/711/266 972/780/266 1691/782/266
f 973/1805/265 952/779/265 254/784/265
f 923/709/265 973/1805/265 239/714/265
f 238/708/265 1692/777/265 923/709/265
f 1693/776/264 261/1781/264 972/780/264
f 246/1806/264 1693/776/264 972/780/264
f 930/752/264 970/774/264 1693/776/264
f 971/1807/263 951/773/263 253/778/263
f 922/750/263 971/1807/263 238/708/263
f 237/749/263 1694/771/263 922/750/263
f 1695/770/262 260/1783/262 970/774/262
f 245/1808/262 1695/770/262 970/774/262
f 929/746/262 968/768/262 1695/770/262
f 969/1809/261 950/767/261 252/772/261
f 921/744/261 969/1809/261 237/749/261
f 236/743/261 1696/765/261 921/744/261
f 1697/764/531 259/1785/531 968/768/531
f 244/1810/260 1697/764/260 968/768/260
f 928/740/531 964/762/531 1697/764/531
f 1437/761/259 967/1797/259 265/1787/259
f 1437/761/259 1435/760/259 967/1797/259
f 1435/760/259 250/1798/259 967/1797/259
f 966/758/258 1436/1811/258 251/766/258
f 966/758/258 1434/757/258 1436/1811/258
f 1434/757/258 326/1812/258 1436/1811/258
f 964/762/532 956/756/532 258/1790/532
f 927/733/532 964/762/532 243/1813/532
f 242/732/257 1698/754/257 927/733/257
f 1699/753/256 246/1806/256 938/710/256
f 231/1814/256 1699/753/256 938/710/256
f 901/684/256 949/751/256 1699/753/256
f 936/1815/255 922/750/255 238/708/255
f 893/682/255 936/1815/255 223/687/255
f 222/681/255 1700/748/255 893/682/255
f 1701/747/254 245/1808/254 949/751/254
f 230/1816/254 1701/747/254 949/751/254
f 900/678/254 947/745/254 1701/747/254
f 948/1817/253 921/744/253 237/749/253
f 892/676/253 948/1817/253 222/681/253
f 221/675/253 1702/742/253 892/676/253
f 1703/741/252 244/1810/252 947/745/252
f 229/1818/533 1703/741/533 947/745/533
f 899/672/252 945/739/252 1703/741/252
f 1435/738/251 944/1819/251 250/1798/251
f 1435/738/251 1433/737/251 944/1819/251
f 1433/737/251 235/1820/251 944/1819/251
f 946/735/250 1434/1821/250 236/743/250
f 946/735/250 1432/734/250 1434/1821/250
f 1432/734/250 326/1822/250 1434/1821/250
f 945/739/249 927/733/249 243/1813/249
f 898/665/249 945/739/249 228/1823/249
f 227/664/249 1704/731/249 898/665/249
f 1705/730/248 250/1798/248 944/1819/248
f 235/1820/248 1705/730/248 944/1819/248
f 905/661/248 942/728/248 1705/730/248
f 943/1824/247 926/727/247 242/732/247
f 897/706/247 943/1824/247 227/664/247
f 226/705/247 1706/725/247 897/706/247
f 1707/724/246 249/1800/246 942/728/246
f 234/1825/246 1707/724/246 942/728/246
f 904/702/246 940/722/246 1707/724/246
f 941/1826/245 925/721/245 241/726/245
f 896/700/245 941/1826/245 226/705/245
f 225/699/245 1708/719/245 896/700/245
f 1709/718/244 248/1802/244 940/722/244
f 233/1827/244 1709/718/244 940/722/244
f 903/696/244 937/716/244 1709/718/244
f 939/1828/243 924/715/243 240/720/243
f 895/694/243 939/1828/243 225/699/243
f 224/693/243 1710/713/243 895/694/243
f 1711/712/242 247/1804/242 937/716/242
f 232/1829/242 1711/712/242 937/716/242
f 902/690/242 938/710/242 1711/712/242
f 935/1830/241 923/709/241 239/714/241
f 894/688/241 935/1830/241 224/693/241
f 223/687/241 1712/707/241 894/688/241
f 909/1831/240 897/706/240 227/664/240
f 868/636/240 909/1831/240 212/641/240
f 211/635/240 1713/704/240 868/636/240
f 1714/703/239 234/1825/239 907/660/239
f 219/1832/239 1714/703/239 907/660/239
f 875/632/239 919/701/239 1714/703/239
f 920/1833/238 896/700/238 226/705/238
f 867/630/238 920/1833/238 211/635/238
f 210/629/238 1715/698/238 867/630/238
f 1716/697/237 233/1827/237 919/701/237
f 218/1834/237 1716/697/237 919/701/237
f 874/626/237 917/695/237 1716/697/237
f 918/1835/236 895/694/236 225/699/236
f 866/624/236 918/1835/236 210/629/236
f 209/623/236 1717/692/236 866/624/236
f 1718/691/235 232/1829/235 917/695/235
f 217/1836/235 1718/691/235 917/695/235
f 873/620/235 915/689/235 1718/691/235
f 916/1837/234 894/688/234 224/693/234
f 865/618/234 916/1837/234 209/623/234
f 208/617/234 1719/686/234 865/618/234
f 1720/685/233 231/1814/233 915/689/233
f 216/1838/233 1720/685/233 915/689/233
f 872/614/233 913/683/233 1720/685/233
f 914/1839/232 893/682/232 223/687/232
f 864/659/232 914/1839/232 208/617/232
f 207/658/232 1721/680/232 864/659/232
f 1722/679/231 230/1816/231 913/683/231
f 215/1840/231 1722/679/231 913/683/231
f 871/655/231 911/677/231 1722/679/231
f 912/1841/230 892/676/230 222/681/230
f 863/653/230 912/1841/230 207/658/230
f 206/652/230 1723/674/230 863/653/230
f 1724/673/229 229/1818/229 911/677/229
f 214/1842/229 1724/673/229 911/677/229
f 870/649/229 908/671/229 1724/673/229
f 1433/670/228 906/1843/228 235/1820/228
f 1433/670/228 1431/669/228 906/1843/228
f 1431/669/228 220/1844/228 906/1843/228
f 910/667/227 1432/1845/227 221/675/227
f 910/667/227 1430/666/227 1432/1845/227
f 1430/666/227 326/1846/227 1432/1845/227
f 908/671/226 898/665/226 228/1823/226
f 869/642/226 908/671/226 213/1847/226
f 212/641/226 1725/663/226 869/642/226
f 1726/662/225 235/1820/225 906/1843/225
f 220/1844/534 1726/662/534 906/1843/534
f 876/638/534 907/660/534 1726/662/534
f 880/1848/224 864/659/224 208/617/224
f 835/594/224 880/1848/224 193/599/224
f 192/593/224 1727/657/224 835/594/224
f 1728/656/223 215/1840/223 878/613/223
f 200/1849/223 1728/656/223 878/613/223
f 842/590/223 890/654/223 1728/656/223
f 891/1850/222 863/653/222 207/658/222
f 834/588/222 891/1850/222 192/593/222
f 191/587/222 1729/651/222 834/588/222
f 1730/650/221 214/1842/221 890/654/221
f 199/1851/221 1730/650/221 890/654/221
f 841/584/221 888/648/221 1730/650/221
f 1431/647/220 887/1852/220 220/1844/220
f 1431/647/220 1429/646/220 887/1852/220
f 1429/646/220 205/1853/220 887/1852/220
f 889/644/219 1430/1854/219 206/652/219
f 889/644/219 1428/643/219 1430/1854/219
f 1428/643/219 326/1855/219 1430/1854/219
f 888/648/218 869/642/218 213/1847/218
f 840/577/218 888/648/218 198/1856/218
f 197/576/218 1731/640/218 840/577/218
f 1732/639/217 220/1844/217 887/1852/217
f 205/1853/217 1732/639/217 887/1852/217
f 847/573/217 885/637/217 1732/639/217
f 886/1857/216 868/636/216 212/641/216
f 839/571/216 886/1857/216 197/576/216
f 196/570/216 1733/634/216 839/571/216
f 1734/633/535 219/1832/535 885/637/535
f 204/1858/215 1734/633/215 885/637/215
f 846/567/215 883/631/215 1734/633/215
f 884/1859/214 867/630/214 211/635/214
f 838/612/214 884/1859/214 196/570/214
f 195/611/214 1735/628/214 838/612/214
f 1736/627/213 218/1834/213 883/631/213
f 203/1860/213 1736/627/213 883/631/213
f 845/608/213 881/625/213 1736/627/213
f 882/1861/212 866/624/212 210/629/212
f 837/606/212 882/1861/212 195/611/212
f 194/605/212 1737/622/212 837/606/212
f 1738/621/211 217/1836/211 881/625/211
f 202/1862/211 1738/621/211 881/625/211
f 844/602/211 877/619/211 1738/621/211
f 879/1863/210 865/618/210 209/623/210
f 836/600/210 879/1863/210 194/605/210
f 193/599/210 1739/616/210 836/600/210
f 1740/615/209 216/1838/209 877/619/209
f 201/1864/209 1740/615/209 877/619/209
f 843/596/209 878/613/209 1740/615/209
f 851/1865/208 838/612/208 196/570/208
f 809/542/208 851/1865/208 181/547/208
f 180/541/208 1741/610/208 809/542/208
f 1742/609/207 203/1860/207 849/566/207
f 188/1866/207 1742/609/207 849/566/207
f 816/538/207 861/607/207 1742/609/207
f 862/1867/206 837/606/206 195/611/206
f 808/536/206 862/1867/206 180/541/206
f 179/535/206 1743/604/206 808/536/206
f 1744/603/205 202/1862/205 861/607/205
f 187/1868/205 1744/603/205 861/607/205
f 815/532/205 859/601/205 1744/603/205
f 860/1869/204 836/600/204 194/605/204
f 807/530/204 860/1869/204 179/535/204
f 178/529/204 1745/598/204 807/530/204
f 1746/597/203 201/1864/203 859/601/203
f 186/1870/203 1746/597/203 859/601/203
f 814/526/203 857/595/203 1746/597/203
f 858/1871/202 835/594/202 193/599/202
f 806/524/202 858/1871/202 178/529/202
f 177/523/202 1747/592/202 806/524/202
f 1748/591/201 200/1849/201 857/595/201
f 185/1872/201 1748/591/201 857/595/201
f 813/520/201 855/589/201 1748/591/201
f 856/1873/200 834/588/200 192/593/200
f 805/565/200 856/1873/200 177/523/200
f 176/564/200 1749/586/200 805/565/200
f 1750/585/199 199/1851/199 855/589/199
f 184/1874/199 1750/585/199 855/589/199
f 812/561/199 853/583/199 1750/585/199
f 1429/582/198 852/1875/198 205/1853/198
f 1429/582/198 1427/581/198 852/1875/198
f 1427/581/198 190/1876/198 852/1875/198
f 854/579/197 1428/1877/197 191/587/197
f 854/579/197 1426/578/197 1428/1877/197
f 1426/578/197 326/1878/197 1428/1877/197
f 853/583/196 840/577/196 198/1856/196
f 811/554/196 853/583/196 183/1879/196
f 182/553/196 1751/575/196 811/554/196
f 1752/574/536 205/1853/536 852/1875/536
f 190/1876/195 1752/574/195 852/1875/195
f 818/550/195 848/572/195 1752/574/195
f 850/1880/194 839/571/194 197/576/194
f 810/548/194 850/1880/194 182/553/194
f 181/547/194 1753/569/194 810/548/194
f 1754/568/193 204/1858/193 848/572/193
f 189/1881/193 1754/568/193 848/572/193
f 817/544/193 849/566/193 1754/568/193
f 822/1882/192 805/565/192 177/523/192
f 776/497/192 822/1882/192 162/502/192
f 161/496/192 1755/563/192 776/497/192
f 1756/562/191 184/1874/191 820/519/191
f 169/1883/191 1756/562/191 820/519/191
f 783/493/191 832/560/191 1756/562/191
f 1427/559/190 831/1884/190 190/1876/190
f 1427/559/190 1425/558/190 831/1884/190
f 1425/558/190 175/1885/190 831/1884/190
f 833/556/189 1426/1886/189 176/564/189
f 833/556/189 1424/555/189 1426/1886/189
f 1424/555/189 326/1887/189 1426/1886/189
f 832/560/188 811/554/188 183/1879/188
f 782/486/188 832/560/188 168/1888/188
f 167/485/188 1757/552/188 782/486/188
f 1758/551/187 190/1876/187 831/1884/187
f 175/1885/187 1758/551/187 831/1884/187
f 789/482/187 829/549/187 1758/551/187
f 830/1889/186 810/548/186 182/553/186
f 781/480/186 830/1889/186 167/485/186
f 166/479/186 1759/546/186 781/480/186
f 1760/545/185 189/1881/185 829/549/185
f 174/1890/185 1760/545/185 829/549/185
f 788/476/185 827/543/185 1760/545/185
f 828/1891/184 809/542/184 181/547/184
f 780/474/184 828/1891/184 166/479/184
f 165/473/184 1761/540/184 780/474/184
f 1762/539/183 188/1866/183 827/543/183
f 173/1892/183 1762/539/183 827/543/183
f 787/517/183 825/537/183 1762/539/183
f 826/1893/182 808/536/182 180/541/182
f 779/515/182 826/1893/182 165/473/182
f 164/514/182 1763/534/182 779/515/182
f 1764/533/181 187/1868/181 825/537/181
f 172/1894/181 1764/533/181 825/537/181
f 786/511/181 823/531/181 1764/533/181
f 824/1895/180 807/530/180 179/535/180
f 778/509/180 824/1895/180 164/514/180
f 163/508/180 1765/528/180 778/509/180
f 1766/527/179 186/1870/179 823/531/179
f 171/1896/179 1766/527/179 823/531/179
f 785/505/179 819/525/179 1766/527/179
f 821/1897/178 806/524/178 178/529/178
f 777/503/178 821/1897/178 163/508/178
f 162/502/178 1767/522/178 777/503/178
f 1768/521/177 185/1872/177 819/525/177
f 170/1898/177 1768/521/177 819/525/177
f 784/499/177 820/519/177 1768/521/177
f 1769/518/176 173/1892/176 793/475/176
f 158/1899/176 1769/518/176 793/475/176
f 758/447/176 804/516/176 1769/518/176
f 791/1900/175 779/515/175 165/473/175
f 750/445/175 791/1900/175 150/450/175
f 149/444/175 1770/513/175 750/445/175
f 1771/512/174 172/1894/174 804/516/174
f 157/1901/174 1771/512/174 804/516/174
f 757/441/174 802/510/174 1771/512/174
f 803/1902/173 778/509/173 164/514/173
f 749/439/173 803/1902/173 149/444/173
f 148/438/173 1772/507/173 749/439/173
f 1773/506/172 171/1896/172 802/510/172
f 156/1903/172 1773/506/172 802/510/172
f 756/435/172 800/504/172 1773/506/172
f 801/1904/171 777/503/171 163/508/171
f 748/433/171 801/1904/171 148/438/171
f 147/432/171 1774/501/171 748/433/171
f 1775/500/170 170/1898/170 800/504/170
f 155/1905/170 1775/500/170 800/504/170
f 755/429/170 798/498/170 1775/500/170
f 799/1906/169 776/497/169 162/502/169
f 747/427/169 799/1906/169 147/432/169
f 146/426/169 1776/495/169 747/427/169
f 1777/494/537 169/1883/537 798/498/537
f 154/1907/168 1777/494/168 798/498/168
f 754/470/168 796/492/168 1777/494/168
f 1425/491/167 795/1908/167 175/1885/167
f 1425/491/167 1423/490/167 795/1908/167
f 1423/490/167 160/1909/167 795/1908/167
f 797/488/166 1424/1910/166 161/496/166
f 797/488/166 1422/487/166 1424/1910/166
f 1422/487/166 326/1911/166 1424/1910/166
f 796/492/165 782/486/165 168/1888/165
f 753/463/165 796/492/165 153/1912/165
f 152/462/165 1778/484/165 753/463/165
f 1779/483/164 175/1885/164 795/1908/164
f 160/1909/164 1779/483/164 795/1908/164
f 760/459/164 792/481/164 1779/483/164
f 794/1913/163 781/480/163 167/485/163
f 752/457/163 794/1913/163 152/462/163
f 151/456/163 1780/478/163 752/457/163
f 1781/477/162 174/1890/162 792/481/162
f 159/1914/538 1781/477/538 792/481/538
f 759/453/162 793/475/162 1781/477/162
f 790/1915/161 780/474/161 166/479/161
f 751/451/161 790/1915/161 151/456/161
f 150/450/161 1782/472/161 751/451/161
f 1783/471/160 154/1907/160 764/428/160
f 139/1916/160 1783/471/160 764/428/160
f 725/402/539 775/469/539 1783/471/539
f 1423/468/159 774/1917/159 160/1909/159
f 1423/468/159 1421/467/159 774/1917/159
f 1421/467/159 145/1918/159 774/1917/159
f 762/465/158 1422/1919/158 146/426/158
f 762/465/158 1420/464/158 1422/1919/158
f 1420/464/158 326/1920/158 1422/1919/158
f 775/469/157 753/463/157 153/1912/157
f 724/395/157 775/469/157 138/1921/157
f 137/394/157 1784/461/157 724/395/157
f 1785/460/156 160/1909/156 774/1917/156
f 145/1918/156 1785/460/156 774/1917/156
f 731/391/156 772/458/156 1785/460/156
f 773/1922/155 752/457/155 152/462/155
f 723/389/155 773/1922/155 137/394/155
f 136/388/155 1786/455/155 723/389/155
f 1787/454/154 159/1914/154 772/458/154
f 144/1923/154 1787/454/154 772/458/154
f 730/385/154 770/452/154 1787/454/154
f 771/1924/153 751/451/153 151/456/153
f 722/383/153 771/1924/153 136/388/153
f 135/382/153 1788/449/153 722/383/153
f 1789/448/152 158/1899/152 770/452/152
f 143/1925/152 1789/448/152 770/452/152
f 729/379/152 768/446/152 1789/448/152
f 769/1926/151 750/445/151 150/450/151
f 721/424/151 769/1926/151 135/382/151
f 134/423/151 1790/443/151 721/424/151
f 1791/442/150 157/1901/150 768/446/150
f 142/1927/150 1791/442/150 768/446/150
f 728/420/150 766/440/150 1791/442/150
f 767/1928/149 749/439/149 149/444/149
f 720/418/149 767/1928/149 134/423/149
f 133/417/149 1792/437/149 720/418/149
f 1793/436/148 156/1903/148 766/440/148
f 141/1929/148 1793/436/148 766/440/148
f 727/414/148 763/434/148 1793/436/148
f 765/1930/147 748/433/147 148/438/147
f 719/412/147 765/1930/147 133/417/147
f 132/411/147 1794/431/147 719/412/147
f 1795/430/146 155/1905/146 763/434/146
f 140/1931/146 1795/430/146 763/434/146
f 726/408/146 764/428/146 1795/430/146
f 761/1932/145 747/427/145 147/432/145
f 718/406/145 761/1932/145 132/411/145
f 131/405/145 1796/425/145 718/406/145
f 735/1933/144 721/424/144 135/382/144
f 692/354/144 735/1933/144 120/359/144
f 119/353/144 1797/422/144 692/354/144
f 1798/421/143 142/1927/143 733/378/143
f 127/1934/143 1798/421/143 733/378/143
f 699/350/143 745/419/143 1798/421/143
f 746/1935/142 720/418/142 134/423/142
f 691/348/142 746/1935/142 119/353/142
f 118/347/142 1799/416/142 691/348/142
f 1800/415/141 141/1929/141 745/419/141
f 126/1936/141 1800/415/141 745/419/141
f 698/344/141 743/413/141 1800/415/141
f 744/1937/140 719/412/140 133/417/140
f 690/342/140 744/1937/140 118/347/140
f 117/341/140 1801/410/140 690/342/140
f 1802/409/139 140/1931/139 743/413/139
f 125/1938/139 1802/409/139 743/413/139
f 697/338/139 741/407/139 1802/409/139
f 742/1939/138 718/406/138 132/411/138
f 689/336/138 742/1939/138 117/341/138
f 116/335/138 1803/404/138 689/336/138
f 1804/403/540 139/1916/540 741/407/540
f 124/1940/541 1804/403/541 741/407/541
f 696/332/137 739/401/137 1804/403/137
f 1421/400/136 738/1941/136 145/1918/136
f 1421/400/542 1419/399/542 738/1941/542
f 1419/399/136 130/1942/136 738/1941/136
f 740/397/135 1420/1943/135 131/405/135
f 740/397/135 1418/396/135 1420/1943/135
f 1418/396/543 326/1944/543 1420/1943/543
f 739/401/134 724/395/134 138/1921/134
f 695/372/544 739/401/544 123/1945/544
f 122/371/134 1805/393/134 695/372/134
f 1806/392/133 145/1918/133 738/1941/133
f 130/1942/133 1806/392/133 738/1941/133
f 702/368/133 736/390/133 1806/392/133
f 737/1946/132 723/389/132 137/394/132
f 694/366/132 737/1946/132 122/371/132
f 121/365/132 1807/387/132 694/366/132
f 1808/386/131 144/1923/131 736/390/131
f 129/1947/131 1808/386/131 736/390/131
f 701/362/131 732/384/131 1808/386/131
f 734/1948/130 722/383/130 136/388/130
f 693/360/130 734/1948/130 121/365/130
f 120/359/130 1809/381/130 693/360/130
f 1810/380/129 143/1925/129 732/384/129
f 128/1949/129 1810/380/129 732/384/129
f 700/356/129 733/378/129 1810/380/129
f 1419/377/128 717/1950/128 130/1942/128
f 1419/377/545 1417/376/545 717/1950/545
f 1417/376/128 115/1951/128 717/1950/128
f 706/374/127 1418/1952/127 116/335/127
f 706/374/127 1416/373/127 1418/1952/127
f 1416/373/546 326/1953/546 1418/1952/546
f 704/331/126 695/372/126 123/1945/126
f 666/304/126 704/331/126 108/1954/126
f 107/303/126 1811/370/126 666/304/126
f 1812/369/125 130/1942/125 717/1950/125
f 115/1951/125 1812/369/125 717/1950/125
f 673/300/125 715/367/125 1812/369/125
f 716/1955/124 694/366/124 122/371/124
f 665/298/124 716/1955/124 107/303/124
f 106/297/124 1813/364/124 665/298/124
f 1814/363/123 129/1947/123 715/367/123
f 114/1956/123 1814/363/123 715/367/123
f 672/294/123 713/361/123 1814/363/123
f 714/1957/122 693/360/122 121/365/122
f 664/292/122 714/1957/122 106/297/122
f 105/291/122 1815/358/122 664/292/122
f 1816/357/121 128/1949/121 713/361/121
f 113/1958/121 1816/357/121 713/361/121
f 671/288/121 711/355/121 1816/357/121
f 712/1959/120 692/354/120 120/359/120
f 663/286/120 712/1959/120 105/291/120
f 104/285/120 1817/352/120 663/286/120
f 1818/351/119 127/1934/119 711/355/119
f 112/1960/119 1818/351/119 711/355/119
f 670/329/119 709/349/119 1818/351/119
f 710/1961/118 691/348/118 119/353/118
f 662/327/118 710/1961/118 104/285/118
f 103/326/118 1819/346/118 662/327/118
f 1820/345/117 126/1936/117 709/349/117
f 111/1962/117 1820/345/117 709/349/117
f 669/323/117 707/343/117 1820/345/117
f 708/1963/116 690/342/116 118/347/116
f 661/321/116 708/1963/116 103/326/116
f 102/320/116 1821/340/116 661/321/116
f 1822/339/115 125/1938/115 707/343/115
f 110/1964/115 1822/339/115 707/343/115
f 668/317/115 703/337/115 1822/339/115
f 705/1965/114 689/336/114 117/341/114
f 660/315/114 705/1965/114 102/320/114
f 101/314/114 1823/334/114 660/315/114
f 1824/333/547 124/1940/547 703/337/547
f 109/1966/113 1824/333/113 703/337/113
f 667/311/547 704/331/547 1824/333/547
f 1825/330/112 112/1960/112 677/287/112
f 97/1967/112 1825/330/112 677/287/112
f 641/261/112 688/328/112 1825/330/112
f 675/1968/111 662/327/111 104/285/111
f 633/259/111 675/1968/111 89/264/111
f 88/258/111 1826/325/111 633/259/111
f 1827/324/110 111/1962/110 688/328/110
f 96/1969/110 1827/324/110 688/328/110
f 640/255/110 686/322/110 1827/324/110
f 687/1970/109 661/321/109 103/326/109
f 632/253/109 687/1970/109 88/258/109
f 87/252/109 1828/319/109 632/253/109
f 1829/318/108 110/1964/108 686/322/108
f 95/1971/108 1829/318/108 686/322/108
f 639/249/108 684/316/108 1829/318/108
f 685/1972/107 660/315/107 102/320/107
f 631/247/107 685/1972/107 87/252/107
f 86/246/107 1830/313/107 631/247/107
f 1831/312/106 109/1966/106 684/316/106
f 94/1973/106 1831/312/106 684/316/106
f 638/243/106 682/310/106 1831/312/106
f 1417/309/105 681/1974/105 115/1951/105
f 1417/309/105 1415/308/105 681/1974/105
f 1415/308/105 100/1975/105 681/1974/105
f 683/306/104 1416/1976/104 101/314/104
f 683/306/104 1414/305/104 1416/1976/104
f 1414/305/104 326/1977/104 1416/1976/104
f 682/310/103 666/304/103 108/1954/103
f 637/283/103 682/310/103 93/1978/103
f 92/282/103 1832/302/103 637/283/103
f 1833/301/102 115/1951/102 681/1974/102
f 100/1975/102 1833/301/102 681/1974/102
f 644/279/102 679/299/102 1833/301/102
f 680/1979/101 665/298/101 107/303/101
f 636/277/101 680/1979/101 92/282/101
f 91/276/101 1834/296/101 636/277/101
f 1835/295/100 114/1956/100 679/299/100
f 99/1980/100 1835/295/100 679/299/100
f 643/273/100 676/293/100 1835/295/100
f 678/1981/99 664/292/99 106/297/99
f 635/271/99 678/1981/99 91/276/99
f 90/270/99 1836/290/99 635/271/99
f 1837/289/98 113/1958/98 676/293/98
f 98/1982/98 1837/289/98 676/293/98
f 642/267/98 677/287/98 1837/289/98
f 674/1983/97 663/286/97 105/291/97
f 634/265/97 674/1983/97 90/270/97
f 89/264/97 1838/284/97 634/265/97
f 648/242/96 637/283/96 93/1978/96
f 608/213/96 648/242/96 78/1984/96
f 77/212/96 1839/281/96 608/213/96
f 1840/280/548 100/1975/548 646/1985/548
f 85/1986/548 1840/280/548 646/1985/548
f 615/209/548 658/278/548 1840/280/548
f 659/1987/94 636/277/94 92/282/94
f 607/207/94 659/1987/94 77/212/94
f 76/206/94 1841/275/94 607/207/94
f 1842/274/93 99/1980/93 658/278/93
f 84/1988/549 1842/274/549 658/278/549
f 614/203/549 656/272/549 1842/274/549
f 657/1989/92 635/271/92 91/276/92
f 606/201/92 657/1989/92 76/206/92
f 75/200/92 1843/269/92 606/201/92
f 1844/268/91 98/1982/91 656/272/91
f 83/1990/91 1844/268/91 656/272/91
f 613/197/91 654/266/91 1844/268/91
f 655/1991/90 634/265/90 90/270/90
f 605/195/90 655/1991/90 75/200/90
f 74/194/90 1845/263/90 605/195/90
f 1846/262/89 97/1967/89 654/266/89
f 82/1992/89 1846/262/89 654/266/89
f 612/191/89 652/260/89 1846/262/89
f 653/1993/88 633/259/88 89/264/88
f 604/236/88 653/1993/88 74/194/88
f 73/235/88 1847/257/88 604/236/88
f 1848/256/87 96/1969/87 652/260/87
f 81/1994/87 1848/256/87 652/260/87
f 611/232/87 650/254/87 1848/256/87
f 651/1995/550 632/253/550 88/258/550
f 603/230/86 651/1995/86 73/235/86
f 72/229/550 1849/251/550 603/230/550
f 1850/250/85 95/1971/85 650/254/85
f 80/1996/85 1850/250/85 650/254/85
f 610/226/85 647/248/85 1850/250/85
f 649/1997/84 631/247/84 87/252/84
f 602/224/84 649/1997/84 72/229/84
f 71/223/84 1851/245/84 602/224/84
f 1852/244/83 94/1973/83 647/248/83
f 79/1998/551 1852/244/551 647/248/551
f 609/220/551 648/242/551 1852/244/551
f 1415/241/82 646/1985/82 100/1975/82
f 1415/241/82 1413/240/82 646/1985/82
f 1413/240/82 85/1986/82 646/1985/82
f 645/238/81 1414/1999/81 86/246/81
f 645/238/81 1412/237/81 1414/1999/81
f 1412/237/81 326/2000/81 1414/1999/81
f 619/2001/80 604/236/80 74/194/80
f 575/171/80 619/2001/80 59/176/80
f 58/170/80 1853/234/80 575/171/80
f 1854/233/79 81/1994/79 617/190/79
f 66/2002/79 1854/233/79 617/190/79
f 582/167/79 629/231/79 1854/233/79
f 630/2003/78 603/230/78 73/235/78
f 574/165/78 630/2003/78 58/170/78
f 57/164/78 1855/228/78 574/165/78
f 1856/227/77 80/1996/77 629/231/77
f 65/2004/77 1856/227/77 629/231/77
f 581/161/77 627/225/77 1856/227/77
f 628/2005/76 602/224/76 72/229/76
f 573/159/76 628/2005/76 57/164/76
f 56/158/76 1857/222/76 573/159/76
f 1858/221/75 79/1998/75 627/225/75
f 64/2006/75 1858/221/75 627/225/75
f 580/155/75 625/219/75 1858/221/75
f 1413/218/74 624/2007/74 85/1986/74
f 1413/218/74 1411/217/74 624/2007/74
f 1411/217/74 70/2008/74 624/2007/74
f 626/215/73 1412/2009/73 71/223/73
f 626/215/73 1410/214/73 1412/2009/73
f 1410/214/73 326/2010/73 1412/2009/73
f 625/219/72 608/213/72 78/1984/72
f 579/148/72 625/219/72 63/2011/72
f 62/147/72 1859/211/72 579/148/72
f 1860/210/71 85/1986/71 624/2007/71
f 70/2008/71 1860/210/71 624/2007/71
f 586/144/71 622/208/71 1860/210/71
f 623/2012/70 607/207/70 77/212/70
f 578/189/70 623/2012/70 62/147/70
f 61/188/70 1861/205/70 578/189/70
f 1862/204/69 84/1988/69 622/208/69
f 69/2013/69 1862/204/69 622/208/69
f 585/185/69 620/202/69 1862/204/69
f 621/2014/68 606/201/68 76/206/68
f 577/183/68 621/2014/68 61/188/68
f 60/182/68 1863/199/68 577/183/68
f 1864/198/67 83/1990/67 620/202/67
f 68/2015/67 1864/198/67 620/202/67
f 584/179/67 616/196/67 1864/198/67
f 618/2016/66 605/195/66 75/200/66
f 576/177/66 618/2016/66 60/182/66
f 59/176/66 1865/193/66 576/177/66
f 1866/192/65 82/1992/65 616/196/65
f 67/2017/65 1866/192/65 616/196/65
f 583/173/65 617/190/65 1866/192/65
f 590/2018/64 578/189/64 62/147/64
f 549/119/64 590/2018/64 47/124/64
f 46/118/64 1867/187/64 549/119/64
f 1868/186/63 69/2013/63 588/143/63
f 54/2019/63 1868/186/63 588/143/63
f 556/115/63 600/184/63 1868/186/63
f 601/2020/62 577/183/62 61/188/62
f 548/113/62 601/2020/62 46/118/62
f 45/112/62 1869/181/62 548/113/62
f 1870/180/61 68/2015/61 600/184/61
f 53/2021/61 1870/180/61 600/184/61
f 555/109/61 598/178/61 1870/180/61
f 599/2022/60 576/177/60 60/182/60
f 547/107/60 599/2022/60 45/112/60
f 44/106/60 1871/175/60 547/107/60
f 1872/174/59 67/2017/59 598/178/59
f 52/2023/59 1872/174/59 598/178/59
f 554/103/59 596/172/59 1872/174/59
f 597/2024/58 575/171/58 59/176/58
f 546/101/58 597/2024/58 44/106/58
f 43/100/58 1873/169/58 546/101/58
f 1874/168/57 66/2002/57 596/172/57
f 51/2025/57 1874/168/57 596/172/57
f 553/97/57 594/166/57 1874/168/57
f 595/2026/56 574/165/56 58/170/56
f 545/142/56 595/2026/56 43/100/56
f 42/141/56 1875/163/56 545/142/56
f 1876/162/55 65/2004/55 594/166/55
f 50/2027/55 1876/162/55 594/166/55
f 552/138/55 592/160/55 1876/162/55
f 593/2028/552 573/159/552 57/164/552
f 544/136/552 593/2028/552 42/141/552
f 41/135/552 1877/157/552 544/136/552
f 1878/156/53 64/2006/53 592/160/53
f 49/2029/553 1878/156/553 592/160/553
f 551/132/53 589/154/53 1878/156/53
f 1411/153/52 587/2030/52 70/2008/52
f 1411/153/52 1409/152/52 587/2030/52
f 1409/152/52 55/2031/52 587/2030/52
f 591/150/51 1410/2032/51 56/158/51
f 591/150/51 1408/149/51 1410/2032/51
f 1408/149/51 326/2033/51 1410/2032/51
f 589/154/50 579/148/50 63/2011/50
f 550/125/50 589/154/50 48/2034/50
f 47/124/50 1879/146/50 550/125/50
f 1880/145/49 70/2008/49 587/2030/49
f 55/2031/49 1880/145/49 587/2030/49
f 557/121/49 588/143/49 1880/145/49
f 561/2035/48 545/142/48 43/100/48
f 516/74/554 561/2035/554 28/79/554
f 27/73/48 1881/140/48 516/74/48
f 1882/139/47 50/2027/47 559/96/47
f 35/2036/47 1882/139/47 559/96/47
f 523/70/47 571/137/47 1882/139/47
f 572/2037/46 544/136/46 42/141/46
f 515/68/46 572/2037/46 27/73/46
f 26/67/46 1883/134/46 515/68/46
f 1884/133/555 49/2029/555 571/137/555
f 34/2038/555 1884/133/555 571/137/555
f 522/64/555 569/131/555 1884/133/555
f 1409/130/44 568/2039/44 55/2031/44
f 1409/130/44 1407/129/44 568/2039/44
f 1407/129/44 40/2040/44 568/2039/44
f 570/127/43 1408/2041/43 41/135/43
f 570/127/43 1406/126/43 1408/2041/43
f 1406/126/43 326/2042/43 1408/2041/43
f 569/131/42 550/125/42 48/2034/42
f 521/57/42 569/131/42 33/2043/42
f 32/56/42 1885/123/42 521/57/42
f 1886/122/41 55/2031/41 568/2039/41
f 40/2040/556 1886/122/556 568/2039/556
f 528/53/41 566/120/41 1886/122/41
f 567/2044/40 549/119/40 47/124/40
f 520/51/40 567/2044/40 32/56/40
f 31/50/40 1887/117/40 520/51/40
f 1888/116/39 54/2019/39 566/120/39
f 39/2045/557 1888/116/557 566/120/557
f 527/94/557 564/114/557 1888/116/557
f 565/2046/38 548/113/38 46/118/38
f 519/92/38 565/2046/38 31/50/38
f 30/91/38 1889/111/38 519/92/38
f 1890/110/37 53/2021/37 564/114/37
f 38/2047/37 1890/110/37 564/114/37
f 526/88/37 562/108/37 1890/110/37
f 563/2048/36 547/107/36 45/112/36
f 518/86/36 563/2048/36 30/91/36
f 29/85/36 1891/105/36 518/86/36
f 1892/104/35 52/2023/35 562/108/35
f 37/2049/35 1892/104/35 562/108/35
f 525/82/35 558/102/35 1892/104/35
f 560/2050/34 546/101/34 44/106/34
f 517/80/34 560/2050/34 29/85/34
f 28/79/34 1893/99/34 517/80/34
f 1894/98/33 51/2025/33 558/102/33
f 36/2051/33 1894/98/33 558/102/33
f 524/76/33 559/96/33 1894/98/33
f 1895/95/32 39/2045/32 532/52/32
f 24/2052/32 1895/95/32 532/52/32
f 503/38/32 543/93/32 1895/95/32
f 530/2053/31 519/92/31 31/50/31
f 495/36/31 530/2053/31 16/41/31
f 15/35/31 1896/90/31 495/36/31
f 1897/89/30 38/2047/30 543/93/30
f 23/2054/30 1897/89/30 543/93/30
f 502/32/30 541/87/30 1897/89/30
f 542/2055/29 518/86/29 30/91/29
f 494/30/29 542/2055/29 15/35/29
f 14/29/29 1898/84/29 494/30/29
f 1899/83/28 37/2049/28 541/87/28
f 22/2056/28 1899/83/28 541/87/28
f 501/26/28 539/81/28 1899/83/28
f 540/2057/27 517/80/27 29/85/27
f 493/24/27 540/2057/27 14/29/27
f 13/23/27 1900/78/27 493/24/27
f 1901/77/26 36/2051/26 539/81/26
f 21/2058/26 1901/77/26 539/81/26
f 500/20/26 537/75/26 1901/77/26
f 538/2059/25 516/74/25 28/79/25
f 492/18/25 538/2059/25 13/23/25
f 12/17/25 1902/72/25 492/18/25
f 1903/71/24 35/2036/24 537/75/24
f 20/2060/24 1903/71/24 537/75/24
f 499/14/24 535/69/24 1903/71/24
f 536/2061/23 515/68/23 27/73/23
f 491/12/23 536/2061/23 12/17/23
f 11/11/23 1904/66/23 491/12/23
f 1905/65/558 34/2038/558 535/69/558
f 19/2062/558 1905/65/558 535/69/558
f 498/8/22 533/63/22 1905/65/22
f 1407/62/21 531/2063/21 40/2040/21
f 1407/62/21 1400/61/21 531/2063/21
f 1400/61/21 25/2064/21 531/2063/21
f 534/59/20 1406/2065/20 26/67/20
f 534/59/20 1399/58/20 1406/2065/20
f 1399/58/559 326/2066/559 1406/2065/559
f 533/63/19 521/57/19 33/2043/19
f 497/48/19 533/63/19 18/2067/19
f 17/47/19 1906/55/19 497/48/19
f 1907/54/18 40/2040/18 531/2063/18
f 25/2064/560 1907/54/560 531/2063/560
f 504/44/18 532/52/18 1907/54/18
f 529/2068/17 520/51/17 32/56/17
f 496/42/17 529/2068/17 17/47/17
f 16/41/17 1908/49/17 496/42/17
f 1403/7/16 497/48/16 18/2067/16
f 1396/1503/16 1403/7/16 477/1508/16
f 7/1502/16 1909/46/16 1396/1503/16
f 1910/45/15 25/2064/15 1401/2069/15
f 481/1510/15 1910/45/15 1401/2069/15
f 1388/1499/15 1405/43/15 1910/45/15
f 514/2070/14 496/42/14 17/47/14
f 488/1497/14 514/2070/14 7/1502/14
f 6/1496/14 1911/40/14 488/1497/14
f 1912/39/13 24/2052/13 1405/43/13
f 480/1514/13 1912/39/13 1405/43/13
f 1398/1493/13 512/37/13 1912/39/13
f 513/2071/12 495/36/12 16/41/12
f 487/1491/12 513/2071/12 6/1496/12
f 5/1490/12 1913/34/12 487/1491/12
f 1914/33/11 23/2054/11 512/37/11
f 10/1517/11 1914/33/11 512/37/11
f 490/1487/11 510/31/11 1914/33/11
f 511/2072/10 494/30/10 15/35/10
f 486/1485/10 511/2072/10 5/1490/10
f 4/1484/10 1915/28/10 486/1485/10
f 1916/27/9 22/2056/9 510/31/9
f 9/1520/9 1916/27/9 510/31/9
f 489/1481/9 508/25/9 1916/27/9
f 509/2073/8 493/24/8 14/29/8
f 485/1479/8 509/2073/8 4/1484/8
f 3/1478/8 1917/22/8 485/1479/8
f 1918/21/7 21/2058/7 508/25/7
f 8/1523/7 1918/21/7 508/25/7
f 1397/1475/7 1404/19/7 1918/21/7
f 507/2074/6 492/18/6 13/23/6
f 484/1473/6 507/2074/6 3/1478/6
f 2/1472/6 1919/16/6 484/1473/6
f 1920/15/5 20/2060/5 1404/19/5
f 479/1526/5 1920/15/5 1404/19/5
f 1387/1469/5 1402/13/5 1920/15/5
f 506/2075/4 491/12/4 12/17/4
f 483/1467/4 506/2075/4 2/1472/4
f 1/1/4 1921/10/4 483/1467/4
f 1922/9/3 19/2062/3 1402/13/3
f 478/1529/3 1922/9/3 1402/13/3
f 1386/1464/3 1403/7/3 1922/9/3
f 1400/6/2 1401/2069/2 25/2064/2
f 1400/6/2 1389/5/2 1401/2069/2
f 1389/5/2 481/1510/2 1401/2069/2
f 505/3/1 1399/2076/1 11/11/1
f 505/3/1 1395/2/1 1399/2076/1
f 1395/2/1 326/2077/1 1399/2076/1
f 1403/7/3 18/2067/3 498/8/3
f 1921/10/4 505/3/4 11/11/4
f 1402/13/5 19/2062/5 499/14/5
f 1919/16/6 506/2075/6 12/17/6
f 1404/19/7 20/2060/7 500/20/7
f 1917/22/8 507/2074/8 13/23/8
f 508/25/9 21/2058/9 501/26/9
f 1915/28/10 509/2073/10 14/29/10
f 510/31/11 22/2056/11 502/32/11
f 1913/34/12 511/2072/12 15/35/12
f 512/37/13 23/2054/13 503/38/13
f 1911/40/14 513/2071/14 16/41/14
f 1405/43/15 24/2052/15 504/44/15
f 1909/46/561 514/2070/561 17/47/561
f 1908/49/17 530/2053/17 31/50/17
f 532/52/18 39/2045/18 528/53/18
f 1906/55/562 529/2068/562 32/56/562
f 533/63/22 33/2043/22 522/64/22
f 1904/66/23 534/59/23 26/67/23
f 535/69/24 34/2038/24 523/70/24
f 1902/72/25 536/2061/25 27/73/25
f 537/75/26 35/2036/26 524/76/26
f 1900/78/27 538/2059/27 28/79/27
f 539/81/28 36/2051/28 525/82/28
f 1898/84/29 540/2057/29 29/85/29
f 541/87/30 37/2049/30 526/88/30
f 1896/90/31 542/2055/31 30/91/31
f 543/93/32 38/2047/32 527/94/32
f 559/96/33 50/2027/33 553/97/33
f 1893/99/34 561/2035/34 43/100/34
f 558/102/35 51/2025/35 554/103/35
f 1891/105/36 560/2050/36 44/106/36
f 562/108/37 52/2023/37 555/109/37
f 1889/111/38 563/2048/38 45/112/38
f 564/114/557 53/2021/557 556/115/557
f 1887/117/40 565/2046/40 46/118/40
f 566/120/41 54/2019/41 557/121/41
f 1885/123/42 567/2044/42 47/124/42
f 569/131/555 48/2034/555 551/132/555
f 1883/134/46 570/127/46 41/135/46
f 571/137/47 49/2029/47 552/138/47
f 1881/140/554 572/2037/554 42/141/554
f 588/143/49 69/2013/49 586/144/49
f 1879/146/50 590/2018/50 62/147/50
f 589/154/53 63/2011/53 580/155/53
f 1877/157/552 591/150/552 56/158/552
f 592/160/55 64/2006/55 581/161/55
f 1875/163/56 593/2028/56 57/164/56
f 594/166/57 65/2004/57 582/167/57
f 1873/169/58 595/2026/58 58/170/58
f 596/172/59 66/2002/59 583/173/59
f 1871/175/60 597/2024/60 59/176/60
f 598/178/61 67/2017/61 584/179/61
f 1869/181/62 599/2022/62 60/182/62
f 600/184/63 68/2015/63 585/185/63
f 1867/187/64 601/2020/64 61/188/64
f 617/190/65 81/1994/65 612/191/65
f 1865/193/66 619/2001/66 74/194/66
f 616/196/67 82/1992/67 613/197/67
f 1863/199/68 618/2016/68 75/200/68
f 620/202/69 83/1990/69 614/203/69
f 1861/205/70 621/2014/70 76/206/70
f 622/208/563 84/1988/563 615/209/563
f 1859/211/72 623/2012/72 77/212/72
f 625/219/75 78/1984/75 609/220/75
f 1857/222/76 626/215/76 71/223/76
f 627/225/77 79/1998/77 610/226/77
f 1855/228/78 628/2005/78 72/229/78
f 629/231/79 80/1996/79 611/232/79
f 1853/234/80 630/2003/80 73/235/80
f 648/242/551 93/1978/551 638/243/551
f 1851/245/84 645/238/84 86/246/84
f 647/248/85 94/1973/85 639/249/85
f 1849/251/86 649/1997/86 87/252/86
f 650/254/87 95/1971/87 640/255/87
f 1847/257/88 651/1995/88 88/258/88
f 652/260/89 96/1969/89 641/261/89
f 1845/263/90 653/1993/90 89/264/90
f 654/266/91 97/1967/91 642/267/91
f 1843/269/92 655/1991/92 90/270/92
f 656/272/93 98/1982/93 643/273/93
f 1841/275/94 657/1989/94 91/276/94
f 658/278/548 99/1980/548 644/279/548
f 1839/281/564 659/1987/564 92/282/564
f 1838/284/97 675/1968/97 104/285/97
f 677/287/98 112/1960/98 671/288/98
f 1836/290/99 674/1983/99 105/291/99
f 676/293/100 113/1958/100 672/294/100
f 1834/296/101 678/1981/101 106/297/101
f 679/299/102 114/1956/102 673/300/102
f 1832/302/103 680/1979/103 107/303/103
f 682/310/106 108/1954/106 667/311/106
f 1830/313/107 683/306/107 101/314/107
f 684/316/108 109/1966/108 668/317/108
f 1828/319/109 685/1972/109 102/320/109
f 686/322/110 110/1964/110 669/323/110
f 1826/325/111 687/1970/111 103/326/111
f 688/328/112 111/1962/112 670/329/112
f 704/331/113 123/1945/113 696/332/113
f 1823/334/114 706/374/114 116/335/114
f 703/337/115 124/1940/115 697/338/115
f 1821/340/116 705/1965/116 117/341/116
f 707/343/117 125/1938/117 698/344/117
f 1819/346/118 708/1963/118 118/347/118
f 709/349/119 126/1936/119 699/350/119
f 1817/352/120 710/1961/120 119/353/120
f 711/355/121 127/1934/121 700/356/121
f 1815/358/122 712/1959/122 120/359/122
f 713/361/123 128/1949/123 701/362/123
f 1813/364/124 714/1957/124 121/365/124
f 715/367/125 129/1947/125 702/368/125
f 1811/370/565 716/1955/565 122/371/565
f 733/378/129 142/1927/129 729/379/129
f 1809/381/130 735/1933/130 135/382/130
f 732/384/131 143/1925/131 730/385/131
f 1807/387/132 734/1948/132 136/388/132
f 736/390/133 144/1923/133 731/391/133
f 1805/393/566 737/1946/566 137/394/566
f 739/401/137 138/1921/137 725/402/137
f 1803/404/138 740/397/138 131/405/138
f 741/407/139 139/1916/139 726/408/139
f 1801/410/140 742/1939/140 132/411/140
f 743/413/141 140/1931/141 727/414/141
f 1799/416/142 744/1937/142 133/417/142
f 745/419/143 141/1929/143 728/420/143
f 1797/422/144 746/1935/144 134/423/144
f 1796/425/145 762/465/145 146/426/145
f 764/428/146 154/1907/146 755/429/146
f 1794/431/147 761/1932/147 147/432/147
f 763/434/148 155/1905/148 756/435/148
f 1792/437/149 765/1930/149 148/438/149
f 766/440/150 156/1903/150 757/441/150
f 1790/443/151 767/1928/151 149/444/151
f 768/446/152 157/1901/152 758/447/152
f 1788/449/153 769/1926/153 150/450/153
f 770/452/154 158/1899/154 759/453/154
f 1786/455/155 771/1924/155 151/456/155
f 772/458/156 159/1914/156 760/459/156
f 1784/461/157 773/1922/157 152/462/157
f 775/469/160 153/1912/160 754/470/160
f 1782/472/161 791/1900/161 165/473/161
f 793/475/162 173/1892/162 788/476/162
f 1780/478/163 790/1915/163 166/479/163
f 792/481/164 174/1890/164 789/482/164
f 1778/484/567 794/1913/567 167/485/567
f 796/492/168 168/1888/168 783/493/168
f 1776/495/169 797/488/169 161/496/169
f 798/498/170 169/1883/170 784/499/170
f 1774/501/171 799/1906/171 162/502/171
f 800/504/172 170/1898/172 785/505/172
f 1772/507/173 801/1904/173 163/508/173
f 802/510/174 171/1896/174 786/511/174
f 1770/513/175 803/1902/175 164/514/175
f 804/516/176 172/1894/176 787/517/176
f 820/519/177 184/1874/177 813/520/177
f 1767/522/178 822/1882/178 177/523/178
f 819/525/179 185/1872/179 814/526/179
f 1765/528/180 821/1897/180 178/529/180
f 823/531/181 186/1870/181 815/532/181
f 1763/534/182 824/1895/182 179/535/182
f 825/537/183 187/1868/183 816/538/183
f 1761/540/184 826/1893/184 180/541/184
f 827/543/185 188/1866/185 817/544/185
f 1759/546/186 828/1891/186 181/547/186
f 829/549/187 189/1881/187 818/550/187
f 1757/552/188 830/1889/188 182/553/188
f 832/560/191 183/1879/191 812/561/191
f 1755/563/568 833/556/568 176/564/568
f 849/566/193 203/1860/193 846/567/193
f 1753/569/194 851/1865/194 196/570/194
f 848/572/195 204/1858/195 847/573/195
f 1751/575/196 850/1880/196 197/576/196
f 853/583/199 198/1856/199 841/584/199
f 1749/586/569 854/579/569 191/587/569
f 855/589/201 199/1851/201 842/590/201
f 1747/592/202 856/1873/202 192/593/202
f 857/595/203 200/1849/203 843/596/203
f 1745/598/204 858/1871/204 193/599/204
f 859/601/205 201/1864/205 844/602/205
f 1743/604/206 860/1869/206 194/605/206
f 861/607/207 202/1862/207 845/608/207
f 1741/610/208 862/1867/208 195/611/208
f 878/613/209 215/1840/209 872/614/209
f 1739/616/210 880/1848/210 208/617/210
f 877/619/211 216/1838/211 873/620/211
f 1737/622/212 879/1863/212 209/623/212
f 881/625/213 217/1836/213 874/626/213
f 1735/628/214 882/1861/214 210/629/214
f 883/631/535 218/1834/535 875/632/535
f 1733/634/216 884/1859/216 211/635/216
f 885/637/217 219/1832/217 876/638/217
f 1731/640/218 886/1857/218 212/641/218
f 888/648/221 213/1847/221 870/649/221
f 1729/651/222 889/644/222 206/652/222
f 890/654/223 214/1842/223 871/655/223
f 1727/657/570 891/1850/570 207/658/570
f 907/660/534 234/1825/534 905/661/534
f 1725/663/226 909/1831/226 227/664/226
f 908/671/229 228/1823/229 899/672/229
f 1723/674/230 910/667/230 221/675/230
f 911/677/231 229/1818/231 900/678/231
f 1721/680/232 912/1841/232 222/681/232
f 913/683/233 230/1816/233 901/684/233
f 1719/686/234 914/1839/234 223/687/234
f 915/689/235 231/1814/235 902/690/235
f 1717/692/236 916/1837/236 224/693/236
f 917/695/237 232/1829/237 903/696/237
f 1715/698/238 918/1835/238 225/699/238
f 919/701/239 233/1827/239 904/702/239
f 1713/704/240 920/1833/240 226/705/240
f 1712/707/241 936/1815/241 238/708/241
f 938/710/242 246/1806/242 931/711/242
f 1710/713/243 935/1830/243 239/714/243
f 937/716/244 247/1804/244 932/717/244
f 1708/719/245 939/1828/245 240/720/245
f 940/722/246 248/1802/246 933/723/246
f 1706/725/247 941/1826/247 241/726/247
f 942/728/248 249/1800/248 934/729/248
f 1704/731/249 943/1824/249 242/732/249
f 945/739/252 243/1813/252 928/740/252
f 1702/742/253 946/735/253 236/743/253
f 947/745/254 244/1810/254 929/746/254
f 1700/748/255 948/1817/255 237/749/255
f 949/751/256 245/1808/256 930/752/256
f 1698/754/532 965/1799/532 257/755/532
f 964/762/260 258/1790/260 957/763/260
f 1696/765/261 966/758/261 251/766/261
f 968/768/262 259/1785/262 958/769/262
f 1694/771/263 969/1809/263 252/772/263
f 970/774/264 260/1783/264 959/775/264
f 1692/777/265 971/1807/265 253/778/265
f 972/780/266 261/1781/266 960/781/266
f 1690/783/267 973/1805/267 254/784/267
f 974/786/268 262/1796/268 961/787/268
f 1688/789/269 975/1803/269 255/790/269
f 976/792/270 263/1794/270 962/793/270
f 1686/795/271 977/1801/271 256/796/271
f 978/798/272 264/1792/272 963/799/272
f 994/801/273 276/1773/273 989/802/273
f 1683/804/274 996/1780/274 269/805/274
f 993/807/275 277/1771/275 990/808/275
f 1681/810/276 995/1795/276 270/811/276
f 997/813/277 278/1769/277 991/814/277
f 1679/816/278 998/1793/278 271/817/278
f 999/819/279 279/1767/279 992/820/279
f 1677/822/280 1000/1791/280 272/823/280
f 1002/830/283 273/1763/283 986/831/283
f 1675/833/284 1003/826/284 266/834/284
f 1004/836/285 274/1777/285 987/837/285
f 1673/839/286 1005/1784/286 267/840/286
f 1006/842/287 275/1775/287 988/843/287
f 1671/845/288 1007/1782/288 268/846/288
f 1025/853/291 288/1757/291 1015/854/291
f 1669/856/292 1022/849/292 281/857/292
f 1024/859/293 289/1752/293 1016/860/293
f 1667/862/530 1026/1776/530 282/863/530
f 1027/865/295 290/1750/295 1017/866/295
f 1665/868/296 1028/1774/296 283/869/296
f 1029/871/297 291/1748/297 1018/872/297
f 1663/874/298 1030/1772/298 284/875/298
f 1031/877/299 292/1746/299 1019/878/299
f 1661/880/300 1032/1770/300 285/881/300
f 1033/883/301 293/1761/301 1020/884/301
f 1659/886/302 1034/1768/302 286/887/302
f 1035/889/303 294/1759/303 1021/890/303
f 1657/892/304 1036/1766/304 287/893/304
f 1656/895/305 1052/1747/305 299/896/305
f 1054/898/306 307/1739/306 1048/899/306
f 1654/901/307 1051/1762/307 300/902/307
f 1053/904/308 308/1737/308 1049/905/308
f 1652/907/309 1055/1760/309 301/908/309
f 1056/910/310 309/1735/310 1050/911/310
f 1650/913/311 1057/1758/311 302/914/311
f 1059/921/314 303/1733/314 1044/922/314
f 1648/924/528 1060/917/528 296/925/528
f 1061/927/316 304/1745/316 1045/928/316
f 1646/930/317 1062/1751/317 297/931/317
f 1063/933/318 305/1743/318 1046/934/318
f 1644/936/319 1064/1749/319 298/937/319
f 1065/939/320 306/1741/320 1047/940/320
f 1081/942/321 318/1724/321 1073/943/321
f 1641/945/322 1083/985/322 311/946/322
f 1080/948/323 319/1719/323 1074/949/323
f 1639/951/324 1082/1744/324 312/952/324
f 1084/954/325 320/1717/325 1075/955/325
f 1637/957/326 1085/1742/326 313/958/326
f 1086/960/327 321/1715/327 1076/961/327
f 1635/963/328 1087/1740/328 314/964/328
f 1088/966/329 322/1713/329 1077/967/329
f 1633/969/330 1089/1738/330 315/970/330
f 1090/972/331 323/1728/331 1078/973/331
f 1631/975/332 1091/1736/332 316/976/332
f 1092/978/333 324/1726/333 1079/979/333
f 1629/981/334 1093/1734/334 317/982/334
f 1111/989/337 338/1707/337 1107/990/337
f 1627/992/338 1113/1712/338 331/993/338
f 1110/995/526 339/1705/526 1108/996/526
f 1625/998/340 1112/1727/340 332/999/340
f 1114/1001/341 340/1703/341 1109/1002/341
f 1623/1004/342 1115/1725/342 333/1005/342
f 1117/1012/345 334/1701/345 1103/1013/345
f 1621/1015/346 1118/1008/346 327/1016/346
f 1119/1018/347 335/1696/347 1104/1019/347
f 1619/1021/348 1120/1718/348 328/1022/348
f 1121/1024/349 336/1711/349 1105/1025/349
f 1617/1027/350 1122/1716/350 329/1028/350
f 1123/1030/351 337/1709/351 1106/1031/351
f 1615/1033/352 1124/1714/352 330/1034/352
f 1140/1036/353 350/1684/353 1133/1037/353
f 1613/1039/354 1142/1695/354 343/1040/354
f 1139/1042/355 351/1681/355 1134/1043/355
f 1611/1045/356 1141/1710/356 344/1046/356
f 1143/1048/357 352/1678/357 1135/1049/357
f 1609/1051/358 1144/1708/358 345/1052/358
f 1145/1054/359 353/1675/359 1136/1055/359
f 1607/1057/360 1146/1706/360 346/1058/360
f 1147/1060/361 354/1672/361 1137/1061/361
f 1605/1063/362 1148/1704/362 347/1064/362
f 1149/1066/363 355/1694/363 1138/1067/363
f 1603/1069/364 1150/1702/364 348/1070/364
f 1152/1077/367 349/1691/367 1132/1078/367
f 1601/1080/368 1153/1073/368 342/1081/368
f 1169/1083/369 369/1671/369 1166/1084/369
f 1599/1086/370 1171/1670/370 362/1087/370
f 1168/1089/371 370/1693/371 1167/1090/371
f 1597/1092/372 1170/1692/372 363/1093/372
f 1173/1100/375 364/1690/375 1161/1101/375
f 1595/1103/376 1174/1096/376 357/1104/376
f 1175/1106/377 365/1683/377 1162/1107/377
f 1593/1109/378 1176/1682/378 358/1110/378
f 1177/1112/379 366/1680/379 1163/1113/379
f 1591/1115/380 1178/1679/380 359/1116/380
f 1179/1118/381 367/1677/381 1164/1119/381
f 1589/1121/382 1180/1676/382 360/1122/382
f 1181/1124/383 368/1674/383 1165/1125/383
f 1587/1127/384 1182/1673/384 361/1128/384
f 1586/1130/385 1198/1635/385 373/1131/385
f 1200/1133/386 381/1624/386 1192/1134/386
f 1584/1136/387 1197/1668/387 374/1137/387
f 1199/1139/388 382/1622/388 1193/1140/388
f 1582/1142/389 1201/1663/389 375/1143/389
f 1202/1145/390 383/1620/390 1194/1146/390
f 1580/1148/391 1203/1658/391 376/1149/391
f 1204/1151/392 384/1618/392 1195/1152/392
f 1578/1154/393 1205/1653/393 377/1155/393
f 1206/1157/394 385/1616/394 1196/1158/394
f 1576/1160/395 1207/1648/395 378/1161/395
f 1209/1169/398 379/1631/398 1190/1170/398
f 1574/1172/399 1210/1165/399 372/1173/399
f 1211/1175/400 380/1626/400 1191/1176/400
f 1572/1178/401 1227/1617/401 392/1179/401
f 1229/1181/402 400/1609/402 1225/1182/402
f 1570/1184/403 1226/1632/403 393/1185/403
f 1230/1192/406 394/1607/406 1219/1193/406
f 1568/1195/407 1231/1188/407 387/1196/407
f 1232/1198/408 395/1602/408 1220/1199/408
f 1566/1201/409 1233/1625/409 388/1202/409
f 1234/1204/410 396/1600/410 1221/1205/410
f 1564/1207/411 1235/1623/411 389/1208/411
f 1236/1210/412 397/1615/412 1222/1211/412
f 1562/1213/413 1237/1621/413 390/1214/413
f 1238/1216/414 398/1613/414 1223/1217/414
f 1560/1219/415 1239/1619/415 391/1220/415
f 1240/1222/416 399/1611/416 1224/1223/416
f 1256/1225/417 411/1591/417 1250/1226/417
f 1557/1228/418 1258/1599/418 404/1229/418
f 1255/1231/419 412/1589/419 1251/1232/419
f 1555/1234/420 1257/1614/420 405/1235/420
f 1259/1237/421 413/1587/421 1252/1238/421
f 1553/1240/422 1260/1612/422 406/1241/422
f 1261/1243/519 414/1585/519 1253/1244/519
f 1551/1246/424 1262/1610/424 407/1247/424
f 1263/1249/518 415/1583/518 1254/1250/518
f 1549/1252/426 1264/1608/426 408/1253/426
f 1266/1260/429 409/1598/429 1248/1261/429
f 1547/1263/430 1267/1256/430 402/1264/430
f 1268/1266/431 410/1593/431 1249/1267/431
f 1545/1269/432 1269/1601/432 403/1270/432
f 1285/1272/516 430/1576/516 1283/1273/516
f 1543/1275/434 1287/1582/434 423/1276/434
f 1286/1283/437 424/1574/437 1277/1284/437
f 1541/1286/438 1288/1279/438 417/1287/438
f 1289/1289/439 425/1569/439 1278/1290/439
f 1539/1292/440 1290/1592/440 418/1293/440
f 1291/1295/441 426/1567/441 1279/1296/441
f 1537/1298/442 1292/1590/442 419/1299/442
f 1293/1301/443 427/1565/443 1280/1302/443
f 1535/1304/444 1294/1588/444 420/1305/444
f 1295/1307/445 428/1580/445 1281/1308/445
f 1533/1310/446 1296/1586/446 421/1311/446
f 1297/1313/447 429/1578/447 1282/1314/447
f 1531/1316/448 1298/1584/448 422/1317/448
f 1530/1319/449 1314/1566/449 434/1320/449
f 1316/1322/450 442/1557/450 1309/1323/450
f 1528/1325/451 1313/1581/451 435/1326/451
f 1315/1328/452 443/1555/452 1310/1329/452
f 1526/1331/453 1317/1579/453 436/1332/453
f 1318/1334/454 444/1553/454 1311/1335/454
f 1524/1337/455 1319/1577/455 437/1338/455
f 1320/1340/456 445/1551/456 1312/1341/456
f 1522/1343/457 1321/1575/457 438/1344/457
f 1323/1351/460 439/1564/460 1306/1352/460
f 1520/1354/461 1324/1347/461 432/1355/461
f 1325/1357/462 440/1561/462 1307/1358/462
f 1518/1360/463 1326/1568/463 433/1361/463
f 1327/1363/464 441/1559/464 1308/1364/464
f 1516/1366/465 1343/1550/465 453/1367/465
f 1342/1374/468 454/1541/468 1335/1375/468
f 1514/1377/469 1344/1370/469 447/1378/469
f 1346/1380/470 455/1536/470 1336/1381/470
f 1512/1383/571 1347/1560/571 448/1384/571
f 1348/1386/472 456/1534/472 1337/1387/472
f 1510/1389/473 1349/1558/473 449/1390/473
f 1350/1392/474 457/1532/474 1338/1393/474
f 1508/1395/475 1351/1556/475 450/1396/475
f 1352/1398/476 458/1547/476 1339/1399/476
f 1506/1401/477 1353/1554/477 451/1402/477
f 1354/1404/515 459/1545/515 1340/1405/515
f 1504/1407/479 1355/1552/479 452/1408/479
f 1356/1410/480 460/1543/480 1341/1411/480
f 1372/1413/481 472/1524/481 1367/1414/481
f 1501/1416/482 1374/1531/482 465/1417/482
f 1371/1419/483 473/1521/483 1368/1420/483
f 1499/1422/484 1373/1546/484 466/1423/484
f 1375/1425/485 474/1518/485 1369/1426/485
f 1497/1428/486 1376/1544/486 467/1429/486
f 1377/1431/487 475/1515/487 1370/1432/487
f 1495/1434/488 1378/1542/488 468/1435/488
f 1380/1442/491 469/1509/491 1364/1443/491
f 1493/1445/492 1381/1438/492 462/1446/492
f 1382/1448/493 470/1530/493 1365/1449/493
f 1491/1451/494 1383/1535/494 463/1452/494
f 1384/1454/495 471/1527/495 1366/1455/495
f 1489/1457/496 1385/1533/496 464/1458/496
f 1392/1463/498 477/1508/498 1386/1464/498
f 1487/1466/499 1466/1505/499 1/1/499
f 1391/1468/500 478/1529/500 1387/1469/500
f 1485/1471/501 1465/1528/501 2/1472/501
f 1393/1474/502 479/1526/502 1397/1475/502
f 1483/1477/503 1467/1525/503 3/1478/503
f 1468/1480/504 8/1523/504 489/1481/504
f 1481/1483/505 1469/1522/505 4/1484/505
f 1470/1486/506 9/1520/506 490/1487/506
f 1479/1489/507 1471/1519/507 5/1490/507
f 1472/1492/508 10/1517/508 1398/1493/508
f 1477/1495/509 1473/1516/509 6/1496/509
f 1394/1498/510 480/1514/510 1388/1499/510
f 1475/1501/511 1474/1513/511 7/1502/511
f 1392/1463/511 1475/1501/511 1396/1503/511
f 1363/1436/511 1475/1501/511 1392/1463/511
f 468/1435/511 1474/1513/511 1475/1501/511
f 1476/1500/510 1388/1499/510 481/1510/510
f 476/1512/510 1370/1432/510 1476/1500/510
f 1370/1432/510 475/1515/510 1394/1498/510
f 1474/1513/509 1477/1495/509 488/1497/509
f 1362/1430/509 1477/1495/509 1474/1513/509
f 467/1429/509 1473/1516/509 1477/1495/509
f 1478/1494/508 1398/1493/508 480/1514/508
f 475/1515/508 1369/1426/508 1478/1494/508
f 1369/1426/508 474/1518/508 1472/1492/508
f 1473/1516/507 1479/1489/507 487/1491/507
f 1361/1424/507 1479/1489/507 1473/1516/507
f 466/1423/507 1471/1519/507 1479/1489/507
f 1480/1488/506 490/1487/506 10/1517/506
f 474/1518/506 1368/1420/506 1480/1488/506
f 1368/1420/506 473/1521/506 1470/1486/506
f 1471/1519/505 1481/1483/505 486/1485/505
f 1360/1418/505 1481/1483/505 1471/1519/505
f 465/1417/505 1469/1522/505 1481/1483/505
f 1482/1482/504 489/1481/504 9/1520/504
f 473/1521/504 1367/1414/504 1482/1482/504
f 1367/1414/504 472/1524/504 1468/1480/504
f 1469/1522/503 1483/1477/503 485/1479/503
f 1359/1459/503 1483/1477/503 1469/1522/503
f 464/1458/503 1467/1525/503 1483/1477/503
f 1484/1476/502 1397/1475/502 8/1523/502
f 472/1524/502 1366/1455/502 1484/1476/502
f 1366/1455/502 471/1527/502 1393/1474/502
f 1467/1525/501 1485/1471/501 484/1473/501
f 1358/1453/501 1485/1471/501 1467/1525/501
f 463/1452/501 1465/1528/501 1485/1471/501
f 1486/1470/500 1387/1469/500 479/1526/500
f 471/1527/500 1365/1449/500 1486/1470/500
f 1365/1449/500 470/1530/500 1391/1468/500
f 1465/1528/499 1487/1466/499 483/1467/499
f 1357/1447/499 1487/1466/499 1465/1528/499
f 462/1446/499 1466/1505/499 1487/1466/499
f 1488/1465/498 1386/1464/498 478/1529/498
f 470/1530/498 1364/1443/498 1488/1465/498
f 1364/1443/498 469/1509/498 1392/1463/498
f 1374/1531/496 1489/1457/496 1359/1459/496
f 1330/1391/496 1489/1457/496 1374/1531/496
f 449/1390/496 1385/1533/496 1489/1457/496
f 1490/1456/495 1366/1455/495 472/1524/495
f 457/1532/495 1337/1387/495 1490/1456/495
f 1337/1387/495 456/1534/495 1384/1454/495
f 1385/1533/494 1491/1451/494 1358/1453/494
f 1329/1385/494 1491/1451/494 1385/1533/494
f 448/1384/494 1383/1535/494 1491/1451/494
f 1492/1450/493 1365/1449/493 471/1527/493
f 456/1534/493 1336/1381/493 1492/1450/493
f 1336/1381/493 455/1536/493 1382/1448/493
f 1383/1535/492 1493/1445/492 1357/1447/492
f 1328/1379/492 1493/1445/492 1383/1535/492
f 447/1378/492 1381/1438/492 1493/1445/492
f 1494/1444/491 1364/1443/491 470/1530/491
f 455/1536/491 1335/1375/491 1494/1444/491
f 1335/1375/491 454/1541/491 1380/1442/491
f 1380/1442/488 1495/1434/488 1363/1436/488
f 1334/1368/488 1495/1434/488 1380/1442/488
f 453/1367/488 1378/1542/488 1495/1434/488
f 1496/1433/487 1370/1432/487 476/1512/487
f 461/1538/487 1341/1411/487 1496/1433/487
f 1341/1411/487 460/1543/487 1377/1431/487
f 1378/1542/486 1497/1428/486 1362/1430/486
f 1333/1409/486 1497/1428/486 1378/1542/486
f 452/1408/486 1376/1544/486 1497/1428/486
f 1498/1427/485 1369/1426/485 475/1515/485
f 460/1543/485 1340/1405/485 1498/1427/485
f 1340/1405/485 459/1545/485 1375/1425/485
f 1376/1544/484 1499/1422/484 1361/1424/484
f 1332/1403/484 1499/1422/484 1376/1544/484
f 451/1402/484 1373/1546/484 1499/1422/484
f 1500/1421/483 1368/1420/483 474/1518/483
f 459/1545/483 1339/1399/483 1500/1421/483
f 1339/1399/483 458/1547/483 1371/1419/483
f 1373/1546/482 1501/1416/482 1360/1418/482
f 1331/1397/482 1501/1416/482 1373/1546/482
f 450/1396/482 1374/1531/482 1501/1416/482
f 1502/1415/481 1367/1414/481 473/1521/481
f 458/1547/481 1338/1393/481 1502/1415/481
f 1338/1393/481 457/1532/481 1372/1413/481
f 1503/1412/480 1341/1411/480 461/1538/480
f 446/1549/480 1312/1341/480 1503/1412/480
f 1312/1341/480 445/1551/480 1356/1410/480
f 1343/1550/479 1504/1407/479 1333/1409/479
f 1304/1339/479 1504/1407/479 1343/1550/479
f 437/1338/479 1355/1552/479 1504/1407/479
f 1505/1406/515 1340/1405/515 460/1543/515
f 445/1551/478 1311/1335/478 1505/1406/478
f 1311/1335/515 444/1553/515 1354/1404/515
f 1355/1552/477 1506/1401/477 1332/1403/477
f 1303/1333/477 1506/1401/477 1355/1552/477
f 436/1332/477 1353/1554/477 1506/1401/477
f 1507/1400/476 1339/1399/476 459/1545/476
f 444/1553/476 1310/1329/476 1507/1400/476
f 1310/1329/476 443/1555/476 1352/1398/476
f 1353/1554/475 1508/1395/475 1331/1397/475
f 1302/1327/475 1508/1395/475 1353/1554/475
f 435/1326/475 1351/1556/475 1508/1395/475
f 1509/1394/474 1338/1393/474 458/1547/474
f 443/1555/474 1309/1323/474 1509/1394/474
f 1309/1323/474 442/1557/474 1350/1392/474
f 1351/1556/473 1510/1389/473 1330/1391/473
f 1301/1321/473 1510/1389/473 1351/1556/473
f 434/1320/473 1349/1558/473 1510/1389/473
f 1511/1388/472 1337/1387/472 457/1532/472
f 442/1557/472 1308/1364/472 1511/1388/472
f 1308/1364/472 441/1559/472 1348/1386/472
f 1349/1558/471 1512/1383/471 1329/1385/471
f 1300/1362/571 1512/1383/571 1349/1558/571
f 433/1361/471 1347/1560/471 1512/1383/471
f 1513/1382/470 1336/1381/470 456/1534/470
f 441/1559/470 1307/1358/470 1513/1382/470
f 1307/1358/470 440/1561/470 1346/1380/470
f 1347/1560/469 1514/1377/469 1328/1379/469
f 1299/1356/469 1514/1377/469 1347/1560/469
f 432/1355/469 1344/1370/469 1514/1377/469
f 1515/1376/468 1335/1375/468 455/1536/468
f 440/1561/468 1306/1352/468 1515/1376/468
f 1306/1352/468 439/1564/468 1342/1374/468
f 1342/1374/465 1516/1366/465 1334/1368/465
f 1305/1345/465 1516/1366/465 1342/1374/465
f 438/1344/465 1343/1550/465 1516/1366/465
f 1517/1365/464 1308/1364/464 442/1557/464
f 427/1565/464 1279/1296/464 1517/1365/464
f 1279/1296/464 426/1567/464 1327/1363/464
f 1314/1566/463 1518/1360/463 1300/1362/463
f 1271/1294/463 1518/1360/463 1314/1566/463
f 418/1293/463 1326/1568/463 1518/1360/463
f 1519/1359/462 1307/1358/462 441/1559/462
f 426/1567/462 1278/1290/462 1519/1359/462
f 1278/1290/462 425/1569/462 1325/1357/462
f 1326/1568/461 1520/1354/461 1299/1356/461
f 1270/1288/461 1520/1354/461 1326/1568/461
f 417/1287/461 1324/1347/461 1520/1354/461
f 1521/1353/460 1306/1352/460 440/1561/460
f 425/1569/460 1277/1284/460 1521/1353/460
f 1277/1284/460 424/1574/460 1323/1351/460
f 1323/1351/457 1522/1343/457 1305/1345/457
f 1276/1277/457 1522/1343/457 1323/1351/457
f 423/1276/457 1321/1575/457 1522/1343/457
f 1523/1342/456 1312/1341/456 446/1549/456
f 431/1571/456 1283/1273/456 1523/1342/456
f 1283/1273/456 430/1576/456 1320/1340/456
f 1321/1575/455 1524/1337/455 1304/1339/455
f 1275/1318/455 1524/1337/455 1321/1575/455
f 422/1317/455 1319/1577/455 1524/1337/455
f 1525/1336/454 1311/1335/454 445/1551/454
f 430/1576/454 1282/1314/454 1525/1336/454
f 1282/1314/454 429/1578/454 1318/1334/454
f 1319/1577/453 1526/1331/453 1303/1333/453
f 1274/1312/453 1526/1331/453 1319/1577/453
f 421/1311/453 1317/1579/453 1526/1331/453
f 1527/1330/452 1310/1329/452 444/1553/452
f 429/1578/452 1281/1308/452 1527/1330/452
f 1281/1308/452 428/1580/452 1315/1328/452
f 1317/1579/451 1528/1325/451 1302/1327/451
f 1273/1306/451 1528/1325/451 1317/1579/451
f 420/1305/451 1313/1581/451 1528/1325/451
f 1529/1324/450 1309/1323/450 443/1555/450
f 428/1580/450 1280/1302/450 1529/1324/450
f 1280/1302/450 427/1565/450 1316/1322/450
f 1313/1581/449 1530/1319/449 1301/1321/449
f 1272/1300/449 1530/1319/449 1313/1581/449
f 419/1299/449 1314/1566/449 1530/1319/449
f 1287/1582/448 1531/1316/448 1275/1318/448
f 1246/1248/448 1531/1316/448 1287/1582/448
f 407/1247/448 1298/1584/448 1531/1316/448
f 1532/1315/447 1282/1314/447 430/1576/447
f 415/1583/447 1253/1244/447 1532/1315/447
f 1253/1244/447 414/1585/447 1297/1313/447
f 1298/1584/446 1533/1310/446 1274/1312/446
f 1245/1242/446 1533/1310/446 1298/1584/446
f 406/1241/446 1296/1586/446 1533/1310/446
f 1534/1309/445 1281/1308/445 429/1578/445
f 414/1585/445 1252/1238/445 1534/1309/445
f 1252/1238/445 413/1587/445 1295/1307/445
f 1296/1586/444 1535/1304/444 1273/1306/444
f 1244/1236/444 1535/1304/444 1296/1586/444
f 405/1235/444 1294/1588/444 1535/1304/444
f 1536/1303/443 1280/1302/443 428/1580/443
f 413/1587/443 1251/1232/443 1536/1303/443
f 1251/1232/443 412/1589/443 1293/1301/443
f 1294/1588/442 1537/1298/442 1272/1300/442
f 1243/1230/442 1537/1298/442 1294/1588/442
f 404/1229/442 1292/1590/442 1537/1298/442
f 1538/1297/441 1279/1296/441 427/1565/441
f 412/1589/441 1250/1226/441 1538/1297/441
f 1250/1226/441 411/1591/441 1291/1295/441
f 1292/1590/440 1539/1292/440 1271/1294/440
f 1242/1271/440 1539/1292/440 1292/1590/440
f 403/1270/440 1290/1592/440 1539/1292/440
f 1540/1291/439 1278/1290/439 426/1567/439
f 411/1591/439 1249/1267/439 1540/1291/439
f 1249/1267/439 410/1593/439 1289/1289/439
f 1290/1592/438 1541/1286/438 1270/1288/438
f 1241/1265/438 1541/1286/438 1290/1592/438
f 402/1264/572 1288/1279/572 1541/1286/572
f 1542/1285/437 1277/1284/437 425/1569/437
f 410/1593/437 1248/1261/437 1542/1285/437
f 1248/1261/437 409/1598/437 1286/1283/437
f 1286/1283/434 1543/1275/434 1276/1277/434
f 1247/1254/434 1543/1275/434 1286/1283/434
f 408/1253/434 1287/1582/434 1543/1275/434
f 1544/1274/516 1283/1273/516 431/1571/516
f 416/1595/516 1254/1250/516 1544/1274/516
f 1254/1250/516 415/1583/516 1285/1272/516
f 1258/1599/517 1545/1269/517 1242/1271/517
f 1213/1203/432 1545/1269/432 1258/1599/432
f 388/1202/432 1269/1601/432 1545/1269/432
f 1546/1268/431 1249/1267/431 411/1591/431
f 396/1600/431 1220/1199/431 1546/1268/431
f 1220/1199/431 395/1602/431 1268/1266/431
f 1269/1601/430 1547/1263/430 1241/1265/430
f 1212/1197/573 1547/1263/573 1269/1601/573
f 387/1196/430 1267/1256/430 1547/1263/430
f 1548/1262/429 1248/1261/429 410/1593/429
f 395/1602/429 1219/1193/429 1548/1262/429
f 1219/1193/429 394/1607/429 1266/1260/429
f 1266/1260/426 1549/1252/426 1247/1254/426
f 1218/1186/426 1549/1252/426 1266/1260/426
f 393/1185/426 1264/1608/426 1549/1252/426
f 1550/1251/518 1254/1250/518 416/1595/518
f 401/1604/518 1225/1182/518 1550/1251/518
f 1225/1182/518 400/1609/518 1263/1249/518
f 1264/1608/424 1551/1246/424 1246/1248/424
f 1217/1180/424 1551/1246/424 1264/1608/424
f 392/1179/424 1262/1610/424 1551/1246/424
f 1552/1245/519 1253/1244/519 415/1583/519
f 400/1609/423 1224/1223/423 1552/1245/423
f 1224/1223/519 399/1611/519 1261/1243/519
f 1262/1610/422 1553/1240/422 1245/1242/422
f 1216/1221/422 1553/1240/422 1262/1610/422
f 391/1220/422 1260/1612/422 1553/1240/422
f 1554/1239/421 1252/1238/421 414/1585/421
f 399/1611/421 1223/1217/421 1554/1239/421
f 1223/1217/421 398/1613/421 1259/1237/421
f 1260/1612/420 1555/1234/420 1244/1236/420
f 1215/1215/420 1555/1234/420 1260/1612/420
f 390/1214/420 1257/1614/420 1555/1234/420
f 1556/1233/419 1251/1232/419 413/1587/419
f 398/1613/419 1222/1211/419 1556/1233/419
f 1222/1211/419 397/1615/419 1255/1231/419
f 1257/1614/418 1557/1228/418 1243/1230/418
f 1214/1209/418 1557/1228/418 1257/1614/418
f 389/1208/418 1258/1599/418 1557/1228/418
f 1558/1227/417 1250/1226/417 412/1589/417
f 397/1615/417 1221/1205/417 1558/1227/417
f 1221/1205/417 396/1600/417 1256/1225/417
f 1559/1224/416 1224/1223/416 400/1609/416
f 385/1616/416 1195/1152/416 1559/1224/416
f 1195/1152/416 384/1618/416 1240/1222/416
f 1227/1617/415 1560/1219/415 1216/1221/415
f 1187/1150/415 1560/1219/415 1227/1617/415
f 376/1149/415 1239/1619/415 1560/1219/415
f 1561/1218/414 1223/1217/414 399/1611/414
f 384/1618/414 1194/1146/414 1561/1218/414
f 1194/1146/414 383/1620/414 1238/1216/414
f 1239/1619/413 1562/1213/413 1215/1215/413
f 1186/1144/413 1562/1213/413 1239/1619/413
f 375/1143/413 1237/1621/413 1562/1213/413
f 1563/1212/412 1222/1211/412 398/1613/412
f 383/1620/412 1193/1140/412 1563/1212/412
f 1193/1140/412 382/1622/412 1236/1210/412
f 1237/1621/411 1564/1207/411 1214/1209/411
f 1185/1138/411 1564/1207/411 1237/1621/411
f 374/1137/411 1235/1623/411 1564/1207/411
f 1565/1206/410 1221/1205/410 397/1615/410
f 382/1622/410 1192/1134/410 1565/1206/410
f 1192/1134/410 381/1624/410 1234/1204/410
f 1235/1623/409 1566/1201/409 1213/1203/409
f 1184/1132/409 1566/1201/409 1235/1623/409
f 373/1131/409 1233/1625/409 1566/1201/409
f 1567/1200/408 1220/1199/408 396/1600/408
f 381/1624/408 1191/1176/408 1567/1200/408
f 1191/1176/408 380/1626/408 1232/1198/408
f 1233/1625/407 1568/1195/407 1212/1197/407
f 1183/1174/407 1568/1195/407 1233/1625/407
f 372/1173/407 1231/1188/407 1568/1195/407
f 1569/1194/406 1219/1193/406 395/1602/406
f 380/1626/406 1190/1170/406 1569/1194/406
f 1190/1170/406 379/1631/406 1230/1192/406
f 1230/1192/403 1570/1184/403 1218/1186/403
f 1189/1162/403 1570/1184/403 1230/1192/403
f 378/1161/403 1226/1632/403 1570/1184/403
f 1571/1183/402 1225/1182/402 401/1604/402
f 386/1628/402 1196/1158/402 1571/1183/402
f 1196/1158/402 385/1616/402 1229/1181/402
f 1226/1632/401 1572/1178/401 1217/1180/401
f 1188/1156/401 1572/1178/401 1226/1632/401
f 377/1155/401 1227/1617/401 1572/1178/401
f 1573/1177/400 1191/1176/400 381/1624/400
f 366/1633/400 1162/1634/400 1573/1177/400
f 1162/1634/400 365/1638/400 1211/1175/400
f 1198/1635/399 1574/1172/399 1183/1174/399
f 1154/1636/399 1574/1172/399 1198/1635/399
f 357/1163/399 1210/1165/399 1574/1172/399
f 1575/1171/398 1190/1170/398 380/1626/398
f 365/1638/520 1161/1639/520 1575/1171/520
f 1161/1639/520 364/1645/520 1209/1169/520
f 1209/1169/395 1576/1160/395 1189/1162/395
f 1160/1644/523 1576/1160/523 1209/1169/523
f 363/1646/395 1207/1648/395 1576/1160/395
f 1577/1159/394 1196/1158/394 386/1628/394
f 371/1641/394 1167/1647/394 1577/1159/394
f 1167/1647/394 370/1651/394 1206/1157/394
f 1207/1648/393 1578/1154/393 1188/1156/393
f 1159/1649/393 1578/1154/393 1207/1648/393
f 362/1650/393 1205/1653/393 1578/1154/393
f 1579/1153/392 1195/1152/392 385/1616/392
f 370/1651/392 1166/1652/392 1579/1153/392
f 1166/1652/392 369/1656/392 1204/1151/392
f 1205/1653/391 1580/1148/391 1187/1150/391
f 1158/1654/391 1580/1148/391 1205/1653/391
f 361/1655/391 1203/1658/391 1580/1148/391
f 1581/1147/390 1194/1146/390 384/1618/390
f 369/1656/390 1165/1657/390 1581/1147/390
f 1165/1657/390 368/1661/390 1202/1145/390
f 1203/1658/389 1582/1142/389 1186/1144/389
f 1157/1659/389 1582/1142/389 1203/1658/389
f 360/1660/389 1201/1663/389 1582/1142/389
f 1583/1141/388 1193/1140/388 383/1620/388
f 368/1661/388 1164/1662/388 1583/1141/388
f 1164/1662/388 367/1666/388 1199/1139/388
f 1201/1663/387 1584/1136/387 1185/1138/387
f 1156/1664/387 1584/1136/387 1201/1663/387
f 359/1665/387 1197/1668/387 1584/1136/387
f 1585/1135/386 1192/1134/386 382/1622/386
f 367/1666/386 1163/1667/386 1585/1135/386
f 1163/1667/386 366/1633/386 1200/1133/386
f 1197/1668/385 1586/1130/385 1184/1132/385
f 1155/1669/385 1586/1130/385 1197/1668/385
f 358/1637/385 1198/1635/385 1586/1130/385
f 1171/1670/384 1587/1127/384 1158/1129/384
f 1129/1059/384 1587/1127/384 1171/1670/384
f 346/1058/384 1182/1673/384 1587/1127/384
f 1588/1126/383 1165/1125/383 369/1671/383
f 354/1672/383 1136/1055/383 1588/1126/383
f 1136/1055/383 353/1675/383 1181/1124/383
f 1182/1673/382 1589/1121/382 1157/1123/382
f 1128/1053/382 1589/1121/382 1182/1673/382
f 345/1052/382 1180/1676/382 1589/1121/382
f 1590/1120/381 1164/1119/381 368/1674/381
f 353/1675/381 1135/1049/381 1590/1120/381
f 1135/1049/381 352/1678/381 1179/1118/381
f 1180/1676/380 1591/1115/380 1156/1117/380
f 1127/1047/380 1591/1115/380 1180/1676/380
f 344/1046/380 1178/1679/380 1591/1115/380
f 1592/1114/379 1163/1113/379 367/1677/379
f 352/1678/379 1134/1043/379 1592/1114/379
f 1134/1043/379 351/1681/379 1177/1112/379
f 1178/1679/378 1593/1109/378 1155/1111/378
f 1126/1041/378 1593/1109/378 1178/1679/378
f 343/1040/378 1176/1682/378 1593/1109/378
f 1594/1108/377 1162/1107/377 366/1680/377
f 351/1681/377 1133/1037/377 1594/1108/377
f 1133/1037/377 350/1684/377 1175/1106/377
f 1176/1682/376 1595/1103/376 1154/1105/376
f 1125/1082/376 1595/1103/376 1176/1682/376
f 342/1081/376 1174/1096/376 1595/1103/376
f 1596/1102/375 1161/1101/375 365/1683/375
f 350/1684/375 1132/1078/375 1596/1102/375
f 1132/1078/375 349/1691/375 1173/1100/375
f 1173/1100/372 1597/1092/372 1160/1094/372
f 1131/1071/372 1597/1092/372 1173/1100/372
f 348/1070/372 1170/1692/372 1597/1092/372
f 1598/1091/371 1167/1090/371 371/1686/371
f 356/1687/371 1138/1067/371 1598/1091/371
f 1138/1067/371 355/1694/371 1168/1089/371
f 1170/1692/370 1599/1086/370 1159/1088/370
f 1130/1065/370 1599/1086/370 1170/1692/370
f 347/1064/370 1171/1670/370 1599/1086/370
f 1600/1085/369 1166/1084/369 370/1693/369
f 355/1694/369 1137/1061/369 1600/1085/369
f 1137/1061/369 354/1672/369 1169/1083/369
f 1142/1695/368 1601/1080/368 1125/1082/368
f 1096/1017/368 1601/1080/368 1142/1695/368
f 327/1016/368 1153/1073/368 1601/1080/368
f 1602/1079/367 1132/1078/367 350/1684/367
f 335/1696/367 1103/1013/367 1602/1079/367
f 1103/1013/367 334/1701/367 1152/1077/367
f 1152/1077/364 1603/1069/364 1131/1071/364
f 1102/1006/364 1603/1069/364 1152/1077/364
f 333/1005/364 1150/1702/364 1603/1069/364
f 1604/1068/363 1138/1067/363 356/1687/363
f 341/1698/363 1109/1002/363 1604/1068/363
f 1109/1002/363 340/1703/363 1149/1066/363
f 1150/1702/362 1605/1063/362 1130/1065/362
f 1101/1000/362 1605/1063/362 1150/1702/362
f 332/999/362 1148/1704/362 1605/1063/362
f 1606/1062/361 1137/1061/361 355/1694/361
f 340/1703/361 1108/996/361 1606/1062/361
f 1108/996/361 339/1705/361 1147/1060/361
f 1148/1704/360 1607/1057/360 1129/1059/360
f 1100/994/360 1607/1057/360 1148/1704/360
f 331/993/360 1146/1706/360 1607/1057/360
f 1608/1056/359 1136/1055/359 354/1672/359
f 339/1705/359 1107/990/359 1608/1056/359
f 1107/990/359 338/1707/359 1145/1054/359
f 1146/1706/358 1609/1051/358 1128/1053/358
f 1099/1035/358 1609/1051/358 1146/1706/358
f 330/1034/358 1144/1708/358 1609/1051/358
f 1610/1050/357 1135/1049/357 353/1675/357
f 338/1707/357 1106/1031/357 1610/1050/357
f 1106/1031/357 337/1709/357 1143/1048/357
f 1144/1708/356 1611/1045/356 1127/1047/356
f 1098/1029/356 1611/1045/356 1144/1708/356
f 329/1028/356 1141/1710/356 1611/1045/356
f 1612/1044/355 1134/1043/355 352/1678/355
f 337/1709/355 1105/1025/355 1612/1044/355
f 1105/1025/355 336/1711/355 1139/1042/355
f 1141/1710/354 1613/1039/354 1126/1041/354
f 1097/1023/354 1613/1039/354 1141/1710/354
f 328/1022/354 1142/1695/354 1613/1039/354
f 1614/1038/353 1133/1037/353 351/1681/353
f 336/1711/353 1104/1019/353 1614/1038/353
f 1104/1019/353 335/1696/353 1140/1036/353
f 1113/1712/352 1615/1033/352 1099/1035/352
f 1069/965/352 1615/1033/352 1113/1712/352
f 314/964/352 1124/1714/352 1615/1033/352
f 1616/1032/351 1106/1031/351 338/1707/351
f 322/1713/351 1076/961/351 1616/1032/351
f 1076/961/351 321/1715/351 1123/1030/351
f 1124/1714/350 1617/1027/350 1098/1029/350
f 1068/959/350 1617/1027/350 1124/1714/350
f 313/958/350 1122/1716/350 1617/1027/350
f 1618/1026/349 1105/1025/349 337/1709/349
f 321/1715/349 1075/955/349 1618/1026/349
f 1075/955/349 320/1717/349 1121/1024/349
f 1122/1716/574 1619/1021/574 1097/1023/574
f 1067/953/348 1619/1021/348 1122/1716/348
f 312/952/348 1120/1718/348 1619/1021/348
f 1620/1020/347 1104/1019/347 336/1711/347
f 320/1717/347 1074/949/347 1620/1020/347
f 1074/949/347 319/1719/347 1119/1018/347
f 1120/1718/346 1621/1015/346 1096/1017/346
f 1066/947/346 1621/1015/346 1120/1718/346
f 311/946/346 1118/1008/346 1621/1015/346
f 1622/1014/345 1103/1013/345 335/1696/345
f 319/1719/345 1073/943/345 1622/1014/345
f 1073/943/345 318/1724/345 1117/1012/345
f 1117/1012/342 1623/1004/342 1102/1006/342
f 1072/983/342 1623/1004/342 1117/1012/342
f 317/982/342 1115/1725/342 1623/1004/342
f 1624/1003/341 1109/1002/341 341/1698/341
f 325/1721/341 1079/979/341 1624/1003/341
f 1079/979/341 324/1726/341 1114/1001/341
f 1115/1725/340 1625/998/340 1101/1000/340
f 1071/977/340 1625/998/340 1115/1725/340
f 316/976/340 1112/1727/340 1625/998/340
f 1626/997/339 1108/996/339 340/1703/339
f 324/1726/526 1078/973/526 1626/997/526
f 1078/973/339 323/1728/339 1110/995/339
f 1112/1727/338 1627/992/338 1100/994/338
f 1070/971/338 1627/992/338 1112/1727/338
f 315/970/338 1113/1712/338 1627/992/338
f 1628/991/337 1107/990/337 339/1705/337
f 323/1728/337 1077/967/337 1628/991/337
f 1077/967/337 322/1713/337 1111/989/337
f 1081/942/334 1629/981/334 1072/983/334
f 1043/915/334 1629/981/334 1081/942/334
f 302/914/334 1093/1734/334 1629/981/334
f 1630/980/333 1079/979/333 325/1721/333
f 310/1730/333 1050/911/333 1630/980/333
f 1050/911/333 309/1735/333 1092/978/333
f 1093/1734/332 1631/975/332 1071/977/332
f 1042/909/332 1631/975/332 1093/1734/332
f 301/908/332 1091/1736/332 1631/975/332
f 1632/974/331 1078/973/331 324/1726/331
f 309/1735/331 1049/905/331 1632/974/331
f 1049/905/331 308/1737/331 1090/972/331
f 1091/1736/330 1633/969/330 1070/971/330
f 1041/903/330 1633/969/330 1091/1736/330
f 300/902/330 1089/1738/330 1633/969/330
f 1634/968/329 1077/967/329 323/1728/329
f 308/1737/329 1048/899/329 1634/968/329
f 1048/899/329 307/1739/329 1088/966/329
f 1089/1738/328 1635/963/328 1069/965/328
f 1040/897/328 1635/963/328 1089/1738/328
f 299/896/328 1087/1740/328 1635/963/328
f 1636/962/327 1076/961/327 322/1713/327
f 307/1739/327 1047/940/327 1636/962/327
f 1047/940/327 306/1741/327 1086/960/327
f 1087/1740/326 1637/957/326 1068/959/326
f 1039/938/326 1637/957/326 1087/1740/326
f 298/937/326 1085/1742/326 1637/957/326
f 1638/956/325 1075/955/325 321/1715/325
f 306/1741/325 1046/934/325 1638/956/325
f 1046/934/325 305/1743/325 1084/954/325
f 1085/1742/324 1639/951/324 1067/953/324
f 1038/932/324 1639/951/324 1085/1742/324
f 297/931/324 1082/1744/324 1639/951/324
f 1640/950/323 1074/949/323 320/1717/323
f 305/1743/323 1045/928/323 1640/950/323
f 1045/928/323 304/1745/323 1080/948/323
f 1082/1744/322 1641/945/322 1066/947/322
f 1037/926/322 1641/945/322 1082/1744/322
f 296/925/575 1083/985/575 1641/945/575
f 1642/944/321 1073/943/321 319/1719/321
f 304/1745/321 1044/922/321 1642/944/321
f 1044/922/321 303/1733/321 1081/942/321
f 1643/941/320 1047/940/320 307/1739/320
f 292/1746/320 1018/872/320 1643/941/320
f 1018/872/320 291/1748/320 1065/939/320
f 1052/1747/319 1644/936/319 1039/938/319
f 1010/870/319 1644/936/319 1052/1747/319
f 283/869/319 1064/1749/319 1644/936/319
f 1645/935/318 1046/934/318 306/1741/318
f 291/1748/318 1017/866/318 1645/935/318
f 1017/866/318 290/1750/318 1063/933/318
f 1064/1749/317 1646/930/317 1038/932/317
f 1009/864/317 1646/930/317 1064/1749/317
f 282/863/317 1062/1751/317 1646/930/317
f 1647/929/316 1045/928/316 305/1743/316
f 290/1750/316 1016/860/316 1647/929/316
f 1016/860/316 289/1752/316 1061/927/316
f 1062/1751/528 1648/924/528 1037/926/528
f 1008/858/528 1648/924/528 1062/1751/528
f 281/857/528 1060/917/528 1648/924/528
f 1649/923/314 1044/922/314 304/1745/314
f 289/1752/314 1015/854/314 1649/923/314
f 1015/854/314 288/1757/314 1059/921/314
f 1059/921/311 1650/913/311 1043/915/311
f 1014/894/311 1650/913/311 1059/921/311
f 287/893/311 1057/1758/311 1650/913/311
f 1651/912/310 1050/911/310 310/1730/310
f 295/1754/310 1021/890/310 1651/912/310
f 1021/890/310 294/1759/310 1056/910/310
f 1057/1758/309 1652/907/309 1042/909/309
f 1013/888/309 1652/907/309 1057/1758/309
f 286/887/309 1055/1760/309 1652/907/309
f 1653/906/308 1049/905/308 309/1735/308
f 294/1759/308 1020/884/308 1653/906/308
f 1020/884/308 293/1761/308 1053/904/308
f 1055/1760/307 1654/901/307 1041/903/307
f 1012/882/307 1654/901/307 1055/1760/307
f 285/881/307 1051/1762/307 1654/901/307
f 1655/900/306 1048/899/306 308/1737/306
f 293/1761/306 1019/878/306 1655/900/306
f 1019/878/306 292/1746/306 1054/898/306
f 1051/1762/305 1656/895/305 1040/897/305
f 1011/876/305 1656/895/305 1051/1762/305
f 284/875/305 1052/1747/305 1656/895/305
f 1025/853/304 1657/892/304 1014/894/304
f 985/824/304 1657/892/304 1025/853/304
f 272/823/304 1036/1766/304 1657/892/304
f 1658/891/303 1021/890/303 295/1754/303
f 280/1765/303 992/820/303 1658/891/303
f 992/820/303 279/1767/303 1035/889/303
f 1036/1766/302 1659/886/302 1013/888/302
f 984/818/302 1659/886/302 1036/1766/302
f 271/817/302 1034/1768/302 1659/886/302
f 1660/885/529 1020/884/529 294/1759/529
f 279/1767/529 991/814/529 1660/885/529
f 991/814/301 278/1769/301 1033/883/301
f 1034/1768/300 1661/880/300 1012/882/300
f 983/812/300 1661/880/300 1034/1768/300
f 270/811/300 1032/1770/300 1661/880/300
f 1662/879/299 1019/878/299 293/1761/299
f 278/1769/299 990/808/299 1662/879/299
f 990/808/299 277/1771/299 1031/877/299
f 1032/1770/298 1663/874/298 1011/876/298
f 982/806/298 1663/874/298 1032/1770/298
f 269/805/298 1030/1772/298 1663/874/298
f 1664/873/297 1018/872/297 292/1746/297
f 277/1771/297 989/802/297 1664/873/297
f 989/802/297 276/1773/297 1029/871/297
f 1030/1772/296 1665/868/296 1010/870/296
f 981/847/296 1665/868/296 1030/1772/296
f 268/846/296 1028/1774/296 1665/868/296
f 1666/867/295 1017/866/295 291/1748/295
f 276/1773/295 988/843/295 1666/867/295
f 988/843/295 275/1775/295 1027/865/295
f 1028/1774/294 1667/862/294 1009/864/294
f 980/841/294 1667/862/294 1028/1774/294
f 267/840/294 1026/1776/294 1667/862/294
f 1668/861/293 1016/860/293 290/1750/293
f 275/1775/293 987/837/293 1668/861/293
f 987/837/293 274/1777/293 1024/859/293
f 1026/1776/292 1669/856/292 1008/858/292
f 979/835/292 1669/856/292 1026/1776/292
f 266/834/576 1022/849/576 1669/856/576
f 1670/855/291 1015/854/291 289/1752/291
f 274/1777/291 986/831/291 1670/855/291
f 986/831/291 273/1763/291 1025/853/291
f 996/1780/288 1671/845/288 981/847/288
f 952/779/288 1671/845/288 996/1780/288
f 253/778/288 1007/1782/288 1671/845/288
f 1672/844/287 988/843/287 276/1773/287
f 261/1781/287 959/775/287 1672/844/287
f 959/775/287 260/1783/287 1006/842/287
f 1007/1782/286 1673/839/286 980/841/286
f 951/773/286 1673/839/286 1007/1782/286
f 252/772/286 1005/1784/286 1673/839/286
f 1674/838/285 987/837/285 275/1775/285
f 260/1783/285 958/769/285 1674/838/285
f 958/769/285 259/1785/285 1004/836/285
f 1005/1784/284 1675/833/284 979/835/284
f 950/767/284 1675/833/284 1005/1784/284
f 251/766/284 1003/826/284 1675/833/284
f 1676/832/283 986/831/283 274/1777/283
f 259/1785/283 957/763/283 1676/832/283
f 957/763/283 258/1790/283 1002/830/283
f 1002/830/280 1677/822/280 985/824/280
f 956/756/280 1677/822/280 1002/830/280
f 257/755/280 1000/1791/280 1677/822/280
f 1678/821/279 992/820/279 280/1765/279
f 265/1787/279 963/799/279 1678/821/279
f 963/799/279 264/1792/279 999/819/279
f 1000/1791/278 1679/816/278 984/818/278
f 955/797/278 1679/816/278 1000/1791/278
f 256/796/278 998/1793/278 1679/816/278
f 1680/815/277 991/814/277 279/1767/277
f 264/1792/277 962/793/277 1680/815/277
f 962/793/277 263/1794/277 997/813/277
f 998/1793/276 1681/810/276 983/812/276
f 954/791/276 1681/810/276 998/1793/276
f 255/790/276 995/1795/276 1681/810/276
f 1682/809/275 990/808/275 278/1769/275
f 263/1794/275 961/787/275 1682/809/275
f 961/787/275 262/1796/275 993/807/275
f 995/1795/274 1683/804/274 982/806/274
f 953/785/274 1683/804/274 995/1795/274
f 254/784/274 996/1780/274 1683/804/274
f 1684/803/273 989/802/273 277/1771/273
f 262/1796/273 960/781/273 1684/803/273
f 960/781/273 261/1781/273 994/801/273
f 1685/800/272 963/799/272 265/1787/272
f 250/1798/272 934/729/272 1685/800/272
f 934/729/577 249/1800/577 978/798/577
f 965/1799/271 1686/795/271 955/797/271
f 926/727/271 1686/795/271 965/1799/271
f 241/726/271 977/1801/271 1686/795/271
f 1687/794/270 962/793/270 264/1792/270
f 249/1800/270 933/723/270 1687/794/270
f 933/723/270 248/1802/270 976/792/270
f 977/1801/269 1688/789/269 954/791/269
f 925/721/269 1688/789/269 977/1801/269
f 240/720/269 975/1803/269 1688/789/269
f 1689/788/268 961/787/268 263/1794/268
f 248/1802/268 932/717/268 1689/788/268
f 932/717/268 247/1804/268 974/786/268
f 975/1803/267 1690/783/267 953/785/267
f 924/715/267 1690/783/267 975/1803/267
f 239/714/267 973/1805/267 1690/783/267
f 1691/782/266 960/781/266 262/1796/266
f 247/1804/266 931/711/266 1691/782/266
f 931/711/266 246/1806/266 972/780/266
f 973/1805/265 1692/777/265 952/779/265
f 923/709/265 1692/777/265 973/1805/265
f 238/708/265 971/1807/265 1692/777/265
f 1693/776/264 959/775/264 261/1781/264
f 246/1806/264 930/752/264 1693/776/264
f 930/752/264 245/1808/264 970/774/264
f 971/1807/263 1694/771/263 951/773/263
f 922/750/263 1694/771/263 971/1807/263
f 237/749/263 969/1809/263 1694/771/263
f 1695/770/262 958/769/262 260/1783/262
f 245/1808/262 929/746/262 1695/770/262
f 929/746/262 244/1810/262 968/768/262
f 969/1809/261 1696/765/261 950/767/261
f 921/744/261 1696/765/261 969/1809/261
f 236/743/261 966/758/261 1696/765/261
f 1697/764/531 957/763/531 259/1785/531
f 244/1810/531 928/740/531 1697/764/531
f 928/740/260 243/1813/260 964/762/260
f 964/762/257 1698/754/257 956/756/257
f 927/733/257 1698/754/257 964/762/257
f 242/732/532 965/1799/532 1698/754/532
f 1699/753/256 930/752/256 246/1806/256
f 231/1814/256 901/684/256 1699/753/256
f 901/684/256 230/1816/256 949/751/256
f 936/1815/255 1700/748/255 922/750/255
f 893/682/255 1700/748/255 936/1815/255
f 222/681/255 948/1817/255 1700/748/255
f 1701/747/254 929/746/254 245/1808/254
f 230/1816/254 900/678/254 1701/747/254
f 900/678/254 229/1818/254 947/745/254
f 948/1817/253 1702/742/253 921/744/253
f 892/676/253 1702/742/253 948/1817/253
f 221/675/253 946/735/253 1702/742/253
f 1703/741/252 928/740/252 244/1810/252
f 229/1818/252 899/672/252 1703/741/252
f 899/672/252 228/1823/252 945/739/252
f 945/739/249 1704/731/249 927/733/249
f 898/665/249 1704/731/249 945/739/249
f 227/664/578 943/1824/578 1704/731/578
f 1705/730/248 934/729/248 250/1798/248
f 235/1820/248 905/661/248 1705/730/248
f 905/661/248 234/1825/248 942/728/248
f 943/1824/247 1706/725/247 926/727/247
f 897/706/247 1706/725/247 943/1824/247
f 226/705/247 941/1826/247 1706/725/247
f 1707/724/246 933/723/246 249/1800/246
f 234/1825/246 904/702/246 1707/724/246
f 904/702/246 233/1827/246 940/722/246
f 941/1826/245 1708/719/245 925/721/245
f 896/700/245 1708/719/245 941/1826/245
f 225/699/245 939/1828/245 1708/719/245
f 1709/718/244 932/717/244 248/1802/244
f 233/1827/244 903/696/244 1709/718/244
f 903/696/244 232/1829/244 937/716/244
f 939/1828/243 1710/713/243 924/715/243
f 895/694/243 1710/713/243 939/1828/243
f 224/693/243 935/1830/243 1710/713/243
f 1711/712/242 931/711/242 247/1804/242
f 232/1829/242 902/690/242 1711/712/242
f 902/690/242 231/1814/242 938/710/242
f 935/1830/241 1712/707/241 923/709/241
f 894/688/241 1712/707/241 935/1830/241
f 223/687/241 936/1815/241 1712/707/241
f 909/1831/240 1713/704/240 897/706/240
f 868/636/240 1713/704/240 909/1831/240
f 211/635/240 920/1833/240 1713/704/240
f 1714/703/239 904/702/239 234/1825/239
f 219/1832/239 875/632/239 1714/703/239
f 875/632/239 218/1834/239 919/701/239
f 920/1833/238 1715/698/238 896/700/238
f 867/630/238 1715/698/238 920/1833/238
f 210/629/238 918/1835/238 1715/698/238
f 1716/697/237 903/696/237 233/1827/237
f 218/1834/237 874/626/237 1716/697/237
f 874/626/237 217/1836/237 917/695/237
f 918/1835/236 1717/692/236 895/694/236
f 866/624/236 1717/692/236 918/1835/236
f 209/623/236 916/1837/236 1717/692/236
f 1718/691/235 902/690/235 232/1829/235
f 217/1836/235 873/620/235 1718/691/235
f 873/620/235 216/1838/235 915/689/235
f 916/1837/234 1719/686/234 894/688/234
f 865/618/234 1719/686/234 916/1837/234
f 208/617/234 914/1839/234 1719/686/234
f 1720/685/233 901/684/233 231/1814/233
f 216/1838/233 872/614/233 1720/685/233
f 872/614/233 215/1840/233 913/683/233
f 914/1839/232 1721/680/232 893/682/232
f 864/659/232 1721/680/232 914/1839/232
f 207/658/232 912/1841/232 1721/680/232
f 1722/679/231 900/678/231 230/1816/231
f 215/1840/231 871/655/231 1722/679/231
f 871/655/231 214/1842/231 911/677/231
f 912/1841/230 1723/674/230 892/676/230
f 863/653/230 1723/674/230 912/1841/230
f 206/652/230 910/667/230 1723/674/230
f 1724/673/229 899/672/229 229/1818/229
f 214/1842/229 870/649/229 1724/673/229
f 870/649/229 213/1847/229 908/671/229
f 908/671/226 1725/663/226 898/665/226
f 869/642/226 1725/663/226 908/671/226
f 212/641/226 909/1831/226 1725/663/226
f 1726/662/534 905/661/534 235/1820/534
f 220/1844/534 876/638/534 1726/662/534
f 876/638/534 219/1832/534 907/660/534
f 880/1848/224 1727/657/224 864/659/224
f 835/594/570 1727/657/570 880/1848/570
f 192/593/570 891/1850/570 1727/657/570
f 1728/656/223 871/655/223 215/1840/223
f 200/1849/223 842/590/223 1728/656/223
f 842/590/223 199/1851/223 890/654/223
f 891/1850/579 1729/651/579 863/653/579
f 834/588/222 1729/651/222 891/1850/222
f 191/587/222 889/644/222 1729/651/222
f 1730/650/221 870/649/221 214/1842/221
f 199/1851/221 841/584/221 1730/650/221
f 841/584/221 198/1856/221 888/648/221
f 888/648/218 1731/640/218 869/642/218
f 840/577/218 1731/640/218 888/648/218
f 197/576/218 886/1857/218 1731/640/218
f 1732/639/217 876/638/217 220/1844/217
f 205/1853/217 847/573/217 1732/639/217
f 847/573/217 204/1858/217 885/637/217
f 886/1857/216 1733/634/216 868/636/216
f 839/571/216 1733/634/216 886/1857/216
f 196/570/216 884/1859/216 1733/634/216
f 1734/633/535 875/632/535 219/1832/535
f 204/1858/535 846/567/535 1734/633/535
f 846/567/535 203/1860/535 883/631/535
f 884/1859/214 1735/628/214 867/630/214
f 838/612/214 1735/628/214 884/1859/214
f 195/611/214 882/1861/214 1735/628/214
f 1736/627/213 874/626/213 218/1834/213
f 203/1860/213 845/608/213 1736/627/213
f 845/608/213 202/1862/213 881/625/213
f 882/1861/212 1737/622/212 866/624/212
f 837/606/212 1737/622/212 882/1861/212
f 194/605/212 879/1863/212 1737/622/212
f 1738/621/211 873/620/211 217/1836/211
f 202/1862/211 844/602/211 1738/621/211
f 844/602/211 201/1864/211 877/619/211
f 879/1863/210 1739/616/210 865/618/210
f 836/600/210 1739/616/210 879/1863/210
f 193/599/210 880/1848/210 1739/616/210
f 1740/615/209 872/614/209 216/1838/209
f 201/1864/209 843/596/209 1740/615/209
f 843/596/209 200/1849/209 878/613/209
f 851/1865/208 1741/610/208 838/612/208
f 809/542/208 1741/610/208 851/1865/208
f 180/541/208 862/1867/208 1741/610/208
f 1742/609/207 845/608/207 203/1860/207
f 188/1866/207 816/538/207 1742/609/207
f 816/538/207 187/1868/207 861/607/207
f 862/1867/206 1743/604/206 837/606/206
f 808/536/206 1743/604/206 862/1867/206
f 179/535/206 860/1869/206 1743/604/206
f 1744/603/205 844/602/205 202/1862/205
f 187/1868/205 815/532/205 1744/603/205
f 815/532/205 186/1870/205 859/601/205
f 860/1869/204 1745/598/204 836/600/204
f 807/530/204 1745/598/204 860/1869/204
f 178/529/204 858/1871/204 1745/598/204
f 1746/597/203 843/596/203 201/1864/203
f 186/1870/203 814/526/203 1746/597/203
f 814/526/203 185/1872/203 857/595/203
f 858/1871/202 1747/592/202 835/594/202
f 806/524/202 1747/592/202 858/1871/202
f 177/523/202 856/1873/202 1747/592/202
f 1748/591/201 842/590/201 200/1849/201
f 185/1872/201 813/520/201 1748/591/201
f 813/520/201 184/1874/201 855/589/201
f 856/1873/200 1749/586/200 834/588/200
f 805/565/200 1749/586/200 856/1873/200
f 176/564/200 854/579/200 1749/586/200
f 1750/585/199 841/584/199 199/1851/199
f 184/1874/199 812/561/199 1750/585/199
f 812/561/199 183/1879/199 853/583/199
f 853/583/196 1751/575/196 840/577/196
f 811/554/196 1751/575/196 853/583/196
f 182/553/196 850/1880/196 1751/575/196
f 1752/574/195 847/573/195 205/1853/195
f 190/1876/195 818/550/195 1752/574/195
f 818/550/195 189/1881/195 848/572/195
f 850/1880/194 1753/569/194 839/571/194
f 810/548/194 1753/569/194 850/1880/194
f 181/547/194 851/1865/194 1753/569/194
f 1754/568/193 846/567/193 204/1858/193
f 189/1881/193 817/544/193 1754/568/193
f 817/544/193 188/1866/193 849/566/193
f 822/1882/192 1755/563/192 805/565/192
f 776/497/192 1755/563/192 822/1882/192
f 161/496/192 833/556/192 1755/563/192
f 1756/562/191 812/561/191 184/1874/191
f 169/1883/191 783/493/191 1756/562/191
f 783/493/191 168/1888/191 832/560/191
f 832/560/188 1757/552/188 811/554/188
f 782/486/188 1757/552/188 832/560/188
f 167/485/188 830/1889/188 1757/552/188
f 1758/551/187 818/550/187 190/1876/187
f 175/1885/187 789/482/187 1758/551/187
f 789/482/187 174/1890/187 829/549/187
f 830/1889/186 1759/546/186 810/548/186
f 781/480/186 1759/546/186 830/1889/186
f 166/479/186 828/1891/186 1759/546/186
f 1760/545/185 817/544/185 189/1881/185
f 174/1890/185 788/476/185 1760/545/185
f 788/476/185 173/1892/185 827/543/185
f 828/1891/184 1761/540/184 809/542/184
f 780/474/184 1761/540/184 828/1891/184
f 165/473/184 826/1893/184 1761/540/184
f 1762/539/183 816/538/183 188/1866/183
f 173/1892/183 787/517/183 1762/539/183
f 787/517/183 172/1894/183 825/537/183
f 826/1893/182 1763/534/182 808/536/182
f 779/515/182 1763/534/182 826/1893/182
f 164/514/182 824/1895/182 1763/534/182
f 1764/533/181 815/532/181 187/1868/181
f 172/1894/181 786/511/181 1764/533/181
f 786/511/181 171/1896/181 823/531/181
f 824/1895/180 1765/528/180 807/530/180
f 778/509/180 1765/528/180 824/1895/180
f 163/508/180 821/1897/180 1765/528/180
f 1766/527/179 814/526/179 186/1870/179
f 171/1896/179 785/505/179 1766/527/179
f 785/505/179 170/1898/179 819/525/179
f 821/1897/178 1767/522/178 806/524/178
f 777/503/178 1767/522/178 821/1897/178
f 162/502/178 822/1882/178 1767/522/178
f 1768/521/177 813/520/177 185/1872/177
f 170/1898/177 784/499/177 1768/521/177
f 784/499/177 169/1883/177 820/519/177
f 1769/518/176 787/517/176 173/1892/176
f 158/1899/176 758/447/176 1769/518/176
f 758/447/176 157/1901/176 804/516/176
f 791/1900/175 1770/513/175 779/515/175
f 750/445/175 1770/513/175 791/1900/175
f 149/444/175 803/1902/175 1770/513/175
f 1771/512/174 786/511/174 172/1894/174
f 157/1901/174 757/441/174 1771/512/174
f 757/441/174 156/1903/174 802/510/174
f 803/1902/173 1772/507/173 778/509/173
f 749/439/173 1772/507/173 803/1902/173
f 148/438/173 801/1904/173 1772/507/173
f 1773/506/172 785/505/172 171/1896/172
f 156/1903/172 756/435/172 1773/506/172
f 756/435/172 155/1905/172 800/504/172
f 801/1904/580 1774/501/580 777/503/580
f 748/433/171 1774/501/171 801/1904/171
f 147/432/171 799/1906/171 1774/501/171
f 1775/500/170 784/499/170 170/1898/170
f 155/1905/170 755/429/170 1775/500/170
f 755/429/170 154/1907/170 798/498/170
f 799/1906/169 1776/495/169 776/497/169
f 747/427/169 1776/495/169 799/1906/169
f 146/426/169 797/488/169 1776/495/169
f 1777/494/168 783/493/168 169/1883/168
f 154/1907/168 754/470/168 1777/494/168
f 754/470/168 153/1912/168 796/492/168
f 796/492/165 1778/484/165 782/486/165
f 753/463/165 1778/484/165 796/492/165
f 152/462/165 794/1913/165 1778/484/165
f 1779/483/164 789/482/164 175/1885/164
f 160/1909/164 760/459/164 1779/483/164
f 760/459/164 159/1914/164 792/481/164
f 794/1913/163 1780/478/163 781/480/163
f 752/457/163 1780/478/163 794/1913/163
f 151/456/163 790/1915/163 1780/478/163
f 1781/477/162 788/476/162 174/1890/162
f 159/1914/162 759/453/162 1781/477/162
f 759/453/162 158/1899/162 793/475/162
f 790/1915/161 1782/472/161 780/474/161
f 751/451/161 1782/472/161 790/1915/161
f 150/450/161 791/1900/161 1782/472/161
f 1783/471/160 754/470/160 154/1907/160
f 139/1916/160 725/402/160 1783/471/160
f 725/402/160 138/1921/160 775/469/160
f 775/469/157 1784/461/157 753/463/157
f 724/395/581 1784/461/581 775/469/581
f 137/394/157 773/1922/157 1784/461/157
f 1785/460/156 760/459/156 160/1909/156
f 145/1918/156 731/391/156 1785/460/156
f 731/391/156 144/1923/156 772/458/156
f 773/1922/155 1786/455/155 752/457/155
f 723/389/155 1786/455/155 773/1922/155
f 136/388/155 771/1924/155 1786/455/155
f 1787/454/154 759/453/154 159/1914/154
f 144/1923/154 730/385/154 1787/454/154
f 730/385/154 143/1925/154 770/452/154
f 771/1924/153 1788/449/153 751/451/153
f 722/383/153 1788/449/153 771/1924/153
f 135/382/153 769/1926/153 1788/449/153
f 1789/448/152 758/447/152 158/1899/152
f 143/1925/152 729/379/152 1789/448/152
f 729/379/152 142/1927/152 768/446/152
f 769/1926/151 1790/443/151 750/445/151
f 721/424/151 1790/443/151 769/1926/151
f 134/423/151 767/1928/151 1790/443/151
f 1791/442/150 757/441/150 157/1901/150
f 142/1927/150 728/420/150 1791/442/150
f 728/420/150 141/1929/150 766/440/150
f 767/1928/149 1792/437/149 749/439/149
f 720/418/149 1792/437/149 767/1928/149
f 133/417/149 765/1930/149 1792/437/149
f 1793/436/148 756/435/148 156/1903/148
f 141/1929/148 727/414/148 1793/436/148
f 727/414/148 140/1931/148 763/434/148
f 765/1930/147 1794/431/147 748/433/147
f 719/412/147 1794/431/147 765/1930/147
f 132/411/147 761/1932/147 1794/431/147
f 1795/430/146 755/429/146 155/1905/146
f 140/1931/146 726/408/146 1795/430/146
f 726/408/146 139/1916/146 764/428/146
f 761/1932/145 1796/425/145 747/427/145
f 718/406/145 1796/425/145 761/1932/145
f 131/405/145 762/465/145 1796/425/145
f 735/1933/144 1797/422/144 721/424/144
f 692/354/144 1797/422/144 735/1933/144
f 119/353/144 746/1935/144 1797/422/144
f 1798/421/143 728/420/143 142/1927/143
f 127/1934/143 699/350/143 1798/421/143
f 699/350/143 126/1936/143 745/419/143
f 746/1935/142 1799/416/142 720/418/142
f 691/348/142 1799/416/142 746/1935/142
f 118/347/142 744/1937/142 1799/416/142
f 1800/415/141 727/414/141 141/1929/141
f 126/1936/141 698/344/141 1800/415/141
f 698/344/141 125/1938/141 743/413/141
f 744/1937/140 1801/410/140 719/412/140
f 690/342/140 1801/410/140 744/1937/140
f 117/341/140 742/1939/140 1801/410/140
f 1802/409/139 726/408/139 140/1931/139
f 125/1938/139 697/338/139 1802/409/139
f 697/338/139 124/1940/139 741/407/139
f 742/1939/138 1803/404/138 718/406/138
f 689/336/138 1803/404/138 742/1939/138
f 116/335/138 740/397/138 1803/404/138
f 1804/403/137 725/402/137 139/1916/137
f 124/1940/137 696/332/137 1804/403/137
f 696/332/541 123/1945/541 739/401/541
f 739/401/134 1805/393/134 724/395/134
f 695/372/134 1805/393/134 739/401/134
f 122/371/544 737/1946/544 1805/393/544
f 1806/392/133 731/391/133 145/1918/133
f 130/1942/133 702/368/133 1806/392/133
f 702/368/133 129/1947/133 736/390/133
f 737/1946/132 1807/387/132 723/389/132
f 694/366/132 1807/387/132 737/1946/132
f 121/365/132 734/1948/132 1807/387/132
f 1808/386/131 730/385/131 144/1923/131
f 129/1947/131 701/362/131 1808/386/131
f 701/362/131 128/1949/131 732/384/131
f 734/1948/130 1809/381/130 722/383/130
f 693/360/130 1809/381/130 734/1948/130
f 120/359/130 735/1933/130 1809/381/130
f 1810/380/129 729/379/129 143/1925/129
f 128/1949/129 700/356/129 1810/380/129
f 700/356/129 127/1934/129 733/378/129
f 704/331/126 1811/370/126 695/372/126
f 666/304/565 1811/370/565 704/331/565
f 107/303/126 716/1955/126 1811/370/126
f 1812/369/125 702/368/125 130/1942/125
f 115/1951/125 673/300/125 1812/369/125
f 673/300/125 114/1956/125 715/367/125
f 716/1955/124 1813/364/124 694/366/124
f 665/298/124 1813/364/124 716/1955/124
f 106/297/124 714/1957/124 1813/364/124
f 1814/363/123 701/362/123 129/1947/123
f 114/1956/123 672/294/123 1814/363/123
f 672/294/123 113/1958/123 713/361/123
f 714/1957/122 1815/358/122 693/360/122
f 664/292/122 1815/358/122 714/1957/122
f 105/291/122 712/1959/122 1815/358/122
f 1816/357/121 700/356/121 128/1949/121
f 113/1958/121 671/288/121 1816/357/121
f 671/288/121 112/1960/121 711/355/121
f 712/1959/120 1817/352/120 692/354/120
f 663/286/120 1817/352/120 712/1959/120
f 104/285/120 710/1961/120 1817/352/120
f 1818/351/119 699/350/119 127/1934/119
f 112/1960/119 670/329/119 1818/351/119
f 670/329/119 111/1962/119 709/349/119
f 710/1961/118 1819/346/118 691/348/118
f 662/327/118 1819/346/118 710/1961/118
f 103/326/118 708/1963/118 1819/346/118
f 1820/345/117 698/344/117 126/1936/117
f 111/1962/117 669/323/117 1820/345/117
f 669/323/117 110/1964/117 707/343/117
f 708/1963/116 1821/340/116 690/342/116
f 661/321/116 1821/340/116 708/1963/116
f 102/320/116 705/1965/116 1821/340/116
f 1822/339/115 697/338/115 125/1938/115
f 110/1964/115 668/317/115 1822/339/115
f 668/317/115 109/1966/115 703/337/115
f 705/1965/114 1823/334/114 689/336/114
f 660/315/114 1823/334/114 705/1965/114
f 101/314/114 706/374/114 1823/334/114
f 1824/333/113 696/332/113 124/1940/113
f 109/1966/113 667/311/113 1824/333/113
f 667/311/113 108/1954/113 704/331/113
f 1825/330/112 670/329/112 112/1960/112
f 97/1967/112 641/261/112 1825/330/112
f 641/261/112 96/1969/112 688/328/112
f 675/1968/111 1826/325/111 662/327/111
f 633/259/111 1826/325/111 675/1968/111
f 88/258/111 687/1970/111 1826/325/111
f 1827/324/110 669/323/110 111/1962/110
f 96/1969/110 640/255/110 1827/324/110
f 640/255/110 95/1971/110 686/322/110
f 687/1970/109 1828/319/109 661/321/109
f 632/253/109 1828/319/109 687/1970/109
f 87/252/109 685/1972/109 1828/319/109
f 1829/318/108 668/317/108 110/1964/108
f 95/1971/108 639/249/108 1829/318/108
f 639/249/108 94/1973/108 684/316/108
f 685/1972/107 1830/313/107 660/315/107
f 631/247/107 1830/313/107 685/1972/107
f 86/246/107 683/306/107 1830/313/107
f 1831/312/106 667/311/106 109/1966/106
f 94/1973/106 638/243/106 1831/312/106
f 638/243/106 93/1978/106 682/310/106
f 682/310/103 1832/302/103 666/304/103
f 637/283/103 1832/302/103 682/310/103
f 92/282/103 680/1979/103 1832/302/103
f 1833/301/102 673/300/102 115/1951/102
f 100/1975/102 644/279/102 1833/301/102
f 644/279/102 99/1980/102 679/299/102
f 680/1979/101 1834/296/101 665/298/101
f 636/277/101 1834/296/101 680/1979/101
f 91/276/101 678/1981/101 1834/296/101
f 1835/295/100 672/294/100 114/1956/100
f 99/1980/100 643/273/100 1835/295/100
f 643/273/100 98/1982/100 676/293/100
f 678/1981/99 1836/290/99 664/292/99
f 635/271/99 1836/290/99 678/1981/99
f 90/270/99 674/1983/99 1836/290/99
f 1837/289/98 671/288/98 113/1958/98
f 98/1982/98 642/267/98 1837/289/98
f 642/267/98 97/1967/98 677/287/98
f 674/1983/97 1838/284/97 663/286/97
f 634/265/97 1838/284/97 674/1983/97
f 89/264/97 675/1968/97 1838/284/97
f 648/242/564 1839/281/564 637/283/564
f 608/213/96 1839/281/96 648/242/96
f 77/212/96 659/1987/96 1839/281/96
f 1840/280/548 644/279/548 100/1975/548
f 85/1986/548 615/209/548 1840/280/548
f 615/209/548 84/1988/548 658/278/548
f 659/1987/94 1841/275/94 636/277/94
f 607/207/94 1841/275/94 659/1987/94
f 76/206/94 657/1989/94 1841/275/94
f 1842/274/549 643/273/549 99/1980/549
f 84/1988/549 614/203/549 1842/274/549
f 614/203/549 83/1990/549 656/272/549
f 657/1989/92 1843/269/92 635/271/92
f 606/201/92 1843/269/92 657/1989/92
f 75/200/92 655/1991/92 1843/269/92
f 1844/268/91 642/267/91 98/1982/91
f 83/1990/91 613/197/91 1844/268/91
f 613/197/91 82/1992/91 654/266/91
f 655/1991/90 1845/263/90 634/265/90
f 605/195/90 1845/263/90 655/1991/90
f 74/194/90 653/1993/90 1845/263/90
f 1846/262/89 641/261/89 97/1967/89
f 82/1992/89 612/191/89 1846/262/89
f 612/191/89 81/1994/89 652/260/89
f 653/1993/88 1847/257/88 633/259/88
f 604/236/88 1847/257/88 653/1993/88
f 73/235/88 651/1995/88 1847/257/88
f 1848/256/87 640/255/87 96/1969/87
f 81/1994/87 611/232/87 1848/256/87
f 611/232/87 80/1996/87 650/254/87
f 651/1995/86 1849/251/86 632/253/86
f 603/230/550 1849/251/550 651/1995/550
f 72/229/86 649/1997/86 1849/251/86
f 1850/250/85 639/249/85 95/1971/85
f 80/1996/85 610/226/85 1850/250/85
f 610/226/85 79/1998/85 647/248/85
f 649/1997/582 1851/245/582 631/247/582
f 602/224/84 1851/245/84 649/1997/84
f 71/223/84 645/238/84 1851/245/84
f 1852/244/551 638/243/551 94/1973/551
f 79/1998/551 609/220/551 1852/244/551
f 609/220/551 78/1984/551 648/242/551
f 619/2001/80 1853/234/80 604/236/80
f 575/171/80 1853/234/80 619/2001/80
f 58/170/80 630/2003/80 1853/234/80
f 1854/233/79 611/232/79 81/1994/79
f 66/2002/79 582/167/79 1854/233/79
f 582/167/79 65/2004/79 629/231/79
f 630/2003/78 1855/228/78 603/230/78
f 574/165/78 1855/228/78 630/2003/78
f 57/164/78 628/2005/78 1855/228/78
f 1856/227/77 610/226/77 80/1996/77
f 65/2004/77 581/161/77 1856/227/77
f 581/161/77 64/2006/77 627/225/77
f 628/2005/76 1857/222/76 602/224/76
f 573/159/76 1857/222/76 628/2005/76
f 56/158/76 626/215/76 1857/222/76
f 1858/221/75 609/220/75 79/1998/75
f 64/2006/75 580/155/75 1858/221/75
f 580/155/75 63/2011/75 625/219/75
f 625/219/72 1859/211/72 608/213/72
f 579/148/72 1859/211/72 625/219/72
f 62/147/72 623/2012/72 1859/211/72
f 1860/210/71 615/209/71 85/1986/71
f 70/2008/71 586/144/71 1860/210/71
f 586/144/71 69/2013/71 622/208/71
f 623/2012/70 1861/205/70 607/207/70
f 578/189/70 1861/205/70 623/2012/70
f 61/188/70 621/2014/70 1861/205/70
f 1862/204/69 614/203/69 84/1988/69
f 69/2013/69 585/185/69 1862/204/69
f 585/185/69 68/2015/69 620/202/69
f 621/2014/68 1863/199/68 606/201/68
f 577/183/68 1863/199/68 621/2014/68
f 60/182/68 618/2016/68 1863/199/68
f 1864/198/67 613/197/67 83/1990/67
f 68/2015/67 584/179/67 1864/198/67
f 584/179/67 67/2017/67 616/196/67
f 618/2016/66 1865/193/66 605/195/66
f 576/177/66 1865/193/66 618/2016/66
f 59/176/66 619/2001/66 1865/193/66
f 1866/192/65 612/191/65 82/1992/65
f 67/2017/65 583/173/65 1866/192/65
f 583/173/65 66/2002/65 617/190/65
f 590/2018/64 1867/187/64 578/189/64
f 549/119/64 1867/187/64 590/2018/64
f 46/118/64 601/2020/64 1867/187/64
f 1868/186/63 585/185/63 69/2013/63
f 54/2019/63 556/115/63 1868/186/63
f 556/115/63 53/2021/63 600/184/63
f 601/2020/62 1869/181/62 577/183/62
f 548/113/62 1869/181/62 601/2020/62
f 45/112/62 599/2022/62 1869/181/62
f 1870/180/61 584/179/61 68/2015/61
f 53/2021/61 555/109/61 1870/180/61
f 555/109/61 52/2023/61 598/178/61
f 599/2022/60 1871/175/60 576/177/60
f 547/107/60 1871/175/60 599/2022/60
f 44/106/60 597/2024/60 1871/175/60
f 1872/174/59 583/173/59 67/2017/59
f 52/2023/59 554/103/59 1872/174/59
f 554/103/59 51/2025/59 596/172/59
f 597/2024/58 1873/169/58 575/171/58
f 546/101/58 1873/169/58 597/2024/58
f 43/100/58 595/2026/58 1873/169/58
f 1874/168/57 582/167/57 66/2002/57
f 51/2025/57 553/97/57 1874/168/57
f 553/97/57 50/2027/57 594/166/57
f 595/2026/56 1875/163/56 574/165/56
f 545/142/56 1875/163/56 595/2026/56
f 42/141/56 593/2028/56 1875/163/56
f 1876/162/55 581/161/55 65/2004/55
f 50/2027/55 552/138/55 1876/162/55
f 552/138/55 49/2029/55 592/160/55
f 593/2028/552 1877/157/552 573/159/552
f 544/136/552 1877/157/552 593/2028/552
f 41/135/54 591/150/54 1877/157/54
f 1878/156/53 580/155/53 64/2006/53
f 49/2029/53 551/132/53 1878/156/53
f 551/132/53 48/2034/53 589/154/53
f 589/154/50 1879/146/50 579/148/50
f 550/125/50 1879/146/50 589/154/50
f 47/124/583 590/2018/583 1879/146/583
f 1880/145/584 586/144/584 70/2008/584
f 55/2031/49 557/121/49 1880/145/49
f 557/121/49 54/2019/49 588/143/49
f 561/2035/554 1881/140/554 545/142/554
f 516/74/554 1881/140/554 561/2035/554
f 27/73/48 572/2037/48 1881/140/48
f 1882/139/47 552/138/47 50/2027/47
f 35/2036/47 523/70/47 1882/139/47
f 523/70/47 34/2038/47 571/137/47
f 572/2037/46 1883/134/46 544/136/46
f 515/68/46 1883/134/46 572/2037/46
f 26/67/585 570/127/585 1883/134/585
f 1884/133/555 551/132/555 49/2029/555
f 34/2038/555 522/64/555 1884/133/555
f 522/64/555 33/2043/555 569/131/555
f 569/131/586 1885/123/586 550/125/586
f 521/57/42 1885/123/42 569/131/42
f 32/56/42 567/2044/42 1885/123/42
f 1886/122/41 557/121/41 55/2031/41
f 40/2040/41 528/53/41 1886/122/41
f 528/53/41 39/2045/41 566/120/41
f 567/2044/40 1887/117/40 549/119/40
f 520/51/40 1887/117/40 567/2044/40
f 31/50/40 565/2046/40 1887/117/40
f 1888/116/557 556/115/557 54/2019/557
f 39/2045/39 527/94/39 1888/116/39
f 527/94/39 38/2047/39 564/114/39
f 565/2046/38 1889/111/38 548/113/38
f 519/92/38 1889/111/38 565/2046/38
f 30/91/38 563/2048/38 1889/111/38
f 1890/110/37 555/109/37 53/2021/37
f 38/2047/37 526/88/37 1890/110/37
f 526/88/37 37/2049/37 562/108/37
f 563/2048/36 1891/105/36 547/107/36
f 518/86/36 1891/105/36 563/2048/36
f 29/85/36 560/2050/36 1891/105/36
f 1892/104/35 554/103/35 52/2023/35
f 37/2049/35 525/82/35 1892/104/35
f 525/82/35 36/2051/35 558/102/35
f 560/2050/34 1893/99/34 546/101/34
f 517/80/34 1893/99/34 560/2050/34
f 28/79/34 561/2035/34 1893/99/34
f 1894/98/33 553/97/33 51/2025/33
f 36/2051/33 524/76/33 1894/98/33
f 524/76/33 35/2036/33 559/96/33
f 1895/95/32 527/94/32 39/2045/32
f 24/2052/32 503/38/32 1895/95/32
f 503/38/32 23/2054/32 543/93/32
f 530/2053/31 1896/90/31 519/92/31
f 495/36/31 1896/90/31 530/2053/31
f 15/35/31 542/2055/31 1896/90/31
f 1897/89/30 526/88/30 38/2047/30
f 23/2054/30 502/32/30 1897/89/30
f 502/32/30 22/2056/30 541/87/30
f 542/2055/29 1898/84/29 518/86/29
f 494/30/29 1898/84/29 542/2055/29
f 14/29/29 540/2057/29 1898/84/29
f 1899/83/28 525/82/28 37/2049/28
f 22/2056/28 501/26/28 1899/83/28
f 501/26/28 21/2058/28 539/81/28
f 540/2057/27 1900/78/27 517/80/27
f 493/24/27 1900/78/27 540/2057/27
f 13/23/27 538/2059/27 1900/78/27
f 1901/77/26 524/76/26 36/2051/26
f 21/2058/26 500/20/26 1901/77/26
f 500/20/26 20/2060/26 537/75/26
f 538/2059/25 1902/72/25 516/74/25
f 492/18/25 1902/72/25 538/2059/25
f 12/17/25 536/2061/25 1902/72/25
f 1903/71/24 523/70/24 35/2036/24
f 20/2060/24 499/14/24 1903/71/24
f 499/14/24 19/2062/24 535/69/24
f 536/2061/23 1904/66/23 515/68/23
f 491/12/23 1904/66/23 536/2061/23
f 11/11/23 534/59/23 1904/66/23
f 1905/65/22 522/64/22 34/2038/22
f 19/2062/22 498/8/22 1905/65/22
f 498/8/558 18/2067/558 533/63/558
f 533/63/19 1906/55/19 521/57/19
f 497/48/19 1906/55/19 533/63/19
f 17/47/562 529/2068/562 1906/55/562
f 1907/54/18 528/53/18 40/2040/18
f 25/2064/18 504/44/18 1907/54/18
f 504/44/18 24/2052/18 532/52/18
f 529/2068/17 1908/49/17 520/51/17
f 496/42/17 1908/49/17 529/2068/17
f 16/41/17 530/2053/17 1908/49/17
f 1403/7/16 1909/46/16 497/48/16
f 1396/1503/16 1909/46/16 1403/7/16
f 7/1502/561 514/2070/561 1909/46/561
f 1910/45/15 504/44/15 25/2064/15
f 481/1510/15 1388/1499/15 1910/45/15
f 1388/1499/15 480/1514/15 1405/43/15
f 514/2070/14 1911/40/14 496/42/14
f 488/1497/14 1911/40/14 514/2070/14
f 6/1496/14 513/2071/14 1911/40/14
f 1912/39/13 503/38/13 24/2052/13
f 480/1514/13 1398/1493/13 1912/39/13
f 1398/1493/13 10/1517/13 512/37/13
f 513/2071/12 1913/34/12 495/36/12
f 487/1491/12 1913/34/12 513/2071/12
f 5/1490/12 511/2072/12 1913/34/12
f 1914/33/11 502/32/11 23/2054/11
f 10/1517/11 490/1487/11 1914/33/11
f 490/1487/11 9/1520/11 510/31/11
f 511/2072/10 1915/28/10 494/30/10
f 486/1485/10 1915/28/10 511/2072/10
f 4/1484/10 509/2073/10 1915/28/10
f 1916/27/9 501/26/9 22/2056/9
f 9/1520/9 489/1481/9 1916/27/9
f 489/1481/9 8/1523/9 508/25/9
f 509/2073/8 1917/22/8 493/24/8
f 485/1479/8 1917/22/8 509/2073/8
f 3/1478/8 507/2074/8 1917/22/8
f 1918/21/7 500/20/7 21/2058/7
f 8/1523/7 1397/1475/7 1918/21/7
f 1397/1475/7 479/1526/7 1404/19/7
f 507/2074/6 1919/16/6 492/18/6
f 484/1473/6 1919/16/6 507/2074/6
f 2/1472/6 506/2075/6 1919/16/6
f 1920/15/5 499/14/5 20/2060/5
f 479/1526/5 1387/1469/5 1920/15/5
f 1387/1469/5 478/1529/5 1402/13/5
f 506/2075/4 1921/10/4 491/12/4
f 483/1467/4 1921/10/4 506/2075/4
f 1/1/4 505/3/4 1921/10/4
f 1922/9/3 498/8/3 19/2062/3
f 478/1529/3 1386/1464/3 1922/9/3
f 1386/1464/3 477/1508/3 1403/7/3
