# Blender 4.2.2 LTS
# www.blender.org
mtllib ufo.mtl
o Cylinder
v 0.008354 -0.139815 -0.497159
v 0.008354 0.160799 -0.497579
v 0.088127 -0.139815 -0.489302
v 0.088209 0.160799 -0.489713
v 0.197941 -0.139815 -0.455990
v 0.198102 0.160799 -0.456378
v 0.268635 -0.139815 -0.418203
v 0.268868 0.160799 -0.418552
v 0.357342 -0.139815 -0.345403
v 0.357639 0.160799 -0.345700
v 0.408194 -0.139815 -0.283439
v 0.408544 0.160799 -0.283673
v 0.462290 -0.139815 -0.182234
v 0.462678 0.160799 -0.182395
v 0.485559 -0.139815 -0.105526
v 0.485971 0.160799 -0.105608
v 0.496807 -0.139815 0.008676
v 0.497227 0.160799 0.008676
v 0.488950 -0.139815 0.088450
v 0.489362 0.160799 0.088532
v 0.455638 -0.139815 0.198264
v 0.456026 0.160799 0.198424
v 0.417851 -0.139815 0.268958
v 0.418201 0.160799 0.269191
v 0.345051 -0.139815 0.357665
v 0.345348 0.160799 0.357962
v 0.283087 -0.139815 0.408517
v 0.283321 0.160799 0.408867
v 0.181882 -0.139815 0.462613
v 0.182043 0.160799 0.463001
v 0.105175 -0.139815 0.485882
v 0.105257 0.160799 0.486293
v -0.009028 -0.139815 0.497130
v -0.009028 0.160799 0.497550
v -0.088801 -0.139815 0.489273
v -0.088883 0.160799 0.489685
v -0.198615 -0.139815 0.455961
v -0.198776 0.160799 0.456349
v -0.269309 -0.139815 0.418174
v -0.269543 0.160799 0.418523
v -0.358017 -0.139815 0.345374
v -0.358314 0.160799 0.345671
v -0.408869 -0.139815 0.283410
v -0.409218 0.160799 0.283644
v -0.462964 -0.139815 0.182205
v -0.463352 0.160799 0.182366
v -0.486233 -0.139815 0.105497
v -0.486645 0.160799 0.105579
v -0.497481 -0.139815 -0.008705
v -0.497901 0.160799 -0.008705
v -0.489624 -0.139815 -0.088479
v -0.490036 0.160799 -0.088560
v -0.456313 -0.139815 -0.198293
v -0.456701 0.160799 -0.198453
v -0.418526 -0.139815 -0.268987
v -0.418875 0.160799 -0.269220
v -0.345726 -0.139815 -0.357694
v -0.346023 0.160799 -0.357991
v -0.283762 -0.139815 -0.408546
v -0.283995 0.160799 -0.408895
v -0.182557 -0.139815 -0.462642
v -0.182717 0.160799 -0.463030
v -0.105849 -0.139815 -0.485911
v -0.105931 0.160799 -0.486322
v 0.008354 -0.103458 -0.497159
v 0.009038 -0.026100 -0.424385
v -0.010855 0.036188 -0.430981
v 0.008354 0.125268 -0.497241
v 0.088143 0.125268 -0.489383
v 0.094056 0.036188 -0.420648
v 0.073259 -0.026100 -0.418060
v 0.088127 -0.103458 -0.489302
v 0.197973 0.125268 -0.456066
v 0.154869 0.036188 -0.402201
v 0.170724 -0.026100 -0.388494
v 0.197941 -0.103458 -0.455990
v 0.268681 0.125268 -0.418272
v 0.247840 0.036188 -0.352507
v 0.227636 -0.026100 -0.358074
v 0.268635 -0.103458 -0.418203
v 0.357401 0.125268 -0.345462
v 0.296965 0.036188 -0.312191
v 0.306367 -0.026100 -0.293461
v 0.357342 -0.103458 -0.345403
v 0.408263 0.125268 -0.283485
v 0.363842 0.036188 -0.230701
v 0.347306 -0.026100 -0.243577
v 0.408194 -0.103458 -0.283439
v 0.462366 0.125268 -0.182266
v 0.393799 0.036188 -0.174656
v 0.395318 -0.026100 -0.153753
v 0.462290 -0.103458 -0.182234
v 0.485640 0.125268 -0.105543
v 0.424400 0.036188 -0.073776
v 0.414050 -0.026100 -0.092000
v 0.485559 -0.103458 -0.105526
v 0.496890 0.125268 0.008676
v 0.430629 0.036188 -0.010532
v 0.424034 -0.026100 0.009360
v 0.496807 -0.103458 0.008676
v 0.489031 0.125268 0.088466
v 0.420296 0.036188 0.094379
v 0.417708 -0.026100 0.073581
v 0.488950 -0.103458 0.088450
v 0.455715 0.125268 0.198295
v 0.401849 0.036188 0.155192
v 0.388143 -0.026100 0.171046
v 0.455638 -0.103458 0.198264
v 0.417920 0.125268 0.269004
v 0.352155 0.036188 0.248163
v 0.357723 -0.026100 0.227958
v 0.417851 -0.103458 0.268958
v 0.345110 0.125268 0.357723
v 0.311839 0.036188 0.297288
v 0.293109 -0.026100 0.306690
v 0.345051 -0.103458 0.357665
v 0.283133 0.125268 0.408586
v 0.230350 0.036188 0.364165
v 0.243225 -0.026100 0.347629
v 0.283087 -0.103458 0.408517
v 0.181914 0.125268 0.462689
v 0.174304 0.036188 0.394122
v 0.153401 -0.026100 0.395641
v 0.181882 -0.103458 0.462613
v 0.105191 0.125268 0.485963
v 0.073424 0.036188 0.424723
v 0.091648 -0.026100 0.414373
v 0.105175 -0.103458 0.485882
v -0.009028 0.125268 0.497212
v 0.010181 0.036188 0.430952
v -0.009712 -0.026100 0.424356
v -0.009028 -0.103458 0.497130
v -0.088817 0.125268 0.489354
v -0.094730 0.036188 0.420619
v -0.073933 -0.026100 0.418031
v -0.088801 -0.103458 0.489273
v -0.198647 0.125268 0.456037
v -0.155544 0.036188 0.402172
v -0.171398 -0.026100 0.388465
v -0.198615 -0.103458 0.455961
v -0.269355 0.125268 0.418243
v -0.248515 0.036188 0.352478
v -0.228310 -0.026100 0.358045
v -0.269309 -0.103458 0.418174
v -0.358075 0.125268 0.345433
v -0.297639 0.036188 0.312162
v -0.307042 -0.026100 0.293432
v -0.358017 -0.103458 0.345374
v -0.408938 0.125268 0.283456
v -0.364516 0.036188 0.230672
v -0.347980 -0.026100 0.243548
v -0.408869 -0.103458 0.283410
v -0.463041 0.125268 0.182237
v -0.394473 0.036188 0.174627
v -0.395992 -0.026100 0.153724
v -0.462964 -0.103458 0.182205
v -0.486315 0.125268 0.105514
v -0.425075 0.036188 0.073747
v -0.414725 -0.026100 0.091971
v -0.486233 -0.103458 0.105497
v -0.497564 0.125268 -0.008705
v -0.431304 0.036188 0.010503
v -0.424708 -0.026100 -0.009389
v -0.497481 -0.103458 -0.008705
v -0.489706 0.125268 -0.088495
v -0.420971 0.036188 -0.094408
v -0.418383 -0.026100 -0.073610
v -0.489624 -0.103458 -0.088479
v -0.456389 0.125268 -0.198324
v -0.402523 0.036188 -0.155221
v -0.388817 -0.026100 -0.171075
v -0.456313 -0.103458 -0.198293
v -0.418595 0.125268 -0.269033
v -0.352829 0.036188 -0.248192
v -0.358397 -0.026100 -0.227987
v -0.418526 -0.103458 -0.268987
v -0.345784 0.125268 -0.357752
v -0.312514 0.036188 -0.297317
v -0.293784 -0.026100 -0.306719
v -0.345726 -0.103458 -0.357694
v -0.283808 0.125268 -0.408615
v -0.231024 0.036188 -0.364193
v -0.243900 -0.026100 -0.347657
v -0.283762 -0.103458 -0.408546
v -0.182588 0.125268 -0.462718
v -0.174978 0.036188 -0.394151
v -0.154076 -0.026100 -0.395670
v -0.182557 -0.103458 -0.462642
v -0.105865 0.125268 -0.485992
v -0.074099 0.036188 -0.424752
v -0.092323 -0.026100 -0.414402
v -0.105849 -0.103458 -0.485911
v -0.000337 -0.203843 -0.183952
v 0.036129 -0.200862 -0.183341
v 0.070052 -0.203843 -0.169950
v 0.103509 -0.200862 -0.155431
v 0.129726 -0.203843 -0.130078
v 0.155080 -0.200862 -0.103861
v 0.169599 -0.203843 -0.070404
v 0.182989 -0.200862 -0.036480
v 0.183600 -0.203843 -0.000015
v 0.182989 -0.200862 0.036451
v 0.169599 -0.203843 0.070375
v 0.155080 -0.200862 0.103832
v 0.129726 -0.203843 0.130049
v 0.103509 -0.200862 0.155402
v 0.070052 -0.203843 0.169921
v 0.036129 -0.200862 0.183312
v -0.000337 -0.203843 0.183923
v -0.036803 -0.200862 0.183312
v -0.070727 -0.203843 0.169921
v -0.104183 -0.200862 0.155402
v -0.130400 -0.203843 0.130049
v -0.155754 -0.200862 0.103832
v -0.170273 -0.203843 0.070375
v -0.183664 -0.200862 0.036451
v -0.184274 -0.203843 -0.000015
v -0.183664 -0.200862 -0.036480
v -0.170273 -0.203843 -0.070404
v -0.155754 -0.200862 -0.103861
v -0.130400 -0.203843 -0.130078
v -0.104183 -0.200862 -0.155431
v -0.070727 -0.203843 -0.169950
v -0.036803 -0.200862 -0.183341
v -0.000337 -0.183890 -0.257683
v 0.049931 -0.183890 -0.252732
v 0.098268 -0.183890 -0.238069
v 0.142816 -0.183890 -0.214258
v 0.181862 -0.183890 -0.182213
v 0.213906 -0.183890 -0.143167
v 0.237717 -0.183890 -0.098620
v 0.252380 -0.183890 -0.050283
v 0.257331 -0.183890 -0.000015
v 0.252380 -0.183890 0.050254
v 0.237717 -0.183890 0.098591
v 0.213906 -0.183890 0.143138
v 0.181862 -0.183890 0.182184
v 0.142816 -0.183890 0.214229
v 0.098268 -0.183890 0.238040
v 0.049931 -0.183890 0.252703
v -0.000337 -0.183890 0.257654
v -0.050606 -0.183890 0.252703
v -0.098943 -0.183890 0.238040
v -0.143490 -0.183890 0.214229
v -0.182536 -0.183890 0.182184
v -0.214581 -0.183890 0.143138
v -0.238392 -0.183890 0.098591
v -0.253054 -0.183890 0.050254
v -0.258005 -0.183890 -0.000015
v -0.253054 -0.183890 -0.050283
v -0.238392 -0.183890 -0.098620
v -0.214581 -0.183890 -0.143167
v -0.182536 -0.183890 -0.182213
v -0.143490 -0.183890 -0.214258
v -0.098943 -0.183890 -0.238069
v -0.050606 -0.183890 -0.252732
v 0.004077 -0.210537 -0.170119
v 0.028519 -0.210537 -0.167711
v 0.068837 -0.210537 -0.155481
v 0.090497 -0.210537 -0.143903
v 0.123066 -0.210537 -0.117175
v 0.138647 -0.210537 -0.098189
v 0.158508 -0.210537 -0.061033
v 0.165637 -0.210537 -0.037529
v 0.169767 -0.210537 0.004399
v 0.167359 -0.210537 0.028842
v 0.155129 -0.210537 0.069159
v 0.143551 -0.210537 0.090820
v 0.116823 -0.210537 0.123388
v 0.097838 -0.210537 0.138970
v 0.060681 -0.210537 0.158830
v 0.037178 -0.210537 0.165960
v -0.004751 -0.210537 0.170090
v -0.029194 -0.210537 0.167682
v -0.069511 -0.210537 0.155452
v -0.091172 -0.210537 0.143874
v -0.123740 -0.210537 0.117146
v -0.139321 -0.210537 0.098160
v -0.159182 -0.210537 0.061004
v -0.166312 -0.210537 0.037500
v -0.170441 -0.210537 -0.004428
v -0.168034 -0.210537 -0.028871
v -0.155804 -0.210537 -0.069188
v -0.144226 -0.210537 -0.090849
v -0.117498 -0.210537 -0.123417
v -0.098512 -0.210537 -0.138999
v -0.061355 -0.210537 -0.158859
v -0.037852 -0.210537 -0.165989
v -0.000337 -0.214972 -0.183952
v 0.035547 -0.214972 -0.180417
v 0.070052 -0.214972 -0.169950
v 0.101853 -0.214972 -0.152953
v 0.129726 -0.214972 -0.130078
v 0.152601 -0.214972 -0.102205
v 0.169599 -0.214972 -0.070404
v 0.180066 -0.214972 -0.035899
v 0.183600 -0.214972 -0.000015
v 0.180066 -0.214972 0.035870
v 0.169599 -0.214972 0.070375
v 0.152601 -0.214972 0.102176
v 0.129726 -0.214972 0.130049
v 0.101853 -0.214972 0.152924
v 0.070052 -0.214972 0.169921
v 0.035547 -0.214972 0.180388
v -0.000337 -0.214972 0.183923
v -0.036222 -0.214972 0.180388
v -0.070727 -0.214972 0.169921
v -0.102527 -0.214972 0.152924
v -0.130400 -0.214972 0.130049
v -0.153275 -0.214972 0.102176
v -0.170273 -0.214972 0.070375
v -0.180740 -0.214972 0.035870
v -0.184274 -0.214972 -0.000015
v -0.180740 -0.214972 -0.035899
v -0.170273 -0.214972 -0.070404
v -0.153275 -0.214972 -0.102205
v -0.130400 -0.214972 -0.130078
v -0.102527 -0.214972 -0.152953
v -0.070727 -0.214972 -0.169950
v -0.036222 -0.214972 -0.180417
v 0.004077 -0.165739 -0.170119
v 0.028519 -0.165739 -0.167711
v 0.068837 -0.165739 -0.155481
v 0.090497 -0.165739 -0.143903
v 0.123066 -0.165739 -0.117175
v 0.138647 -0.165739 -0.098189
v 0.158508 -0.165739 -0.061033
v 0.165637 -0.165739 -0.037529
v 0.169767 -0.165739 0.004399
v 0.167359 -0.165739 0.028842
v 0.155129 -0.165739 0.069159
v 0.143551 -0.165739 0.090820
v 0.116823 -0.165739 0.123388
v 0.097838 -0.165739 0.138970
v 0.060681 -0.165739 0.158830
v 0.037178 -0.165739 0.165960
v -0.004751 -0.165739 0.170090
v -0.029194 -0.165739 0.167682
v -0.069511 -0.165739 0.155452
v -0.091172 -0.165739 0.143874
v -0.123740 -0.165739 0.117146
v -0.139321 -0.165739 0.098160
v -0.159182 -0.165739 0.061004
v -0.166312 -0.165739 0.037500
v -0.170441 -0.165739 -0.004428
v -0.168034 -0.165739 -0.028871
v -0.155804 -0.165739 -0.069188
v -0.144226 -0.165739 -0.090849
v -0.117498 -0.165739 -0.123417
v -0.098512 -0.165739 -0.138999
v -0.061355 -0.165739 -0.158859
v -0.037852 -0.165739 -0.165989
v -0.030692 -0.166195 -0.353955
v 0.098485 -0.166195 -0.341233
v -0.010855 0.108368 -0.490270
v 0.096818 -0.094725 -0.488446
v 0.190239 -0.094725 -0.460106
v 0.107066 -0.166195 -0.338630
v 0.221541 -0.166195 -0.277441
v 0.276337 -0.094725 -0.414086
v 0.351802 -0.094725 -0.352154
v 0.228473 -0.166195 -0.271753
v 0.310818 -0.166195 -0.171414
v 0.413735 -0.094725 -0.276688
v 0.459755 -0.094725 -0.190591
v 0.315045 -0.166195 -0.163506
v 0.352725 -0.166195 -0.039293
v 0.488094 -0.094725 -0.097169
v 0.497663 -0.094725 -0.000014
v 0.353604 -0.166195 -0.030370
v 0.340881 -0.166195 0.098808
v 0.488094 -0.094725 0.097140
v 0.459755 -0.094725 0.190562
v 0.338278 -0.166195 0.107388
v 0.277090 -0.166195 0.221864
v 0.413735 -0.094725 0.276660
v 0.351802 -0.094725 0.352125
v 0.271401 -0.166195 0.228795
v 0.171062 -0.166195 0.311141
v 0.276337 -0.094725 0.414057
v 0.190239 -0.094725 0.460078
v 0.163155 -0.166195 0.315368
v 0.038941 -0.166195 0.353048
v 0.096818 -0.094725 0.488417
v -0.000337 -0.094725 0.497986
v 0.030018 -0.166195 0.353926
v -0.099160 -0.166195 0.341204
v -0.097492 -0.094725 0.488417
v -0.190914 -0.094725 0.460078
v -0.107740 -0.166195 0.338601
v -0.222216 -0.166195 0.277412
v -0.277011 -0.094725 0.414057
v -0.352476 -0.094725 0.352125
v -0.229147 -0.166195 0.271724
v -0.311493 -0.166195 0.171385
v -0.414409 -0.094725 0.276660
v -0.460429 -0.094725 0.190562
v -0.315720 -0.166195 0.163477
v -0.353399 -0.166195 0.039264
v -0.488768 -0.094725 0.097140
v -0.498337 -0.094725 -0.000014
v -0.354278 -0.166195 0.030341
v -0.341555 -0.166195 -0.098837
v -0.488768 -0.094725 -0.097169
v -0.460429 -0.094725 -0.190591
v -0.338952 -0.166195 -0.107417
v -0.277764 -0.166195 -0.221893
v -0.414409 -0.094725 -0.276688
v -0.352476 -0.094725 -0.352154
v -0.272076 -0.166195 -0.228824
v -0.171737 -0.166195 -0.311170
v -0.277011 -0.094725 -0.414086
v -0.190914 -0.094725 -0.460106
v -0.163829 -0.166195 -0.315397
v -0.039616 -0.166195 -0.353077
v -0.097492 -0.094725 -0.488446
v -0.000337 -0.094725 -0.498015
v 0.105623 0.108368 -0.478798
v 0.177558 0.108368 -0.456977
v 0.280780 0.108368 -0.401804
v 0.338889 0.108368 -0.354115
v 0.413139 0.108368 -0.263641
v 0.448575 0.108368 -0.197345
v 0.482550 0.108368 -0.085343
v 0.489919 0.108368 -0.010532
v 0.478446 0.108368 0.105945
v 0.456625 0.108368 0.177881
v 0.401452 0.108368 0.281102
v 0.353763 0.108368 0.339211
v 0.263289 0.108368 0.413462
v 0.196993 0.108368 0.448898
v 0.084991 0.108368 0.482873
v 0.010181 0.108368 0.490241
v -0.106297 0.108368 0.478769
v -0.178233 0.108368 0.456948
v -0.281454 0.108368 0.401775
v -0.339563 0.108368 0.354086
v -0.413813 0.108368 0.263612
v -0.449249 0.108368 0.197316
v -0.483225 0.108368 0.085314
v -0.490593 0.108368 0.010503
v -0.479121 0.108368 -0.105974
v -0.457300 0.108368 -0.177910
v -0.402127 0.108368 -0.281131
v -0.354438 0.108368 -0.339240
v -0.263963 0.108368 -0.413491
v -0.197667 0.108368 -0.448927
v -0.085666 0.108368 -0.482902
v 0.008073 -0.139815 -0.494306
v 0.014645 -0.133803 -0.499700
v 0.008548 -0.139521 -0.496126
v 0.009562 -0.138667 -0.497710
v 0.011016 -0.137336 -0.498903
v 0.012767 -0.135661 -0.499589
v 0.082452 -0.133803 -0.493021
v 0.087846 -0.139815 -0.486449
v 0.084272 -0.135661 -0.492546
v 0.085856 -0.137336 -0.491532
v 0.087050 -0.138667 -0.490078
v 0.087735 -0.139521 -0.488327
v 0.087928 0.160853 -0.486862
v 0.082523 0.154727 -0.493377
v 0.087817 0.160524 -0.488736
v 0.087129 0.159638 -0.490480
v 0.085934 0.158282 -0.491921
v 0.084346 0.156590 -0.492919
v 0.014645 0.154727 -0.500062
v 0.008073 0.160853 -0.494727
v 0.012767 0.156590 -0.499969
v 0.011016 0.158282 -0.499300
v 0.009562 0.159638 -0.498119
v 0.008548 0.160524 -0.496544
v 0.014645 0.131220 -0.499839
v 0.008073 0.125322 -0.494390
v 0.012767 0.129368 -0.499711
v 0.011016 0.127708 -0.499010
v 0.009562 0.126403 -0.497804
v 0.008548 0.125581 -0.496212
v 0.082452 -0.109470 -0.493021
v 0.087846 -0.103458 -0.486449
v 0.084272 -0.107612 -0.492546
v 0.085856 -0.105936 -0.491532
v 0.087050 -0.104606 -0.490078
v 0.087735 -0.103752 -0.488327
v 0.196590 -0.103458 -0.453462
v 0.204726 -0.109470 -0.455930
v 0.197725 -0.103752 -0.454962
v 0.199268 -0.104606 -0.456037
v 0.201068 -0.105936 -0.456583
v 0.202949 -0.107612 -0.456546
v 0.204726 -0.133803 -0.455930
v 0.196590 -0.139815 -0.453462
v 0.202949 -0.135661 -0.456546
v 0.201068 -0.137337 -0.456583
v 0.199268 -0.138667 -0.456037
v 0.197725 -0.139521 -0.454962
v 0.264816 -0.133803 -0.423811
v 0.267284 -0.139815 -0.415675
v 0.266315 -0.135661 -0.422676
v 0.267391 -0.137337 -0.421133
v 0.267937 -0.138667 -0.419333
v 0.267900 -0.139521 -0.417452
v 0.267517 0.160853 -0.416025
v 0.265017 0.154727 -0.424113
v 0.268132 0.160524 -0.417800
v 0.268164 0.159638 -0.419673
v 0.267611 0.158282 -0.421463
v 0.266527 0.156590 -0.422992
v 0.204865 0.154727 -0.456265
v 0.196751 0.160853 -0.453851
v 0.203094 0.156590 -0.456898
v 0.201220 0.158282 -0.456949
v 0.199425 0.159638 -0.456415
v 0.197885 0.160524 -0.455347
v 0.264816 -0.109470 -0.423811
v 0.267284 -0.103458 -0.415675
v 0.266315 -0.107612 -0.422676
v 0.267391 -0.105936 -0.421133
v 0.267937 -0.104606 -0.419333
v 0.267900 -0.103752 -0.417452
v 0.355126 -0.103458 -0.343584
v 0.363588 -0.109470 -0.342751
v 0.356749 -0.103752 -0.344536
v 0.358586 -0.104606 -0.344939
v 0.360458 -0.105936 -0.344754
v 0.362182 -0.107612 -0.344001
v 0.363588 -0.133803 -0.342751
v 0.355126 -0.139815 -0.343584
v 0.362182 -0.135661 -0.344001
v 0.360458 -0.137336 -0.344754
v 0.358586 -0.138667 -0.344939
v 0.356749 -0.139520 -0.344536
v 0.406812 -0.133803 -0.290082
v 0.405979 -0.139815 -0.281621
v 0.407763 -0.135661 -0.288459
v 0.408166 -0.137336 -0.286622
v 0.407982 -0.138667 -0.284750
v 0.407228 -0.139521 -0.283027
v 0.406329 0.160853 -0.281855
v 0.407114 0.154727 -0.290284
v 0.407575 0.160524 -0.283259
v 0.408322 0.159638 -0.284977
v 0.408496 0.158282 -0.286842
v 0.408080 0.156590 -0.288671
v 0.363844 0.154727 -0.343008
v 0.355424 0.160853 -0.343882
v 0.362451 0.156590 -0.344270
v 0.360739 0.158282 -0.345035
v 0.358876 0.159638 -0.345228
v 0.357044 0.160524 -0.344831
v 0.406812 -0.109470 -0.290082
v 0.405979 -0.103458 -0.281621
v 0.407763 -0.107612 -0.288459
v 0.408166 -0.105936 -0.286622
v 0.407982 -0.104606 -0.284750
v 0.407228 -0.103752 -0.283027
v 0.459547 -0.103458 -0.181402
v 0.467045 -0.109470 -0.177394
v 0.461410 -0.103752 -0.181660
v 0.463262 -0.104606 -0.181329
v 0.464921 -0.105936 -0.180442
v 0.466224 -0.107612 -0.179086
v 0.467045 -0.133803 -0.177394
v 0.459547 -0.139815 -0.181402
v 0.466224 -0.135661 -0.179086
v 0.464921 -0.137336 -0.180442
v 0.463262 -0.138667 -0.181329
v 0.461410 -0.139521 -0.181660
v 0.486824 -0.133803 -0.112193
v 0.482816 -0.139815 -0.104694
v 0.487081 -0.135661 -0.110329
v 0.486751 -0.137337 -0.108478
v 0.485864 -0.138667 -0.106819
v 0.484508 -0.139521 -0.105515
v 0.483228 0.160853 -0.104776
v 0.487180 0.154727 -0.112263
v 0.484918 0.160524 -0.105597
v 0.486266 0.159638 -0.106899
v 0.487140 0.158282 -0.108555
v 0.487455 0.156590 -0.110404
v 0.467380 0.154727 -0.177533
v 0.459936 0.160853 -0.181563
v 0.466576 0.156590 -0.179232
v 0.465287 0.158282 -0.180594
v 0.463640 0.159638 -0.181486
v 0.461796 0.160524 -0.181819
v 0.486824 -0.109470 -0.112193
v 0.482816 -0.103458 -0.104694
v 0.487081 -0.107612 -0.110329
v 0.486751 -0.105936 -0.108478
v 0.485864 -0.104606 -0.106819
v 0.484508 -0.103752 -0.105515
v 0.493954 -0.103458 0.008395
v 0.499348 -0.109470 0.014968
v 0.495774 -0.103752 0.008870
v 0.497358 -0.104606 0.009885
v 0.498552 -0.105936 0.011339
v 0.499237 -0.107612 0.013090
v 0.499348 -0.133803 0.014968
v 0.493954 -0.139815 0.008395
v 0.499237 -0.135661 0.013090
v 0.498552 -0.137337 0.011339
v 0.497358 -0.138667 0.009885
v 0.495774 -0.139521 0.008870
v 0.492670 -0.133803 0.082775
v 0.486097 -0.139815 0.088169
v 0.492195 -0.135661 0.084595
v 0.491180 -0.137337 0.086179
v 0.489726 -0.138667 0.087372
v 0.487975 -0.139521 0.088058
v 0.486510 0.160853 0.088251
v 0.493025 0.154727 0.082846
v 0.488385 0.160524 0.088139
v 0.490128 0.159638 0.087452
v 0.491569 0.158282 0.086256
v 0.492568 0.156590 0.084669
v 0.499711 0.154727 0.014968
v 0.494375 0.160853 0.008396
v 0.499618 0.156590 0.013090
v 0.498948 0.158282 0.011339
v 0.497768 0.159638 0.009885
v 0.496192 0.160524 0.008870
v 0.492670 -0.109470 0.082775
v 0.486097 -0.103458 0.088169
v 0.492195 -0.107612 0.084595
v 0.491180 -0.105936 0.086179
v 0.489726 -0.104606 0.087372
v 0.487975 -0.103752 0.088058
v 0.453110 -0.103458 0.196912
v 0.455578 -0.109470 0.205049
v 0.454610 -0.103752 0.198048
v 0.455685 -0.104606 0.199591
v 0.456231 -0.105936 0.201391
v 0.456194 -0.107612 0.203271
v 0.455578 -0.133803 0.205049
v 0.453110 -0.139815 0.196912
v 0.456194 -0.135661 0.203271
v 0.456231 -0.137337 0.201391
v 0.455685 -0.138667 0.199591
v 0.454610 -0.139521 0.198048
v 0.423460 -0.133803 0.265138
v 0.415323 -0.139815 0.267606
v 0.422324 -0.135661 0.266638
v 0.420781 -0.137337 0.267714
v 0.418981 -0.138667 0.268260
v 0.417100 -0.139521 0.268223
v 0.415673 0.160853 0.267840
v 0.423761 0.154727 0.265340
v 0.417448 0.160524 0.268455
v 0.419322 0.159638 0.268487
v 0.421111 0.158282 0.267934
v 0.422641 0.156590 0.266849
v 0.455913 0.154727 0.205187
v 0.453499 0.160853 0.197074
v 0.456546 0.156590 0.203417
v 0.456598 0.158282 0.201543
v 0.456064 0.159638 0.199748
v 0.454996 0.160524 0.198208
v 0.423460 -0.109470 0.265138
v 0.415323 -0.103458 0.267606
v 0.422324 -0.107612 0.266638
v 0.420781 -0.105936 0.267714
v 0.418981 -0.104606 0.268260
v 0.417100 -0.103752 0.268223
v 0.343233 -0.103458 0.355449
v 0.342399 -0.109470 0.363910
v 0.344184 -0.103752 0.357072
v 0.344587 -0.104606 0.358909
v 0.344403 -0.105936 0.360781
v 0.343649 -0.107612 0.362504
v 0.342399 -0.133803 0.363910
v 0.343233 -0.139815 0.355449
v 0.343649 -0.135661 0.362504
v 0.344403 -0.137337 0.360781
v 0.344587 -0.138667 0.358909
v 0.344184 -0.139521 0.357072
v 0.289730 -0.133803 0.407135
v 0.281269 -0.139815 0.406301
v 0.288107 -0.135661 0.408086
v 0.286270 -0.137337 0.408489
v 0.284398 -0.138667 0.408305
v 0.282675 -0.139521 0.407551
v 0.281503 0.160853 0.406651
v 0.289932 0.154727 0.407436
v 0.282907 0.160524 0.407898
v 0.284626 0.159638 0.408645
v 0.286490 0.158282 0.408819
v 0.288319 0.156590 0.408402
v 0.342656 0.154727 0.364167
v 0.343530 0.160853 0.355747
v 0.343918 0.156590 0.362773
v 0.344683 0.158282 0.361061
v 0.344876 0.159638 0.359199
v 0.344479 0.160524 0.357367
v 0.289730 -0.109470 0.407135
v 0.281269 -0.103458 0.406301
v 0.288107 -0.107612 0.408086
v 0.286270 -0.105936 0.408489
v 0.284398 -0.104606 0.408305
v 0.282675 -0.103752 0.407551
v 0.181050 -0.103458 0.459870
v 0.177042 -0.109470 0.467368
v 0.181308 -0.103752 0.461733
v 0.180977 -0.104606 0.463584
v 0.180090 -0.105936 0.465243
v 0.178735 -0.107612 0.466547
v 0.177042 -0.133803 0.467368
v 0.181050 -0.139815 0.459870
v 0.178735 -0.135661 0.466547
v 0.180090 -0.137337 0.465243
v 0.180977 -0.138667 0.463584
v 0.181308 -0.139521 0.461733
v 0.111841 -0.133803 0.487146
v 0.104343 -0.139815 0.483138
v 0.109978 -0.135661 0.487404
v 0.108126 -0.137337 0.487073
v 0.106467 -0.138667 0.486187
v 0.105163 -0.139521 0.484831
v 0.104425 0.160853 0.483551
v 0.111912 0.154727 0.487502
v 0.105245 0.160524 0.485241
v 0.106547 0.159638 0.486588
v 0.108203 0.158282 0.487462
v 0.110052 0.156590 0.487777
v 0.177181 0.154727 0.467703
v 0.181211 0.160853 0.460258
v 0.178880 0.156590 0.466899
v 0.180242 0.158282 0.465610
v 0.181134 0.159638 0.463963
v 0.181468 0.160524 0.462119
v 0.111841 -0.109470 0.487146
v 0.104343 -0.103458 0.483138
v 0.109978 -0.107612 0.487404
v 0.108126 -0.105936 0.487073
v 0.106467 -0.104606 0.486187
v 0.105163 -0.103752 0.484831
v -0.008747 -0.103458 0.494277
v -0.015320 -0.109470 0.499671
v -0.009222 -0.103752 0.496097
v -0.010236 -0.104606 0.497681
v -0.011690 -0.105936 0.498874
v -0.013442 -0.107612 0.499560
v -0.015320 -0.133803 0.499671
v -0.008747 -0.139815 0.494277
v -0.013442 -0.135661 0.499560
v -0.011690 -0.137337 0.498874
v -0.010236 -0.138667 0.497681
v -0.009222 -0.139521 0.496097
v -0.083126 -0.133803 0.492992
v -0.088520 -0.139815 0.486420
v -0.084947 -0.135661 0.492517
v -0.086531 -0.137337 0.491503
v -0.087724 -0.138667 0.490049
v -0.088410 -0.139521 0.488298
v -0.088602 0.160853 0.486833
v -0.083197 0.154727 0.493348
v -0.088491 0.160524 0.488707
v -0.087804 0.159638 0.490451
v -0.086608 0.158282 0.491892
v -0.085021 0.156590 0.492891
v -0.015320 0.154727 0.500033
v -0.008747 0.160853 0.494698
v -0.013442 0.156590 0.499940
v -0.011690 0.158282 0.499271
v -0.010236 0.159638 0.498090
v -0.009222 0.160524 0.496515
v -0.083126 -0.109470 0.492992
v -0.088520 -0.103458 0.486420
v -0.084947 -0.107612 0.492517
v -0.086531 -0.105936 0.491503
v -0.087724 -0.104606 0.490049
v -0.088410 -0.103752 0.488298
v -0.197264 -0.103458 0.453433
v -0.205400 -0.109470 0.455901
v -0.198399 -0.103752 0.454933
v -0.199943 -0.104606 0.456008
v -0.201743 -0.105936 0.456554
v -0.203623 -0.107612 0.456517
v -0.205400 -0.133803 0.455901
v -0.197264 -0.139815 0.453433
v -0.203623 -0.135661 0.456517
v -0.201743 -0.137337 0.456554
v -0.199943 -0.138667 0.456008
v -0.198399 -0.139521 0.454933
v -0.265490 -0.133803 0.423782
v -0.267958 -0.139815 0.415646
v -0.266990 -0.135661 0.422647
v -0.268065 -0.137337 0.421104
v -0.268611 -0.138667 0.419304
v -0.268574 -0.139521 0.417423
v -0.268192 0.160853 0.415996
v -0.265692 0.154727 0.424084
v -0.268806 0.160524 0.417771
v -0.268839 0.159638 0.419644
v -0.268286 0.158282 0.421434
v -0.267201 0.156590 0.422963
v -0.205539 0.154727 0.456236
v -0.197425 0.160853 0.453822
v -0.203769 0.156590 0.456869
v -0.201894 0.158282 0.456920
v -0.200099 0.159638 0.456386
v -0.198559 0.160524 0.455318
v -0.265490 -0.109470 0.423782
v -0.267958 -0.103458 0.415646
v -0.266990 -0.107612 0.422647
v -0.268065 -0.105936 0.421104
v -0.268611 -0.104606 0.419304
v -0.268574 -0.103752 0.417423
v -0.355801 -0.103458 0.343556
v -0.364262 -0.109470 0.342722
v -0.357423 -0.103752 0.344507
v -0.359261 -0.104606 0.344910
v -0.361133 -0.105936 0.344725
v -0.362856 -0.107612 0.343972
v -0.364262 -0.133803 0.342722
v -0.355801 -0.139815 0.343556
v -0.362856 -0.135661 0.343972
v -0.361133 -0.137337 0.344725
v -0.359261 -0.138667 0.344910
v -0.357423 -0.139521 0.344507
v -0.407487 -0.133803 0.290053
v -0.406653 -0.139815 0.281592
v -0.408438 -0.135661 0.288430
v -0.408841 -0.137337 0.286593
v -0.408656 -0.138667 0.284721
v -0.407903 -0.139521 0.282998
v -0.407003 0.160853 0.281826
v -0.407788 0.154727 0.290255
v -0.408250 0.160524 0.283230
v -0.408997 0.159638 0.284948
v -0.409170 0.158282 0.286813
v -0.408754 0.156590 0.288642
v -0.364519 0.154727 0.342979
v -0.356098 0.160853 0.343853
v -0.363125 0.156590 0.344241
v -0.361413 0.158282 0.345006
v -0.359550 0.159638 0.345199
v -0.357719 0.160524 0.344802
v -0.407487 -0.109470 0.290053
v -0.406653 -0.103458 0.281592
v -0.408438 -0.107612 0.288430
v -0.408841 -0.105936 0.286593
v -0.408656 -0.104606 0.284721
v -0.407903 -0.103752 0.282998
v -0.460221 -0.103458 0.181373
v -0.467720 -0.109470 0.177365
v -0.462085 -0.103752 0.181631
v -0.463936 -0.104606 0.181300
v -0.465595 -0.105936 0.180413
v -0.466899 -0.107612 0.179057
v -0.467720 -0.133803 0.177365
v -0.460221 -0.139815 0.181373
v -0.466899 -0.135661 0.179057
v -0.465595 -0.137337 0.180413
v -0.463936 -0.138667 0.181300
v -0.462085 -0.139521 0.181631
v -0.487498 -0.133803 0.112164
v -0.483490 -0.139815 0.104665
v -0.487756 -0.135661 0.110300
v -0.487425 -0.137337 0.108449
v -0.486538 -0.138667 0.106790
v -0.485183 -0.139521 0.105486
v -0.483903 0.160853 0.104748
v -0.487854 0.154727 0.112235
v -0.485592 0.160524 0.105568
v -0.486940 0.159638 0.106870
v -0.487814 0.158282 0.108526
v -0.488129 0.156590 0.110375
v -0.468055 0.154727 0.177504
v -0.460610 0.160853 0.181534
v -0.467250 0.156590 0.179203
v -0.465961 0.158282 0.180565
v -0.464314 0.159638 0.181456
v -0.462470 0.160524 0.181790
v -0.487498 -0.109470 0.112164
v -0.483490 -0.103458 0.104665
v -0.487756 -0.107612 0.110300
v -0.487425 -0.105936 0.108449
v -0.486538 -0.104606 0.106790
v -0.485183 -0.103752 0.105486
v -0.494629 -0.103458 -0.008424
v -0.500022 -0.109470 -0.014997
v -0.496449 -0.103752 -0.008899
v -0.498033 -0.104606 -0.009913
v -0.499226 -0.105936 -0.011368
v -0.499912 -0.107612 -0.013119
v -0.500022 -0.133803 -0.014997
v -0.494629 -0.139815 -0.008424
v -0.499912 -0.135661 -0.013119
v -0.499226 -0.137337 -0.011368
v -0.498033 -0.138667 -0.009913
v -0.496449 -0.139521 -0.008899
v -0.493344 -0.133803 -0.082804
v -0.486772 -0.139815 -0.088198
v -0.492869 -0.135661 -0.084624
v -0.491855 -0.137337 -0.086208
v -0.490401 -0.138667 -0.087401
v -0.488649 -0.139521 -0.088087
v -0.487184 0.160853 -0.088280
v -0.493700 0.154727 -0.082875
v -0.489059 0.160524 -0.088168
v -0.490802 0.159638 -0.087481
v -0.492244 0.158282 -0.086285
v -0.493242 0.156590 -0.084698
v -0.500385 0.154727 -0.014997
v -0.495049 0.160853 -0.008425
v -0.500292 0.156590 -0.013119
v -0.499623 0.158282 -0.011368
v -0.498442 0.159638 -0.009914
v -0.496866 0.160524 -0.008899
v -0.493344 -0.109470 -0.082804
v -0.486772 -0.103458 -0.088198
v -0.492869 -0.107612 -0.084624
v -0.491855 -0.105936 -0.086208
v -0.490401 -0.104606 -0.087401
v -0.488649 -0.103752 -0.088087
v -0.453784 -0.103458 -0.196941
v -0.456253 -0.109470 -0.205078
v -0.455284 -0.103752 -0.198077
v -0.456360 -0.104606 -0.199620
v -0.456906 -0.105936 -0.201420
v -0.456869 -0.107612 -0.203300
v -0.456253 -0.133803 -0.205078
v -0.453784 -0.139815 -0.196941
v -0.456869 -0.135661 -0.203300
v -0.456906 -0.137337 -0.201420
v -0.456360 -0.138667 -0.199620
v -0.455284 -0.139521 -0.198077
v -0.424134 -0.133803 -0.265167
v -0.415998 -0.139815 -0.267635
v -0.422999 -0.135661 -0.266667
v -0.421456 -0.137337 -0.267743
v -0.419656 -0.138667 -0.268289
v -0.417775 -0.139521 -0.268252
v -0.416348 0.160853 -0.267869
v -0.424436 0.154727 -0.265369
v -0.418122 0.160524 -0.268484
v -0.419996 0.159638 -0.268516
v -0.421785 0.158282 -0.267963
v -0.423315 0.156590 -0.266878
v -0.456588 0.154727 -0.205217
v -0.454173 0.160853 -0.197103
v -0.457220 0.156590 -0.203446
v -0.457272 0.158282 -0.201572
v -0.456738 0.159638 -0.199777
v -0.455670 0.160524 -0.198237
v -0.424134 -0.109470 -0.265167
v -0.415998 -0.103458 -0.267635
v -0.422999 -0.107612 -0.266667
v -0.421456 -0.105936 -0.267743
v -0.419656 -0.104606 -0.268289
v -0.417775 -0.103752 -0.268252
v -0.343907 -0.103458 -0.355478
v -0.343074 -0.109470 -0.363939
v -0.344858 -0.103752 -0.357101
v -0.345261 -0.104606 -0.358938
v -0.345077 -0.105936 -0.360810
v -0.344323 -0.107612 -0.362533
v -0.343074 -0.133803 -0.363939
v -0.343907 -0.139815 -0.355478
v -0.344323 -0.135661 -0.362533
v -0.345077 -0.137336 -0.360810
v -0.345261 -0.138667 -0.358938
v -0.344858 -0.139520 -0.357101
v -0.290405 -0.133803 -0.407164
v -0.281943 -0.139815 -0.406330
v -0.288782 -0.135661 -0.408115
v -0.286945 -0.137336 -0.408518
v -0.285073 -0.138667 -0.408334
v -0.283349 -0.139521 -0.407580
v -0.282177 0.160853 -0.406680
v -0.290606 0.154727 -0.407465
v -0.283582 0.160524 -0.407927
v -0.285300 0.159638 -0.408674
v -0.287165 0.158282 -0.408848
v -0.288993 0.156590 -0.408431
v -0.343330 0.154727 -0.364196
v -0.344205 0.160853 -0.355776
v -0.344592 0.156590 -0.362802
v -0.345358 0.158282 -0.361090
v -0.345551 0.159638 -0.359228
v -0.345154 0.160524 -0.357396
v -0.290405 -0.109470 -0.407164
v -0.281943 -0.103458 -0.406330
v -0.288782 -0.107612 -0.408115
v -0.286945 -0.105936 -0.408518
v -0.285073 -0.104606 -0.408334
v -0.283349 -0.103752 -0.407580
v -0.181725 -0.103458 -0.459898
v -0.177717 -0.109470 -0.467397
v -0.181982 -0.103752 -0.461762
v -0.181652 -0.104606 -0.463613
v -0.180765 -0.105936 -0.465272
v -0.179409 -0.107612 -0.466576
v -0.177717 -0.133803 -0.467397
v -0.181725 -0.139815 -0.459898
v -0.179409 -0.135661 -0.466576
v -0.180765 -0.137336 -0.465272
v -0.181652 -0.138667 -0.463613
v -0.181982 -0.139521 -0.461762
v -0.112515 -0.133803 -0.487175
v -0.105017 -0.139815 -0.483167
v -0.110652 -0.135661 -0.487433
v -0.108800 -0.137336 -0.487102
v -0.107142 -0.138667 -0.486216
v -0.105838 -0.139521 -0.484860
v -0.105099 0.160853 -0.483580
v -0.112586 0.154727 -0.487531
v -0.105919 0.160524 -0.485270
v -0.107222 0.159638 -0.486617
v -0.108878 0.158282 -0.487491
v -0.110726 0.156590 -0.487806
v -0.177855 0.154727 -0.467732
v -0.181886 0.160853 -0.460287
v -0.179555 0.156590 -0.466928
v -0.180917 0.158282 -0.465639
v -0.181808 0.159638 -0.463992
v -0.182142 0.160524 -0.462148
v -0.112515 -0.109470 -0.487175
v -0.105017 -0.103458 -0.483167
v -0.110652 -0.107612 -0.487433
v -0.108800 -0.105936 -0.487102
v -0.107142 -0.104606 -0.486216
v -0.105838 -0.103752 -0.484860
v 0.008073 -0.103458 -0.494306
v 0.014645 -0.109470 -0.499700
v 0.008548 -0.103752 -0.496126
v 0.009562 -0.104606 -0.497710
v 0.011016 -0.105936 -0.498903
v 0.012767 -0.107612 -0.499589
v 0.087862 0.125322 -0.486531
v 0.082479 0.131220 -0.493158
v 0.087752 0.125581 -0.488411
v 0.087068 0.126403 -0.490170
v 0.085877 0.127708 -0.491637
v 0.084296 0.129368 -0.492666
v 0.204779 0.131220 -0.456059
v 0.196622 0.125322 -0.453539
v 0.202996 0.129368 -0.456659
v 0.201109 0.127708 -0.456681
v 0.199304 0.126403 -0.456124
v 0.197758 0.125581 -0.455041
v 0.267330 0.125322 -0.415745
v 0.264893 0.131220 -0.423927
v 0.267948 0.125581 -0.417524
v 0.267989 0.126403 -0.419411
v 0.267450 0.127708 -0.421221
v 0.266383 0.129368 -0.422778
v 0.363686 0.131220 -0.342850
v 0.355185 0.125322 -0.343644
v 0.362268 0.129368 -0.344087
v 0.360534 0.127708 -0.344830
v 0.358653 0.126403 -0.345005
v 0.356810 0.125581 -0.344597
v 0.406048 0.125322 -0.281667
v 0.406928 0.131220 -0.290160
v 0.407300 0.125581 -0.283075
v 0.408060 0.126403 -0.284802
v 0.408255 0.127708 -0.286681
v 0.407865 0.129368 -0.288527
v 0.467174 0.131220 -0.177447
v 0.459624 0.125322 -0.181434
v 0.466337 0.129368 -0.179133
v 0.465019 0.127708 -0.180483
v 0.463349 0.126403 -0.181365
v 0.461490 0.125581 -0.181692
v 0.482898 0.125322 -0.104711
v 0.486961 0.131220 -0.112220
v 0.484593 0.125581 -0.105532
v 0.485956 0.126403 -0.106837
v 0.486855 0.127708 -0.108499
v 0.487201 0.129367 -0.110353
v 0.499488 0.131220 0.014968
v 0.494038 0.125322 0.008396
v 0.499359 0.129368 0.013090
v 0.498658 0.127708 0.011339
v 0.497452 0.126403 0.009885
v 0.495860 0.125581 0.008870
v 0.486179 0.125322 0.088185
v 0.492807 0.131220 0.082802
v 0.488059 0.125581 0.088075
v 0.489819 0.126403 0.087391
v 0.491285 0.127708 0.086200
v 0.492314 0.129368 0.084619
v 0.455707 0.131220 0.205102
v 0.453187 0.125322 0.196944
v 0.456307 0.129367 0.203318
v 0.456330 0.127708 0.201432
v 0.455772 0.126403 0.199627
v 0.454689 0.125581 0.198081
v 0.415393 0.125322 0.267653
v 0.423576 0.131220 0.265216
v 0.417172 0.125581 0.268271
v 0.419059 0.126403 0.268312
v 0.420870 0.127708 0.267773
v 0.422426 0.129367 0.266706
v 0.342498 0.131220 0.364009
v 0.343292 0.125322 0.355508
v 0.343735 0.129368 0.362591
v 0.344478 0.127708 0.360856
v 0.344653 0.126403 0.358976
v 0.344245 0.125581 0.357133
v 0.281316 0.125322 0.406371
v 0.289808 0.131220 0.407251
v 0.282723 0.125581 0.407622
v 0.284451 0.126403 0.408383
v 0.286329 0.127708 0.408578
v 0.288175 0.129367 0.408187
v 0.177096 0.131220 0.467497
v 0.181082 0.125322 0.459947
v 0.178781 0.129367 0.466660
v 0.180131 0.127708 0.465342
v 0.181013 0.126403 0.463671
v 0.181341 0.125581 0.461812
v 0.104359 0.125322 0.483221
v 0.111868 0.131220 0.487284
v 0.105180 0.125581 0.484915
v 0.106486 0.126403 0.486279
v 0.108147 0.127708 0.487178
v 0.110002 0.129367 0.487524
v -0.015320 0.131220 0.499810
v -0.008747 0.125322 0.494361
v -0.013442 0.129367 0.499682
v -0.011690 0.127708 0.498981
v -0.010236 0.126403 0.497775
v -0.009222 0.125581 0.496183
v -0.088537 0.125322 0.486502
v -0.083154 0.131220 0.493129
v -0.088426 0.125581 0.488382
v -0.087742 0.126403 0.490141
v -0.086551 0.127708 0.491608
v -0.084970 0.129367 0.492637
v -0.205454 0.131220 0.456030
v -0.197296 0.125322 0.453510
v -0.203670 0.129367 0.456630
v -0.201783 0.127708 0.456652
v -0.199979 0.126403 0.456095
v -0.198432 0.125581 0.455012
v -0.268005 0.125322 0.415716
v -0.265568 0.131220 0.423899
v -0.268622 0.125581 0.417495
v -0.268664 0.126403 0.419382
v -0.268124 0.127708 0.421192
v -0.267058 0.129367 0.422749
v -0.364361 0.131220 0.342821
v -0.355860 0.125322 0.343615
v -0.362942 0.129368 0.344058
v -0.361208 0.127708 0.344801
v -0.359327 0.126403 0.344976
v -0.357485 0.125581 0.344568
v -0.406723 0.125322 0.281638
v -0.407603 0.131220 0.290131
v -0.407974 0.125581 0.283046
v -0.408735 0.126403 0.284773
v -0.408929 0.127708 0.286652
v -0.408539 0.129367 0.288498
v -0.467849 0.131220 0.177418
v -0.460299 0.125322 0.181405
v -0.467012 0.129367 0.179104
v -0.465693 0.127708 0.180454
v -0.464023 0.126403 0.181336
v -0.462164 0.125581 0.181663
v -0.483572 0.125322 0.104682
v -0.487635 0.131220 0.112191
v -0.485267 0.125581 0.105503
v -0.486631 0.126403 0.106808
v -0.487530 0.127708 0.108470
v -0.487876 0.129368 0.110324
v -0.500162 0.131220 -0.014997
v -0.494712 0.125322 -0.008425
v -0.500034 0.129368 -0.013119
v -0.499333 0.127708 -0.011368
v -0.498127 0.126403 -0.009914
v -0.496535 0.125581 -0.008899
v -0.486854 0.125322 -0.088214
v -0.493481 0.131220 -0.082831
v -0.488734 0.125581 -0.088104
v -0.490493 0.126403 -0.087420
v -0.491959 0.127708 -0.086229
v -0.492989 0.129368 -0.084648
v -0.456382 0.131220 -0.205131
v -0.453862 0.125322 -0.196974
v -0.456982 0.129368 -0.203347
v -0.457004 0.127708 -0.201461
v -0.456447 0.126403 -0.199656
v -0.455364 0.125581 -0.198110
v -0.416067 0.125322 -0.267682
v -0.424250 0.131220 -0.265245
v -0.417847 0.125581 -0.268300
v -0.419734 0.126403 -0.268341
v -0.421544 0.127708 -0.267802
v -0.423100 0.129368 -0.266735
v -0.343173 0.131220 -0.364038
v -0.343966 0.125322 -0.355537
v -0.344410 0.129368 -0.362620
v -0.345152 0.127708 -0.360885
v -0.345328 0.126403 -0.359005
v -0.344919 0.125581 -0.357162
v -0.281990 0.125322 -0.406400
v -0.290482 0.131220 -0.407280
v -0.283397 0.125581 -0.407651
v -0.285125 0.126403 -0.408412
v -0.287004 0.127708 -0.408606
v -0.288850 0.129368 -0.408216
v -0.177770 0.131220 -0.467526
v -0.181757 0.125322 -0.459976
v -0.179456 0.129368 -0.466689
v -0.180806 0.127708 -0.465371
v -0.181688 0.126403 -0.463700
v -0.182015 0.125581 -0.461841
v -0.105033 0.125322 -0.483249
v -0.112543 0.131220 -0.487312
v -0.105855 0.125581 -0.484944
v -0.107160 0.126403 -0.486308
v -0.108821 0.127708 -0.487207
v -0.110676 0.129368 -0.487553
v 0.014645 -0.133803 -0.499700
v 0.082452 -0.133803 -0.493021
v 0.087846 -0.139815 -0.486449
v 0.008073 -0.139815 -0.494306
v 0.082523 0.154727 -0.493377
v 0.014645 0.154727 -0.500062
v 0.008073 0.160853 -0.494727
v 0.087928 0.160853 -0.486862
v 0.008073 0.125322 -0.494390
v 0.014645 0.131220 -0.499839
v 0.087846 -0.103458 -0.486449
v 0.082452 -0.109470 -0.493021
v 0.204726 -0.109470 -0.455930
v 0.204726 -0.133803 -0.455930
v 0.196590 -0.139815 -0.453462
v 0.196590 -0.103458 -0.453462
v 0.264816 -0.133803 -0.423811
v 0.267284 -0.139815 -0.415675
v 0.265017 0.154727 -0.424113
v 0.204865 0.154727 -0.456265
v 0.196751 0.160853 -0.453851
v 0.267517 0.160853 -0.416025
v 0.267284 -0.103458 -0.415675
v 0.264816 -0.109470 -0.423811
v 0.363588 -0.109470 -0.342751
v 0.363588 -0.133803 -0.342751
v 0.355126 -0.139815 -0.343584
v 0.355126 -0.103458 -0.343584
v 0.406812 -0.133803 -0.290082
v 0.405979 -0.139815 -0.281621
v 0.407114 0.154727 -0.290284
v 0.363844 0.154727 -0.343008
v 0.355424 0.160853 -0.343882
v 0.406329 0.160853 -0.281855
v 0.405979 -0.103458 -0.281621
v 0.406812 -0.109470 -0.290082
v 0.467045 -0.109470 -0.177394
v 0.467045 -0.133803 -0.177394
v 0.459547 -0.139815 -0.181402
v 0.459547 -0.103458 -0.181402
v 0.486824 -0.133803 -0.112193
v 0.482816 -0.139815 -0.104694
v 0.487180 0.154727 -0.112263
v 0.467380 0.154727 -0.177533
v 0.459936 0.160853 -0.181563
v 0.483228 0.160853 -0.104776
v 0.482816 -0.103458 -0.104694
v 0.486824 -0.109470 -0.112193
v 0.499348 -0.109470 0.014968
v 0.499348 -0.133803 0.014968
v 0.493954 -0.139815 0.008395
v 0.493954 -0.103458 0.008395
v 0.492670 -0.133803 0.082775
v 0.486097 -0.139815 0.088169
v 0.493025 0.154727 0.082846
v 0.499711 0.154727 0.014968
v 0.494375 0.160853 0.008396
v 0.486510 0.160853 0.088251
v 0.486097 -0.103458 0.088169
v 0.492670 -0.109470 0.082775
v 0.455578 -0.109470 0.205049
v 0.455578 -0.133803 0.205049
v 0.453110 -0.139815 0.196912
v 0.453110 -0.103458 0.196912
v 0.423460 -0.133803 0.265138
v 0.415323 -0.139815 0.267606
v 0.423761 0.154727 0.265340
v 0.455913 0.154727 0.205187
v 0.453499 0.160853 0.197074
v 0.415673 0.160853 0.267840
v 0.415323 -0.103458 0.267606
v 0.423460 -0.109470 0.265138
v 0.342399 -0.109470 0.363910
v 0.342399 -0.133803 0.363910
v 0.343233 -0.139815 0.355449
v 0.343233 -0.103458 0.355449
v 0.289730 -0.133803 0.407135
v 0.281269 -0.139815 0.406301
v 0.289932 0.154727 0.407436
v 0.342656 0.154727 0.364167
v 0.343530 0.160853 0.355747
v 0.281503 0.160853 0.406651
v 0.281269 -0.103458 0.406301
v 0.289730 -0.109470 0.407135
v 0.177042 -0.109470 0.467368
v 0.177042 -0.133803 0.467368
v 0.181050 -0.139815 0.459870
v 0.181050 -0.103458 0.459870
v 0.111841 -0.133803 0.487146
v 0.104343 -0.139815 0.483138
v 0.111912 0.154727 0.487502
v 0.177181 0.154727 0.467703
v 0.181211 0.160853 0.460258
v 0.104425 0.160853 0.483551
v 0.104343 -0.103458 0.483138
v 0.111841 -0.109470 0.487146
v -0.015320 -0.109470 0.499671
v -0.015320 -0.133803 0.499671
v -0.008747 -0.139815 0.494277
v -0.008747 -0.103458 0.494277
v -0.083126 -0.133803 0.492992
v -0.088520 -0.139815 0.486420
v -0.083197 0.154727 0.493348
v -0.015320 0.154727 0.500033
v -0.008747 0.160853 0.494698
v -0.088602 0.160853 0.486833
v -0.088520 -0.103458 0.486420
v -0.083126 -0.109470 0.492992
v -0.205400 -0.109470 0.455901
v -0.205400 -0.133803 0.455901
v -0.197264 -0.139815 0.453433
v -0.197264 -0.103458 0.453433
v -0.265490 -0.133803 0.423782
v -0.267958 -0.139815 0.415646
v -0.265692 0.154727 0.424084
v -0.205539 0.154727 0.456236
v -0.197425 0.160853 0.453822
v -0.268192 0.160853 0.415996
v -0.267958 -0.103458 0.415646
v -0.265490 -0.109470 0.423782
v -0.364262 -0.109470 0.342722
v -0.364262 -0.133803 0.342722
v -0.355801 -0.139815 0.343556
v -0.355801 -0.103458 0.343556
v -0.407487 -0.133803 0.290053
v -0.406653 -0.139815 0.281592
v -0.407788 0.154727 0.290255
v -0.364519 0.154727 0.342979
v -0.356098 0.160853 0.343853
v -0.407003 0.160853 0.281826
v -0.406653 -0.103458 0.281592
v -0.407487 -0.109470 0.290053
v -0.467720 -0.109470 0.177365
v -0.467720 -0.133803 0.177365
v -0.460221 -0.139815 0.181373
v -0.460221 -0.103458 0.181373
v -0.487498 -0.133803 0.112164
v -0.483490 -0.139815 0.104665
v -0.487854 0.154727 0.112235
v -0.468055 0.154727 0.177504
v -0.460610 0.160853 0.181534
v -0.483903 0.160853 0.104748
v -0.483490 -0.103458 0.104665
v -0.487498 -0.109470 0.112164
v -0.500022 -0.109470 -0.014997
v -0.500022 -0.133803 -0.014997
v -0.494629 -0.139815 -0.008424
v -0.494629 -0.103458 -0.008424
v -0.493344 -0.133803 -0.082804
v -0.486772 -0.139815 -0.088198
v -0.493700 0.154727 -0.082875
v -0.500385 0.154727 -0.014997
v -0.495049 0.160853 -0.008425
v -0.487184 0.160853 -0.088280
v -0.486772 -0.103458 -0.088198
v -0.493344 -0.109470 -0.082804
v -0.456253 -0.109470 -0.205078
v -0.456253 -0.133803 -0.205078
v -0.453784 -0.139815 -0.196941
v -0.453784 -0.103458 -0.196941
v -0.424134 -0.133803 -0.265167
v -0.415998 -0.139815 -0.267635
v -0.424436 0.154727 -0.265369
v -0.456588 0.154727 -0.205217
v -0.454173 0.160853 -0.197103
v -0.416348 0.160853 -0.267869
v -0.415998 -0.103458 -0.267635
v -0.424134 -0.109470 -0.265167
v -0.343074 -0.109470 -0.363939
v -0.343074 -0.133803 -0.363939
v -0.343907 -0.139815 -0.355478
v -0.343907 -0.103458 -0.355478
v -0.290405 -0.133803 -0.407164
v -0.281943 -0.139815 -0.406330
v -0.290606 0.154727 -0.407465
v -0.343330 0.154727 -0.364196
v -0.344205 0.160853 -0.355776
v -0.282177 0.160853 -0.406680
v -0.281943 -0.103458 -0.406330
v -0.290405 -0.109470 -0.407164
v -0.177717 -0.109470 -0.467397
v -0.177717 -0.133803 -0.467397
v -0.181725 -0.139815 -0.459898
v -0.181725 -0.103458 -0.459898
v -0.112515 -0.133803 -0.487175
v -0.105017 -0.139815 -0.483167
v -0.112586 0.154727 -0.487531
v -0.177855 0.154727 -0.467732
v -0.181886 0.160853 -0.460287
v -0.105099 0.160853 -0.483580
v -0.105017 -0.103458 -0.483167
v -0.112515 -0.109470 -0.487175
v 0.008073 -0.103458 -0.494306
v 0.014645 -0.109470 -0.499700
v 0.087862 0.125322 -0.486531
v 0.082479 0.131220 -0.493158
v 0.204779 0.131220 -0.456059
v 0.196622 0.125322 -0.453539
v 0.267330 0.125322 -0.415745
v 0.264893 0.131220 -0.423927
v 0.363686 0.131220 -0.342850
v 0.355185 0.125322 -0.343644
v 0.406048 0.125322 -0.281667
v 0.406928 0.131220 -0.290160
v 0.467174 0.131220 -0.177447
v 0.459624 0.125322 -0.181434
v 0.482898 0.125322 -0.104711
v 0.486961 0.131220 -0.112220
v 0.499488 0.131220 0.014968
v 0.494038 0.125322 0.008396
v 0.486179 0.125322 0.088185
v 0.492807 0.131220 0.082802
v 0.455707 0.131220 0.205102
v 0.453187 0.125322 0.196944
v 0.415393 0.125322 0.267653
v 0.423576 0.131220 0.265216
v 0.342498 0.131220 0.364009
v 0.343292 0.125322 0.355508
v 0.281316 0.125322 0.406371
v 0.289808 0.131220 0.407251
v 0.177096 0.131220 0.467497
v 0.181082 0.125322 0.459947
v 0.104359 0.125322 0.483221
v 0.111868 0.131220 0.487284
v -0.015320 0.131220 0.499810
v -0.008747 0.125322 0.494361
v -0.088537 0.125322 0.486502
v -0.083154 0.131220 0.493129
v -0.205454 0.131220 0.456030
v -0.197296 0.125322 0.453510
v -0.268005 0.125322 0.415716
v -0.265568 0.131220 0.423899
v -0.364361 0.131220 0.342821
v -0.355860 0.125322 0.343615
v -0.406723 0.125322 0.281638
v -0.407603 0.131220 0.290131
v -0.467849 0.131220 0.177418
v -0.460299 0.125322 0.181405
v -0.483572 0.125322 0.104682
v -0.487635 0.131220 0.112191
v -0.500162 0.131220 -0.014997
v -0.494712 0.125322 -0.008425
v -0.486854 0.125322 -0.088214
v -0.493481 0.131220 -0.082831
v -0.456382 0.131220 -0.205131
v -0.453862 0.125322 -0.196974
v -0.416067 0.125322 -0.267682
v -0.424250 0.131220 -0.265245
v -0.343173 0.131220 -0.364038
v -0.343966 0.125322 -0.355537
v -0.281990 0.125322 -0.406400
v -0.290482 0.131220 -0.407280
v -0.177770 0.131220 -0.467526
v -0.181757 0.125322 -0.459976
v -0.105033 0.125322 -0.483249
v -0.112543 0.131220 -0.487312
v 0.009038 0.018601 -0.424385
v 0.041852 0.113286 -0.491190
v 0.054108 0.113286 -0.489983
v 0.073259 0.018601 -0.418060
v 0.226605 0.113286 -0.437657
v 0.170724 0.018601 -0.388494
v 0.237466 0.113286 -0.431851
v 0.227636 0.018601 -0.358074
v 0.376809 0.113286 -0.317496
v 0.306367 0.018601 -0.293461
v 0.384622 0.113286 -0.307976
v 0.347306 0.018601 -0.243577
v 0.469595 0.113286 -0.149002
v 0.395318 0.018601 -0.153753
v 0.473170 0.113286 -0.137217
v 0.414050 0.018601 -0.092000
v 0.490839 0.113286 0.042175
v 0.424034 0.018601 0.009360
v 0.489632 0.113286 0.054431
v 0.417708 0.018601 0.073581
v 0.437305 0.113286 0.226928
v 0.388143 0.018601 0.171046
v 0.431500 0.113286 0.237789
v 0.357723 0.018601 0.227958
v 0.317144 0.113286 0.377132
v 0.293109 0.018601 0.306690
v 0.307625 0.113286 0.384944
v 0.243225 0.018601 0.347629
v 0.148650 0.113286 0.469918
v 0.153401 0.018601 0.395641
v 0.136865 0.113286 0.473493
v 0.091648 0.018601 0.414373
v -0.042526 0.113286 0.491161
v -0.009712 0.018601 0.424356
v -0.054782 0.113286 0.489954
v -0.073933 0.018601 0.418031
v -0.227280 0.113286 0.437628
v -0.171398 0.018601 0.388465
v -0.238141 0.113286 0.431822
v -0.228310 0.018601 0.358045
v -0.377483 0.113286 0.317467
v -0.307042 0.018601 0.293432
v -0.385296 0.113286 0.307947
v -0.347980 0.018601 0.243548
v -0.470270 0.113286 0.148973
v -0.395992 0.018601 0.153724
v -0.473845 0.113286 0.137188
v -0.414725 0.018601 0.091971
v -0.491513 0.113286 -0.042204
v -0.424708 0.018601 -0.009389
v -0.490306 0.113286 -0.054460
v -0.418383 0.018601 -0.073610
v -0.437979 0.113286 -0.226957
v -0.388817 0.018601 -0.171075
v -0.432174 0.113286 -0.237818
v -0.358397 0.018601 -0.227987
v -0.317819 0.113286 -0.377161
v -0.293784 0.018601 -0.306719
v -0.308299 0.113286 -0.384973
v -0.243900 0.018601 -0.347657
v -0.149324 0.113286 -0.469947
v -0.154076 0.018601 -0.395670
v -0.137539 0.113286 -0.473522
v -0.092323 0.018601 -0.414402
v -0.016717 0.048504 -0.432188
v -0.016717 0.107702 -0.480814
v 0.109527 0.107702 -0.468380
v 0.100040 0.048504 -0.420689
v 0.168524 0.107702 -0.450483
v 0.149916 0.048504 -0.405559
v 0.280400 0.107702 -0.390685
v 0.253385 0.048504 -0.350254
v 0.328057 0.107702 -0.351573
v 0.293674 0.048504 -0.317190
v 0.408533 0.107702 -0.253513
v 0.368102 0.048504 -0.226498
v 0.437595 0.107702 -0.199141
v 0.392671 0.048504 -0.180533
v 0.474419 0.107702 -0.077749
v 0.426728 0.048504 -0.068263
v 0.480462 0.107702 -0.016394
v 0.431837 0.048504 -0.016394
v 0.468028 0.107702 0.109850
v 0.420337 0.048504 0.100363
v 0.450132 0.107702 0.168847
v 0.405208 0.048504 0.150239
v 0.390333 0.107702 0.280722
v 0.349902 0.048504 0.253707
v 0.351221 0.107702 0.328380
v 0.316838 0.048504 0.293997
v 0.253162 0.107702 0.408856
v 0.226147 0.048504 0.368425
v 0.198789 0.107702 0.437918
v 0.180181 0.048504 0.392994
v 0.077397 0.107702 0.474742
v 0.067911 0.048504 0.427051
v 0.016042 0.107702 0.480785
v 0.016042 0.048504 0.432159
v -0.110201 0.107702 0.468351
v -0.100715 0.048504 0.420660
v -0.169199 0.107702 0.450454
v -0.150590 0.048504 0.405530
v -0.281074 0.107702 0.390656
v -0.254059 0.048504 0.350225
v -0.328732 0.107702 0.351544
v -0.294348 0.048504 0.317161
v -0.409207 0.107702 0.253484
v -0.368777 0.048504 0.226469
v -0.438270 0.107702 0.199112
v -0.393346 0.048504 0.180504
v -0.475094 0.107702 0.077720
v -0.427402 0.048504 0.068234
v -0.481137 0.107702 0.016365
v -0.432511 0.048504 0.016365
v -0.468703 0.107702 -0.109879
v -0.421012 0.048504 -0.100392
v -0.450806 0.107702 -0.168876
v -0.405882 0.048504 -0.150268
v -0.391007 0.107702 -0.280751
v -0.350577 0.048504 -0.253736
v -0.351896 0.107702 -0.328409
v -0.317512 0.048504 -0.294026
v -0.253836 0.107702 -0.408885
v -0.226821 0.048504 -0.368454
v -0.199464 0.107702 -0.437947
v -0.180856 0.048504 -0.393023
v -0.078072 0.107702 -0.474771
v -0.068585 0.048504 -0.427080
v -0.000337 -0.035520 -0.425309
v 0.037400 0.031271 -0.424261
v 0.045417 0.031271 -0.423471
v 0.082634 -0.035520 -0.417137
v 0.196880 0.031271 -0.377525
v 0.162416 -0.035520 -0.392935
v 0.203984 0.031270 -0.373728
v 0.235944 -0.035520 -0.353634
v 0.326334 0.031270 -0.273318
v 0.300391 -0.035520 -0.300743
v 0.331445 0.031270 -0.267090
v 0.353282 -0.035520 -0.236295
v 0.406057 0.031270 -0.127502
v 0.392583 -0.035520 -0.162768
v 0.408395 0.031270 -0.119793
v 0.416785 -0.035520 -0.082985
v 0.423909 0.031271 0.037723
v 0.424957 -0.035520 -0.000014
v 0.423119 0.031270 0.045740
v 0.416785 -0.035520 0.082956
v 0.377174 0.031270 0.197202
v 0.392583 -0.035520 0.162739
v 0.373376 0.031270 0.204307
v 0.353282 -0.035520 0.236266
v 0.272966 0.031270 0.326657
v 0.300391 -0.035520 0.300714
v 0.266739 0.031270 0.331768
v 0.235944 -0.035520 0.353605
v 0.127150 0.031270 0.406379
v 0.162416 -0.035520 0.392906
v 0.119441 0.031270 0.408718
v 0.082634 -0.035520 0.417108
v -0.038075 0.031270 0.424232
v -0.000337 -0.035520 0.425280
v -0.046091 0.031270 0.423442
v -0.083308 -0.035520 0.417108
v -0.197554 0.031270 0.377496
v -0.163090 -0.035520 0.392906
v -0.204658 0.031270 0.373699
v -0.236618 -0.035520 0.353605
v -0.327009 0.031270 0.273289
v -0.301066 -0.035520 0.300714
v -0.332119 0.031270 0.267061
v -0.353956 -0.035520 0.236266
v -0.406731 0.031270 0.127473
v -0.393258 -0.035520 0.162739
v -0.409069 0.031270 0.119764
v -0.417459 -0.035520 0.082956
v -0.424583 0.031271 -0.037752
v -0.425631 -0.035520 -0.000014
v -0.423794 0.031270 -0.045769
v -0.417459 -0.035520 -0.082985
v -0.377848 0.031270 -0.197231
v -0.393258 -0.035520 -0.162768
v -0.374051 0.031270 -0.204336
v -0.353956 -0.035520 -0.236295
v -0.273640 0.031270 -0.326686
v -0.301066 -0.035520 -0.300743
v -0.267413 0.031270 -0.331797
v -0.236618 -0.035520 -0.353634
v -0.127825 0.031270 -0.406408
v -0.163090 -0.035520 -0.392935
v -0.120116 0.031271 -0.408747
v -0.083308 -0.035520 -0.417137
v 0.008487 -0.026100 -0.418790
v 0.008487 0.018601 -0.418790
v 0.072707 0.018601 -0.412465
v 0.072707 -0.026100 -0.412465
v 0.168073 0.018601 -0.383536
v 0.168073 -0.026100 -0.383536
v 0.224985 0.018601 -0.353116
v 0.224985 -0.026100 -0.353116
v 0.302021 0.018601 -0.289894
v 0.302021 -0.026100 -0.289894
v 0.342960 0.018601 -0.240010
v 0.342960 -0.026100 -0.240010
v 0.389937 0.018601 -0.152121
v 0.389937 -0.026100 -0.152121
v 0.408670 0.018601 -0.090368
v 0.408670 -0.026100 -0.090368
v 0.418438 0.018601 0.008809
v 0.418438 -0.026100 0.008809
v 0.412113 0.018601 0.073030
v 0.412113 -0.026100 0.073030
v 0.383184 0.018601 0.168396
v 0.383184 -0.026100 0.168396
v 0.352764 0.018601 0.225308
v 0.352764 -0.026100 0.225308
v 0.289542 0.018601 0.302344
v 0.289542 -0.026100 0.302344
v 0.239659 0.018601 0.343282
v 0.239659 -0.026100 0.343282
v 0.151769 0.018601 0.390260
v 0.151769 -0.026100 0.390260
v 0.090016 0.018601 0.408993
v 0.090016 -0.026100 0.408993
v -0.009161 0.018601 0.418761
v -0.009161 -0.026100 0.418761
v -0.073382 0.018601 0.412436
v -0.073382 -0.026100 0.412436
v -0.168748 0.018601 0.383507
v -0.168748 -0.026100 0.383507
v -0.225660 0.018601 0.353087
v -0.225660 -0.026100 0.353087
v -0.302696 0.018601 0.289865
v -0.302696 -0.026100 0.289865
v -0.343634 0.018601 0.239981
v -0.343634 -0.026100 0.239981
v -0.390612 0.018601 0.152092
v -0.390612 -0.026100 0.152092
v -0.409345 0.018601 0.090339
v -0.409345 -0.026100 0.090339
v -0.419113 0.018601 -0.008838
v -0.419113 -0.026100 -0.008838
v -0.412787 0.018601 -0.073059
v -0.412787 -0.026100 -0.073059
v -0.383859 0.018601 -0.168425
v -0.383859 -0.026100 -0.168425
v -0.353439 0.018601 -0.225337
v -0.353439 -0.026100 -0.225337
v -0.290217 0.018601 -0.302373
v -0.290217 -0.026100 -0.302373
v -0.240333 0.018601 -0.343311
v -0.240333 -0.026100 -0.343311
v -0.152443 0.018601 -0.390289
v -0.152443 -0.026100 -0.390289
v -0.090691 0.018601 -0.409022
v -0.090691 -0.026100 -0.409022
v -0.000337 0.028021 -0.425309
v -0.000337 0.116535 -0.498015
v 0.096818 0.116535 -0.488446
v 0.082634 0.028021 -0.417137
v 0.190239 0.116535 -0.460106
v 0.162416 0.028021 -0.392935
v 0.276337 0.116535 -0.414086
v 0.235944 0.028021 -0.353634
v 0.351802 0.116535 -0.352154
v 0.300391 0.028021 -0.300743
v 0.413735 0.116535 -0.276688
v 0.353282 0.028021 -0.236295
v 0.459755 0.116535 -0.190591
v 0.392583 0.028021 -0.162768
v 0.488094 0.116535 -0.097169
v 0.416785 0.028021 -0.082985
v 0.497663 0.116535 -0.000014
v 0.424957 0.028021 -0.000014
v 0.488094 0.116535 0.097141
v 0.416785 0.028021 0.082956
v 0.459755 0.116535 0.190562
v 0.392583 0.028021 0.162739
v 0.413735 0.116535 0.276660
v 0.353282 0.028021 0.236266
v 0.351802 0.116535 0.352125
v 0.300391 0.028021 0.300714
v 0.276337 0.116535 0.414057
v 0.235944 0.028021 0.353605
v 0.190239 0.116535 0.460078
v 0.162416 0.028021 0.392906
v 0.096818 0.116535 0.488417
v 0.082634 0.028021 0.417108
v -0.000337 0.116535 0.497986
v -0.000337 0.028021 0.425280
v -0.097492 0.116535 0.488417
v -0.083308 0.028021 0.417108
v -0.190914 0.116535 0.460078
v -0.163090 0.028021 0.392906
v -0.277011 0.116535 0.414057
v -0.236618 0.028021 0.353605
v -0.352476 0.116535 0.352125
v -0.301066 0.028021 0.300714
v -0.414409 0.116535 0.276660
v -0.353956 0.028021 0.236266
v -0.460429 0.116535 0.190562
v -0.393258 0.028021 0.162739
v -0.488768 0.116535 0.097141
v -0.417459 0.028021 0.082956
v -0.498337 0.116535 -0.000014
v -0.425631 0.028021 -0.000014
v -0.488768 0.116535 -0.097169
v -0.417459 0.028021 -0.082985
v -0.460429 0.116535 -0.190591
v -0.393258 0.028021 -0.162768
v -0.414409 0.116535 -0.276688
v -0.353956 0.028021 -0.236295
v -0.352476 0.116535 -0.352154
v -0.301066 0.028021 -0.300743
v -0.277011 0.116535 -0.414086
v -0.236618 0.028021 -0.353634
v -0.190914 0.116535 -0.460106
v -0.163090 0.028021 -0.392935
v -0.097492 0.116535 -0.488446
v -0.083308 0.028021 -0.417137
v 0.041822 0.015994 -0.445729
v 0.044975 0.080391 -0.498314
v 0.052434 0.080391 -0.497580
v 0.045269 0.015994 -0.445390
v 0.232217 0.080391 -0.443043
v 0.209180 0.015994 -0.395667
v 0.238827 0.080391 -0.439510
v 0.212235 0.015994 -0.394035
v 0.384055 0.080391 -0.320325
v 0.344641 0.015994 -0.285371
v 0.388810 0.080391 -0.314531
v 0.346839 0.015994 -0.282694
v 0.477372 0.080391 -0.148842
v 0.427583 0.015994 -0.131632
v 0.479548 0.080391 -0.141670
v 0.428588 0.015994 -0.128318
v 0.497963 0.080391 0.045298
v 0.445377 0.015994 0.042144
v 0.497228 0.080391 0.052757
v 0.445038 0.015994 0.045591
v 0.442691 0.080391 0.232540
v 0.395316 0.015994 0.209503
v 0.439158 0.080391 0.239150
v 0.393683 0.015994 0.212557
v 0.319973 0.080391 0.384378
v 0.285020 0.015994 0.344964
v 0.314179 0.080391 0.389132
v 0.282342 0.015994 0.347161
v 0.148491 0.080391 0.477695
v 0.131281 0.015994 0.427905
v 0.141318 0.080391 0.479871
v 0.127966 0.015994 0.428911
v -0.045650 0.080391 0.498285
v -0.042496 0.015994 0.445700
v -0.053109 0.080391 0.497551
v -0.045943 0.015994 0.445361
v -0.232892 0.080391 0.443014
v -0.209855 0.015994 0.395638
v -0.239502 0.080391 0.439481
v -0.212909 0.015994 0.394006
v -0.384729 0.080391 0.320296
v -0.345316 0.015994 0.285342
v -0.389484 0.080391 0.314502
v -0.347513 0.015994 0.282665
v -0.478047 0.080391 0.148813
v -0.428257 0.015994 0.131603
v -0.480222 0.080391 0.141641
v -0.429263 0.015994 0.128289
v -0.498637 0.080391 -0.045327
v -0.446052 0.015994 -0.042173
v -0.497902 0.080391 -0.052786
v -0.445712 0.015994 -0.045620
v -0.443366 0.080391 -0.232569
v -0.395990 0.015994 -0.209532
v -0.439833 0.080391 -0.239179
v -0.394358 0.015994 -0.212586
v -0.320648 0.080391 -0.384407
v -0.285694 0.015994 -0.344993
v -0.314854 0.080391 -0.389161
v -0.283017 0.015994 -0.347190
v -0.149165 0.080391 -0.477724
v -0.131955 0.015994 -0.427934
v -0.141993 0.080391 -0.479900
v -0.128641 0.015994 -0.428940
v 0.039391 0.014173 -0.444472
v 0.042723 0.082212 -0.500032
v 0.054979 0.082212 -0.498825
v 0.047408 0.014173 -0.443683
v 0.230794 0.082212 -0.445492
v 0.206453 0.014173 -0.395437
v 0.241655 0.082212 -0.439687
v 0.213558 0.014173 -0.391639
v 0.383677 0.082212 -0.323132
v 0.342034 0.014173 -0.286202
v 0.391489 0.082212 -0.313613
v 0.347144 0.014173 -0.279975
v 0.478097 0.082212 -0.151581
v 0.425492 0.014173 -0.133397
v 0.481672 0.082212 -0.139796
v 0.427830 0.014173 -0.125689
v 0.499681 0.082212 0.043046
v 0.444121 0.014173 0.039714
v 0.498473 0.082212 0.055301
v 0.443331 0.014173 0.047730
v 0.445141 0.082212 0.231116
v 0.395085 0.014173 0.206776
v 0.439335 0.082212 0.241977
v 0.391288 0.014173 0.213880
v 0.322781 0.082212 0.384000
v 0.285850 0.014173 0.342357
v 0.313261 0.082212 0.391812
v 0.279623 0.014173 0.347467
v 0.151229 0.082212 0.478420
v 0.133046 0.014173 0.425814
v 0.139444 0.082212 0.481995
v 0.125337 0.014173 0.428153
v -0.043397 0.082212 0.500003
v -0.040065 0.014173 0.444443
v -0.055653 0.082212 0.498796
v -0.048082 0.014173 0.443654
v -0.231468 0.082212 0.445463
v -0.207128 0.014173 0.395408
v -0.242329 0.082212 0.439658
v -0.214232 0.014173 0.391610
v -0.384351 0.082212 0.323103
v -0.342708 0.014173 0.286173
v -0.392164 0.082212 0.313584
v -0.347819 0.014173 0.279946
v -0.478772 0.082212 0.151552
v -0.426166 0.014173 0.133368
v -0.482347 0.082212 0.139767
v -0.428504 0.014173 0.125660
v -0.500355 0.082212 -0.043075
v -0.444795 0.014173 -0.039743
v -0.499148 0.082212 -0.055330
v -0.444006 0.014173 -0.047759
v -0.445815 0.082212 -0.231145
v -0.395760 0.014173 -0.206805
v -0.440010 0.082212 -0.242006
v -0.391962 0.014173 -0.213909
v -0.323455 0.082212 -0.384028
v -0.286524 0.014173 -0.342386
v -0.313935 0.082212 -0.391841
v -0.280297 0.014173 -0.347496
v -0.151903 0.082212 -0.478449
v -0.133720 0.014173 -0.425843
v -0.140119 0.082212 -0.482024
v -0.126011 0.014173 -0.428182
v 0.041554 0.020497 -0.443013
v 0.044708 0.084894 -0.495599
v 0.052167 0.084894 -0.494864
v 0.045001 0.020497 -0.442674
v 0.230931 0.084894 -0.440637
v 0.207894 0.020497 -0.393261
v 0.237541 0.084894 -0.437103
v 0.210948 0.020497 -0.391628
v 0.381945 0.084894 -0.318594
v 0.342532 0.020497 -0.283640
v 0.386700 0.084894 -0.312800
v 0.344729 0.020497 -0.280963
v 0.474761 0.084894 -0.148050
v 0.424971 0.020497 -0.130840
v 0.476937 0.084894 -0.140878
v 0.425977 0.020497 -0.127526
v 0.495247 0.084894 0.045031
v 0.442662 0.020497 0.041877
v 0.494512 0.084894 0.052490
v 0.442322 0.020497 0.045324
v 0.440285 0.084894 0.231254
v 0.392909 0.020497 0.208216
v 0.436752 0.084894 0.237864
v 0.391276 0.020497 0.211271
v 0.318242 0.084894 0.382268
v 0.283288 0.020497 0.342855
v 0.312448 0.084894 0.387023
v 0.280611 0.020497 0.345052
v 0.147698 0.084894 0.475084
v 0.130488 0.020497 0.425294
v 0.140526 0.084894 0.477259
v 0.127174 0.020497 0.426300
v -0.045382 0.084894 0.495570
v -0.042229 0.020497 0.442984
v -0.052841 0.084894 0.494835
v -0.045676 0.020497 0.442645
v -0.231605 0.084894 0.440608
v -0.208568 0.020497 0.393232
v -0.238215 0.084894 0.437074
v -0.211623 0.020497 0.391599
v -0.382620 0.084894 0.318565
v -0.343206 0.020497 0.283611
v -0.387375 0.084894 0.312771
v -0.345404 0.020497 0.280934
v -0.475435 0.084894 0.148021
v -0.425646 0.020497 0.130811
v -0.477611 0.084894 0.140849
v -0.426651 0.020497 0.127497
v -0.495921 0.084894 -0.045060
v -0.443336 0.020497 -0.041906
v -0.495187 0.084894 -0.052519
v -0.442997 0.020497 -0.045353
v -0.440959 0.084894 -0.231283
v -0.393584 0.020497 -0.208245
v -0.437426 0.084894 -0.237893
v -0.391951 0.020497 -0.211300
v -0.318916 0.084894 -0.382297
v -0.283963 0.020497 -0.342884
v -0.313123 0.084894 -0.387052
v -0.281286 0.020497 -0.345081
v -0.148373 0.084894 -0.475113
v -0.131163 0.020497 -0.425323
v -0.141200 0.084894 -0.477288
v -0.127848 0.020497 -0.426329
v -0.039813 -0.150059 -0.482046
v 0.132419 -0.150059 -0.465083
v 0.147658 -0.150059 -0.460460
v 0.300288 -0.150059 -0.378878
v 0.312597 -0.150059 -0.368776
v 0.422389 -0.150059 -0.234994
v 0.429895 -0.150059 -0.220951
v 0.480134 -0.150059 -0.055337
v 0.481695 -0.150059 -0.039490
v 0.464731 -0.150059 0.132742
v 0.460109 -0.150059 0.147981
v 0.378526 -0.150059 0.300611
v 0.368424 -0.150059 0.312920
v 0.234643 -0.150059 0.422712
v 0.220599 -0.150059 0.430218
v 0.054986 -0.150059 0.480456
v 0.039138 -0.150059 0.482017
v -0.133094 -0.150059 0.465054
v -0.148332 -0.150059 0.460431
v -0.300962 -0.150059 0.378849
v -0.313272 -0.150059 0.368747
v -0.423063 -0.150059 0.234965
v -0.430570 -0.150059 0.220922
v -0.480808 -0.150059 0.055308
v -0.482369 -0.150059 0.039461
v -0.465406 -0.150059 -0.132771
v -0.460783 -0.150059 -0.148010
v -0.379201 -0.150059 -0.300640
v -0.369098 -0.150059 -0.312949
v -0.235317 -0.150059 -0.422741
v -0.221273 -0.150059 -0.430247
v -0.055660 -0.150059 -0.480485
v -0.000337 -0.203843 -0.204978
v 0.039068 -0.200862 -0.198116
v 0.078099 -0.203843 -0.189376
v 0.111878 -0.200862 -0.167956
v 0.144594 -0.203843 -0.144945
v 0.167605 -0.200862 -0.112230
v 0.189024 -0.203843 -0.078451
v 0.197764 -0.200862 -0.039419
v 0.204626 -0.203843 -0.000015
v 0.197764 -0.200862 0.039390
v 0.189024 -0.203843 0.078421
v 0.167605 -0.200862 0.112201
v 0.144594 -0.203843 0.144916
v 0.111878 -0.200862 0.167927
v 0.078099 -0.203843 0.189347
v 0.039068 -0.200862 0.198086
v -0.000337 -0.203843 0.204949
v -0.039742 -0.200862 0.198086
v -0.078773 -0.203843 0.189347
v -0.112552 -0.200862 0.167927
v -0.145268 -0.203843 0.144916
v -0.168279 -0.200862 0.112201
v -0.189699 -0.203843 0.078421
v -0.198438 -0.200862 0.039390
v -0.205300 -0.203843 -0.000015
v -0.198438 -0.200862 -0.039419
v -0.189699 -0.203843 -0.078451
v -0.168279 -0.200862 -0.112230
v -0.145268 -0.203843 -0.144945
v -0.112552 -0.200862 -0.167956
v -0.078773 -0.203843 -0.189376
v -0.039742 -0.200862 -0.198116
v -0.000337 -0.171250 -0.325948
v 0.063249 -0.171250 -0.319685
v 0.124392 -0.171250 -0.301138
v 0.180742 -0.171250 -0.271018
v 0.230133 -0.171250 -0.230484
v 0.270667 -0.171250 -0.181093
v 0.300786 -0.171250 -0.124744
v 0.319333 -0.171250 -0.063601
v 0.325596 -0.171250 -0.000014
v 0.319333 -0.171250 0.063572
v 0.300786 -0.171250 0.124715
v 0.270667 -0.171250 0.181064
v 0.230133 -0.171250 0.230455
v 0.180742 -0.171250 0.270989
v 0.124392 -0.171250 0.301109
v 0.063249 -0.171250 0.319656
v -0.000337 -0.171250 0.325919
v -0.063924 -0.171250 0.319656
v -0.125067 -0.171250 0.301109
v -0.181416 -0.171250 0.270989
v -0.230807 -0.171250 0.230455
v -0.271341 -0.171250 0.181064
v -0.301461 -0.171250 0.124715
v -0.320008 -0.171250 0.063572
v -0.326271 -0.171250 -0.000014
v -0.320008 -0.171250 -0.063601
v -0.301461 -0.171250 -0.124744
v -0.271341 -0.171250 -0.181093
v -0.230807 -0.171250 -0.230484
v -0.181416 -0.171250 -0.271018
v -0.125067 -0.171250 -0.301138
v -0.063924 -0.171250 -0.319685
v -0.000337 -0.181936 -0.268196
v 0.051982 -0.181936 -0.263043
v 0.102291 -0.181936 -0.247782
v 0.148656 -0.181936 -0.222999
v 0.189296 -0.181936 -0.189647
v 0.222647 -0.181936 -0.149008
v 0.247430 -0.181936 -0.102643
v 0.262691 -0.181936 -0.052334
v 0.267844 -0.181936 -0.000015
v 0.262691 -0.181936 0.052305
v 0.247430 -0.181936 0.102614
v 0.222647 -0.181936 0.148979
v 0.189296 -0.181936 0.189618
v 0.148656 -0.181936 0.222970
v 0.102291 -0.181936 0.247753
v 0.051982 -0.181936 0.263014
v -0.000337 -0.181936 0.268167
v -0.052657 -0.181936 0.263014
v -0.102966 -0.181936 0.247753
v -0.149331 -0.181936 0.222970
v -0.189970 -0.181936 0.189618
v -0.223322 -0.181936 0.148979
v -0.248104 -0.181936 0.102614
v -0.263365 -0.181936 0.052305
v -0.268518 -0.181936 -0.000015
v -0.263365 -0.181936 -0.052334
v -0.248104 -0.181936 -0.102643
v -0.223322 -0.181936 -0.149008
v -0.189970 -0.181936 -0.189647
v -0.149331 -0.181936 -0.222999
v -0.102966 -0.181936 -0.247782
v -0.052657 -0.181936 -0.263043
v 0.319333 -0.152794 -0.063601
v 0.266690 -0.162685 -0.053130
v 0.251197 -0.162685 -0.104203
v 0.300786 -0.152794 -0.124744
v -0.000337 -0.152794 0.325919
v -0.000337 -0.162685 0.272244
v 0.052778 -0.162685 0.267013
v 0.063249 -0.152794 0.319656
v -0.320008 -0.152794 -0.063601
v -0.267365 -0.162685 -0.053130
v -0.272596 -0.162685 -0.000014
v -0.326271 -0.152794 -0.000014
v 0.180742 -0.152794 -0.271018
v 0.150922 -0.162685 -0.226389
v 0.103852 -0.162685 -0.251549
v 0.124392 -0.152794 -0.301138
v 0.230133 -0.152794 0.230455
v 0.192179 -0.162685 0.192501
v 0.226038 -0.162685 0.151244
v 0.270667 -0.152794 0.181064
v -0.271341 -0.152794 0.181064
v -0.226712 -0.162685 0.151244
v -0.192853 -0.162685 0.192501
v -0.230807 -0.152794 0.230455
v -0.125067 -0.152794 -0.301138
v -0.104526 -0.162685 -0.251549
v -0.151596 -0.162685 -0.226389
v -0.181416 -0.152794 -0.271018
v 0.325596 -0.152794 -0.000014
v 0.271921 -0.162685 -0.000014
v -0.063924 -0.152794 0.319656
v -0.053452 -0.162685 0.267013
v -0.301461 -0.152794 -0.124744
v -0.251871 -0.162685 -0.104203
v 0.230133 -0.152794 -0.230484
v 0.192179 -0.162685 -0.192530
v 0.180742 -0.152794 0.270989
v 0.150922 -0.162685 0.226360
v -0.301461 -0.152794 0.124715
v -0.251871 -0.162685 0.104174
v -0.063924 -0.152794 -0.319685
v -0.053452 -0.162685 -0.267042
v 0.319333 -0.152794 0.063572
v 0.266690 -0.162685 0.053101
v -0.125067 -0.152794 0.301109
v -0.104526 -0.162685 0.251520
v -0.271341 -0.152794 -0.181093
v -0.226712 -0.162685 -0.151273
v 0.270667 -0.152794 -0.181093
v 0.226038 -0.162685 -0.151273
v 0.124392 -0.152794 0.301109
v 0.103852 -0.162685 0.251520
v -0.320008 -0.152794 0.063572
v -0.267365 -0.162685 0.053101
v 0.063249 -0.152794 -0.319685
v 0.052778 -0.162685 -0.267042
v -0.000337 -0.162685 -0.272273
v -0.000337 -0.152794 -0.325948
v 0.300786 -0.152794 0.124715
v 0.251197 -0.162685 0.104174
v -0.181416 -0.152794 0.270989
v -0.151596 -0.162685 0.226360
v -0.230807 -0.152794 -0.230484
v -0.192853 -0.162685 -0.192530
v 0.096818 -0.148548 -0.488446
v 0.190239 -0.148548 -0.460106
v 0.276337 -0.148548 -0.414086
v 0.351802 -0.148548 -0.352154
v 0.413735 -0.148548 -0.276688
v 0.459755 -0.148548 -0.190591
v 0.488094 -0.148548 -0.097169
v 0.497663 -0.148548 -0.000014
v 0.488094 -0.148548 0.097140
v 0.459755 -0.148548 0.190562
v 0.413735 -0.148548 0.276660
v 0.351802 -0.148548 0.352125
v 0.276337 -0.148548 0.414057
v 0.190239 -0.148548 0.460078
v 0.096818 -0.148548 0.488417
v -0.000337 -0.148548 0.497986
v -0.097492 -0.148548 0.488417
v -0.190914 -0.148548 0.460078
v -0.277011 -0.148548 0.414057
v -0.352476 -0.148548 0.352125
v -0.414409 -0.148548 0.276660
v -0.460429 -0.148548 0.190562
v -0.488768 -0.148548 0.097140
v -0.498337 -0.148548 -0.000014
v -0.488768 -0.148548 -0.097169
v -0.460429 -0.148548 -0.190591
v -0.414409 -0.148548 -0.276688
v -0.352476 -0.148548 -0.352154
v -0.277011 -0.148548 -0.414086
v -0.190914 -0.148548 -0.460106
v -0.097492 -0.148548 -0.488446
v -0.000337 -0.148548 -0.498015
v 0.066940 -0.167706 -0.338239
v 0.131631 -0.167706 -0.318615
v 0.191251 -0.167706 -0.286747
v 0.243509 -0.167706 -0.243861
v 0.286395 -0.167706 -0.191603
v 0.318263 -0.167706 -0.131983
v 0.337887 -0.167706 -0.067291
v 0.344513 -0.167706 -0.000014
v 0.337887 -0.167706 0.067262
v 0.318263 -0.167706 0.131954
v 0.286395 -0.167706 0.191574
v 0.243509 -0.167706 0.243832
v 0.191251 -0.167706 0.286718
v 0.131631 -0.167706 0.318586
v 0.066940 -0.167706 0.338210
v -0.000337 -0.167706 0.344836
v -0.067614 -0.167706 0.338210
v -0.132306 -0.167706 0.318586
v -0.191926 -0.167706 0.286718
v -0.244183 -0.167706 0.243832
v -0.287070 -0.167706 0.191574
v -0.318938 -0.167706 0.131954
v -0.338561 -0.167706 0.067262
v -0.345188 -0.167706 -0.000014
v -0.338561 -0.167706 -0.067291
v -0.318938 -0.167706 -0.131983
v -0.287070 -0.167706 -0.191603
v -0.244183 -0.167706 -0.243861
v -0.191926 -0.167706 -0.286747
v -0.132306 -0.167706 -0.318615
v -0.067614 -0.167706 -0.338239
v -0.000337 -0.167706 -0.344865
v 0.136205 -0.164081 -0.460806
v 0.142134 -0.164081 -0.459007
v 0.302149 -0.164081 -0.373478
v 0.306938 -0.164081 -0.369547
v 0.422042 -0.164081 -0.229293
v 0.424962 -0.164081 -0.223829
v 0.477631 -0.164081 -0.050203
v 0.478238 -0.164081 -0.044037
v 0.460454 -0.164081 0.136528
v 0.458656 -0.164081 0.142457
v 0.373126 -0.164081 0.302471
v 0.369196 -0.164081 0.307261
v 0.228942 -0.164081 0.422364
v 0.223477 -0.164081 0.425285
v 0.049851 -0.164081 0.477954
v 0.043685 -0.164081 0.478561
v -0.136880 -0.164081 0.460777
v -0.142808 -0.164081 0.458978
v -0.302823 -0.164081 0.373449
v -0.307613 -0.164081 0.369518
v -0.422716 -0.164081 0.229264
v -0.425637 -0.164081 0.223800
v -0.478306 -0.164081 0.050174
v -0.478913 -0.164081 0.044008
v -0.461129 -0.164081 -0.136557
v -0.459330 -0.164081 -0.142486
v -0.373801 -0.164081 -0.302500
v -0.369870 -0.164081 -0.307290
v -0.229616 -0.164081 -0.422393
v -0.224152 -0.164081 -0.425314
v -0.050526 -0.164081 -0.477983
v -0.044360 -0.164081 -0.478590
v 0.102465 -0.179253 -0.344916
v 0.105803 -0.179253 -0.343903
v 0.226628 -0.179253 -0.279321
v 0.229324 -0.179253 -0.277108
v 0.316237 -0.179253 -0.171205
v 0.317882 -0.179253 -0.168128
v 0.357651 -0.179253 -0.037026
v 0.357993 -0.179253 -0.033554
v 0.344564 -0.179253 0.102787
v 0.343552 -0.179253 0.106126
v 0.278970 -0.179253 0.226950
v 0.276757 -0.179253 0.229647
v 0.170853 -0.179253 0.316560
v 0.167776 -0.179253 0.318204
v 0.036674 -0.179253 0.357974
v 0.033202 -0.179253 0.358316
v -0.103139 -0.179253 0.344887
v -0.106478 -0.179253 0.343874
v -0.227302 -0.179253 0.279293
v -0.229999 -0.179253 0.277079
v -0.316912 -0.179253 0.171176
v -0.318556 -0.179253 0.168099
v -0.358325 -0.179253 0.036997
v -0.358667 -0.179253 0.033525
v -0.345239 -0.179253 -0.102816
v -0.344226 -0.179253 -0.106155
v -0.279644 -0.179253 -0.226979
v -0.277431 -0.179253 -0.229676
v -0.171528 -0.179253 -0.316589
v -0.168451 -0.179253 -0.318233
v -0.037349 -0.179253 -0.358003
v -0.033877 -0.179253 -0.358345
v -0.000498 -0.195540 -0.203349
v 0.039489 -0.195540 -0.199410
v 0.077327 -0.195540 -0.187932
v 0.112763 -0.195540 -0.168992
v 0.143328 -0.195540 -0.143907
v 0.168818 -0.195540 -0.112847
v 0.187458 -0.195540 -0.077975
v 0.199121 -0.195540 -0.039526
v 0.202997 -0.195540 -0.000175
v 0.199059 -0.195540 0.039811
v 0.187580 -0.195540 0.077650
v 0.168640 -0.195540 0.113085
v 0.143555 -0.195540 0.143651
v 0.112496 -0.195540 0.169141
v 0.077624 -0.195540 0.187780
v 0.039174 -0.195540 0.199444
v -0.000177 -0.195540 0.203320
v -0.040163 -0.195540 0.199381
v -0.078002 -0.195540 0.187903
v -0.113437 -0.195540 0.168963
v -0.144003 -0.195540 0.143878
v -0.169493 -0.195540 0.112818
v -0.188132 -0.195540 0.077946
v -0.199796 -0.195540 0.039497
v -0.203671 -0.195540 0.000146
v -0.199733 -0.195540 -0.039840
v -0.188255 -0.195540 -0.077679
v -0.169314 -0.195540 -0.113114
v -0.144230 -0.195540 -0.143680
v -0.113170 -0.195540 -0.169170
v -0.078298 -0.195540 -0.187809
v -0.039848 -0.195540 -0.199473
v -0.000498 -0.176382 -0.251727
v 0.048927 -0.176382 -0.246859
v 0.095841 -0.176382 -0.232628
v 0.139640 -0.176382 -0.209217
v 0.177537 -0.176382 -0.178116
v 0.209043 -0.176382 -0.139725
v 0.232154 -0.176382 -0.096489
v 0.246570 -0.176382 -0.048964
v 0.251375 -0.176382 -0.000175
v 0.246508 -0.176382 0.049250
v 0.232276 -0.176382 0.096164
v 0.208865 -0.176382 0.139963
v 0.177764 -0.176382 0.177860
v 0.139373 -0.176382 0.209366
v 0.096137 -0.176382 0.232476
v 0.048612 -0.176382 0.246893
v -0.000177 -0.176382 0.251698
v -0.049601 -0.176382 0.246830
v -0.096515 -0.176382 0.232599
v -0.140315 -0.176382 0.209188
v -0.178211 -0.176382 0.178087
v -0.209718 -0.176382 0.139696
v -0.232828 -0.176382 0.096460
v -0.247245 -0.176382 0.048935
v -0.252050 -0.176382 0.000146
v -0.247182 -0.176382 -0.049279
v -0.232951 -0.176382 -0.096193
v -0.209540 -0.176382 -0.139992
v -0.178438 -0.176382 -0.177889
v -0.140048 -0.176382 -0.209395
v -0.096812 -0.176382 -0.232505
v -0.049287 -0.176382 -0.246922
v 0.039068 -0.188467 -0.198116
v 0.078099 -0.185485 -0.189376
v 0.111878 -0.188467 -0.167956
v 0.144594 -0.185485 -0.144945
v 0.167605 -0.188467 -0.112230
v 0.189024 -0.185485 -0.078451
v 0.197764 -0.188467 -0.039419
v 0.204626 -0.185485 -0.000015
v 0.197764 -0.188467 0.039390
v 0.189024 -0.185485 0.078421
v 0.167605 -0.188467 0.112201
v 0.144594 -0.185485 0.144916
v 0.111878 -0.188467 0.167927
v 0.078099 -0.185485 0.189347
v 0.039068 -0.188467 0.198086
v -0.000337 -0.185485 0.204949
v -0.039742 -0.188467 0.198086
v -0.078773 -0.185485 0.189347
v -0.112552 -0.188467 0.167927
v -0.145268 -0.185485 0.144916
v -0.168279 -0.188467 0.112201
v -0.189699 -0.185485 0.078421
v -0.198438 -0.188467 0.039390
v -0.205300 -0.185485 -0.000015
v -0.198438 -0.188467 -0.039419
v -0.189699 -0.185485 -0.078451
v -0.168279 -0.188467 -0.112230
v -0.145268 -0.185485 -0.144945
v -0.112552 -0.188467 -0.167956
v -0.078773 -0.185485 -0.189376
v -0.039742 -0.188467 -0.198116
v -0.000337 -0.185485 -0.204978
v 0.036129 -0.188467 -0.183341
v 0.070052 -0.185485 -0.169950
v 0.103509 -0.188467 -0.155431
v 0.129726 -0.185485 -0.130078
v 0.155080 -0.188467 -0.103861
v 0.169599 -0.185485 -0.070404
v 0.182989 -0.188467 -0.036480
v 0.183600 -0.185485 -0.000015
v 0.182989 -0.188467 0.036451
v 0.169599 -0.185485 0.070375
v 0.155080 -0.188467 0.103832
v 0.129726 -0.185485 0.130049
v 0.103509 -0.188467 0.155402
v 0.070052 -0.185485 0.169921
v 0.036129 -0.188467 0.183312
v -0.000337 -0.185485 0.183923
v -0.036803 -0.188467 0.183312
v -0.070727 -0.185485 0.169921
v -0.104183 -0.188467 0.155402
v -0.130400 -0.185485 0.130049
v -0.155754 -0.188467 0.103832
v -0.170273 -0.185485 0.070375
v -0.183664 -0.188467 0.036451
v -0.184274 -0.185485 -0.000015
v -0.183664 -0.188467 -0.036480
v -0.170273 -0.185485 -0.070404
v -0.155754 -0.188467 -0.103861
v -0.130400 -0.185485 -0.130078
v -0.104183 -0.188467 -0.155431
v -0.070727 -0.185485 -0.169950
v -0.036803 -0.188467 -0.183341
v -0.000337 -0.185485 -0.183952
v -0.002261 -0.225390 -0.181582
v 0.036971 -0.225390 -0.177718
v 0.067368 -0.225390 -0.168497
v 0.102136 -0.225390 -0.149913
v 0.126690 -0.225390 -0.129762
v 0.151699 -0.225390 -0.099288
v 0.166673 -0.225390 -0.071275
v 0.178116 -0.225390 -0.033550
v 0.181230 -0.225390 -0.001938
v 0.177366 -0.225390 0.037294
v 0.168145 -0.225390 0.067691
v 0.149562 -0.225390 0.102458
v 0.129410 -0.225390 0.127013
v 0.098937 -0.225390 0.152022
v 0.070923 -0.225390 0.166995
v 0.033198 -0.225390 0.178439
v 0.001586 -0.225390 0.181553
v -0.037646 -0.225390 0.177689
v -0.068043 -0.225390 0.168468
v -0.102810 -0.225390 0.149884
v -0.127364 -0.225390 0.129733
v -0.152374 -0.225390 0.099259
v -0.167347 -0.225390 0.071246
v -0.178791 -0.225390 0.033521
v -0.181904 -0.225390 0.001909
v -0.178040 -0.225390 -0.037323
v -0.168820 -0.225390 -0.067720
v -0.150236 -0.225390 -0.102487
v -0.130085 -0.225390 -0.127042
v -0.099611 -0.225390 -0.152051
v -0.071597 -0.225390 -0.167024
v -0.033872 -0.225390 -0.178468
v -0.002261 -0.225390 -0.173302
v 0.035356 -0.225390 -0.169597
v 0.064200 -0.225390 -0.160848
v 0.097536 -0.225390 -0.143029
v 0.120835 -0.225390 -0.123908
v 0.144815 -0.225390 -0.094689
v 0.159024 -0.225390 -0.068106
v 0.169996 -0.225390 -0.031935
v 0.172951 -0.225390 -0.001938
v 0.169246 -0.225390 0.035679
v 0.160496 -0.225390 0.064523
v 0.142678 -0.225390 0.097859
v 0.123556 -0.225390 0.121158
v 0.094337 -0.225390 0.145138
v 0.067754 -0.225390 0.159346
v 0.031583 -0.225390 0.170319
v 0.001586 -0.225390 0.173273
v -0.036031 -0.225390 0.169568
v -0.064874 -0.225390 0.160819
v -0.098210 -0.225390 0.143000
v -0.121510 -0.225390 0.123879
v -0.145490 -0.225390 0.094660
v -0.159698 -0.225390 0.068077
v -0.170671 -0.225390 0.031906
v -0.173625 -0.225390 0.001909
v -0.169920 -0.225390 -0.035708
v -0.161170 -0.225390 -0.064552
v -0.143352 -0.225390 -0.097888
v -0.124230 -0.225390 -0.121187
v -0.095011 -0.225390 -0.145167
v -0.068429 -0.225390 -0.159375
v -0.032257 -0.225390 -0.170348
v -0.007614 -0.225390 -0.187488
v 0.043374 -0.225390 -0.182466
v 0.064683 -0.225390 -0.176002
v 0.109868 -0.225390 -0.151850
v 0.127081 -0.225390 -0.137724
v 0.159584 -0.225390 -0.098119
v 0.170081 -0.225390 -0.078481
v 0.184954 -0.225390 -0.029452
v 0.187137 -0.225390 -0.007292
v 0.182115 -0.225390 0.043697
v 0.175651 -0.225390 0.065005
v 0.151499 -0.225390 0.110191
v 0.137372 -0.225390 0.127404
v 0.097767 -0.225390 0.159907
v 0.078129 -0.225390 0.170404
v 0.029100 -0.225390 0.185277
v 0.006940 -0.225390 0.187459
v -0.044049 -0.225390 0.182437
v -0.065357 -0.225390 0.175973
v -0.110543 -0.225390 0.151821
v -0.127755 -0.225390 0.137695
v -0.160259 -0.225390 0.098090
v -0.170756 -0.225390 0.078452
v -0.185628 -0.225390 0.029423
v -0.187811 -0.225390 0.007263
v -0.182789 -0.225390 -0.043726
v -0.176325 -0.225390 -0.065034
v -0.152173 -0.225390 -0.110220
v -0.138047 -0.225390 -0.127433
v -0.098441 -0.225390 -0.159936
v -0.078804 -0.225390 -0.170433
v -0.029774 -0.225390 -0.185306
v -0.007614 -0.225390 -0.168450
v 0.039660 -0.225390 -0.163794
v 0.057397 -0.225390 -0.158414
v 0.099291 -0.225390 -0.136021
v 0.113619 -0.225390 -0.124262
v 0.143755 -0.225390 -0.087542
v 0.152492 -0.225390 -0.071195
v 0.166282 -0.225390 -0.025737
v 0.168098 -0.225390 -0.007292
v 0.163442 -0.225390 0.039983
v 0.158062 -0.225390 0.057720
v 0.135669 -0.225390 0.099614
v 0.123910 -0.225390 0.113942
v 0.087190 -0.225390 0.144078
v 0.070844 -0.225390 0.152815
v 0.025386 -0.225390 0.166604
v 0.006940 -0.225390 0.168421
v -0.040335 -0.225390 0.163765
v -0.058072 -0.225390 0.158385
v -0.099966 -0.225390 0.135992
v -0.114294 -0.225390 0.124233
v -0.144429 -0.225390 0.087513
v -0.153167 -0.225390 0.071166
v -0.166956 -0.225390 0.025708
v -0.168773 -0.225390 0.007263
v -0.164117 -0.225390 -0.040012
v -0.158736 -0.225390 -0.057749
v -0.136343 -0.225390 -0.099643
v -0.124585 -0.225390 -0.113971
v -0.087864 -0.225390 -0.144107
v -0.071518 -0.225390 -0.152844
v -0.026060 -0.225390 -0.166634
v -0.002261 -0.218479 -0.181582
v 0.036971 -0.218479 -0.177718
v 0.067368 -0.218479 -0.168497
v 0.102136 -0.218479 -0.149913
v 0.126690 -0.218479 -0.129762
v 0.151699 -0.218479 -0.099288
v 0.166673 -0.218479 -0.071275
v 0.178116 -0.218479 -0.033550
v 0.181230 -0.218479 -0.001938
v 0.177366 -0.218479 0.037294
v 0.168145 -0.218479 0.067691
v 0.149562 -0.218479 0.102458
v 0.129410 -0.218479 0.127013
v 0.098937 -0.218479 0.152022
v 0.070923 -0.218479 0.166995
v 0.033198 -0.218479 0.178439
v 0.001586 -0.218479 0.181553
v -0.037646 -0.218479 0.177689
v -0.068043 -0.218479 0.168468
v -0.102810 -0.218479 0.149884
v -0.127364 -0.218479 0.129733
v -0.152374 -0.218479 0.099259
v -0.167347 -0.218479 0.071246
v -0.178791 -0.218479 0.033521
v -0.181904 -0.218479 0.001909
v -0.178040 -0.218479 -0.037323
v -0.168820 -0.218479 -0.067720
v -0.150236 -0.218479 -0.102487
v -0.130085 -0.218479 -0.127042
v -0.099611 -0.218479 -0.152051
v -0.071597 -0.218479 -0.167024
v -0.033872 -0.218479 -0.178468
v -0.002261 -0.218479 -0.173302
v 0.035356 -0.218479 -0.169597
v 0.064200 -0.218479 -0.160848
v 0.097536 -0.218479 -0.143029
v 0.120835 -0.218479 -0.123908
v 0.144815 -0.218479 -0.094689
v 0.159024 -0.218479 -0.068106
v 0.169996 -0.218479 -0.031935
v 0.172951 -0.218479 -0.001938
v 0.169246 -0.218479 0.035679
v 0.160496 -0.218479 0.064523
v 0.142678 -0.218479 0.097859
v 0.123556 -0.218479 0.121158
v 0.094337 -0.218479 0.145138
v 0.067754 -0.218479 0.159346
v 0.031583 -0.218479 0.170319
v 0.001586 -0.218479 0.173273
v -0.036031 -0.218479 0.169568
v -0.064874 -0.218479 0.160819
v -0.098210 -0.218479 0.143000
v -0.121510 -0.218479 0.123879
v -0.145490 -0.218479 0.094660
v -0.159698 -0.218479 0.068077
v -0.170671 -0.218479 0.031906
v -0.173625 -0.218479 0.001909
v -0.169920 -0.218479 -0.035708
v -0.161170 -0.218479 -0.064552
v -0.143352 -0.218479 -0.097888
v -0.124230 -0.218479 -0.121187
v -0.095011 -0.218479 -0.145167
v -0.068429 -0.218479 -0.159375
v -0.032257 -0.218479 -0.170348
v 0.044581 -0.205702 -0.173739
v 0.058831 -0.205702 -0.169416
v 0.107643 -0.205702 -0.143325
v 0.119154 -0.205702 -0.133879
v 0.154267 -0.205702 -0.091094
v 0.161286 -0.205702 -0.077962
v 0.177353 -0.205702 -0.024997
v 0.178812 -0.205702 -0.010178
v 0.173387 -0.205702 0.044904
v 0.169065 -0.205702 0.059153
v 0.142974 -0.205702 0.107966
v 0.133527 -0.205702 0.119477
v 0.090742 -0.205702 0.154589
v 0.077610 -0.205702 0.161609
v 0.024645 -0.205702 0.177675
v 0.009826 -0.205702 0.179135
v -0.045256 -0.205702 0.173710
v -0.059505 -0.205702 0.169387
v -0.108318 -0.205702 0.143296
v -0.119828 -0.205702 0.133850
v -0.154941 -0.205702 0.091065
v -0.161960 -0.205702 0.077933
v -0.178027 -0.205702 0.024968
v -0.179487 -0.205702 0.010149
v -0.174062 -0.205702 -0.044933
v -0.169739 -0.205702 -0.059182
v -0.143648 -0.205702 -0.107995
v -0.134202 -0.205702 -0.119506
v -0.091417 -0.205702 -0.154618
v -0.078284 -0.205702 -0.161638
v -0.025320 -0.205702 -0.177704
v -0.010501 -0.205702 -0.179164
v 0.044581 -0.170574 -0.173739
v 0.058831 -0.170574 -0.169416
v 0.107643 -0.170574 -0.143325
v 0.119154 -0.170574 -0.133879
v 0.154267 -0.170574 -0.091094
v 0.161286 -0.170574 -0.077962
v 0.177353 -0.170574 -0.024997
v 0.178812 -0.170574 -0.010178
v 0.173387 -0.170574 0.044904
v 0.169065 -0.170574 0.059153
v 0.142974 -0.170574 0.107966
v 0.133527 -0.170574 0.119477
v 0.090742 -0.170574 0.154589
v 0.077610 -0.170574 0.161609
v 0.024645 -0.170574 0.177675
v 0.009826 -0.170574 0.179135
v -0.045256 -0.170574 0.173710
v -0.059505 -0.170574 0.169387
v -0.108318 -0.170574 0.143296
v -0.119828 -0.170574 0.133850
v -0.154941 -0.170574 0.091065
v -0.161960 -0.170574 0.077933
v -0.178027 -0.170574 0.024968
v -0.179487 -0.170574 0.010149
v -0.174062 -0.170574 -0.044933
v -0.169739 -0.170574 -0.059182
v -0.143648 -0.170574 -0.107995
v -0.134202 -0.170574 -0.119506
v -0.091417 -0.170574 -0.154618
v -0.078284 -0.170574 -0.161638
v -0.025320 -0.170574 -0.177704
v -0.010501 -0.170574 -0.179164
v 0.035710 -0.214972 -0.176430
v 0.067702 -0.214972 -0.166725
v 0.100477 -0.214972 -0.149206
v 0.126320 -0.214972 -0.127998
v 0.149897 -0.214972 -0.099270
v 0.165656 -0.214972 -0.069786
v 0.176444 -0.214972 -0.034223
v 0.179721 -0.214972 -0.000952
v 0.176078 -0.214972 0.036033
v 0.166374 -0.214972 0.068025
v 0.148855 -0.214972 0.100800
v 0.127646 -0.214972 0.126643
v 0.098918 -0.214972 0.150219
v 0.069434 -0.214972 0.165979
v 0.033871 -0.214972 0.176767
v 0.000600 -0.214972 0.180044
v -0.036384 -0.214972 0.176401
v -0.068376 -0.214972 0.166696
v -0.101152 -0.214972 0.149177
v -0.126995 -0.214972 0.127969
v -0.150571 -0.214972 0.099241
v -0.166330 -0.214972 0.069757
v -0.177119 -0.214972 0.034194
v -0.180395 -0.214972 0.000923
v -0.176753 -0.214972 -0.036062
v -0.167048 -0.214972 -0.068054
v -0.149529 -0.214972 -0.100829
v -0.128321 -0.214972 -0.126672
v -0.099593 -0.214972 -0.150248
v -0.070109 -0.214972 -0.166008
v -0.034545 -0.214972 -0.176796
v -0.001275 -0.214972 -0.180073
v 0.035710 -0.161304 -0.176430
v 0.067702 -0.161304 -0.166725
v 0.100477 -0.161304 -0.149206
v 0.126320 -0.161304 -0.127998
v 0.149897 -0.161304 -0.099270
v 0.165656 -0.161304 -0.069786
v 0.176444 -0.161304 -0.034223
v 0.179721 -0.161304 -0.000952
v 0.176078 -0.161304 0.036033
v 0.166374 -0.161304 0.068025
v 0.148855 -0.161304 0.100800
v 0.127646 -0.161304 0.126643
v 0.098918 -0.161304 0.150219
v 0.069434 -0.161304 0.165979
v 0.033871 -0.161304 0.176767
v 0.000600 -0.161304 0.180044
v -0.036384 -0.161304 0.176401
v -0.068376 -0.161304 0.166696
v -0.101152 -0.161304 0.149177
v -0.126995 -0.161304 0.127969
v -0.150571 -0.161304 0.099241
v -0.166330 -0.161304 0.069757
v -0.177119 -0.161304 0.034194
v -0.180395 -0.161304 0.000923
v -0.176753 -0.161304 -0.036062
v -0.167048 -0.161304 -0.068054
v -0.149529 -0.161304 -0.100829
v -0.128321 -0.161304 -0.126672
v -0.099593 -0.161304 -0.150248
v -0.070109 -0.161304 -0.166008
v -0.034545 -0.161304 -0.176796
v -0.001275 -0.161304 -0.180073
v 0.044829 -0.201966 -0.161686
v 0.051929 -0.201966 -0.159533
v 0.103260 -0.201966 -0.132096
v 0.108995 -0.201966 -0.127389
v 0.145919 -0.201966 -0.082397
v 0.149417 -0.201966 -0.075853
v 0.166312 -0.201966 -0.020156
v 0.167040 -0.201966 -0.012772
v 0.161335 -0.201966 0.045151
v 0.159181 -0.201966 0.052251
v 0.131744 -0.201966 0.103583
v 0.127037 -0.201966 0.109318
v 0.082045 -0.201966 0.146242
v 0.075502 -0.201966 0.149739
v 0.019804 -0.201966 0.166635
v 0.012420 -0.201966 0.167362
v -0.045503 -0.201966 0.161657
v -0.052603 -0.201966 0.159504
v -0.103934 -0.201966 0.132067
v -0.109670 -0.201966 0.127360
v -0.146594 -0.201966 0.082368
v -0.150091 -0.201966 0.075824
v -0.166987 -0.201966 0.020127
v -0.167714 -0.201966 0.012743
v -0.162009 -0.201966 -0.045180
v -0.159855 -0.201966 -0.052280
v -0.132418 -0.201966 -0.103612
v -0.127711 -0.201966 -0.109347
v -0.082719 -0.201966 -0.146271
v -0.076176 -0.201966 -0.149768
v -0.020478 -0.201966 -0.166664
v -0.013095 -0.201966 -0.167391
v 0.044829 -0.174310 -0.161686
v 0.051929 -0.174310 -0.159533
v 0.103260 -0.174310 -0.132096
v 0.108995 -0.174310 -0.127389
v 0.145919 -0.174310 -0.082397
v 0.149417 -0.174310 -0.075853
v 0.166312 -0.174310 -0.020156
v 0.167040 -0.174310 -0.012772
v 0.161335 -0.174310 0.045151
v 0.159181 -0.174310 0.052251
v 0.131744 -0.174310 0.103583
v 0.127037 -0.174310 0.109318
v 0.082045 -0.174310 0.146242
v 0.075502 -0.174310 0.149739
v 0.019804 -0.174310 0.166635
v 0.012420 -0.174310 0.167362
v -0.045503 -0.174310 0.161657
v -0.052603 -0.174310 0.159504
v -0.103934 -0.174310 0.132067
v -0.109670 -0.174310 0.127360
v -0.146594 -0.174310 0.082368
v -0.150091 -0.174310 0.075824
v -0.166987 -0.174310 0.020127
v -0.167714 -0.174310 0.012743
v -0.162009 -0.174310 -0.045180
v -0.159855 -0.174310 -0.052280
v -0.132418 -0.174310 -0.103612
v -0.127711 -0.174310 -0.109347
v -0.082719 -0.174310 -0.146271
v -0.076176 -0.174310 -0.149768
v -0.020478 -0.174310 -0.166664
v -0.013095 -0.174310 -0.167391
v 0.041254 -0.205702 -0.162771
v 0.055503 -0.205702 -0.158448
v 0.100372 -0.205702 -0.134465
v 0.111883 -0.205702 -0.125019
v 0.144158 -0.205702 -0.085691
v 0.151178 -0.205702 -0.072559
v 0.165946 -0.205702 -0.023873
v 0.167406 -0.205702 -0.009054
v 0.162419 -0.205702 0.041577
v 0.158097 -0.205702 0.055826
v 0.134114 -0.205702 0.100695
v 0.124667 -0.205702 0.112206
v 0.085339 -0.205702 0.144481
v 0.072207 -0.205702 0.151500
v 0.023522 -0.205702 0.166269
v 0.008703 -0.205702 0.167729
v -0.041928 -0.205702 0.162742
v -0.056178 -0.205702 0.158419
v -0.101047 -0.205702 0.134436
v -0.112557 -0.205702 0.124990
v -0.144833 -0.205702 0.085662
v -0.151852 -0.205702 0.072530
v -0.166621 -0.205702 0.023844
v -0.168080 -0.205702 0.009025
v -0.163094 -0.205702 -0.041606
v -0.158771 -0.205702 -0.055855
v -0.134788 -0.205702 -0.100724
v -0.125342 -0.205702 -0.112235
v -0.086014 -0.205702 -0.144510
v -0.072882 -0.205702 -0.151529
v -0.024196 -0.205702 -0.166298
v -0.009377 -0.205702 -0.167758
v 0.041254 -0.170574 -0.162771
v 0.055503 -0.170574 -0.158448
v 0.100372 -0.170574 -0.134465
v 0.111883 -0.170574 -0.125019
v 0.144158 -0.170574 -0.085691
v 0.151178 -0.170574 -0.072559
v 0.165946 -0.170574 -0.023873
v 0.167406 -0.170574 -0.009054
v 0.162419 -0.170574 0.041577
v 0.158097 -0.170574 0.055826
v 0.134114 -0.170574 0.100695
v 0.124667 -0.170574 0.112206
v 0.085339 -0.170574 0.144481
v 0.072207 -0.170574 0.151500
v 0.023522 -0.170574 0.166269
v 0.008703 -0.170574 0.167729
v -0.041928 -0.170574 0.162742
v -0.056178 -0.170574 0.158419
v -0.101047 -0.170574 0.134436
v -0.112557 -0.170574 0.124990
v -0.144833 -0.170574 0.085662
v -0.151852 -0.170574 0.072530
v -0.166621 -0.170574 0.023844
v -0.168080 -0.170574 0.009025
v -0.163094 -0.170574 -0.041606
v -0.158771 -0.170574 -0.055855
v -0.134788 -0.170574 -0.100724
v -0.125342 -0.170574 -0.112235
v -0.086014 -0.170574 -0.144510
v -0.072882 -0.170574 -0.151529
v -0.024196 -0.170574 -0.166298
v -0.009377 -0.170574 -0.167758
v 0.043028 -0.201966 -0.155751
v 0.050128 -0.201966 -0.153597
v 0.099325 -0.201966 -0.127301
v 0.105060 -0.201966 -0.122594
v 0.140449 -0.201966 -0.079473
v 0.143946 -0.201966 -0.072929
v 0.160140 -0.201966 -0.019548
v 0.160867 -0.201966 -0.012164
v 0.155399 -0.201966 0.043351
v 0.153245 -0.201966 0.050451
v 0.126949 -0.201966 0.099648
v 0.122242 -0.201966 0.105383
v 0.079121 -0.201966 0.140772
v 0.072578 -0.201966 0.144269
v 0.019196 -0.201966 0.160462
v 0.011812 -0.201966 0.161189
v -0.043703 -0.201966 0.155722
v -0.050803 -0.201966 0.153568
v -0.099999 -0.201966 0.127272
v -0.105735 -0.201966 0.122565
v -0.141123 -0.201966 0.079444
v -0.144621 -0.201966 0.072900
v -0.160814 -0.201966 0.019519
v -0.161541 -0.201966 0.012135
v -0.156073 -0.201966 -0.043380
v -0.153920 -0.201966 -0.050480
v -0.127624 -0.201966 -0.099677
v -0.122917 -0.201966 -0.105412
v -0.079795 -0.201966 -0.140801
v -0.073252 -0.201966 -0.144298
v -0.019870 -0.201966 -0.160491
v -0.012487 -0.201966 -0.161218
v 0.043028 -0.174310 -0.155751
v 0.050128 -0.174310 -0.153597
v 0.099325 -0.174310 -0.127301
v 0.105060 -0.174310 -0.122594
v 0.140449 -0.174310 -0.079473
v 0.143946 -0.174310 -0.072929
v 0.160140 -0.174310 -0.019548
v 0.160867 -0.174310 -0.012164
v 0.155399 -0.174310 0.043351
v 0.153245 -0.174310 0.050451
v 0.126949 -0.174310 0.099648
v 0.122242 -0.174310 0.105383
v 0.079121 -0.174310 0.140772
v 0.072578 -0.174310 0.144269
v 0.019196 -0.174310 0.160462
v 0.011812 -0.174310 0.161189
v -0.043703 -0.174310 0.155722
v -0.050803 -0.174310 0.153568
v -0.099999 -0.174310 0.127272
v -0.105735 -0.174310 0.122565
v -0.141123 -0.174310 0.079444
v -0.144621 -0.174310 0.072900
v -0.160814 -0.174310 0.019519
v -0.161541 -0.174310 0.012135
v -0.156073 -0.174310 -0.043380
v -0.153920 -0.174310 -0.050480
v -0.127624 -0.174310 -0.099677
v -0.122917 -0.174310 -0.105412
v -0.079795 -0.174310 -0.140801
v -0.073252 -0.174310 -0.144298
v -0.019870 -0.174310 -0.160491
v -0.012487 -0.174310 -0.161218
v -0.000337 -0.214972 -0.170553
v 0.032933 -0.214972 -0.167276
v 0.064925 -0.214972 -0.157572
v 0.094409 -0.214972 -0.141812
v 0.120252 -0.214972 -0.120604
v 0.141461 -0.214972 -0.094761
v 0.157220 -0.214972 -0.065277
v 0.166925 -0.214972 -0.033285
v 0.170202 -0.214972 -0.000015
v 0.166925 -0.214972 0.033256
v 0.157220 -0.214972 0.065248
v 0.141461 -0.214972 0.094732
v 0.120252 -0.214972 0.120575
v 0.094409 -0.214972 0.141783
v 0.064925 -0.214972 0.157543
v 0.032933 -0.214972 0.167247
v -0.000337 -0.214972 0.170524
v -0.033608 -0.214972 0.167247
v -0.065600 -0.214972 0.157543
v -0.095083 -0.214972 0.141783
v -0.120926 -0.214972 0.120575
v -0.142135 -0.214972 0.094732
v -0.157895 -0.214972 0.065248
v -0.167599 -0.214972 0.033256
v -0.170876 -0.214972 -0.000015
v -0.167599 -0.214972 -0.033285
v -0.157895 -0.214972 -0.065277
v -0.142135 -0.214972 -0.094761
v -0.120926 -0.214972 -0.120604
v -0.095084 -0.214972 -0.141812
v -0.065600 -0.214972 -0.157572
v -0.033608 -0.214972 -0.167276
v -0.000337 -0.161304 -0.142182
v 0.027398 -0.161304 -0.139450
v 0.054068 -0.161304 -0.131360
v 0.078647 -0.161304 -0.118222
v 0.100190 -0.161304 -0.100542
v 0.117871 -0.161304 -0.078998
v 0.131008 -0.161304 -0.054420
v 0.139098 -0.161304 -0.027750
v 0.141830 -0.161304 -0.000015
v 0.139098 -0.161304 0.027721
v 0.131008 -0.161304 0.054391
v 0.117871 -0.161304 0.078969
v 0.100190 -0.161304 0.100513
v 0.078647 -0.161304 0.118193
v 0.054068 -0.161304 0.131331
v 0.027398 -0.161304 0.139421
v -0.000337 -0.161304 0.142153
v -0.028073 -0.161304 0.139421
v -0.054742 -0.161304 0.131331
v -0.079321 -0.161304 0.118193
v -0.100865 -0.161304 0.100513
v -0.118545 -0.161304 0.078969
v -0.131683 -0.161304 0.054391
v -0.139773 -0.161304 0.027721
v -0.142505 -0.161304 -0.000015
v -0.139773 -0.161304 -0.027750
v -0.131683 -0.161304 -0.054420
v -0.118545 -0.161304 -0.078998
v -0.100865 -0.161304 -0.100542
v -0.079321 -0.161304 -0.118222
v -0.054742 -0.161304 -0.131360
v -0.028073 -0.161304 -0.139450
v 0.004522 -0.210537 -0.174638
v 0.028964 -0.210537 -0.172231
v 0.070977 -0.210537 -0.159486
v 0.092638 -0.210537 -0.147908
v 0.126576 -0.210537 -0.120056
v 0.142157 -0.210537 -0.101070
v 0.162853 -0.210537 -0.062351
v 0.169983 -0.210537 -0.038848
v 0.174286 -0.210537 0.004845
v 0.171879 -0.210537 0.029287
v 0.159134 -0.210537 0.071300
v 0.147556 -0.210537 0.092961
v 0.119704 -0.210537 0.126899
v 0.100718 -0.210537 0.142480
v 0.061999 -0.210537 0.163176
v 0.038496 -0.210537 0.170306
v -0.005196 -0.210537 0.174609
v -0.029639 -0.210537 0.172201
v -0.071652 -0.210537 0.159457
v -0.093313 -0.210537 0.147879
v -0.127251 -0.210537 0.120027
v -0.142832 -0.210537 0.101041
v -0.163528 -0.210537 0.062322
v -0.170657 -0.210537 0.038819
v -0.174961 -0.210537 -0.004874
v -0.172553 -0.210537 -0.029316
v -0.159809 -0.210537 -0.071329
v -0.148231 -0.210537 -0.092990
v -0.120379 -0.210537 -0.126928
v -0.101393 -0.210537 -0.142509
v -0.062673 -0.210537 -0.163205
v -0.039170 -0.210537 -0.170335
v 0.004522 -0.165739 -0.174638
v 0.028964 -0.165739 -0.172231
v 0.070977 -0.165739 -0.159486
v 0.092638 -0.165739 -0.147908
v 0.126576 -0.165739 -0.120056
v 0.142157 -0.165739 -0.101070
v 0.162853 -0.165739 -0.062351
v 0.169983 -0.165739 -0.038848
v 0.174286 -0.165739 0.004845
v 0.171879 -0.165739 0.029287
v 0.159134 -0.165739 0.071300
v 0.147556 -0.165739 0.092961
v 0.119704 -0.165739 0.126899
v 0.100718 -0.165739 0.142480
v 0.061999 -0.165739 0.163176
v 0.038496 -0.165739 0.170306
v -0.005196 -0.165739 0.174609
v -0.029639 -0.165739 0.172201
v -0.071652 -0.165739 0.159457
v -0.093313 -0.165739 0.147879
v -0.127251 -0.165739 0.120027
v -0.142832 -0.165739 0.101041
v -0.163528 -0.165739 0.062322
v -0.170657 -0.165739 0.038819
v -0.174961 -0.165739 -0.004874
v -0.172553 -0.165739 -0.029316
v -0.159809 -0.165739 -0.071329
v -0.148231 -0.165739 -0.092990
v -0.120379 -0.165739 -0.126928
v -0.101393 -0.165739 -0.142509
v -0.062673 -0.165739 -0.163205
v -0.039170 -0.165739 -0.170335
v 0.039649 -0.203843 -0.201039
v 0.035547 -0.203843 -0.180417
v 0.113534 -0.203843 -0.170435
v 0.101853 -0.203843 -0.152953
v 0.170083 -0.203843 -0.113886
v 0.152601 -0.203843 -0.102205
v 0.200688 -0.203843 -0.040001
v 0.180066 -0.203843 -0.035899
v 0.200688 -0.203843 0.039972
v 0.180066 -0.203843 0.035870
v 0.170083 -0.203843 0.113857
v 0.152601 -0.203843 0.102176
v 0.113534 -0.203843 0.170406
v 0.101853 -0.203843 0.152924
v 0.039649 -0.203843 0.201010
v 0.035547 -0.203843 0.180388
v -0.040324 -0.203843 0.201010
v -0.036222 -0.203843 0.180388
v -0.114209 -0.203843 0.170406
v -0.102527 -0.203843 0.152924
v -0.170758 -0.203843 0.113857
v -0.153275 -0.203843 0.102176
v -0.201362 -0.203843 0.039972
v -0.180740 -0.203843 0.035870
v -0.201362 -0.203843 -0.040001
v -0.180740 -0.203843 -0.035899
v -0.170758 -0.203843 -0.113886
v -0.153275 -0.203843 -0.102205
v -0.114209 -0.203843 -0.170435
v -0.102527 -0.203843 -0.152953
v -0.040324 -0.203843 -0.201039
v -0.036222 -0.203843 -0.180417
v 0.039649 -0.185485 -0.201039
v 0.035547 -0.185485 -0.180417
v 0.113534 -0.185485 -0.170435
v 0.101853 -0.185485 -0.152953
v 0.170083 -0.185485 -0.113886
v 0.152601 -0.185485 -0.102205
v 0.200688 -0.185485 -0.040001
v 0.180066 -0.185485 -0.035899
v 0.200688 -0.185485 0.039972
v 0.180066 -0.185485 0.035870
v 0.170083 -0.185485 0.113857
v 0.152601 -0.185485 0.102176
v 0.113534 -0.185485 0.170406
v 0.101853 -0.185485 0.152924
v 0.039649 -0.185485 0.201010
v 0.035547 -0.185485 0.180388
v -0.040324 -0.185485 0.201010
v -0.036222 -0.185485 0.180388
v -0.114209 -0.185485 0.170406
v -0.102527 -0.185485 0.152924
v -0.170758 -0.185485 0.113857
v -0.153275 -0.185485 0.102176
v -0.201362 -0.185485 0.039972
v -0.180740 -0.185485 0.035870
v -0.201362 -0.185485 -0.040001
v -0.180740 -0.185485 -0.035899
v -0.170758 -0.185485 -0.113886
v -0.153275 -0.185485 -0.102205
v -0.114209 -0.185485 -0.170435
v -0.102527 -0.185485 -0.152953
v -0.040324 -0.185485 -0.201039
v -0.036222 -0.185485 -0.180417
v 0.044425 -0.200862 -0.197050
v 0.041487 -0.200862 -0.182275
v 0.116420 -0.200862 -0.164921
v 0.108051 -0.200862 -0.152396
v 0.170640 -0.200862 -0.107687
v 0.158115 -0.200862 -0.099318
v 0.198830 -0.200862 -0.034061
v 0.184055 -0.200862 -0.031122
v 0.196698 -0.200862 0.044748
v 0.181924 -0.200862 0.041809
v 0.164570 -0.200862 0.116743
v 0.152045 -0.200862 0.108374
v 0.107336 -0.200862 0.170962
v 0.098967 -0.200862 0.158437
v 0.033710 -0.200862 0.199152
v 0.030771 -0.200862 0.184378
v -0.045100 -0.200862 0.197021
v -0.042161 -0.200862 0.182246
v -0.117095 -0.200862 0.164892
v -0.108726 -0.200862 0.152367
v -0.171314 -0.200862 0.107658
v -0.158789 -0.200862 0.099289
v -0.199504 -0.200862 0.034032
v -0.184730 -0.200862 0.031093
v -0.197372 -0.200862 -0.044777
v -0.182598 -0.200862 -0.041838
v -0.165244 -0.200862 -0.116772
v -0.152719 -0.200862 -0.108403
v -0.108010 -0.200862 -0.170992
v -0.099641 -0.200862 -0.158466
v -0.034384 -0.200862 -0.199181
v -0.031445 -0.200862 -0.184407
v 0.044425 -0.188467 -0.197050
v 0.041487 -0.188467 -0.182275
v 0.116420 -0.188467 -0.164921
v 0.108051 -0.188467 -0.152396
v 0.170640 -0.188467 -0.107687
v 0.158115 -0.188467 -0.099318
v 0.198830 -0.188467 -0.034061
v 0.184055 -0.188467 -0.031122
v 0.196698 -0.188467 0.044748
v 0.181924 -0.188467 0.041809
v 0.164570 -0.188467 0.116743
v 0.152045 -0.188467 0.108374
v 0.107336 -0.188467 0.170962
v 0.098967 -0.188467 0.158437
v 0.033710 -0.188467 0.199152
v 0.030771 -0.188467 0.184378
v -0.045100 -0.188467 0.197021
v -0.042161 -0.188467 0.182246
v -0.117095 -0.188467 0.164892
v -0.108726 -0.188467 0.152367
v -0.171314 -0.188467 0.107658
v -0.158789 -0.188467 0.099289
v -0.199504 -0.188467 0.034032
v -0.184730 -0.188467 0.031093
v -0.197372 -0.188467 -0.044777
v -0.182598 -0.188467 -0.041838
v -0.165244 -0.188467 -0.116772
v -0.152719 -0.188467 -0.108403
v -0.108010 -0.188467 -0.170992
v -0.099641 -0.188467 -0.158466
v -0.034384 -0.188467 -0.199181
v -0.031445 -0.188467 -0.184407
v 0.190432 0.169531 -0.460571
v 0.096916 0.169531 -0.488939
v 0.352158 0.169531 -0.352509
v 0.276616 0.169531 -0.414504
v 0.460219 0.169531 -0.190783
v 0.414153 0.169531 -0.276968
v 0.498166 0.169531 -0.000014
v 0.488587 0.169531 -0.097268
v 0.460219 0.169531 0.190754
v 0.488587 0.169531 0.097239
v 0.352158 0.169531 0.352480
v 0.414153 0.169531 0.276939
v 0.190432 0.169531 0.460542
v 0.276616 0.169531 0.414476
v -0.000337 0.169531 0.498488
v 0.096916 0.169531 0.488910
v -0.191106 0.169531 0.460542
v -0.097590 0.169531 0.488910
v -0.352832 0.169531 0.352480
v -0.277291 0.169531 0.414476
v -0.460894 0.169531 0.190754
v -0.414827 0.169531 0.276939
v -0.498840 0.169531 -0.000014
v -0.489262 0.169531 0.097239
v -0.460894 0.169531 -0.190783
v -0.489262 0.169531 -0.097268
v -0.352832 0.169531 -0.352509
v -0.414827 0.169531 -0.276968
v -0.191106 0.169531 -0.460571
v -0.277291 0.169531 -0.414504
v -0.000337 0.169531 -0.498517
v -0.097590 0.169531 -0.488939
v -0.008521 -0.094323 -0.488356
v -0.008521 -0.046144 -0.429191
v 0.091417 -0.046144 -0.419348
v 0.102960 -0.094323 -0.477376
v 0.156341 -0.046144 -0.399653
v 0.178983 -0.094323 -0.454315
v 0.244904 -0.046144 -0.352315
v 0.277775 -0.094323 -0.401510
v 0.297350 -0.046144 -0.309274
v 0.339186 -0.094323 -0.351111
v 0.361056 -0.046144 -0.231648
v 0.410251 -0.094323 -0.264519
v 0.393038 -0.046144 -0.171814
v 0.447700 -0.094323 -0.194455
v 0.422189 -0.046144 -0.075717
v 0.480218 -0.094323 -0.087259
v 0.428839 -0.046144 -0.008198
v 0.488005 -0.094323 -0.008198
v 0.418996 -0.046144 0.091740
v 0.477025 -0.094323 0.103282
v 0.399302 -0.046144 0.156664
v 0.453963 -0.094323 0.179305
v 0.351963 -0.046144 0.245227
v 0.401158 -0.094324 0.278098
v 0.308923 -0.046144 0.297673
v 0.350759 -0.094324 0.339509
v 0.231296 -0.046144 0.361379
v 0.264167 -0.094324 0.410573
v 0.171462 -0.046144 0.393361
v 0.194103 -0.094324 0.448023
v 0.075365 -0.046144 0.422512
v 0.086907 -0.094324 0.480540
v 0.007846 -0.046144 0.429162
v 0.007846 -0.094324 0.488327
v -0.092091 -0.046144 0.419319
v -0.103634 -0.094324 0.477348
v -0.157016 -0.046144 0.399624
v -0.179657 -0.094324 0.454286
v -0.245579 -0.046144 0.352286
v -0.278450 -0.094324 0.401481
v -0.298024 -0.046144 0.309245
v -0.339861 -0.094324 0.351082
v -0.361731 -0.046144 0.231619
v -0.410925 -0.094324 0.264490
v -0.393713 -0.046144 0.171785
v -0.448375 -0.094323 0.194426
v -0.422864 -0.046144 0.075688
v -0.480892 -0.094323 0.087230
v -0.429513 -0.046144 0.008169
v -0.488679 -0.094323 0.008169
v -0.419670 -0.046144 -0.091769
v -0.477699 -0.094323 -0.103311
v -0.399976 -0.046144 -0.156693
v -0.454638 -0.094323 -0.179334
v -0.352638 -0.046144 -0.245256
v -0.401832 -0.094323 -0.278127
v -0.309597 -0.046144 -0.297702
v -0.351434 -0.094323 -0.339538
v -0.231971 -0.046144 -0.361408
v -0.264841 -0.094323 -0.410602
v -0.172136 -0.046144 -0.393390
v -0.194778 -0.094323 -0.448052
v -0.076039 -0.046144 -0.422541
v -0.087582 -0.094323 -0.480569
v -0.000337 -0.161304 -0.170553
v 0.032933 -0.161304 -0.167276
v 0.064925 -0.161304 -0.157572
v 0.094409 -0.161304 -0.141812
v 0.120252 -0.161304 -0.120604
v 0.141461 -0.161304 -0.094761
v 0.157220 -0.161304 -0.065277
v 0.166925 -0.161304 -0.033285
v 0.170202 -0.161304 -0.000015
v 0.166925 -0.161304 0.033256
v 0.157220 -0.161304 0.065248
v 0.141461 -0.161304 0.094732
v 0.120252 -0.161304 0.120575
v 0.094409 -0.161304 0.141783
v 0.064925 -0.161304 0.157543
v 0.032933 -0.161304 0.167247
v -0.000337 -0.161304 0.170524
v -0.033608 -0.161304 0.167247
v -0.065600 -0.161304 0.157543
v -0.095083 -0.161304 0.141783
v -0.120926 -0.161304 0.120575
v -0.142135 -0.161304 0.094732
v -0.157895 -0.161304 0.065248
v -0.167599 -0.161304 0.033256
v -0.170876 -0.161304 -0.000015
v -0.167599 -0.161304 -0.033285
v -0.157895 -0.161304 -0.065277
v -0.142135 -0.161304 -0.094761
v -0.120926 -0.161304 -0.120604
v -0.095084 -0.161304 -0.141812
v -0.065600 -0.161304 -0.157572
v -0.033608 -0.161304 -0.167276
v -0.000337 -0.184686 -0.253476
v 0.049111 -0.184686 -0.248606
v 0.096658 -0.184686 -0.234183
v 0.140479 -0.184686 -0.210760
v 0.178887 -0.184686 -0.179239
v 0.210409 -0.184686 -0.140830
v 0.233831 -0.184686 -0.097010
v 0.248254 -0.184686 -0.049462
v 0.253125 -0.184686 -0.000015
v 0.248254 -0.184686 0.049433
v 0.233831 -0.184686 0.096981
v 0.210409 -0.184686 0.140801
v 0.178887 -0.184686 0.179210
v 0.140479 -0.184686 0.210731
v 0.096658 -0.184686 0.234154
v 0.049111 -0.184686 0.248577
v -0.000337 -0.184686 0.253447
v -0.049785 -0.184686 0.248577
v -0.097333 -0.184686 0.234154
v -0.141153 -0.184686 0.210731
v -0.179562 -0.184686 0.179210
v -0.211083 -0.184686 0.140801
v -0.234505 -0.184686 0.096981
v -0.248929 -0.184686 0.049433
v -0.253799 -0.184686 -0.000015
v -0.248929 -0.184686 -0.049462
v -0.234505 -0.184686 -0.097010
v -0.211083 -0.184686 -0.140830
v -0.179562 -0.184686 -0.179239
v -0.141153 -0.184686 -0.210760
v -0.097333 -0.184686 -0.234183
v -0.049785 -0.184686 -0.248606
v -0.000337 -0.181140 -0.272402
v 0.052803 -0.181140 -0.267168
v 0.103901 -0.181140 -0.251668
v 0.150993 -0.181140 -0.226497
v 0.192270 -0.181140 -0.192622
v 0.226145 -0.181140 -0.151345
v 0.251316 -0.181140 -0.104253
v 0.266817 -0.181140 -0.053155
v 0.272050 -0.181140 -0.000015
v 0.266817 -0.181140 0.053126
v 0.251316 -0.181140 0.104224
v 0.226145 -0.181140 0.151316
v 0.192270 -0.181140 0.192593
v 0.150993 -0.181140 0.226468
v 0.103901 -0.181140 0.251639
v 0.052803 -0.181140 0.267139
v -0.000337 -0.181140 0.272373
v -0.053477 -0.181140 0.267139
v -0.104575 -0.181140 0.251639
v -0.151668 -0.181140 0.226468
v -0.192944 -0.181140 0.192593
v -0.226819 -0.181140 0.151316
v -0.251991 -0.181140 0.104224
v -0.267491 -0.181140 0.053126
v -0.272725 -0.181140 -0.000015
v -0.267491 -0.181140 -0.053155
v -0.251991 -0.181140 -0.104253
v -0.226819 -0.181140 -0.151345
v -0.192944 -0.181140 -0.192622
v -0.151668 -0.181140 -0.226497
v -0.104575 -0.181140 -0.251668
v -0.053477 -0.181140 -0.267168
v -0.000247 -0.173988 -0.256771
v -0.000247 -0.172034 -0.267284
v 0.051716 -0.172034 -0.262166
v 0.049665 -0.173988 -0.251855
v 0.102025 -0.172034 -0.246905
v 0.098002 -0.173988 -0.237192
v 0.148075 -0.172034 -0.222291
v 0.142234 -0.173988 -0.213550
v 0.188714 -0.172034 -0.188939
v 0.181280 -0.173988 -0.181505
v 0.221839 -0.172034 -0.148576
v 0.213098 -0.173988 -0.142735
v 0.246622 -0.172034 -0.102211
v 0.236909 -0.173988 -0.098188
v 0.261779 -0.172034 -0.052244
v 0.251468 -0.173988 -0.050193
v 0.266932 -0.172034 0.000075
v 0.256419 -0.173988 0.000075
v 0.261814 -0.172034 0.052039
v 0.251503 -0.173988 0.049988
v 0.246553 -0.172034 0.102348
v 0.236840 -0.173988 0.098325
v 0.221939 -0.172034 0.148398
v 0.213198 -0.173988 0.142557
v 0.188587 -0.172034 0.189037
v 0.181153 -0.173988 0.181603
v 0.148224 -0.172034 0.222162
v 0.142384 -0.173988 0.213421
v 0.101859 -0.172034 0.246945
v 0.097836 -0.173988 0.237232
v 0.051893 -0.172034 0.262102
v 0.049842 -0.173988 0.251791
v -0.000427 -0.172034 0.267255
v -0.000427 -0.173988 0.256742
v -0.052391 -0.172034 0.262137
v -0.050340 -0.173988 0.251826
v -0.102700 -0.172034 0.246876
v -0.098677 -0.173988 0.237163
v -0.148749 -0.172034 0.222262
v -0.142909 -0.173988 0.213520
v -0.189389 -0.172034 0.188910
v -0.181955 -0.173988 0.181476
v -0.222514 -0.172034 0.148547
v -0.213772 -0.173988 0.142706
v -0.247296 -0.172034 0.102182
v -0.237584 -0.173988 0.098159
v -0.262454 -0.172034 0.052215
v -0.252143 -0.173988 0.050164
v -0.267607 -0.172034 -0.000104
v -0.257094 -0.173988 -0.000104
v -0.262489 -0.172034 -0.052068
v -0.252178 -0.173988 -0.050017
v -0.247228 -0.172034 -0.102377
v -0.237515 -0.173988 -0.098354
v -0.222613 -0.172034 -0.148427
v -0.213872 -0.173988 -0.142586
v -0.189262 -0.172034 -0.189066
v -0.181828 -0.173988 -0.181632
v -0.148899 -0.172034 -0.222191
v -0.143058 -0.173988 -0.213450
v -0.102534 -0.172034 -0.246973
v -0.098511 -0.173988 -0.237261
v -0.052567 -0.172034 -0.262131
v -0.050516 -0.173988 -0.251820
v -0.000337 -0.148207 -0.496330
v 0.096489 -0.148207 -0.486794
v 0.189595 -0.148207 -0.458551
v 0.275401 -0.148207 -0.412686
v 0.350611 -0.148207 -0.350963
v 0.412335 -0.148207 -0.275753
v 0.458199 -0.148207 -0.189946
v 0.486442 -0.148207 -0.096841
v 0.495979 -0.148207 -0.000014
v 0.486442 -0.148207 0.096812
v 0.458199 -0.148207 0.189917
v 0.412334 -0.148207 0.275724
v 0.350611 -0.148207 0.350934
v 0.275401 -0.148207 0.412657
v 0.189595 -0.148207 0.458522
v 0.096489 -0.148207 0.486765
v -0.000337 -0.148207 0.496302
v -0.097164 -0.148207 0.486765
v -0.190269 -0.148207 0.458522
v -0.276076 -0.148207 0.412657
v -0.351286 -0.148207 0.350934
v -0.413009 -0.148207 0.275724
v -0.458873 -0.148207 0.189917
v -0.487117 -0.148207 0.096812
v -0.496653 -0.148207 -0.000015
v -0.487117 -0.148207 -0.096841
v -0.458873 -0.148207 -0.189946
v -0.413009 -0.148207 -0.275753
v -0.351286 -0.148207 -0.350963
v -0.276076 -0.148207 -0.412686
v -0.190269 -0.148207 -0.458551
v -0.097164 -0.148207 -0.486794
v 0.048076 -0.148207 -0.491562
v 0.143042 -0.148207 -0.472672
v 0.232498 -0.148207 -0.435618
v 0.313006 -0.148207 -0.381824
v 0.381473 -0.148207 -0.313358
v 0.435267 -0.148207 -0.232850
v 0.472321 -0.148207 -0.143394
v 0.491211 -0.148207 -0.048428
v 0.491211 -0.148207 0.048399
v 0.472321 -0.148207 0.143365
v 0.435267 -0.148207 0.232821
v 0.381473 -0.148207 0.313329
v 0.313006 -0.148207 0.381796
v 0.232498 -0.148207 0.435589
v 0.143042 -0.148207 0.472643
v 0.048076 -0.148207 0.491533
v -0.048750 -0.148207 0.491533
v -0.143716 -0.148207 0.472643
v -0.233172 -0.148207 0.435589
v -0.313681 -0.148207 0.381796
v -0.382147 -0.148207 0.313329
v -0.435941 -0.148207 0.232821
v -0.472995 -0.148207 0.143365
v -0.491885 -0.148207 0.048399
v -0.491885 -0.148207 -0.048428
v -0.472995 -0.148207 -0.143394
v -0.435941 -0.148207 -0.232850
v -0.382147 -0.148207 -0.313358
v -0.313681 -0.148207 -0.381825
v -0.233172 -0.148207 -0.435618
v -0.143716 -0.148207 -0.472672
v -0.048750 -0.148207 -0.491562
v 0.048076 -0.137881 -0.491562
v 0.096489 -0.137881 -0.486794
v 0.143042 -0.137881 -0.472672
v 0.189595 -0.137881 -0.458551
v 0.232498 -0.137881 -0.435618
v 0.275401 -0.137881 -0.412686
v 0.313006 -0.137881 -0.381824
v 0.350611 -0.137881 -0.350963
v 0.381473 -0.137881 -0.313358
v 0.412335 -0.137881 -0.275753
v 0.435267 -0.137881 -0.232850
v 0.458199 -0.137881 -0.189946
v 0.472321 -0.137881 -0.143394
v 0.486442 -0.137881 -0.096841
v 0.491211 -0.137881 -0.048428
v 0.495979 -0.137881 -0.000014
v 0.491211 -0.137881 0.048399
v 0.486442 -0.137881 0.096812
v 0.472321 -0.137881 0.143365
v 0.458199 -0.137881 0.189917
v 0.435267 -0.137881 0.232821
v 0.412334 -0.137881 0.275724
v 0.381473 -0.137881 0.313329
v 0.350611 -0.137881 0.350934
v 0.313006 -0.137881 0.381796
v 0.275401 -0.137881 0.412657
v 0.232498 -0.137881 0.435589
v 0.189595 -0.137881 0.458522
v 0.143042 -0.137881 0.472643
v 0.096489 -0.137881 0.486765
v 0.048076 -0.137881 0.491533
v -0.000337 -0.137881 0.496302
v -0.048750 -0.137881 0.491533
v -0.097164 -0.137881 0.486765
v -0.143716 -0.137881 0.472643
v -0.190269 -0.137881 0.458522
v -0.233172 -0.137881 0.435589
v -0.276076 -0.137881 0.412657
v -0.313681 -0.137881 0.381796
v -0.351286 -0.137881 0.350934
v -0.382147 -0.137881 0.313329
v -0.413009 -0.137881 0.275724
v -0.435941 -0.137881 0.232821
v -0.458873 -0.137881 0.189917
v -0.472995 -0.137881 0.143365
v -0.487117 -0.137881 0.096812
v -0.491885 -0.137881 0.048399
v -0.496653 -0.137881 -0.000015
v -0.491885 -0.137881 -0.048428
v -0.487117 -0.137881 -0.096841
v -0.472995 -0.137881 -0.143394
v -0.458873 -0.137881 -0.189946
v -0.435941 -0.137881 -0.232850
v -0.413009 -0.137881 -0.275753
v -0.382147 -0.137881 -0.313358
v -0.351286 -0.137881 -0.350963
v -0.313681 -0.137881 -0.381825
v -0.276076 -0.137881 -0.412686
v -0.233172 -0.137881 -0.435618
v -0.190269 -0.137881 -0.458551
v -0.143716 -0.137881 -0.472672
v -0.097164 -0.137881 -0.486794
v -0.048750 -0.137881 -0.491562
v -0.000337 -0.137881 -0.496330
v 0.048076 -0.101366 -0.491562
v 0.096489 -0.101366 -0.486794
v 0.143042 -0.101366 -0.472672
v 0.189595 -0.101366 -0.458551
v 0.232498 -0.101366 -0.435618
v 0.275401 -0.101366 -0.412686
v 0.313006 -0.101366 -0.381824
v 0.350611 -0.101366 -0.350963
v 0.381473 -0.101366 -0.313358
v 0.412335 -0.101366 -0.275753
v 0.435267 -0.101366 -0.232850
v 0.458199 -0.101366 -0.189946
v 0.472321 -0.101366 -0.143394
v 0.486442 -0.101366 -0.096841
v 0.491211 -0.101366 -0.048428
v 0.495979 -0.101366 -0.000014
v 0.491211 -0.101366 0.048399
v 0.486442 -0.101366 0.096812
v 0.472321 -0.101366 0.143365
v 0.458199 -0.101366 0.189917
v 0.435267 -0.101366 0.232821
v 0.412334 -0.101366 0.275724
v 0.381473 -0.101366 0.313329
v 0.350611 -0.101366 0.350934
v 0.313006 -0.101366 0.381796
v 0.275401 -0.101366 0.412657
v 0.232498 -0.101366 0.435589
v 0.189595 -0.101366 0.458522
v 0.143042 -0.101366 0.472643
v 0.096489 -0.101366 0.486765
v 0.048076 -0.101366 0.491533
v -0.000337 -0.101366 0.496302
v -0.048750 -0.101366 0.491533
v -0.097164 -0.101366 0.486765
v -0.143716 -0.101366 0.472643
v -0.190269 -0.101366 0.458522
v -0.233172 -0.101366 0.435589
v -0.276076 -0.101366 0.412657
v -0.313681 -0.101366 0.381796
v -0.351286 -0.101366 0.350934
v -0.382147 -0.101366 0.313329
v -0.413009 -0.101366 0.275724
v -0.435941 -0.101366 0.232821
v -0.458873 -0.101366 0.189917
v -0.472995 -0.101366 0.143365
v -0.487117 -0.101366 0.096812
v -0.491885 -0.101366 0.048399
v -0.496653 -0.101366 -0.000015
v -0.491885 -0.101366 -0.048428
v -0.487117 -0.101366 -0.096841
v -0.472995 -0.101366 -0.143394
v -0.458873 -0.101366 -0.189946
v -0.435941 -0.101366 -0.232850
v -0.413009 -0.101366 -0.275753
v -0.382147 -0.101366 -0.313358
v -0.351286 -0.101366 -0.350963
v -0.313681 -0.101366 -0.381825
v -0.276076 -0.101366 -0.412686
v -0.233172 -0.101366 -0.435618
v -0.190269 -0.101366 -0.458551
v -0.143716 -0.101366 -0.472672
v -0.097164 -0.101366 -0.486794
v -0.048750 -0.101366 -0.491562
v -0.000337 -0.101366 -0.496330
v -0.000337 0.041546 -0.000014
v -0.000337 0.041546 -0.000014
v -0.000337 0.041546 -0.000014
v -0.000337 0.041546 -0.000014
v -0.000337 0.041546 -0.000014
v -0.000337 0.041546 -0.000014
v -0.000337 0.041546 -0.000014
v -0.000337 0.041546 -0.000014
v 0.082523 0.154727 -0.493377
v 0.014645 0.131220 -0.499839
v 0.265017 0.154727 -0.424113
v 0.407114 0.154727 -0.290284
v 0.487180 0.154727 -0.112263
v 0.493025 0.154727 0.082846
v 0.423761 0.154727 0.265340
v 0.289932 0.154727 0.407436
v 0.111912 0.154727 0.487502
v -0.083197 0.154727 0.493348
v -0.265692 0.154727 0.424084
v -0.407788 0.154727 0.290255
v -0.487854 0.154727 0.112235
v -0.493700 0.154727 -0.082875
v -0.424436 0.154727 -0.265369
v -0.290606 0.154727 -0.407465
v -0.112586 0.154727 -0.487531
v 0.082479 0.131220 -0.493158
v 0.264893 0.131220 -0.423927
v 0.406928 0.131220 -0.290160
v 0.486961 0.131220 -0.112220
v 0.492807 0.131220 0.082802
v 0.423576 0.131220 0.265216
v 0.289808 0.131220 0.407251
v 0.111868 0.131220 0.487284
v -0.083154 0.131220 0.493129
v -0.265568 0.131220 0.423898
v -0.407603 0.131220 0.290131
v -0.487635 0.131220 0.112191
v -0.493481 0.131220 -0.082831
v -0.424250 0.131220 -0.265245
v -0.290482 0.131220 -0.407280
v -0.112543 0.131220 -0.487312
v 0.014645 0.154727 -0.500062
v 0.204865 0.154727 -0.456265
v 0.363844 0.154727 -0.343008
v 0.467380 0.154727 -0.177533
v 0.499711 0.154727 0.014968
v 0.455913 0.154727 0.205187
v 0.342656 0.154727 0.364167
v 0.177181 0.154727 0.467703
v -0.015320 0.154727 0.500033
v -0.205539 0.154727 0.456236
v -0.364519 0.154727 0.342979
v -0.468055 0.154727 0.177504
v -0.500385 0.154727 -0.014997
v -0.456588 0.154727 -0.205216
v -0.343330 0.154727 -0.364196
v -0.177855 0.154727 -0.467732
v 0.204779 0.131220 -0.456059
v 0.363686 0.131220 -0.342850
v 0.467174 0.131220 -0.177447
v 0.499488 0.131220 0.014968
v 0.455707 0.131220 0.205102
v 0.342498 0.131220 0.364009
v 0.177096 0.131220 0.467497
v -0.015320 0.131220 0.499810
v -0.205454 0.131220 0.456030
v -0.364361 0.131220 0.342821
v -0.467849 0.131220 0.177418
v -0.500162 0.131220 -0.014997
v -0.456382 0.131220 -0.205131
v -0.343173 0.131220 -0.364038
v -0.177770 0.131220 -0.467526
v 0.008487 -0.026100 -0.418790
v 0.008487 0.018601 -0.418790
v 0.072707 0.018601 -0.412465
v 0.072707 -0.026100 -0.412465
v 0.168073 0.018601 -0.383536
v 0.168073 -0.026100 -0.383536
v 0.224985 0.018601 -0.353116
v 0.224985 -0.026100 -0.353116
v 0.302021 0.018601 -0.289894
v 0.302021 -0.026100 -0.289894
v 0.342959 0.018601 -0.240010
v 0.342959 -0.026100 -0.240010
v 0.389937 0.018601 -0.152121
v 0.389937 -0.026100 -0.152121
v 0.408670 0.018601 -0.090368
v 0.408670 -0.026100 -0.090368
v 0.418438 0.018601 0.008809
v 0.418438 -0.026100 0.008809
v 0.412113 0.018601 0.073030
v 0.412113 -0.026100 0.073030
v 0.383184 0.018601 0.168396
v 0.383184 -0.026100 0.168396
v 0.352764 0.018601 0.225308
v 0.352764 -0.026100 0.225308
v 0.289542 0.018601 0.302344
v 0.289542 -0.026100 0.302344
v 0.239659 0.018601 0.343282
v 0.239659 -0.026100 0.343282
v 0.151769 0.018601 0.390260
v 0.151769 -0.026100 0.390260
v 0.090016 0.018601 0.408993
v 0.090016 -0.026100 0.408993
v -0.009161 0.018601 0.418761
v -0.009161 -0.026100 0.418761
v -0.073382 0.018601 0.412436
v -0.073382 -0.026100 0.412436
v -0.168748 0.018601 0.383507
v -0.168748 -0.026100 0.383507
v -0.225660 0.018601 0.353087
v -0.225660 -0.026100 0.353087
v -0.302696 0.018601 0.289865
v -0.302696 -0.026100 0.289865
v -0.343634 0.018601 0.239981
v -0.343634 -0.026100 0.239981
v -0.390612 0.018601 0.152092
v -0.390612 -0.026100 0.152092
v -0.409345 0.018601 0.090339
v -0.409345 -0.026100 0.090339
v -0.419113 0.018601 -0.008838
v -0.419113 -0.026100 -0.008838
v -0.412787 0.018601 -0.073059
v -0.412787 -0.026100 -0.073059
v -0.383859 0.018601 -0.168425
v -0.383859 -0.026100 -0.168425
v -0.353438 0.018601 -0.225337
v -0.353438 -0.026100 -0.225337
v -0.290217 0.018601 -0.302373
v -0.290217 -0.026100 -0.302373
v -0.240333 0.018601 -0.343311
v -0.240333 -0.026100 -0.343311
v -0.152443 0.018601 -0.390289
v -0.152443 -0.026100 -0.390289
v -0.090691 0.018601 -0.409022
v -0.090691 -0.026100 -0.409022
v 0.014645 -0.133803 -0.499700
v 0.082452 -0.109470 -0.493021
v 0.204726 -0.109470 -0.455930
v 0.264816 -0.109470 -0.423811
v 0.363588 -0.109470 -0.342751
v 0.406812 -0.109470 -0.290082
v 0.467045 -0.109470 -0.177394
v 0.486824 -0.109470 -0.112193
v 0.499348 -0.109470 0.014968
v 0.492669 -0.109470 0.082775
v 0.455578 -0.109470 0.205049
v 0.423460 -0.109470 0.265138
v 0.342399 -0.109470 0.363910
v 0.289730 -0.109470 0.407135
v 0.177042 -0.109470 0.467368
v 0.111841 -0.109470 0.487146
v -0.015320 -0.109470 0.499671
v -0.083126 -0.109470 0.492992
v -0.205400 -0.109470 0.455901
v -0.265490 -0.109470 0.423782
v -0.364262 -0.109470 0.342722
v -0.407486 -0.109470 0.290053
v -0.467720 -0.109470 0.177365
v -0.487498 -0.109470 0.112164
v -0.500022 -0.109470 -0.014997
v -0.493344 -0.109470 -0.082804
v -0.456253 -0.109470 -0.205078
v -0.424134 -0.109470 -0.265167
v -0.343074 -0.109470 -0.363939
v -0.290405 -0.109470 -0.407164
v -0.177717 -0.109470 -0.467397
v -0.112515 -0.109470 -0.487175
v 0.014645 -0.109470 -0.499700
v 0.082452 -0.133803 -0.493021
v 0.204726 -0.133803 -0.455930
v 0.264816 -0.133803 -0.423811
v 0.363588 -0.133803 -0.342751
v 0.406812 -0.133803 -0.290082
v 0.467045 -0.133803 -0.177394
v 0.486824 -0.133803 -0.112193
v 0.499348 -0.133803 0.014968
v 0.492669 -0.133803 0.082775
v 0.455578 -0.133803 0.205049
v 0.423460 -0.133803 0.265138
v 0.342399 -0.133803 0.363910
v 0.289730 -0.133803 0.407135
v 0.177042 -0.133803 0.467368
v 0.111841 -0.133803 0.487146
v -0.015320 -0.133803 0.499671
v -0.083126 -0.133803 0.492992
v -0.205400 -0.133803 0.455901
v -0.265490 -0.133803 0.423782
v -0.364262 -0.133803 0.342722
v -0.407486 -0.133803 0.290053
v -0.467720 -0.133803 0.177365
v -0.487498 -0.133803 0.112164
v -0.500022 -0.133803 -0.014997
v -0.493344 -0.133803 -0.082804
v -0.456253 -0.133803 -0.205078
v -0.424134 -0.133803 -0.265167
v -0.343074 -0.133803 -0.363939
v -0.290405 -0.133803 -0.407164
v -0.177717 -0.133803 -0.467397
v -0.112515 -0.133803 -0.487175
v 0.136205 -0.164081 -0.460806
v 0.142134 -0.164081 -0.459007
v 0.302149 -0.164081 -0.373478
v 0.306938 -0.164081 -0.369547
v 0.422042 -0.164081 -0.229293
v 0.424962 -0.164081 -0.223829
v 0.477631 -0.164081 -0.050203
v 0.478238 -0.164081 -0.044037
v 0.460454 -0.164081 0.136528
v 0.458656 -0.164081 0.142457
v 0.373126 -0.164081 0.302471
v 0.369196 -0.164081 0.307261
v 0.228942 -0.164081 0.422364
v 0.223477 -0.164081 0.425285
v 0.049851 -0.164081 0.477954
v 0.043685 -0.164081 0.478561
v -0.136879 -0.164081 0.460777
v -0.142808 -0.164081 0.458978
v -0.302823 -0.164081 0.373449
v -0.307613 -0.164081 0.369518
v -0.422716 -0.164081 0.229264
v -0.425637 -0.164081 0.223800
v -0.478306 -0.164081 0.050174
v -0.478913 -0.164081 0.044008
v -0.461129 -0.164081 -0.136557
v -0.459330 -0.164081 -0.142486
v -0.373801 -0.164081 -0.302500
v -0.369870 -0.164081 -0.307290
v -0.229616 -0.164081 -0.422393
v -0.224152 -0.164081 -0.425314
v -0.050526 -0.164081 -0.477983
v -0.044360 -0.164081 -0.478590
v 0.102465 -0.179253 -0.344916
v 0.105803 -0.179253 -0.343903
v 0.226628 -0.179253 -0.279321
v 0.229324 -0.179253 -0.277108
v 0.316237 -0.179253 -0.171205
v 0.317882 -0.179253 -0.168128
v 0.357651 -0.179253 -0.037026
v 0.357993 -0.179253 -0.033554
v 0.344564 -0.179253 0.102787
v 0.343552 -0.179253 0.106126
v 0.278970 -0.179253 0.226950
v 0.276756 -0.179253 0.229647
v 0.170853 -0.179253 0.316560
v 0.167776 -0.179253 0.318204
v 0.036674 -0.179253 0.357974
v 0.033202 -0.179253 0.358316
v -0.103139 -0.179253 0.344887
v -0.106478 -0.179253 0.343874
v -0.227302 -0.179253 0.279292
v -0.229999 -0.179253 0.277079
v -0.316911 -0.179253 0.171176
v -0.318556 -0.179253 0.168099
v -0.358325 -0.179253 0.036997
v -0.358667 -0.179253 0.033525
v -0.345239 -0.179253 -0.102816
v -0.344226 -0.179253 -0.106155
v -0.279644 -0.179253 -0.226979
v -0.277431 -0.179253 -0.229676
v -0.171528 -0.179253 -0.316589
v -0.168451 -0.179253 -0.318233
v -0.037349 -0.179253 -0.358003
v -0.033877 -0.179253 -0.358345
v -0.000337 -0.183890 -0.257683
v 0.049931 -0.183890 -0.252732
v 0.098268 -0.183890 -0.238069
v 0.142816 -0.183890 -0.214258
v 0.181862 -0.183890 -0.182213
v 0.213906 -0.183890 -0.143167
v 0.237717 -0.183890 -0.098620
v 0.252380 -0.183890 -0.050283
v 0.257331 -0.183890 -0.000015
v 0.252380 -0.183890 0.050254
v 0.237717 -0.183890 0.098591
v 0.213906 -0.183890 0.143138
v 0.181862 -0.183890 0.182184
v 0.142816 -0.183890 0.214229
v 0.098268 -0.183890 0.238040
v 0.049931 -0.183890 0.252703
v -0.000337 -0.183890 0.257654
v -0.050606 -0.183890 0.252703
v -0.098943 -0.183890 0.238040
v -0.143490 -0.183890 0.214229
v -0.182536 -0.183890 0.182184
v -0.214581 -0.183890 0.143138
v -0.238392 -0.183890 0.098591
v -0.253054 -0.183890 0.050254
v -0.258005 -0.183890 -0.000015
v -0.253054 -0.183890 -0.050283
v -0.238392 -0.183890 -0.098620
v -0.214581 -0.183890 -0.143167
v -0.182536 -0.183890 -0.182213
v -0.143490 -0.183890 -0.214258
v -0.098943 -0.183890 -0.238069
v -0.050606 -0.183890 -0.252732
v -0.000337 -0.181936 -0.268196
v 0.051982 -0.181936 -0.263043
v 0.102291 -0.181936 -0.247782
v 0.148656 -0.181936 -0.222999
v 0.189296 -0.181936 -0.189647
v 0.222647 -0.181936 -0.149008
v 0.247430 -0.181936 -0.102643
v 0.262691 -0.181936 -0.052334
v 0.267844 -0.181936 -0.000015
v 0.262691 -0.181936 0.052305
v 0.247430 -0.181936 0.102614
v 0.222647 -0.181936 0.148979
v 0.189296 -0.181936 0.189618
v 0.148656 -0.181936 0.222970
v 0.102291 -0.181936 0.247753
v 0.051982 -0.181936 0.263014
v -0.000337 -0.181936 0.268167
v -0.052657 -0.181936 0.263014
v -0.102966 -0.181936 0.247753
v -0.149331 -0.181936 0.222970
v -0.189970 -0.181936 0.189618
v -0.223322 -0.181936 0.148979
v -0.248104 -0.181936 0.102614
v -0.263365 -0.181936 0.052305
v -0.268518 -0.181936 -0.000015
v -0.263365 -0.181936 -0.052334
v -0.248104 -0.181936 -0.102643
v -0.223322 -0.181936 -0.149008
v -0.189970 -0.181936 -0.189647
v -0.149331 -0.181936 -0.222999
v -0.102966 -0.181936 -0.247782
v -0.052657 -0.181936 -0.263043
v -0.000337 -0.184686 -0.253476
v 0.049111 -0.184686 -0.248606
v 0.096658 -0.184686 -0.234183
v 0.140479 -0.184686 -0.210760
v 0.178887 -0.184686 -0.179239
v 0.210408 -0.184686 -0.140830
v 0.233831 -0.184686 -0.097010
v 0.248254 -0.184686 -0.049462
v 0.253124 -0.184686 -0.000015
v 0.248254 -0.184686 0.049433
v 0.233831 -0.184686 0.096981
v 0.210408 -0.184686 0.140801
v 0.178887 -0.184686 0.179210
v 0.140479 -0.184686 0.210731
v 0.096658 -0.184686 0.234154
v 0.049111 -0.184686 0.248577
v -0.000337 -0.184686 0.253447
v -0.049785 -0.184686 0.248577
v -0.097333 -0.184686 0.234154
v -0.141153 -0.184686 0.210731
v -0.179562 -0.184686 0.179210
v -0.211083 -0.184686 0.140801
v -0.234505 -0.184686 0.096981
v -0.248929 -0.184686 0.049433
v -0.253799 -0.184686 -0.000015
v -0.248929 -0.184686 -0.049462
v -0.234505 -0.184686 -0.097010
v -0.211083 -0.184686 -0.140830
v -0.179562 -0.184686 -0.179239
v -0.141153 -0.184686 -0.210760
v -0.097333 -0.184686 -0.234183
v -0.049785 -0.184686 -0.248606
v -0.000337 -0.181140 -0.272402
v 0.052803 -0.181140 -0.267168
v 0.103901 -0.181140 -0.251668
v 0.150993 -0.181140 -0.226497
v 0.192270 -0.181140 -0.192622
v 0.226145 -0.181140 -0.151345
v 0.251316 -0.181140 -0.104253
v 0.266817 -0.181140 -0.053155
v 0.272050 -0.181140 -0.000015
v 0.266817 -0.181140 0.053126
v 0.251316 -0.181140 0.104224
v 0.226145 -0.181140 0.151316
v 0.192270 -0.181140 0.192593
v 0.150993 -0.181140 0.226468
v 0.103901 -0.181140 0.251639
v 0.052803 -0.181140 0.267139
v -0.000337 -0.181140 0.272373
v -0.053477 -0.181140 0.267139
v -0.104575 -0.181140 0.251639
v -0.151668 -0.181140 0.226468
v -0.192944 -0.181140 0.192593
v -0.226819 -0.181140 0.151316
v -0.251991 -0.181140 0.104224
v -0.267491 -0.181140 0.053126
v -0.272725 -0.181140 -0.000015
v -0.267491 -0.181140 -0.053155
v -0.251991 -0.181140 -0.104253
v -0.226819 -0.181140 -0.151345
v -0.192944 -0.181140 -0.192622
v -0.151668 -0.181140 -0.226497
v -0.104575 -0.181140 -0.251668
v -0.053477 -0.181140 -0.267168
v -0.002261 -0.218479 -0.181582
v 0.036971 -0.218479 -0.177718
v 0.067368 -0.218479 -0.168497
v 0.102136 -0.218479 -0.149913
v 0.126690 -0.218479 -0.129762
v 0.151699 -0.218479 -0.099288
v 0.166673 -0.218479 -0.071275
v 0.178116 -0.218479 -0.033550
v 0.181230 -0.218479 -0.001938
v 0.177366 -0.218479 0.037294
v 0.168145 -0.218479 0.067691
v 0.149562 -0.218479 0.102458
v 0.129410 -0.218479 0.127013
v 0.098937 -0.218479 0.152022
v 0.070923 -0.218479 0.166995
v 0.033198 -0.218479 0.178439
v 0.001586 -0.218479 0.181553
v -0.037646 -0.218479 0.177689
v -0.068043 -0.218479 0.168468
v -0.102810 -0.218479 0.149884
v -0.127364 -0.218479 0.129733
v -0.152374 -0.218479 0.099259
v -0.167347 -0.218479 0.071245
v -0.178791 -0.218479 0.033521
v -0.181904 -0.218479 0.001909
v -0.178040 -0.218479 -0.037323
v -0.168820 -0.218479 -0.067720
v -0.150236 -0.218479 -0.102487
v -0.130085 -0.218479 -0.127042
v -0.099611 -0.218479 -0.152051
v -0.071597 -0.218479 -0.167024
v -0.033872 -0.218479 -0.178468
v -0.002261 -0.218479 -0.173302
v 0.035356 -0.218479 -0.169597
v 0.064200 -0.218479 -0.160848
v 0.097536 -0.218479 -0.143029
v 0.120835 -0.218479 -0.123908
v 0.144815 -0.218479 -0.094689
v 0.159024 -0.218479 -0.068106
v 0.169996 -0.218479 -0.031935
v 0.172951 -0.218479 -0.001938
v 0.169246 -0.218479 0.035679
v 0.160496 -0.218479 0.064523
v 0.142677 -0.218479 0.097859
v 0.123556 -0.218479 0.121158
v 0.094337 -0.218479 0.145138
v 0.067754 -0.218479 0.159346
v 0.031583 -0.218479 0.170319
v 0.001586 -0.218479 0.173273
v -0.036031 -0.218479 0.169568
v -0.064874 -0.218479 0.160819
v -0.098210 -0.218479 0.143000
v -0.121510 -0.218479 0.123879
v -0.145489 -0.218479 0.094660
v -0.159698 -0.218479 0.068077
v -0.170671 -0.218479 0.031906
v -0.173625 -0.218479 0.001909
v -0.169920 -0.218479 -0.035708
v -0.161170 -0.218479 -0.064552
v -0.143352 -0.218479 -0.097888
v -0.124230 -0.218479 -0.121187
v -0.095011 -0.218479 -0.145167
v -0.068429 -0.218479 -0.159375
v -0.032257 -0.218479 -0.170348
v -0.000337 -0.161304 -0.142182
v 0.027398 -0.161304 -0.139450
v 0.054068 -0.161304 -0.131360
v 0.078647 -0.161304 -0.118222
v 0.100190 -0.161304 -0.100542
v 0.117871 -0.161304 -0.078998
v 0.131008 -0.161304 -0.054420
v 0.139098 -0.161304 -0.027750
v 0.141830 -0.161304 -0.000015
v 0.139098 -0.161304 0.027721
v 0.131008 -0.161304 0.054391
v 0.117871 -0.161304 0.078969
v 0.100190 -0.161304 0.100513
v 0.078647 -0.161304 0.118193
v 0.054068 -0.161304 0.131331
v 0.027398 -0.161304 0.139421
v -0.000337 -0.161304 0.142153
v -0.028073 -0.161304 0.139421
v -0.054742 -0.161304 0.131331
v -0.079321 -0.161304 0.118193
v -0.100865 -0.161304 0.100513
v -0.118545 -0.161304 0.078969
v -0.131683 -0.161304 0.054391
v -0.139773 -0.161304 0.027721
v -0.142505 -0.161304 -0.000015
v -0.139773 -0.161304 -0.027750
v -0.131683 -0.161304 -0.054420
v -0.118545 -0.161304 -0.078998
v -0.100865 -0.161304 -0.100542
v -0.079321 -0.161304 -0.118222
v -0.054742 -0.161304 -0.131360
v -0.028073 -0.161304 -0.139450
v 0.043028 -0.201966 -0.155751
v 0.050128 -0.201966 -0.153597
v 0.099325 -0.201966 -0.127301
v 0.105060 -0.201966 -0.122594
v 0.140449 -0.201966 -0.079473
v 0.143946 -0.201966 -0.072929
v 0.160140 -0.201966 -0.019548
v 0.160867 -0.201966 -0.012164
v 0.155399 -0.201966 0.043351
v 0.153245 -0.201966 0.050451
v 0.126949 -0.201966 0.099648
v 0.122242 -0.201966 0.105383
v 0.079121 -0.201966 0.140772
v 0.072578 -0.201966 0.144269
v 0.019196 -0.201966 0.160462
v 0.011812 -0.201966 0.161189
v -0.043703 -0.201966 0.155722
v -0.050803 -0.201966 0.153568
v -0.099999 -0.201966 0.127272
v -0.105735 -0.201966 0.122565
v -0.141123 -0.201966 0.079444
v -0.144621 -0.201966 0.072900
v -0.160814 -0.201966 0.019519
v -0.161541 -0.201966 0.012135
v -0.156073 -0.201966 -0.043380
v -0.153920 -0.201966 -0.050480
v -0.127623 -0.201966 -0.099677
v -0.122917 -0.201966 -0.105412
v -0.079795 -0.201966 -0.140801
v -0.073252 -0.201966 -0.144298
v -0.019870 -0.201966 -0.160491
v -0.012487 -0.201966 -0.161218
v 0.043028 -0.174310 -0.155751
v 0.050128 -0.174310 -0.153597
v 0.099325 -0.174310 -0.127301
v 0.105060 -0.174310 -0.122594
v 0.140449 -0.174310 -0.079473
v 0.143946 -0.174310 -0.072929
v 0.160140 -0.174310 -0.019548
v 0.160867 -0.174310 -0.012164
v 0.155399 -0.174310 0.043351
v 0.153245 -0.174310 0.050451
v 0.126949 -0.174310 0.099648
v 0.122242 -0.174310 0.105383
v 0.079121 -0.174310 0.140772
v 0.072578 -0.174310 0.144269
v 0.019196 -0.174310 0.160462
v 0.011812 -0.174310 0.161189
v -0.043703 -0.174310 0.155722
v -0.050803 -0.174310 0.153568
v -0.099999 -0.174310 0.127272
v -0.105735 -0.174310 0.122565
v -0.141123 -0.174310 0.079444
v -0.144621 -0.174310 0.072900
v -0.160814 -0.174310 0.019519
v -0.161541 -0.174310 0.012135
v -0.156073 -0.174310 -0.043380
v -0.153920 -0.174310 -0.050480
v -0.127623 -0.174310 -0.099677
v -0.122917 -0.174310 -0.105412
v -0.079795 -0.174310 -0.140801
v -0.073252 -0.174310 -0.144298
v -0.019870 -0.174310 -0.160491
v -0.012487 -0.174310 -0.161218
v 0.004522 -0.210537 -0.174638
v 0.028964 -0.210537 -0.172231
v 0.070977 -0.210537 -0.159486
v 0.092638 -0.210537 -0.147908
v 0.126576 -0.210537 -0.120056
v 0.142157 -0.210537 -0.101070
v 0.162853 -0.210537 -0.062351
v 0.169983 -0.210537 -0.038848
v 0.174286 -0.210537 0.004845
v 0.171879 -0.210537 0.029287
v 0.159134 -0.210537 0.071300
v 0.147556 -0.210537 0.092961
v 0.119704 -0.210537 0.126899
v 0.100718 -0.210537 0.142480
v 0.061999 -0.210537 0.163176
v 0.038496 -0.210537 0.170306
v -0.005196 -0.210537 0.174609
v -0.029639 -0.210537 0.172201
v -0.071652 -0.210537 0.159457
v -0.093313 -0.210537 0.147879
v -0.127250 -0.210537 0.120027
v -0.142832 -0.210537 0.101041
v -0.163528 -0.210537 0.062322
v -0.170657 -0.210537 0.038819
v -0.174961 -0.210537 -0.004874
v -0.172553 -0.210537 -0.029316
v -0.159809 -0.210537 -0.071329
v -0.148231 -0.210537 -0.092990
v -0.120379 -0.210537 -0.126928
v -0.101393 -0.210537 -0.142509
v -0.062673 -0.210537 -0.163205
v -0.039170 -0.210537 -0.170335
v 0.004522 -0.165739 -0.174638
v 0.028964 -0.165739 -0.172230
v 0.070977 -0.165739 -0.159486
v 0.092638 -0.165739 -0.147908
v 0.126576 -0.165739 -0.120056
v 0.142157 -0.165739 -0.101070
v 0.162853 -0.165739 -0.062351
v 0.169983 -0.165739 -0.038848
v 0.174286 -0.165739 0.004845
v 0.171879 -0.165739 0.029287
v 0.159134 -0.165739 0.071300
v 0.147556 -0.165739 0.092961
v 0.119704 -0.165739 0.126899
v 0.100718 -0.165739 0.142480
v 0.061999 -0.165739 0.163176
v 0.038496 -0.165739 0.170306
v -0.005196 -0.165739 0.174609
v -0.029639 -0.165739 0.172201
v -0.071652 -0.165739 0.159457
v -0.093313 -0.165739 0.147879
v -0.127250 -0.165739 0.120027
v -0.142832 -0.165739 0.101041
v -0.163528 -0.165739 0.062322
v -0.170657 -0.165739 0.038819
v -0.174961 -0.165739 -0.004874
v -0.172553 -0.165739 -0.029316
v -0.159809 -0.165739 -0.071329
v -0.148231 -0.165739 -0.092990
v -0.120379 -0.165739 -0.126928
v -0.101393 -0.165739 -0.142509
v -0.062673 -0.165739 -0.163205
v -0.039170 -0.165739 -0.170335
v 0.078099 -0.185485 -0.189376
v 0.144594 -0.185485 -0.144945
v 0.189024 -0.185485 -0.078451
v 0.204626 -0.185485 -0.000015
v 0.189024 -0.185485 0.078421
v 0.144594 -0.185485 0.144916
v 0.078099 -0.185485 0.189347
v -0.000337 -0.185485 0.204949
v -0.078773 -0.185485 0.189347
v -0.145268 -0.185485 0.144916
v -0.189698 -0.185485 0.078421
v -0.205300 -0.185485 -0.000015
v -0.189698 -0.185485 -0.078451
v -0.145268 -0.185485 -0.144945
v -0.078773 -0.185485 -0.189376
v -0.000337 -0.185485 -0.204978
v 0.070052 -0.185485 -0.169950
v 0.129726 -0.185485 -0.130078
v 0.169599 -0.185485 -0.070404
v 0.183600 -0.185485 -0.000015
v 0.169599 -0.185485 0.070375
v 0.129726 -0.185485 0.130049
v 0.070052 -0.185485 0.169921
v -0.000337 -0.185485 0.183923
v -0.070727 -0.185485 0.169921
v -0.130400 -0.185485 0.130049
v -0.170273 -0.185485 0.070375
v -0.184274 -0.185485 -0.000015
v -0.170273 -0.185485 -0.070404
v -0.130400 -0.185485 -0.130078
v -0.070727 -0.185485 -0.169950
v -0.000337 -0.185485 -0.183952
v 0.039649 -0.185485 -0.201039
v 0.035547 -0.185485 -0.180417
v 0.113534 -0.185485 -0.170435
v 0.101853 -0.185485 -0.152953
v 0.170083 -0.185485 -0.113886
v 0.152601 -0.185485 -0.102205
v 0.200688 -0.185485 -0.040001
v 0.180066 -0.185485 -0.035899
v 0.200688 -0.185485 0.039972
v 0.180066 -0.185485 0.035870
v 0.170083 -0.185485 0.113857
v 0.152601 -0.185485 0.102176
v 0.113534 -0.185485 0.170406
v 0.101853 -0.185485 0.152924
v 0.039649 -0.185485 0.201010
v 0.035547 -0.185485 0.180388
v -0.040324 -0.185485 0.201010
v -0.036222 -0.185485 0.180388
v -0.114209 -0.185485 0.170406
v -0.102527 -0.185485 0.152924
v -0.170758 -0.185485 0.113857
v -0.153275 -0.185485 0.102176
v -0.201362 -0.185485 0.039972
v -0.180740 -0.185485 0.035870
v -0.201362 -0.185485 -0.040001
v -0.180740 -0.185485 -0.035899
v -0.170758 -0.185485 -0.113886
v -0.153275 -0.185485 -0.102205
v -0.114209 -0.185485 -0.170435
v -0.102527 -0.185485 -0.152953
v -0.040324 -0.185485 -0.201039
v -0.036222 -0.185485 -0.180417
v 0.014097 0.307910 -0.034861
v 0.007021 0.307910 -0.037007
v 0.026333 0.307910 -0.026685
v 0.020617 0.307910 -0.031375
v 0.034509 0.307910 -0.014448
v 0.031024 0.307910 -0.020969
v 0.037380 0.307910 -0.000014
v 0.036656 0.307910 -0.007373
v 0.034509 0.307910 0.014419
v 0.036656 0.307910 0.007344
v 0.026333 0.307910 0.026656
v 0.031024 0.307910 0.020940
v 0.014097 0.307910 0.034832
v 0.020617 0.307910 0.031346
v -0.000337 0.307910 0.037703
v 0.007021 0.307910 0.036978
v -0.014771 0.307910 0.034832
v -0.007696 0.307910 0.036978
v -0.027008 0.307910 0.026656
v -0.021292 0.307910 0.031346
v -0.035184 0.307910 0.014419
v -0.031698 0.307910 0.020940
v -0.038055 0.307910 -0.000014
v -0.037330 0.307910 0.007344
v -0.035184 0.307910 -0.014448
v -0.037330 0.307910 -0.007373
v -0.027008 0.307910 -0.026685
v -0.031698 0.307910 -0.020969
v -0.014771 0.307910 -0.034861
v -0.021292 0.307910 -0.031375
v -0.000337 0.307910 -0.037732
v -0.007696 0.307910 -0.037007
v 0.162910 0.188411 -0.451267
v 0.114630 0.188411 -0.465912
v 0.323170 0.188411 -0.354445
v 0.284170 0.188411 -0.386452
v 0.434179 0.188411 -0.203665
v 0.410396 0.188411 -0.248160
v 0.479037 0.188411 -0.021880
v 0.474092 0.188411 -0.072090
v 0.450915 0.188411 0.163233
v 0.465560 0.188411 0.114953
v 0.354093 0.188411 0.323493
v 0.386100 0.188411 0.284493
v 0.203313 0.188411 0.434502
v 0.247808 0.188411 0.410719
v 0.021529 0.188411 0.479360
v 0.071738 0.188411 0.474415
v -0.163584 0.188411 0.451238
v -0.115304 0.188411 0.465883
v -0.323845 0.188411 0.354416
v -0.284844 0.188411 0.386423
v -0.434854 0.188411 0.203636
v -0.411071 0.188411 0.248131
v -0.479712 0.188411 0.021851
v -0.474767 0.188411 0.072061
v -0.451589 0.188411 -0.163262
v -0.466235 0.188411 -0.114982
v -0.354768 0.188411 -0.323522
v -0.386775 0.188411 -0.284522
v -0.203987 0.188411 -0.434531
v -0.248483 0.188411 -0.410748
v -0.022203 0.188411 -0.479389
v -0.072413 0.188411 -0.474444
v 0.119844 0.247167 -0.347295
v 0.092675 0.247167 -0.355536
v 0.243594 0.247167 -0.274869
v 0.221647 0.247167 -0.292880
v 0.330208 0.247167 -0.160598
v 0.316824 0.247167 -0.185637
v 0.366499 0.247167 -0.021880
v 0.363716 0.247167 -0.050135
v 0.346943 0.247167 0.120166
v 0.355185 0.247167 0.092998
v 0.274517 0.247167 0.243917
v 0.292528 0.247167 0.221970
v 0.160247 0.247167 0.330530
v 0.185285 0.247167 0.317147
v 0.021529 0.247167 0.366822
v 0.049783 0.247167 0.364039
v -0.120518 0.247167 0.347266
v -0.093349 0.247167 0.355507
v -0.244268 0.247167 0.274840
v -0.222322 0.247167 0.292851
v -0.330882 0.247167 0.160569
v -0.317499 0.247167 0.185608
v -0.367174 0.247167 0.021851
v -0.364391 0.247167 0.050106
v -0.347618 0.247167 -0.120195
v -0.355859 0.247167 -0.093027
v -0.275191 0.247167 -0.243945
v -0.293203 0.247167 -0.221999
v -0.160921 0.247167 -0.330559
v -0.185960 0.247167 -0.317176
v -0.022203 0.247167 -0.366851
v -0.050458 0.247167 -0.364068
v 0.083801 0.241714 -0.349137
v -0.014749 0.241714 -0.358843
v 0.123666 0.241714 -0.337044
v 0.211000 0.241714 -0.290363
v 0.243202 0.241714 -0.263935
v 0.306024 0.241714 -0.187386
v 0.325662 0.241714 -0.150647
v 0.354408 0.241714 -0.055884
v 0.358491 0.241714 -0.014426
v 0.348785 0.241714 0.084124
v 0.336692 0.241714 0.123989
v 0.290011 0.241714 0.211323
v 0.263583 0.241714 0.243525
v 0.187034 0.241714 0.306347
v 0.150295 0.241714 0.325985
v 0.055532 0.241714 0.354731
v 0.014074 0.241714 0.358814
v -0.084476 0.241714 0.349108
v -0.124341 0.241714 0.337015
v -0.211674 0.241714 0.290334
v -0.243877 0.241714 0.263906
v -0.306699 0.241714 0.187357
v -0.326336 0.241714 0.150618
v -0.355082 0.241714 0.055855
v -0.359166 0.241714 0.014397
v -0.349459 0.241714 -0.084153
v -0.337366 0.241714 -0.124018
v -0.290686 0.241714 -0.211352
v -0.264258 0.241714 -0.243554
v -0.187709 0.241714 -0.306376
v -0.150969 0.241714 -0.326014
v -0.056207 0.241714 -0.354760
v 0.108269 0.176233 -0.472145
v -0.014749 0.176233 -0.484261
v 0.280678 0.176233 -0.394644
v 0.171661 0.176233 -0.452915
v 0.410306 0.176233 -0.257065
v 0.331886 0.176233 -0.352619
v 0.477416 0.176233 -0.080352
v 0.441533 0.176233 -0.198642
v 0.471793 0.176233 0.108592
v 0.483909 0.176233 -0.014426
v 0.394293 0.176233 0.281001
v 0.452563 0.176233 0.171984
v 0.256713 0.176233 0.410628
v 0.352267 0.176233 0.332209
v 0.080000 0.176233 0.477739
v 0.198290 0.176233 0.441856
v -0.108944 0.176233 0.472116
v 0.014074 0.176233 0.484232
v -0.281353 0.176233 0.394615
v -0.172336 0.176233 0.452886
v -0.410980 0.176233 0.257036
v -0.332561 0.176233 0.352590
v -0.478091 0.176233 0.080323
v -0.442208 0.176233 0.198613
v -0.472468 0.176233 -0.108621
v -0.484584 0.176233 0.014397
v -0.394967 0.176233 -0.281030
v -0.453238 0.176233 -0.172013
v -0.257388 0.176233 -0.410657
v -0.352942 0.176233 -0.332238
v -0.080675 0.176233 -0.477768
v -0.198965 0.176233 -0.441885
v 0.190432 0.169531 -0.460571
v 0.096916 0.169531 -0.488939
v 0.352158 0.169531 -0.352509
v 0.276616 0.169531 -0.414504
v 0.460219 0.169531 -0.190783
v 0.414153 0.169531 -0.276968
v 0.498166 0.169531 -0.000014
v 0.488587 0.169531 -0.097268
v 0.460219 0.169531 0.190754
v 0.488587 0.169531 0.097239
v 0.352158 0.169531 0.352480
v 0.414153 0.169531 0.276939
v 0.190432 0.169531 0.460542
v 0.276616 0.169531 0.414476
v -0.000337 0.169531 0.498488
v 0.096916 0.169531 0.488910
v -0.191106 0.169531 0.460542
v -0.097590 0.169531 0.488910
v -0.352832 0.169531 0.352480
v -0.277291 0.169531 0.414476
v -0.460894 0.169531 0.190754
v -0.414827 0.169531 0.276939
v -0.498840 0.169531 -0.000014
v -0.489262 0.169531 0.097239
v -0.460894 0.169531 -0.190783
v -0.489262 0.169531 -0.097268
v -0.352832 0.169531 -0.352509
v -0.414827 0.169531 -0.276968
v -0.191106 0.169531 -0.460571
v -0.277291 0.169531 -0.414504
v -0.000337 0.169531 -0.498517
v -0.097590 0.169531 -0.488939
v 0.067439 0.248416 -0.340750
v -0.000337 0.248416 -0.347425
v 0.132611 0.248416 -0.320980
v 0.192674 0.248416 -0.288876
v 0.245319 0.248416 -0.245671
v 0.288524 0.248416 -0.193026
v 0.320629 0.248416 -0.132963
v 0.340398 0.248416 -0.067791
v 0.347074 0.248416 -0.000014
v 0.340398 0.248416 0.067762
v 0.320629 0.248416 0.132934
v 0.288524 0.248416 0.192997
v 0.245319 0.248416 0.245642
v 0.192674 0.248416 0.288847
v 0.132611 0.248416 0.320951
v 0.067439 0.248416 0.340721
v -0.000337 0.248416 0.347396
v -0.068114 0.248416 0.340721
v -0.133286 0.248416 0.320951
v -0.193348 0.248416 0.288847
v -0.245994 0.248416 0.245642
v -0.289199 0.248416 0.192997
v -0.321303 0.248416 0.132934
v -0.341073 0.248416 0.067762
v -0.347748 0.248416 -0.000014
v -0.341073 0.248416 -0.067791
v -0.321303 0.248416 -0.132963
v -0.289199 0.248416 -0.193026
v -0.245994 0.248416 -0.245671
v -0.193348 0.248416 -0.288876
v -0.133286 0.248416 -0.320980
v -0.068114 0.248416 -0.340750
v 0.050976 0.278139 -0.271383
v 0.002277 0.278139 -0.276179
v 0.107762 0.278139 -0.254157
v 0.150918 0.278139 -0.231090
v 0.196790 0.278139 -0.193444
v 0.227833 0.278139 -0.155618
v 0.255807 0.278139 -0.103283
v 0.270011 0.278139 -0.056456
v 0.275828 0.278139 0.002600
v 0.271031 0.278139 0.051298
v 0.253805 0.278139 0.108085
v 0.230738 0.278139 0.151241
v 0.193092 0.278139 0.197112
v 0.155266 0.278139 0.228156
v 0.102931 0.278139 0.256129
v 0.056104 0.278139 0.270334
v -0.002952 0.278139 0.276150
v -0.051650 0.278139 0.271354
v -0.108437 0.278139 0.254128
v -0.151592 0.278139 0.231061
v -0.193767 0.278139 -0.197141
v -0.155940 0.278139 -0.228185
v -0.103605 0.278139 -0.256158
v -0.056779 0.278139 -0.270363
v 0.050976 0.274985 -0.271383
v 0.002277 0.274985 -0.276179
v 0.107762 0.274985 -0.254157
v 0.150918 0.274985 -0.231090
v 0.196790 0.274985 -0.193444
v 0.227833 0.274985 -0.155618
v 0.255807 0.274985 -0.103283
v 0.270011 0.274985 -0.056456
v 0.275828 0.274985 0.002600
v 0.271031 0.274985 0.051298
v 0.253805 0.274985 0.108085
v 0.230738 0.274985 0.151241
v 0.193092 0.274985 0.197112
v 0.155266 0.274985 0.228156
v 0.102931 0.274985 0.256129
v 0.056104 0.274985 0.270334
v -0.002952 0.274985 0.276150
v -0.051650 0.274985 0.271354
v -0.108437 0.274985 0.254128
v -0.151592 0.274985 0.231061
v -0.197464 0.274985 0.193415
v -0.228507 0.274985 0.155589
v -0.193767 0.274985 -0.197141
v -0.155940 0.274985 -0.228185
v -0.103605 0.274985 -0.256158
v -0.056779 0.274985 -0.270363
v 0.033798 0.272358 -0.171625
v -0.000337 0.272358 -0.174988
v 0.066622 0.272358 -0.161668
v 0.096873 0.272358 -0.145499
v 0.123387 0.272358 -0.123739
v 0.145148 0.272358 -0.097224
v 0.161317 0.272358 -0.066974
v 0.171274 0.272358 -0.034150
v 0.174636 0.272358 -0.000014
v 0.171274 0.272358 0.034121
v 0.161317 0.272358 0.066945
v 0.145148 0.272358 0.097195
v 0.123387 0.272358 0.123710
v 0.096873 0.272358 0.145470
v 0.066622 0.272358 0.161640
v 0.033798 0.272358 0.171596
v -0.000337 0.272358 0.174959
v -0.034473 0.272358 0.171596
v -0.067297 0.272358 0.161640
v -0.097547 0.272358 0.145470
v -0.124062 0.272358 0.123710
v -0.145822 0.272358 0.097195
v -0.161991 0.272358 0.066945
v -0.171948 0.272358 0.034121
v -0.175310 0.272358 -0.000014
v -0.171948 0.272358 -0.034150
v -0.161991 0.272358 -0.066974
v -0.145822 0.272358 -0.097224
v -0.124062 0.272358 -0.123739
v -0.097547 0.272358 -0.145499
v -0.067297 0.272358 -0.161668
v -0.034473 0.272358 -0.171625
v 0.053590 0.280767 -0.271126
v -0.000337 0.280767 -0.276437
v 0.153235 0.280767 -0.229851
v 0.105445 0.280767 -0.255396
v 0.229500 0.280767 -0.153587
v 0.195123 0.280767 -0.195475
v 0.270774 0.280767 -0.053942
v 0.255044 0.280767 -0.105797
v 0.270774 0.280767 0.053913
v 0.276085 0.280767 -0.000014
v 0.229500 0.280767 0.153558
v 0.255044 0.280767 0.105768
v 0.153235 0.280767 0.229822
v 0.195123 0.280767 0.195446
v 0.053590 0.280767 0.271097
v 0.105445 0.280767 0.255367
v -0.054265 0.280767 0.271097
v -0.000337 0.280767 0.276408
v -0.153909 0.280767 0.229822
v -0.106120 0.280767 0.255367
v -0.230174 0.280767 0.153558
v -0.195797 0.280767 0.195446
v -0.271448 0.280767 0.053913
v -0.255718 0.280767 0.105768
v -0.271448 0.280767 -0.053942
v -0.276760 0.280767 -0.000014
v -0.230174 0.280767 -0.153587
v -0.255718 0.280767 -0.105797
v -0.153909 0.280767 -0.229851
v -0.195797 0.280767 -0.195475
v -0.054265 0.280767 -0.271126
v -0.106120 0.280767 -0.255396
v -0.230174 0.272358 0.153558
v -0.195797 0.272358 0.195446
v -0.153909 0.272358 0.229822
v -0.106120 0.272358 0.255367
v -0.054265 0.272358 0.271097
v -0.000337 0.272358 0.276408
v 0.053590 0.272358 0.271097
v 0.105445 0.272358 0.255367
v 0.153235 0.272358 0.229822
v 0.195123 0.272358 0.195446
v 0.229500 0.272358 0.153558
v 0.255044 0.272358 0.105768
v 0.270774 0.272358 0.053913
v 0.053590 0.272358 -0.271126
v -0.000337 0.272358 -0.276437
v 0.153235 0.272358 -0.229851
v 0.105445 0.272358 -0.255396
v 0.229500 0.272358 -0.153587
v 0.195123 0.272358 -0.195475
v 0.270774 0.272358 -0.053942
v 0.255044 0.272358 -0.105797
v 0.276085 0.272358 -0.000014
v -0.271448 0.272358 0.053913
v -0.255718 0.272358 0.105768
v -0.271448 0.272358 -0.053942
v -0.276760 0.272358 -0.000014
v -0.230174 0.272358 -0.153587
v -0.255718 0.272358 -0.105797
v -0.153909 0.272358 -0.229851
v -0.195797 0.272358 -0.195475
v -0.054265 0.272358 -0.271126
v -0.106120 0.272358 -0.255396
v -0.230464 0.274985 0.157194
v -0.199420 0.274985 0.195020
v -0.152785 0.274985 0.233293
v -0.109630 0.274985 0.256360
v -0.051898 0.274985 0.273873
v -0.003200 0.274985 0.278669
v 0.056839 0.274985 0.272756
v 0.103666 0.274985 0.258551
v 0.156871 0.274985 0.230112
v 0.194698 0.274985 0.199069
v 0.232970 0.274985 0.152434
v 0.256037 0.274985 0.109278
v 0.273550 0.274985 0.051546
v 0.051224 0.274985 -0.273902
v 0.002525 0.274985 -0.278698
v 0.152111 0.274985 -0.233322
v 0.108955 0.274985 -0.256389
v 0.229789 0.274985 -0.157223
v 0.198746 0.274985 -0.195049
v 0.272433 0.274985 -0.057191
v 0.258228 0.274985 -0.104017
v 0.278346 0.274985 0.002848
v -0.157546 0.274985 -0.230141
v -0.195372 0.274985 -0.199098
v -0.057513 0.274985 -0.272785
v -0.104340 0.274985 -0.258580
v 0.074821 0.298346 -0.111844
v 0.050890 0.298346 -0.124636
v 0.131883 0.298346 -0.025945
v 0.124006 0.298346 -0.051912
v 0.111492 0.298346 0.075144
v 0.124284 0.298346 0.051213
v 0.025593 0.298346 0.132206
v 0.051560 0.298346 0.124329
v -0.075496 0.298346 0.111815
v -0.051564 0.298346 0.124607
v -0.132558 0.298346 0.025916
v -0.124681 0.298346 0.051883
v -0.112167 0.298346 -0.075173
v -0.124958 0.298346 -0.051242
v -0.026268 0.298346 -0.132235
v -0.052235 0.298346 -0.124358
v 0.158053 0.264362 0.065200
v 0.167732 0.264362 -0.033076
v 0.157775 0.264362 -0.065900
v -0.033399 0.264362 -0.168084
v -0.066222 0.264362 -0.158127
v 0.095128 0.264362 -0.142235
v 0.064878 0.264362 -0.158405
v -0.142558 0.264362 -0.095480
v -0.158727 0.264362 -0.065229
v 0.141884 0.264362 0.095451
v 0.032724 0.264362 0.168055
v 0.065548 0.264362 0.158098
v -0.095803 0.264362 0.142207
v -0.065552 0.264362 0.158376
v -0.168407 0.264362 0.033047
v -0.158450 0.264362 0.065871
v 0.100518 0.278469 -0.253065
v 0.105445 0.274808 -0.255396
v 0.053590 0.274808 -0.271126
v 0.056392 0.278469 -0.266450
v 0.189679 0.278469 -0.195207
v 0.195123 0.274808 -0.195475
v 0.153235 0.274808 -0.229851
v 0.154035 0.278469 -0.224460
v 0.249912 0.278469 -0.107633
v 0.255044 0.274808 -0.105797
v 0.229500 0.274808 -0.153587
v 0.228175 0.278469 -0.148299
v 0.272047 0.278469 -0.003675
v 0.276085 0.274808 -0.000014
v 0.270774 0.274808 -0.053942
v 0.267527 0.278469 -0.049564
v 0.252713 0.278469 0.100840
v 0.255044 0.274808 0.105768
v 0.270774 0.274808 0.053913
v 0.266099 0.278469 0.056715
v 0.194856 0.278469 0.190002
v 0.195123 0.274808 0.195446
v 0.229500 0.274808 0.153558
v 0.224108 0.278469 0.154357
v 0.107281 0.278469 0.250235
v 0.105445 0.274808 0.255367
v 0.153235 0.274808 0.229822
v 0.147948 0.278469 0.228498
v 0.003323 0.278469 0.272369
v -0.000337 0.274808 0.276408
v 0.053590 0.274808 0.271097
v 0.049212 0.278469 0.267850
v -0.101192 0.278469 0.253036
v -0.106120 0.274808 0.255367
v -0.054265 0.274808 0.271097
v -0.057067 0.278469 0.266421
v -0.190353 0.278469 0.195178
v -0.195797 0.274808 0.195446
v -0.153909 0.274808 0.229822
v -0.154709 0.278469 0.224431
v -0.250586 0.278469 0.107604
v -0.255718 0.274808 0.105768
v -0.230174 0.274808 0.153558
v -0.228850 0.278469 0.148270
v -0.272721 0.278469 0.003646
v -0.276760 0.274808 -0.000014
v -0.271448 0.274808 0.053913
v -0.268201 0.278469 0.049535
v -0.253388 0.278469 -0.100869
v -0.255718 0.274808 -0.105797
v -0.271448 0.274808 -0.053942
v -0.266773 0.278469 -0.056744
v -0.195530 0.278469 -0.190031
v -0.195797 0.274808 -0.195475
v -0.230174 0.274808 -0.153587
v -0.224782 0.278469 -0.154386
v -0.107956 0.278469 -0.250264
v -0.106120 0.274808 -0.255396
v -0.153909 0.274808 -0.229851
v -0.148622 0.278469 -0.228527
v -0.003998 0.278469 -0.272398
v -0.000337 0.274808 -0.276437
v -0.054265 0.274808 -0.271126
v -0.049887 0.278469 -0.267879
v 0.066622 0.274808 -0.161668
v 0.064510 0.278469 -0.166134
v 0.038036 0.278469 -0.174165
v 0.033798 0.274808 -0.171625
v 0.123387 0.274808 -0.123739
v 0.123145 0.278469 -0.128673
v 0.101759 0.278469 -0.146224
v 0.096873 0.274808 -0.145499
v 0.161317 0.274808 -0.066974
v 0.162981 0.278469 -0.071625
v 0.149940 0.278469 -0.096024
v 0.145148 0.274808 -0.097224
v 0.174636 0.274808 -0.000014
v 0.177953 0.278469 -0.003675
v 0.175242 0.278469 -0.031207
v 0.171274 0.274808 -0.034150
v 0.161317 0.274808 0.066945
v 0.165783 0.278469 0.064833
v 0.173814 0.278469 0.038358
v 0.171274 0.274808 0.034121
v 0.123387 0.274808 0.123710
v 0.128322 0.278469 0.123468
v 0.145872 0.278469 0.102082
v 0.145148 0.274808 0.097195
v 0.066622 0.274808 0.161640
v 0.071273 0.278469 0.163304
v 0.095672 0.278469 0.150263
v 0.096873 0.274808 0.145470
v -0.000337 0.274808 0.174959
v 0.003323 0.278469 0.178276
v 0.030855 0.278469 0.175565
v 0.033798 0.274808 0.171596
v -0.067297 0.274808 0.161640
v -0.065184 0.278469 0.166105
v -0.038710 0.278469 0.174136
v -0.034473 0.274808 0.171596
v -0.124062 0.274808 0.123710
v -0.123819 0.278469 0.128644
v -0.102434 0.278469 0.146195
v -0.097547 0.274808 0.145470
v -0.161991 0.274808 0.066945
v -0.163656 0.278469 0.071596
v -0.150614 0.278469 0.095995
v -0.145822 0.274808 0.097195
v -0.175310 0.274808 -0.000014
v -0.178628 0.278469 0.003646
v -0.175916 0.278469 0.031178
v -0.171948 0.274808 0.034121
v -0.161991 0.274808 -0.066974
v -0.166457 0.278469 -0.064862
v -0.174488 0.278469 -0.038387
v -0.171948 0.274808 -0.034150
v -0.124062 0.274808 -0.123739
v -0.128996 0.278469 -0.123497
v -0.146547 0.278469 -0.102111
v -0.145822 0.274808 -0.097224
v -0.067297 0.274808 -0.161668
v -0.071948 0.278469 -0.163333
v -0.096347 0.278469 -0.150291
v -0.097547 0.274808 -0.145499
v -0.000337 0.274808 -0.174988
v -0.003998 0.278469 -0.178305
v -0.031530 0.278469 -0.175593
v -0.034473 0.274808 -0.171625
v 0.010693 0.306342 -0.055467
v -0.000337 0.306342 -0.056554
v 0.021299 0.306342 -0.052250
v 0.031074 0.306342 -0.047025
v 0.039642 0.306342 -0.039994
v 0.046674 0.306342 -0.031426
v 0.051898 0.306342 -0.021651
v 0.055116 0.306342 -0.011045
v 0.056202 0.306342 -0.000014
v 0.055116 0.306342 0.011016
v 0.051898 0.306342 0.021622
v 0.046674 0.306342 0.031397
v 0.039642 0.306342 0.039965
v 0.031074 0.306342 0.046996
v 0.021299 0.306342 0.052221
v 0.010693 0.306342 0.055438
v -0.000337 0.306342 0.056525
v -0.011368 0.306342 0.055438
v -0.021974 0.306342 0.052221
v -0.031749 0.306342 0.046996
v -0.040317 0.306342 0.039965
v -0.047348 0.306342 0.031397
v -0.052573 0.306342 0.021622
v -0.055790 0.306342 0.011016
v -0.056877 0.306342 -0.000014
v -0.055790 0.306342 -0.011045
v -0.052573 0.306342 -0.021651
v -0.047348 0.306342 -0.031426
v -0.040317 0.306342 -0.039994
v -0.031749 0.306342 -0.047025
v -0.021974 0.306342 -0.052250
v -0.011368 0.306342 -0.055467
v 0.083801 0.241714 -0.349137
v -0.014749 0.241714 -0.358843
v 0.123666 0.241714 -0.337044
v 0.211000 0.241714 -0.290363
v 0.243202 0.241714 -0.263935
v 0.306024 0.241714 -0.187386
v 0.325662 0.241714 -0.150647
v 0.354408 0.241714 -0.055884
v 0.358491 0.241714 -0.014426
v 0.348785 0.241714 0.084124
v 0.336692 0.241714 0.123989
v 0.290011 0.241714 0.211323
v 0.263583 0.241714 0.243525
v 0.187034 0.241714 0.306347
v 0.150295 0.241714 0.325985
v 0.055532 0.241714 0.354731
v 0.014074 0.241714 0.358814
v -0.084476 0.241714 0.349108
v -0.124340 0.241714 0.337015
v -0.211674 0.241714 0.290334
v -0.243877 0.241714 0.263906
v -0.306699 0.241714 0.187357
v -0.326336 0.241714 0.150618
v -0.355082 0.241714 0.055855
v -0.359166 0.241714 0.014397
v -0.349459 0.241714 -0.084153
v -0.337366 0.241714 -0.124018
v -0.290686 0.241714 -0.211352
v -0.264258 0.241714 -0.243554
v -0.187709 0.241714 -0.306376
v -0.150969 0.241714 -0.326014
v -0.056207 0.241714 -0.354760
v 0.108269 0.176233 -0.472145
v -0.014749 0.176233 -0.484261
v 0.280678 0.176233 -0.394644
v 0.171661 0.176233 -0.452915
v 0.410306 0.176233 -0.257065
v 0.331886 0.176233 -0.352619
v 0.477416 0.176233 -0.080352
v 0.441533 0.176233 -0.198642
v 0.471793 0.176233 0.108592
v 0.483909 0.176233 -0.014426
v 0.394292 0.176233 0.281001
v 0.452563 0.176233 0.171984
v 0.256713 0.176233 0.410628
v 0.352267 0.176233 0.332209
v 0.080000 0.176233 0.477739
v 0.198290 0.176233 0.441856
v -0.108944 0.176233 0.472116
v 0.014074 0.176233 0.484232
v -0.281353 0.176233 0.394615
v -0.172336 0.176233 0.452886
v -0.410980 0.176233 0.257036
v -0.332561 0.176233 0.352590
v -0.478091 0.176233 0.080323
v -0.442208 0.176233 0.198613
v -0.472468 0.176233 -0.108621
v -0.484584 0.176233 0.014397
v -0.394967 0.176233 -0.281030
v -0.453238 0.176233 -0.172013
v -0.257388 0.176233 -0.410657
v -0.352942 0.176233 -0.332238
v -0.080675 0.176233 -0.477768
v -0.198965 0.176233 -0.441885
v 0.162910 0.188411 -0.451267
v 0.171791 0.177953 -0.453343
v 0.165794 0.187025 -0.452367
v 0.168343 0.185079 -0.453187
v 0.170307 0.182766 -0.453646
v 0.171496 0.180310 -0.453700
v 0.108399 0.177953 -0.472573
v 0.114630 0.188411 -0.465912
v 0.108843 0.180310 -0.472706
v 0.109801 0.182766 -0.472001
v 0.111180 0.185079 -0.470527
v 0.112844 0.187025 -0.468429
v 0.323170 0.188411 -0.354445
v 0.332170 0.177953 -0.352964
v 0.326256 0.187025 -0.354358
v 0.328924 0.185079 -0.354140
v 0.330915 0.182766 -0.353813
v 0.332034 0.180310 -0.353408
v 0.280962 0.177953 -0.394990
v 0.284170 0.188411 -0.386452
v 0.281423 0.180310 -0.394943
v 0.282039 0.182766 -0.393925
v 0.282749 0.185079 -0.392036
v 0.283483 0.187025 -0.389461
v 0.434179 0.188411 -0.203665
v 0.441927 0.177953 -0.198853
v 0.436997 0.187025 -0.202404
v 0.439379 0.185079 -0.201181
v 0.441093 0.182766 -0.200117
v 0.441971 0.180310 -0.199314
v 0.410700 0.177953 -0.257275
v 0.410396 0.188411 -0.248160
v 0.411108 0.180310 -0.257055
v 0.411287 0.182766 -0.255880
v 0.411220 0.185079 -0.253863
v 0.410913 0.187025 -0.251203
v 0.479037 0.188411 -0.021880
v 0.484354 0.177953 -0.014470
v 0.481158 0.187025 -0.019637
v 0.482891 0.185079 -0.017596
v 0.484067 0.182766 -0.015957
v 0.484571 0.180310 -0.014879
v 0.477861 0.177953 -0.080396
v 0.474092 0.188411 -0.072090
v 0.478154 0.180310 -0.080036
v 0.477869 0.182766 -0.078881
v 0.477036 0.185079 -0.077044
v 0.475734 0.187025 -0.074704
v 0.450915 0.188411 0.163233
v 0.452991 0.177953 0.172114
v 0.452015 0.187025 0.166116
v 0.452835 0.185079 0.168665
v 0.453295 0.182766 0.170630
v 0.453348 0.180310 0.171819
v 0.472221 0.177953 0.108722
v 0.465560 0.188411 0.114953
v 0.472354 0.180310 0.109166
v 0.471649 0.182766 0.110124
v 0.470176 0.185079 0.111503
v 0.468078 0.187025 0.113166
v 0.354093 0.188411 0.323493
v 0.352613 0.177953 0.332493
v 0.354007 0.187025 0.326578
v 0.353789 0.185079 0.329247
v 0.353461 0.182766 0.331238
v 0.353056 0.180310 0.332357
v 0.394638 0.177953 0.281285
v 0.386100 0.188411 0.284493
v 0.394591 0.180310 0.281746
v 0.393573 0.182766 0.282362
v 0.391684 0.185079 0.283071
v 0.389109 0.187025 0.283806
v 0.203313 0.188411 0.434502
v 0.198501 0.177953 0.442250
v 0.202052 0.187025 0.437319
v 0.200830 0.185079 0.439702
v 0.199765 0.182766 0.441416
v 0.198963 0.180310 0.442294
v 0.256924 0.177953 0.411023
v 0.247808 0.188411 0.410719
v 0.256704 0.180310 0.411431
v 0.255528 0.182766 0.411610
v 0.253511 0.185079 0.411543
v 0.250851 0.187025 0.411236
v 0.021529 0.188411 0.479360
v 0.014118 0.177953 0.484677
v 0.019286 0.187025 0.481480
v 0.017245 0.185079 0.483214
v 0.015605 0.182766 0.484390
v 0.014528 0.180310 0.484894
v 0.080044 0.177953 0.478184
v 0.071738 0.188411 0.474415
v 0.079684 0.180310 0.478477
v 0.078529 0.182766 0.478192
v 0.076692 0.185079 0.477358
v 0.074352 0.187025 0.476057
v -0.163584 0.188411 0.451238
v -0.172466 0.177953 0.453314
v -0.166468 0.187025 0.452338
v -0.169017 0.185079 0.453158
v -0.170982 0.182766 0.453617
v -0.172170 0.180310 0.453671
v -0.109073 0.177953 0.472544
v -0.115304 0.188411 0.465883
v -0.109518 0.180310 0.472677
v -0.110476 0.182766 0.471972
v -0.111854 0.185079 0.470498
v -0.113518 0.187025 0.468400
v -0.323845 0.188411 0.354416
v -0.332844 0.177953 0.352936
v -0.326930 0.187025 0.354329
v -0.329599 0.185079 0.354111
v -0.331590 0.182766 0.353784
v -0.332708 0.180310 0.353379
v -0.281636 0.177953 0.394961
v -0.284844 0.188411 0.386423
v -0.282098 0.180310 0.394914
v -0.282713 0.182766 0.393896
v -0.283423 0.185079 0.392007
v -0.284157 0.187025 0.389432
v -0.434854 0.188411 0.203636
v -0.442602 0.177953 0.198824
v -0.437671 0.187025 0.202375
v -0.440053 0.185079 0.201152
v -0.441768 0.182766 0.200088
v -0.442646 0.180310 0.199285
v -0.411374 0.177953 0.257246
v -0.411071 0.188411 0.248131
v -0.411782 0.180310 0.257026
v -0.411962 0.182766 0.255851
v -0.411895 0.185079 0.253834
v -0.411588 0.187025 0.251174
v -0.479712 0.188411 0.021851
v -0.485029 0.177953 0.014441
v -0.481832 0.187025 0.019608
v -0.483565 0.185079 0.017567
v -0.484741 0.182766 0.015928
v -0.485246 0.180310 0.014851
v -0.478536 0.177953 0.080367
v -0.474767 0.188411 0.072061
v -0.478828 0.180310 0.080007
v -0.478544 0.182766 0.078852
v -0.477710 0.185079 0.077015
v -0.476409 0.187025 0.074675
v -0.451589 0.188411 -0.163262
v -0.453666 0.177953 -0.172143
v -0.452690 0.187025 -0.166145
v -0.453510 0.185079 -0.168694
v -0.453969 0.182766 -0.170659
v -0.454023 0.180310 -0.171848
v -0.472895 0.177953 -0.108751
v -0.466235 0.188411 -0.114982
v -0.473028 0.180310 -0.109195
v -0.472324 0.182766 -0.110153
v -0.470850 0.185079 -0.111532
v -0.468752 0.187025 -0.113195
v -0.354768 0.188411 -0.323522
v -0.353287 0.177953 -0.332522
v -0.354681 0.187025 -0.326607
v -0.354463 0.185079 -0.329276
v -0.354136 0.182766 -0.331267
v -0.353730 0.180310 -0.332385
v -0.395313 0.177953 -0.281314
v -0.386775 0.188411 -0.284522
v -0.395265 0.180310 -0.281775
v -0.394248 0.182766 -0.282391
v -0.392359 0.185079 -0.283100
v -0.389784 0.187025 -0.283835
v -0.203987 0.188411 -0.434531
v -0.199176 0.177953 -0.442279
v -0.202727 0.187025 -0.437348
v -0.201504 0.185079 -0.439731
v -0.200439 0.182766 -0.441445
v -0.199637 0.180310 -0.442323
v -0.257598 0.177953 -0.411052
v -0.248483 0.188411 -0.410748
v -0.257378 0.180310 -0.411460
v -0.256202 0.182766 -0.411639
v -0.254186 0.185079 -0.411572
v -0.251526 0.187025 -0.411265
v -0.022203 0.188411 -0.479389
v -0.014792 0.177953 -0.484706
v -0.019960 0.187025 -0.481509
v -0.017919 0.185079 -0.483242
v -0.016280 0.182766 -0.484419
v -0.015202 0.180310 -0.484923
v -0.080718 0.177953 -0.478213
v -0.072413 0.188411 -0.474444
v -0.080359 0.180310 -0.478506
v -0.079204 0.182766 -0.478221
v -0.077366 0.185079 -0.477387
v -0.075026 0.187025 -0.476086
v 0.123796 0.243434 -0.337471
v 0.119844 0.247167 -0.347295
v 0.123742 0.245462 -0.338411
v 0.123253 0.246962 -0.340048
v 0.122379 0.247788 -0.342221
v 0.121204 0.247859 -0.344718
v 0.092675 0.247167 -0.355536
v 0.083931 0.243434 -0.349564
v 0.090112 0.247859 -0.354150
v 0.087748 0.247788 -0.352726
v 0.085813 0.246962 -0.351405
v 0.084498 0.245462 -0.350316
v 0.243486 0.243434 -0.264280
v 0.243594 0.247167 -0.274869
v 0.243795 0.245462 -0.265169
v 0.243971 0.246962 -0.266868
v 0.243995 0.247788 -0.269211
v 0.243865 0.247859 -0.271967
v 0.221647 0.247167 -0.292880
v 0.211283 0.243434 -0.290708
v 0.218749 0.247859 -0.292580
v 0.216020 0.247788 -0.292169
v 0.213727 0.246962 -0.291689
v 0.212095 0.245462 -0.291185
v 0.326056 0.243434 -0.150857
v 0.330208 0.247167 -0.160598
v 0.326682 0.245462 -0.151560
v 0.327494 0.246962 -0.153063
v 0.328413 0.247788 -0.155218
v 0.329348 0.247859 -0.157814
v 0.316824 0.247167 -0.185637
v 0.306418 0.243434 -0.187597
v 0.314032 0.247859 -0.186469
v 0.311353 0.247788 -0.187134
v 0.309051 0.246962 -0.187568
v 0.307351 0.245462 -0.187727
v 0.358936 0.243434 -0.014470
v 0.366499 0.247167 -0.021880
v 0.359784 0.245462 -0.014879
v 0.361109 0.246962 -0.015957
v 0.362782 0.247788 -0.017596
v 0.364639 0.247859 -0.019637
v 0.363716 0.247167 -0.050135
v 0.354853 0.243434 -0.055928
v 0.361455 0.247859 -0.051972
v 0.359235 0.247788 -0.053612
v 0.357274 0.246962 -0.054893
v 0.355764 0.245462 -0.055691
v 0.337120 0.243434 0.124119
v 0.346943 0.247167 0.120166
v 0.338060 0.245462 0.124064
v 0.339696 0.246962 0.123576
v 0.341869 0.247788 0.122702
v 0.344367 0.247859 0.121527
v 0.355185 0.247167 0.092998
v 0.349213 0.243434 0.084254
v 0.353798 0.247859 0.090435
v 0.352375 0.247788 0.088070
v 0.351053 0.246962 0.086136
v 0.349964 0.245462 0.084821
v 0.263929 0.243434 0.243809
v 0.274517 0.247167 0.243916
v 0.264818 0.245462 0.244118
v 0.266517 0.246962 0.244293
v 0.268859 0.247788 0.244317
v 0.271616 0.247859 0.244187
v 0.292528 0.247167 0.221970
v 0.290357 0.243434 0.211606
v 0.292228 0.247859 0.219072
v 0.291817 0.247788 0.216342
v 0.291337 0.246962 0.214050
v 0.290834 0.245462 0.212418
v 0.150506 0.243434 0.326379
v 0.160246 0.247167 0.330530
v 0.151208 0.245462 0.327005
v 0.152711 0.246962 0.327817
v 0.154866 0.247788 0.328736
v 0.157462 0.247859 0.329671
v 0.185285 0.247167 0.317147
v 0.187245 0.243434 0.306741
v 0.186117 0.247859 0.314354
v 0.186782 0.247788 0.311676
v 0.187216 0.246962 0.309374
v 0.187375 0.245462 0.307673
v 0.014118 0.243434 0.359259
v 0.021529 0.247167 0.366822
v 0.014528 0.245462 0.360106
v 0.015605 0.246962 0.361431
v 0.017245 0.247788 0.363105
v 0.019286 0.247859 0.364962
v 0.049783 0.247167 0.364039
v 0.055576 0.243434 0.355176
v 0.051620 0.247859 0.361777
v 0.053260 0.247788 0.359558
v 0.054541 0.246962 0.357597
v 0.055339 0.245462 0.356087
v -0.124470 0.243434 0.337443
v -0.120518 0.247167 0.347266
v -0.124416 0.245462 0.338382
v -0.123928 0.246962 0.340019
v -0.123053 0.247788 0.342192
v -0.121879 0.247859 0.344689
v -0.093349 0.247167 0.355507
v -0.084605 0.243434 0.349535
v -0.090786 0.247859 0.354121
v -0.088422 0.247788 0.352697
v -0.086488 0.246962 0.351376
v -0.085173 0.245462 0.350287
v -0.244160 0.243434 0.264251
v -0.244268 0.247167 0.274840
v -0.244470 0.245462 0.265140
v -0.244645 0.246962 0.266839
v -0.244669 0.247788 0.269182
v -0.244539 0.247859 0.271938
v -0.222322 0.247167 0.292851
v -0.211958 0.243434 0.290679
v -0.219423 0.247859 0.292551
v -0.216694 0.247788 0.292140
v -0.214401 0.246962 0.291660
v -0.212769 0.245462 0.291156
v -0.326731 0.243434 0.150828
v -0.330882 0.247167 0.160569
v -0.327357 0.245462 0.151531
v -0.328169 0.246962 0.153034
v -0.329087 0.247788 0.155189
v -0.330022 0.247859 0.157785
v -0.317499 0.247167 0.185608
v -0.307093 0.243434 0.187568
v -0.314706 0.247859 0.186440
v -0.312028 0.247788 0.187105
v -0.309726 0.246962 0.187539
v -0.308025 0.245462 0.187698
v -0.359611 0.243434 0.014441
v -0.367174 0.247167 0.021851
v -0.360458 0.245462 0.014850
v -0.361783 0.246962 0.015928
v -0.363456 0.247788 0.017567
v -0.365314 0.247859 0.019608
v -0.364391 0.247167 0.050106
v -0.355527 0.243434 0.055899
v -0.362129 0.247859 0.051943
v -0.359909 0.247788 0.053583
v -0.357948 0.246962 0.054864
v -0.356438 0.245462 0.055662
v -0.337794 0.243434 -0.124148
v -0.347618 0.247167 -0.120195
v -0.338734 0.245462 -0.124093
v -0.340371 0.246962 -0.123605
v -0.342544 0.247788 -0.122731
v -0.345041 0.247859 -0.121556
v -0.355859 0.247167 -0.093027
v -0.349887 0.243434 -0.084283
v -0.354473 0.247859 -0.090464
v -0.353049 0.247788 -0.088099
v -0.351728 0.246962 -0.086165
v -0.350638 0.245462 -0.084850
v -0.264603 0.243434 -0.243838
v -0.275191 0.247167 -0.243945
v -0.265492 0.245462 -0.244147
v -0.267191 0.246962 -0.244322
v -0.269533 0.247788 -0.244346
v -0.272290 0.247859 -0.244216
v -0.293203 0.247167 -0.221999
v -0.291031 0.243434 -0.211635
v -0.292902 0.247859 -0.219100
v -0.292492 0.247788 -0.216371
v -0.292011 0.246962 -0.214079
v -0.291508 0.245462 -0.212447
v -0.151180 0.243434 -0.326408
v -0.160921 0.247167 -0.330559
v -0.151883 0.245462 -0.327034
v -0.153385 0.246962 -0.327846
v -0.155540 0.247788 -0.328765
v -0.158137 0.247859 -0.329699
v -0.185960 0.247167 -0.317176
v -0.187920 0.243434 -0.306770
v -0.186792 0.247859 -0.314383
v -0.187457 0.247788 -0.311705
v -0.187890 0.246962 -0.309403
v -0.188050 0.245462 -0.307702
v -0.014792 0.243434 -0.359288
v -0.022203 0.247167 -0.366851
v -0.015202 0.245462 -0.360135
v -0.016280 0.246962 -0.361460
v -0.017919 0.247788 -0.363134
v -0.019960 0.247859 -0.364991
v -0.050458 0.247167 -0.364068
v -0.056250 0.243434 -0.355204
v -0.052295 0.247859 -0.361806
v -0.053934 0.247788 -0.359586
v -0.055216 0.246962 -0.357626
v -0.056014 0.245462 -0.356116
v 0.050976 0.278139 -0.271383
v 0.002277 0.278139 -0.276179
v 0.107762 0.278139 -0.254157
v 0.150918 0.278139 -0.231090
v 0.196790 0.278139 -0.193444
v 0.227833 0.278139 -0.155617
v 0.255807 0.278139 -0.103283
v 0.270011 0.278139 -0.056456
v 0.275828 0.278139 0.002600
v 0.271031 0.278139 0.051298
v 0.253805 0.278139 0.108085
v 0.230738 0.278139 0.151241
v 0.193092 0.278139 0.197112
v 0.155266 0.278139 0.228156
v 0.102931 0.278139 0.256129
v 0.056104 0.278139 0.270334
v -0.002952 0.278139 0.276150
v -0.051650 0.278139 0.271354
v -0.108437 0.278139 0.254128
v -0.151592 0.278139 0.231061
v -0.197464 0.278139 0.193415
v -0.228507 0.278139 0.155589
v -0.256481 0.278139 0.103254
v -0.270686 0.278139 0.056427
v -0.276502 0.278139 -0.002629
v -0.271706 0.278139 -0.051327
v -0.254480 0.278139 -0.108114
v -0.231413 0.278139 -0.151270
v -0.193767 0.278139 -0.197141
v -0.155940 0.278139 -0.228185
v -0.103605 0.278139 -0.256158
v -0.056779 0.278139 -0.270363
v 0.050976 0.274985 -0.271383
v 0.002277 0.274985 -0.276179
v 0.107762 0.274985 -0.254157
v 0.150918 0.274985 -0.231090
v 0.196790 0.274985 -0.193444
v 0.227833 0.274985 -0.155617
v 0.255807 0.274985 -0.103283
v 0.270011 0.274985 -0.056456
v 0.275828 0.274985 0.002600
v 0.271031 0.274985 0.051298
v 0.253805 0.274985 0.108085
v 0.230738 0.274985 0.151241
v 0.193092 0.274985 0.197112
v 0.155266 0.274985 0.228156
v 0.102931 0.274985 0.256129
v 0.056104 0.274985 0.270334
v -0.002952 0.274985 0.276150
v -0.051650 0.274985 0.271354
v -0.108437 0.274985 0.254128
v -0.151592 0.274985 0.231061
v -0.197464 0.274985 0.193415
v -0.228507 0.274985 0.155589
v -0.256481 0.274985 0.103254
v -0.270686 0.274985 0.056427
v -0.276502 0.274985 -0.002629
v -0.271706 0.274985 -0.051327
v -0.254480 0.274985 -0.108114
v -0.231413 0.274985 -0.151270
v -0.193767 0.274985 -0.197141
v -0.155940 0.274985 -0.228185
v -0.103605 0.274985 -0.256158
v -0.056779 0.274985 -0.270363
v -0.000337 0.272358 -0.174987
v 0.066622 0.272358 -0.161668
v 0.123387 0.272358 -0.123739
v 0.161317 0.272358 -0.066974
v 0.174636 0.272358 -0.000014
v 0.171274 0.272358 0.034121
v 0.145147 0.272358 0.097195
v 0.096873 0.272358 0.145470
v 0.033798 0.272358 0.171596
v -0.000337 0.272358 0.174959
v -0.034473 0.272358 0.171596
v -0.067297 0.272358 0.161640
v -0.097547 0.272358 0.145470
v -0.124062 0.272358 0.123710
v -0.145822 0.272358 0.097195
v -0.161991 0.272358 0.066945
v -0.171948 0.272358 0.034121
v -0.175310 0.272358 -0.000014
v -0.171948 0.272358 -0.034150
v -0.161991 0.272358 -0.066974
v -0.145822 0.272358 -0.097224
v -0.124062 0.272358 -0.123739
v -0.097547 0.272358 -0.145499
v -0.067297 0.272358 -0.161668
v 0.053590 0.280767 -0.271126
v -0.000337 0.280767 -0.276437
v 0.153235 0.280767 -0.229851
v 0.105445 0.280767 -0.255396
v 0.270774 0.280767 -0.053942
v 0.276085 0.280767 -0.000014
v 0.153235 0.280767 0.229822
v 0.053590 0.280767 0.271097
v -0.054265 0.280767 0.271097
v -0.000337 0.280767 0.276408
v -0.153909 0.280767 0.229822
v -0.230174 0.280767 0.153558
v -0.195797 0.280767 0.195446
v -0.271448 0.280767 0.053913
v -0.255718 0.280767 0.105768
v -0.271448 0.280767 -0.053942
v -0.276760 0.280767 -0.000014
v -0.230174 0.280767 -0.153587
v -0.255718 0.280767 -0.105797
v -0.153909 0.280767 -0.229851
v -0.195797 0.280767 -0.195475
v -0.054265 0.280767 -0.271126
v -0.106120 0.280767 -0.255396
v -0.230174 0.272358 0.153558
v -0.195797 0.272358 0.195446
v -0.153909 0.272358 0.229822
v -0.106120 0.272358 0.255367
v -0.054265 0.272358 0.271097
v -0.000337 0.272358 0.276408
v 0.053590 0.272358 0.271097
v 0.105445 0.272358 0.255367
v 0.153235 0.272358 0.229822
v 0.195123 0.272358 0.195446
v 0.229500 0.272358 0.153558
v 0.255044 0.272358 0.105768
v 0.270774 0.272358 0.053913
v 0.053590 0.272358 -0.271126
v -0.000337 0.272358 -0.276437
v 0.153235 0.272358 -0.229851
v 0.105445 0.272358 -0.255396
v 0.229500 0.272358 -0.153587
v 0.195123 0.272358 -0.195475
v 0.270774 0.272358 -0.053942
v 0.255044 0.272358 -0.105797
v 0.276085 0.272358 -0.000014
v -0.271448 0.272358 0.053913
v -0.255718 0.272358 0.105768
v -0.271448 0.272358 -0.053942
v -0.276760 0.272358 -0.000014
v -0.230174 0.272358 -0.153587
v -0.255718 0.272358 -0.105797
v -0.153909 0.272358 -0.229851
v -0.195797 0.272358 -0.195475
v -0.054265 0.272358 -0.271126
v -0.106120 0.272358 -0.255396
v 0.051224 0.278139 -0.273902
v 0.002525 0.278139 -0.278698
v 0.152111 0.278139 -0.233322
v 0.108955 0.278139 -0.256389
v 0.229789 0.278139 -0.157223
v 0.198746 0.278139 -0.195049
v 0.272433 0.278139 -0.057191
v 0.258228 0.278139 -0.104017
v 0.273550 0.278139 0.051546
v 0.278346 0.278139 0.002848
v 0.232970 0.278139 0.152434
v 0.256037 0.278139 0.109278
v 0.156871 0.278139 0.230112
v 0.194698 0.278139 0.199069
v 0.056839 0.278139 0.272756
v 0.103666 0.278139 0.258551
v -0.051898 0.278139 0.273873
v -0.003200 0.278139 0.278669
v -0.152785 0.278139 0.233293
v -0.109630 0.278139 0.256360
v -0.230464 0.278139 0.157194
v -0.199420 0.278139 0.195020
v -0.273107 0.278139 0.057162
v -0.258903 0.278139 0.103988
v -0.274224 0.278139 -0.051575
v -0.279021 0.278139 -0.002877
v -0.233645 0.278139 -0.152463
v -0.256712 0.278139 -0.109307
v -0.157546 0.278139 -0.230141
v -0.195372 0.278139 -0.199098
v -0.057513 0.278139 -0.272785
v -0.104340 0.278139 -0.258580
v -0.230464 0.274985 0.157194
v -0.199420 0.274985 0.195020
v -0.152785 0.274985 0.233293
v -0.109630 0.274985 0.256360
v -0.051898 0.274985 0.273873
v -0.003200 0.274985 0.278669
v 0.056839 0.274985 0.272756
v 0.103666 0.274985 0.258551
v 0.156871 0.274985 0.230112
v 0.194698 0.274985 0.199069
v 0.232970 0.274985 0.152434
v 0.256037 0.274985 0.109278
v 0.273550 0.274985 0.051546
v 0.051224 0.274985 -0.273902
v 0.002525 0.274985 -0.278698
v 0.152111 0.274985 -0.233322
v 0.108955 0.274985 -0.256389
v 0.229789 0.274985 -0.157223
v 0.198746 0.274985 -0.195049
v 0.272433 0.274985 -0.057191
v 0.258228 0.274985 -0.104017
v 0.278346 0.274985 0.002848
v -0.273107 0.274985 0.057162
v -0.258903 0.274985 0.103988
v -0.274224 0.274985 -0.051575
v -0.279021 0.274985 -0.002877
v -0.233645 0.274985 -0.152463
v -0.256712 0.274985 -0.109307
v -0.157546 0.274985 -0.230141
v -0.195372 0.274985 -0.199098
v -0.057513 0.274985 -0.272785
v -0.104340 0.274985 -0.258580
v 0.105445 0.274808 -0.255396
v 0.053590 0.274808 -0.271126
v 0.195123 0.274808 -0.195475
v 0.153235 0.274808 -0.229851
v 0.255044 0.274808 -0.105797
v 0.229500 0.274808 -0.153587
v 0.276085 0.274808 -0.000014
v 0.270774 0.274808 -0.053942
v 0.255044 0.274808 0.105768
v 0.270774 0.274808 0.053913
v 0.195123 0.274808 0.195446
v 0.229500 0.274808 0.153558
v 0.105445 0.274808 0.255367
v 0.153235 0.274808 0.229822
v -0.000337 0.274808 0.276408
v 0.053590 0.274808 0.271097
v -0.106120 0.274808 0.255367
v -0.054265 0.274808 0.271097
v -0.195797 0.274808 0.195446
v -0.153909 0.274808 0.229822
v -0.255718 0.274808 0.105768
v -0.230174 0.274808 0.153558
v -0.276760 0.274808 -0.000014
v -0.271448 0.274808 0.053913
v -0.255718 0.274808 -0.105797
v -0.271448 0.274808 -0.053942
v -0.195797 0.274808 -0.195475
v -0.230174 0.274808 -0.153587
v -0.106120 0.274808 -0.255396
v -0.153909 0.274808 -0.229851
v -0.000337 0.274808 -0.276437
v -0.054265 0.274808 -0.271126
v 0.066622 0.274808 -0.161668
v 0.123387 0.274808 -0.123739
v 0.161317 0.274808 -0.066974
v 0.174636 0.274808 -0.000014
v 0.171274 0.274808 0.034121
v 0.145147 0.274808 0.097195
v 0.096873 0.274808 0.145470
v -0.000337 0.274808 0.174959
v 0.033798 0.274808 0.171596
v -0.067297 0.274808 0.161640
v -0.034473 0.274808 0.171596
v -0.124062 0.274808 0.123710
v -0.097547 0.274808 0.145470
v -0.161991 0.274808 0.066945
v -0.145822 0.274808 0.097195
v -0.175310 0.274808 -0.000014
v -0.171948 0.274808 0.034121
v -0.161991 0.274808 -0.066974
v -0.171948 0.274808 -0.034150
v -0.124062 0.274808 -0.123739
v -0.145822 0.274808 -0.097224
v -0.067297 0.274808 -0.161668
v -0.097547 0.274808 -0.145499
v -0.000337 0.274808 -0.174987
v 0.010693 0.306342 -0.055467
v -0.000337 0.306342 -0.056554
v 0.021299 0.306342 -0.052250
v 0.031074 0.306342 -0.047025
v 0.039642 0.306342 -0.039994
v 0.046674 0.306342 -0.031426
v 0.051898 0.306342 -0.021651
v 0.055116 0.306342 -0.011045
v 0.056202 0.306342 -0.000014
v 0.055116 0.306342 0.011016
v 0.051898 0.306342 0.021622
v 0.046674 0.306342 0.031397
v 0.039642 0.306342 0.039965
v 0.031074 0.306342 0.046996
v 0.021299 0.306342 0.052221
v 0.010693 0.306342 0.055438
v -0.000337 0.306342 0.056525
v -0.011368 0.306342 0.055438
v -0.021974 0.306342 0.052221
v -0.031749 0.306342 0.046996
v -0.040317 0.306342 0.039965
v -0.047348 0.306342 0.031397
v -0.052573 0.306342 0.021622
v -0.055790 0.306342 0.011016
v -0.056877 0.306342 -0.000014
v -0.055790 0.306342 -0.011045
v -0.052573 0.306342 -0.021651
v -0.047348 0.306342 -0.031426
v -0.040317 0.306342 -0.039994
v -0.031749 0.306342 -0.047025
v -0.021974 0.306342 -0.052250
v -0.011368 0.306342 -0.055467
v 0.014097 0.307910 -0.034861
v 0.021109 0.306856 -0.051791
v 0.016552 0.313583 -0.040790
v 0.019119 0.310740 -0.046987
v 0.007021 0.307910 -0.037007
v 0.010596 0.306856 -0.054980
v 0.008273 0.313583 -0.043301
v 0.009582 0.310740 -0.049880
v 0.026333 0.307910 -0.026685
v 0.039291 0.306856 -0.039643
v 0.030871 0.313583 -0.031222
v 0.035614 0.310740 -0.035965
v 0.020617 0.307910 -0.031375
v 0.030798 0.306856 -0.046612
v 0.024183 0.313583 -0.036711
v 0.027909 0.310740 -0.042288
v 0.034509 0.307910 -0.014448
v 0.051440 0.306856 -0.021461
v 0.040438 0.313583 -0.016904
v 0.046635 0.310740 -0.019471
v 0.031024 0.307910 -0.020969
v 0.046261 0.306856 -0.031150
v 0.036359 0.313583 -0.024534
v 0.041937 0.310740 -0.028261
v 0.037380 0.307910 -0.000014
v 0.055706 0.306856 -0.000014
v 0.043798 0.313583 -0.000014
v 0.050505 0.310740 -0.000014
v 0.036656 0.307910 -0.007373
v 0.054629 0.306856 -0.010948
v 0.042950 0.313583 -0.008625
v 0.049528 0.310740 -0.009933
v 0.034509 0.307910 0.014419
v 0.051440 0.306856 0.021432
v 0.040438 0.313583 0.016875
v 0.046635 0.310740 0.019442
v 0.036656 0.307910 0.007344
v 0.054629 0.306856 0.010919
v 0.042950 0.313583 0.008596
v 0.049528 0.310740 0.009904
v 0.026333 0.307910 0.026656
v 0.039291 0.306856 0.039614
v 0.030871 0.313583 0.031194
v 0.035614 0.310740 0.035936
v 0.031024 0.307910 0.020940
v 0.046261 0.306856 0.031121
v 0.036359 0.313583 0.024506
v 0.041937 0.310740 0.028232
v 0.014097 0.307910 0.034832
v 0.021109 0.306856 0.051762
v 0.016552 0.313583 0.040761
v 0.019119 0.310740 0.046958
v 0.020617 0.307910 0.031346
v 0.030798 0.306856 0.046583
v 0.024183 0.313583 0.036682
v 0.027909 0.310740 0.042259
v -0.000337 0.307910 0.037703
v -0.000337 0.306856 0.056028
v -0.000337 0.313583 0.044120
v -0.000337 0.310740 0.050828
v 0.007021 0.307910 0.036978
v 0.010596 0.306856 0.054951
v 0.008273 0.313583 0.043272
v 0.009582 0.310740 0.049851
v -0.014771 0.307910 0.034832
v -0.021784 0.306856 0.051762
v -0.017227 0.313583 0.040761
v -0.019794 0.310740 0.046958
v -0.007696 0.307910 0.036978
v -0.011271 0.306856 0.054951
v -0.008948 0.313583 0.043272
v -0.010256 0.310740 0.049851
v -0.027008 0.307910 0.026656
v -0.039965 0.306856 0.039614
v -0.031545 0.313583 0.031194
v -0.036288 0.310740 0.035936
v -0.021292 0.307910 0.031346
v -0.031473 0.306856 0.046583
v -0.024857 0.313583 0.036682
v -0.028584 0.310740 0.042259
v -0.035184 0.307910 0.014419
v -0.052114 0.306856 0.021432
v -0.041112 0.313583 0.016875
v -0.047309 0.310740 0.019442
v -0.031698 0.307910 0.020940
v -0.046935 0.306856 0.031121
v -0.037034 0.313583 0.024506
v -0.042611 0.310740 0.028232
v -0.038055 0.307910 -0.000014
v -0.056380 0.306856 -0.000014
v -0.044472 0.313583 -0.000014
v -0.051180 0.310740 -0.000014
v -0.037330 0.307910 0.007344
v -0.055303 0.306856 0.010919
v -0.043624 0.313583 0.008596
v -0.050203 0.310740 0.009904
v -0.035184 0.307910 -0.014448
v -0.052114 0.306856 -0.021461
v -0.041112 0.313583 -0.016904
v -0.047309 0.310740 -0.019471
v -0.037330 0.307910 -0.007373
v -0.055303 0.306856 -0.010948
v -0.043624 0.313583 -0.008625
v -0.050203 0.310740 -0.009933
v -0.027008 0.307910 -0.026685
v -0.039965 0.306856 -0.039643
v -0.031545 0.313583 -0.031222
v -0.036288 0.310740 -0.035965
v -0.031698 0.307910 -0.020969
v -0.046935 0.306856 -0.031150
v -0.037034 0.313583 -0.024534
v -0.042611 0.310740 -0.028261
v -0.014771 0.307910 -0.034861
v -0.021784 0.306856 -0.051791
v -0.017227 0.313583 -0.040790
v -0.019794 0.310740 -0.046987
v -0.021292 0.307910 -0.031375
v -0.031473 0.306856 -0.046612
v -0.024857 0.313583 -0.036711
v -0.028584 0.310740 -0.042288
v -0.000337 0.306856 -0.056057
v -0.000337 0.307910 -0.037732
v -0.000337 0.310740 -0.050857
v -0.000337 0.313583 -0.044149
v -0.007696 0.307910 -0.037007
v -0.011271 0.306856 -0.054980
v -0.008948 0.313583 -0.043301
v -0.010256 0.310740 -0.049880
vn -0.0000 1.0000 -0.0000
vn 0.2903 -0.0094 -0.9569
vn -0.2903 0.0009 -0.9569
vn 0.6344 -0.0094 -0.7730
vn 0.8819 -0.0094 -0.4714
vn 0.2903 -0.0000 0.9569
vn 0.9951 -0.0094 -0.0980
vn 0.9569 -0.0094 0.2903
vn 0.7730 -0.0094 0.6344
vn 0.9569 0.0009 -0.2903
vn 0.4714 -0.0094 0.8819
vn 0.0980 -0.0094 0.9951
vn 0.0090 0.9998 -0.0168
vn -0.2903 -0.0094 0.9569
vn -0.6344 0.0009 -0.7730
vn -0.6344 -0.0094 0.7730
vn 0.7730 0.0009 -0.6344
vn -0.8819 -0.0094 0.4714
vn 0.6344 -0.0000 0.7730
vn -0.9951 -0.0094 0.0980
vn 0.9569 -0.0000 -0.2903
vn -0.9569 -0.0094 -0.2903
vn -0.7730 -0.0094 -0.6344
vn 0.4714 0.0009 -0.8819
vn -0.4714 -0.0094 -0.8819
vn -0.0980 -0.0094 -0.9951
vn -0.4714 0.0070 -0.8819
vn -0.0980 -0.0000 -0.9952
vn -0.7728 0.6331 0.0437
vn 0.9114 -0.4115 0.0065
vn 0.7730 -0.0000 -0.6344
vn -0.1838 0.7739 -0.6060
vn -0.9569 -0.0000 0.2903
vn 0.8479 0.2749 0.4532
vn -0.4714 -0.0000 -0.8819
vn 0.0897 0.4021 0.9112
vn 0.3548 -0.4115 -0.8395
vn -0.8819 0.0009 -0.4714
vn -0.4017 0.7739 -0.4895
vn -0.0000 -1.0000 -0.0000
vn -0.9964 -0.0185 -0.0825
vn -0.7730 -0.0000 -0.6344
vn 0.5156 0.6331 -0.5774
vn 0.0720 -0.9972 0.0218
vn 0.0980 0.0009 -0.9952
vn -0.5585 0.7739 -0.2985
vn -0.4575 -0.0185 0.8890
vn -0.9569 -0.0000 -0.2903
vn 0.0045 0.9990 0.0453
vn -0.5117 -0.4115 -0.7542
vn 0.8819 -0.0000 0.4714
vn -0.6302 0.7739 -0.0621
vn -0.5680 -0.7650 -0.3036
vn -0.9952 -0.0000 0.0980
vn -0.7494 0.6331 -0.1937
vn -0.8926 -0.4115 0.1842
vn 0.4714 -0.0000 -0.8819
vn -0.6060 0.7739 0.1838
vn 0.1214 -0.0067 -0.9926
vn -0.8819 -0.0000 0.4714
vn 0.8762 0.4021 0.2658
vn 0.9471 -0.1427 0.2873
vn -0.4895 0.7739 0.4017
vn -0.8819 -0.0000 -0.4714
vn 0.6100 0.2749 0.7432
vn -0.6344 -0.0000 0.7730
vn 0.6669 0.6331 -0.3930
vn 0.8445 -0.4115 -0.3428
vn 0.0182 -0.9998 -0.0055
vn -0.2985 0.7739 0.5585
vn -0.7730 -0.0000 0.6344
vn -0.0825 -0.0185 0.9964
vn -0.2903 -0.0000 0.9569
vn 0.7307 0.6331 0.2554
vn 0.0065 -0.4115 -0.9114
vn -0.0621 0.7739 0.6302
vn -0.4086 -0.7650 -0.4978
vn 0.0980 -0.0000 0.9952
vn 0.0436 0.9990 0.0132
vn 0.0581 -0.9972 0.0477
vn 0.0980 -0.0000 -0.9952
vn 0.1838 0.7739 0.6060
vn -0.2677 -0.0067 -0.9635
vn 0.4714 -0.0000 0.8819
vn -0.1079 0.6331 -0.7665
vn -0.7614 -0.4115 -0.5010
vn -0.9952 0.0009 -0.0980
vn 0.4017 0.7739 0.4895
vn 0.2791 0.2749 0.9201
vn 0.7730 -0.0000 0.6344
vn -0.4316 0.4021 -0.8075
vn -0.7542 -0.4115 0.5117
vn 0.0147 -0.9998 -0.0121
vn 0.5585 0.7739 0.2985
vn 0.3051 -0.0185 0.9521
vn 0.9569 -0.0000 0.2903
vn 0.5809 0.4021 -0.7078
vn 0.7651 -0.1427 0.6279
vn 0.9952 -0.0000 0.0980
vn 0.6302 0.7739 0.0621
vn -0.9952 -0.0000 -0.0980
vn -0.1870 -0.7650 -0.6163
vn 0.9952 -0.0000 -0.0980
vn -0.0215 0.9990 -0.0402
vn -0.3428 -0.4115 -0.8445
vn 0.6060 0.7739 -0.1838
vn -0.4714 -0.0000 0.8819
vn -0.6160 -0.0067 -0.7877
vn 0.8819 -0.0000 -0.4714
vn 0.6183 0.6331 0.4657
vn 0.0354 -0.9972 0.0663
vn 0.4895 0.7739 -0.4017
vn -0.0942 0.2749 0.9568
vn 0.6344 -0.0000 -0.7730
vn 0.0437 0.6331 0.7728
vn -0.5010 -0.4115 0.7614
vn 0.0090 -0.9998 -0.0168
vn 0.2985 0.7739 -0.5585
vn 0.6463 -0.0185 0.7629
vn 0.2903 -0.0000 -0.9569
vn 0.0289 0.9990 -0.0352
vn 0.4666 -0.1427 0.8729
vn -0.0055 -0.9998 -0.0182
vn 0.0621 0.7739 -0.6302
vn 0.0631 -0.7650 -0.6409
vn 0.4714 0.0070 -0.8819
vn -0.6344 0.0070 -0.7730
vn 0.2903 0.0070 -0.9569
vn -0.7730 0.0070 -0.6344
vn 0.0980 0.0070 -0.9952
vn -0.8819 0.0070 -0.4714
vn -0.9569 0.0070 -0.2903
vn -0.9952 0.0070 -0.0980
vn -0.9952 0.0070 0.0980
vn -0.9569 0.0070 0.2903
vn -0.8819 0.0070 0.4714
vn -0.0980 -0.0000 0.9952
vn -0.7730 0.0070 0.6344
vn -0.6344 0.0070 0.7730
vn -0.4714 0.0070 0.8819
vn -0.9808 -0.0000 -0.1951
vn -0.3827 -0.0000 0.9239
vn -0.0000 -0.0000 1.0000
vn 0.5556 -0.0000 -0.8315
vn 0.3827 -0.0000 0.9239
vn -0.2903 -0.0000 -0.9569
vn -0.6344 -0.0000 -0.7730
vn 0.6816 0.5727 0.4555
vn 0.6816 0.5727 -0.4555
vn -0.7464 0.2601 0.6126
vn -0.9609 0.2601 -0.0946
vn -0.7574 0.5727 -0.3137
vn -0.5797 0.5727 0.5797
vn -0.8198 0.5727 -0.0000
vn 0.4555 0.5727 -0.6816
vn -0.4552 0.2601 0.8516
vn -0.9240 0.2601 0.2803
vn 0.8040 0.5727 0.1599
vn -0.3137 0.5727 0.7574
vn 0.1599 0.5727 -0.8040
vn -0.0946 0.2601 0.9609
vn 0.2803 0.2601 0.9240
vn 0.0980 -0.0094 -0.9951
vn 0.4714 -0.0094 -0.8819
vn 0.7730 -0.0094 -0.6344
vn 0.9569 -0.0094 -0.2903
vn 0.9951 -0.0094 0.0980
vn 0.8819 -0.0095 0.4714
vn 0.8819 -0.0094 0.4714
vn 0.6344 -0.0094 0.7730
vn 0.2903 -0.0094 0.9569
vn -0.0980 -0.0094 0.9951
vn -0.4714 -0.0094 0.8819
vn -0.7730 -0.0094 0.6344
vn -0.9569 -0.0094 0.2903
vn -0.9951 -0.0094 -0.0980
vn -0.8819 -0.0094 -0.4714
vn -0.6344 -0.0094 -0.7730
vn -0.2903 -0.0094 -0.9569
vn 0.9569 -0.0095 -0.2903
vn 0.9952 0.0009 0.0980
vn 0.8819 0.0009 0.4714
vn 0.6344 0.0009 0.7730
vn 0.2903 0.0009 0.9569
vn -0.0980 0.0009 0.9952
vn -0.4714 0.0009 0.8819
vn -0.7730 0.0009 0.6344
vn -0.9569 0.0009 0.2903
vn -0.0055 0.9998 -0.0182
vn -0.0121 0.9998 -0.0147
vn 0.0190 -0.9998 0.0019
vn -0.0168 0.9998 -0.0090
vn 0.0019 0.9998 -0.0190
vn -0.0190 0.9998 -0.0019
vn -0.0019 -0.9998 0.0190
vn 0.0168 -0.9998 0.0090
vn -0.0182 0.9998 0.0055
vn -0.0147 0.9998 0.0121
vn -0.0090 -0.9998 0.0168
vn 0.0121 -0.9998 0.0147
vn -0.0090 0.9998 0.0168
vn -0.0019 0.9998 0.0190
vn -0.0147 -0.9998 0.0121
vn 0.0055 -0.9998 0.0182
vn 0.0055 0.9998 0.0182
vn 0.0121 0.9998 0.0147
vn -0.0182 -0.9998 0.0055
vn -0.0000 1.0000 0.0001
vn 0.0168 0.9998 0.0090
vn 0.0190 0.9998 0.0019
vn -0.0190 -0.9998 -0.0019
vn 0.0182 0.9998 -0.0055
vn 0.0147 0.9998 -0.0121
vn -0.0168 -0.9998 -0.0090
vn -0.0121 -0.9998 -0.0147
vn 0.0019 -0.9998 -0.0190
vn 0.0968 -0.1564 -0.9829
vn 0.0873 -0.4540 -0.8867
vn 0.0693 -0.7071 -0.7037
vn 0.0445 -0.8910 -0.4518
vn 0.0153 -0.9877 -0.1557
vn 0.0970 0.1468 -0.9844
vn 0.0970 0.1469 -0.9844
vn 0.0878 0.4438 -0.8918
vn 0.0703 0.6970 -0.7137
vn 0.0460 0.8831 -0.4669
vn 0.0172 0.9846 -0.1742
vn -0.9676 -0.0024 -0.2525
vn -0.8422 -0.0051 -0.5391
vn -0.6344 -0.0073 -0.7729
vn -0.6344 -0.0073 -0.7730
vn -0.3645 -0.0088 -0.9312
vn -0.3644 -0.0088 -0.9312
vn -0.0588 -0.0095 -0.9982
vn -0.0589 -0.0095 -0.9982
vn 0.9983 -0.0000 -0.0589
vn 0.9312 -0.0000 -0.3645
vn 0.5392 -0.0000 -0.8422
vn 0.2525 -0.0000 -0.9676
vn 0.2524 -0.0000 -0.9676
vn 0.3277 -0.0000 -0.9448
vn 0.3276 -0.0000 -0.9448
vn 0.0196 -0.0000 -0.9998
vn -0.5718 -0.0000 -0.8204
vn -0.5717 -0.0000 -0.8204
vn -0.7973 -0.0000 -0.6035
vn -0.7973 -0.0000 -0.6036
vn 0.4656 -0.1564 -0.8711
vn 0.4200 -0.4540 -0.7858
vn 0.3333 -0.7071 -0.6236
vn 0.2140 -0.8910 -0.4004
vn 0.0737 -0.9877 -0.1380
vn 0.0737 -0.9877 -0.1379
vn 0.4663 0.1468 -0.8724
vn 0.4663 0.1469 -0.8724
vn 0.4224 0.4438 -0.7903
vn 0.3380 0.6970 -0.6324
vn 0.2211 0.8831 -0.4137
vn 0.0825 0.9846 -0.1543
vn 0.9448 -0.0000 0.3276
vn 0.9998 -0.0000 0.0196
vn 0.8204 -0.0000 -0.5718
vn 0.6036 -0.0000 -0.7973
vn 0.6643 -0.0000 -0.7475
vn 0.6642 -0.0000 -0.7475
vn 0.4007 -0.0000 -0.9162
vn -0.2143 -0.0000 -0.9768
vn -0.5056 -0.0000 -0.8627
vn -0.5057 -0.0000 -0.8627
vn 0.7635 -0.1564 -0.6266
vn 0.7635 -0.1565 -0.6266
vn 0.6888 -0.4540 -0.5653
vn 0.6888 -0.4540 -0.5652
vn 0.5466 -0.7071 -0.4486
vn 0.3509 -0.8910 -0.2880
vn 0.1209 -0.9877 -0.0992
vn 0.1209 -0.9877 -0.0993
vn 0.7646 0.1468 -0.6275
vn 0.7646 0.1469 -0.6275
vn 0.6927 0.4438 -0.5685
vn 0.5543 0.6970 -0.4549
vn 0.3626 0.8831 -0.2976
vn 0.1353 0.9846 -0.1110
vn 0.7475 -0.0000 0.6643
vn 0.7475 -0.0000 0.6642
vn 0.9162 -0.0000 0.4008
vn 0.9768 -0.0000 -0.2143
vn 0.8627 -0.0000 -0.5056
vn 0.8997 -0.0000 -0.4364
vn 0.7209 -0.0000 -0.6931
vn 0.1758 -0.0000 -0.9844
vn -0.1370 -0.0000 -0.9906
vn 0.9452 -0.1565 -0.2867
vn 0.8526 -0.4540 -0.2586
vn 0.8527 -0.4540 -0.2586
vn 0.6767 -0.7071 -0.2053
vn 0.4344 -0.8910 -0.1318
vn 0.4345 -0.8910 -0.1318
vn 0.1497 -0.9877 -0.0454
vn 0.9466 0.1469 -0.2871
vn 0.8575 0.4438 -0.2601
vn 0.8576 0.4438 -0.2601
vn 0.6862 0.6970 -0.2082
vn 0.4489 0.8831 -0.1362
vn 0.1675 0.9846 -0.0508
vn 0.4364 -0.0000 0.8997
vn 0.6931 -0.0000 0.7208
vn 0.6931 -0.0000 0.7209
vn 0.9844 -0.0000 0.1758
vn 0.9906 -0.0000 -0.1370
vn 0.5391 -0.0000 -0.8422
vn 0.9829 -0.1564 0.0968
vn 0.8867 -0.4540 0.0873
vn 0.7037 -0.7071 0.0693
vn 0.4518 -0.8910 0.0445
vn 0.1557 -0.9877 0.0153
vn 0.9844 0.1468 0.0970
vn 0.9844 0.1469 0.0970
vn 0.8918 0.4438 0.0878
vn 0.7137 0.6969 0.0703
vn 0.7136 0.6970 0.0703
vn 0.4669 0.8831 0.0460
vn 0.1741 0.9846 0.0172
vn 0.1742 0.9846 0.0172
vn 0.0589 -0.0000 0.9983
vn 0.3645 -0.0000 0.9312
vn 0.8422 -0.0000 0.5391
vn 0.8422 -0.0000 0.5392
vn 0.9676 -0.0000 0.2525
vn 0.6035 -0.0000 -0.7973
vn 0.8711 -0.1564 0.4656
vn 0.7858 -0.4540 0.4200
vn 0.6236 -0.7071 0.3333
vn 0.4004 -0.8910 0.2140
vn 0.1380 -0.9877 0.0737
vn 0.8724 0.1468 0.4663
vn 0.8724 0.1469 0.4663
vn 0.7903 0.4438 0.4224
vn 0.6324 0.6970 0.3380
vn 0.4137 0.8831 0.2211
vn 0.1543 0.9846 0.0825
vn -0.3276 -0.0000 0.9448
vn -0.0196 -0.0000 0.9998
vn 0.5718 -0.0000 0.8204
vn 0.7973 -0.0000 0.6035
vn 0.7973 -0.0000 0.6036
vn 0.9162 -0.0000 0.4007
vn 0.8627 -0.0000 -0.5057
vn 0.6266 -0.1565 0.7635
vn 0.6266 -0.1564 0.7635
vn 0.5652 -0.4540 0.6887
vn 0.5652 -0.4540 0.6888
vn 0.4486 -0.7071 0.5466
vn 0.2880 -0.8910 0.3509
vn 0.0992 -0.9877 0.1209
vn 0.6275 0.1468 0.7646
vn 0.6275 0.1469 0.7646
vn 0.5685 0.4438 0.6927
vn 0.4549 0.6970 0.5543
vn 0.4549 0.6969 0.5543
vn 0.2976 0.8831 0.3627
vn 0.1110 0.9846 0.1353
vn -0.6643 -0.0000 0.7475
vn -0.4007 -0.0000 0.9162
vn -0.4008 -0.0000 0.9162
vn -0.0981 -0.0000 0.9952
vn 0.2143 -0.0000 0.9768
vn 0.5057 -0.0000 0.8627
vn 0.5056 -0.0000 0.8628
vn 0.6930 -0.0000 0.7209
vn 0.2867 -0.1564 0.9452
vn 0.2867 -0.1565 0.9452
vn 0.2586 -0.4540 0.8526
vn 0.2586 -0.4540 0.8527
vn 0.2053 -0.7071 0.6767
vn 0.2053 -0.7071 0.6766
vn 0.1318 -0.8910 0.4344
vn 0.1318 -0.8910 0.4345
vn 0.0454 -0.9877 0.1497
vn 0.2871 0.1469 0.9466
vn 0.2601 0.4438 0.8576
vn 0.2082 0.6970 0.6862
vn 0.1362 0.8831 0.4489
vn 0.0508 0.9846 0.1675
vn 0.0508 0.9846 0.1674
vn -0.8998 -0.0000 0.4364
vn -0.8997 -0.0000 0.4364
vn -0.7209 -0.0000 0.6931
vn -0.1758 -0.0000 0.9844
vn 0.1370 -0.0000 0.9906
vn -0.0968 -0.1564 0.9829
vn -0.0873 -0.4540 0.8867
vn -0.0693 -0.7071 0.7037
vn -0.0445 -0.8910 0.4518
vn -0.0153 -0.9877 0.1557
vn -0.0970 0.1468 0.9844
vn -0.0970 0.1469 0.9844
vn -0.0878 0.4438 0.8918
vn -0.0703 0.6970 0.7137
vn -0.0460 0.8831 0.4669
vn -0.0172 0.9846 0.1742
vn -0.0172 0.9846 0.1741
vn -0.9983 -0.0000 0.0589
vn -0.9312 -0.0000 0.3645
vn -0.5392 -0.0000 0.8422
vn -0.5391 -0.0000 0.8422
vn -0.2525 -0.0000 0.9676
vn -0.2524 -0.0000 0.9676
vn -0.0197 -0.0000 0.9998
vn -0.4656 -0.1564 0.8711
vn -0.4200 -0.4540 0.7858
vn -0.3333 -0.7071 0.6236
vn -0.2140 -0.8910 0.4004
vn -0.0737 -0.9877 0.1380
vn -0.0737 -0.9877 0.1379
vn -0.4663 0.1468 0.8724
vn -0.4663 0.1469 0.8724
vn -0.4224 0.4438 0.7903
vn -0.3380 0.6970 0.6324
vn -0.2211 0.8831 0.4137
vn -0.0825 0.9846 0.1543
vn -0.9448 -0.0000 -0.3276
vn -0.9998 -0.0000 -0.0196
vn -0.8204 -0.0000 0.5718
vn -0.6036 -0.0000 0.7973
vn -0.6642 -0.0000 0.7475
vn -0.7635 -0.1564 0.6266
vn -0.7635 -0.1565 0.6266
vn -0.6888 -0.4540 0.5653
vn -0.6888 -0.4540 0.5652
vn -0.5466 -0.7071 0.4486
vn -0.3509 -0.8910 0.2880
vn -0.1209 -0.9877 0.0992
vn -0.1209 -0.9877 0.0993
vn -0.7646 0.1469 0.6275
vn -0.6927 0.4438 0.5685
vn -0.5543 0.6970 0.4549
vn -0.3626 0.8831 0.2976
vn -0.1353 0.9846 0.1110
vn -0.7475 -0.0000 -0.6643
vn -0.9162 -0.0000 -0.4008
vn -0.9768 -0.0000 0.2143
vn -0.8627 -0.0000 0.5056
vn 0.1371 -0.0000 0.9906
vn -0.9452 -0.1565 0.2867
vn -0.8526 -0.4540 0.2586
vn -0.6767 -0.7071 0.2053
vn -0.4344 -0.8910 0.1318
vn -0.1497 -0.9877 0.0454
vn -0.9466 0.1468 0.2871
vn -0.8575 0.4438 0.2601
vn -0.8576 0.4438 0.2601
vn -0.6862 0.6970 0.2082
vn -0.6862 0.6969 0.2082
vn -0.4489 0.8831 0.1362
vn -0.1674 0.9846 0.0508
vn -0.4364 -0.0000 -0.8997
vn -0.6931 -0.0000 -0.7208
vn -0.6931 -0.0000 -0.7209
vn -0.9844 -0.0000 -0.1758
vn -0.9906 -0.0000 0.1370
vn -0.9829 -0.1564 -0.0968
vn -0.8867 -0.4540 -0.0873
vn -0.7037 -0.7071 -0.0693
vn -0.4518 -0.8910 -0.0445
vn -0.1557 -0.9877 -0.0153
vn -0.9844 0.1468 -0.0970
vn -0.9844 0.1469 -0.0970
vn -0.8918 0.4438 -0.0878
vn -0.7136 0.6970 -0.0703
vn -0.7137 0.6970 -0.0703
vn -0.4669 0.8831 -0.0460
vn -0.1741 0.9846 -0.0172
vn -0.1742 0.9846 -0.0172
vn -0.0589 -0.0000 -0.9983
vn -0.3645 -0.0000 -0.9312
vn -0.8422 -0.0000 -0.5391
vn -0.8422 -0.0000 -0.5392
vn -0.9676 -0.0000 -0.2525
vn -0.8711 -0.1564 -0.4656
vn -0.7858 -0.4540 -0.4200
vn -0.6236 -0.7071 -0.3333
vn -0.4004 -0.8910 -0.2140
vn -0.1379 -0.9877 -0.0737
vn -0.1380 -0.9877 -0.0737
vn -0.8724 0.1468 -0.4663
vn -0.8724 0.1469 -0.4663
vn -0.7903 0.4438 -0.4224
vn -0.6324 0.6970 -0.3380
vn -0.4137 0.8831 -0.2211
vn -0.1543 0.9846 -0.0825
vn -0.7475 -0.0000 -0.6642
vn -0.9162 -0.0000 -0.4007
vn -0.8627 -0.0000 0.5057
vn -0.6266 -0.1565 -0.7635
vn -0.6266 -0.1564 -0.7635
vn -0.5653 -0.4540 -0.6888
vn -0.5652 -0.4540 -0.6888
vn -0.4486 -0.7071 -0.5466
vn -0.2880 -0.8910 -0.3509
vn -0.2880 -0.8910 -0.3510
vn -0.0992 -0.9877 -0.1209
vn -0.6275 0.1469 -0.7646
vn -0.5685 0.4438 -0.6927
vn -0.4549 0.6970 -0.5543
vn -0.2976 0.8831 -0.3627
vn -0.2976 0.8831 -0.3626
vn -0.1110 0.9846 -0.1353
vn 0.4008 -0.0000 -0.9162
vn 0.0981 -0.0000 -0.9952
vn -0.5056 -0.0000 -0.8628
vn -0.4364 -0.0000 -0.8998
vn -0.2867 -0.1564 -0.9452
vn -0.2867 -0.1565 -0.9452
vn -0.2586 -0.4540 -0.8526
vn -0.2586 -0.4540 -0.8527
vn -0.2053 -0.7071 -0.6767
vn -0.1318 -0.8910 -0.4344
vn -0.1318 -0.8910 -0.4345
vn -0.0454 -0.9877 -0.1497
vn -0.2871 0.1469 -0.9466
vn -0.2601 0.4438 -0.8576
vn -0.2082 0.6970 -0.6862
vn -0.1362 0.8831 -0.4489
vn -0.0508 0.9846 -0.1675
vn -0.0508 0.9846 -0.1674
vn 0.7208 -0.0000 -0.6931
vn -0.3644 -0.0000 -0.9312
vn -0.0588 -0.0000 -0.9983
vn 0.9983 -0.0024 -0.0588
vn 0.9312 -0.0051 -0.3644
vn 0.9312 -0.0051 -0.3645
vn 0.7730 -0.0073 -0.6344
vn 0.5392 -0.0088 -0.8422
vn 0.5391 -0.0088 -0.8422
vn 0.2525 -0.0095 -0.9675
vn 0.2524 -0.0095 -0.9676
vn 0.3277 -0.0095 -0.9447
vn 0.3276 -0.0095 -0.9448
vn 0.0196 -0.0088 -0.9998
vn -0.2903 -0.0073 -0.9569
vn -0.5718 -0.0051 -0.8204
vn -0.7973 -0.0024 -0.6035
vn 0.9448 -0.0024 0.3276
vn 0.9448 -0.0024 0.3277
vn 0.9998 -0.0051 0.0197
vn 0.9569 -0.0073 -0.2903
vn 0.8204 -0.0088 -0.5718
vn 0.8204 -0.0088 -0.5717
vn 0.6035 -0.0095 -0.7973
vn 0.6643 -0.0095 -0.7474
vn 0.6642 -0.0095 -0.7475
vn 0.4007 -0.0088 -0.9162
vn 0.0980 -0.0073 -0.9952
vn -0.2144 -0.0051 -0.9767
vn -0.2143 -0.0051 -0.9768
vn -0.5057 -0.0024 -0.8627
vn 0.7475 -0.0024 0.6643
vn 0.9162 -0.0051 0.4008
vn 0.9162 -0.0051 0.4007
vn 0.9952 -0.0073 0.0980
vn 0.9767 -0.0088 -0.2143
vn 0.8627 -0.0095 -0.5056
vn 0.8997 -0.0095 -0.4364
vn 0.7208 -0.0088 -0.6931
vn 0.4714 -0.0073 -0.8819
vn 0.1758 -0.0051 -0.9844
vn -0.1370 -0.0024 -0.9906
vn 0.4364 -0.0024 0.8998
vn 0.6931 -0.0051 0.7209
vn 0.8819 -0.0073 0.4714
vn 0.9844 -0.0088 0.1758
vn 0.9905 -0.0095 -0.1370
vn 0.9982 -0.0095 -0.0589
vn 0.9982 -0.0095 -0.0588
vn 0.9312 -0.0088 -0.3645
vn 0.5391 -0.0051 -0.8422
vn 0.2525 -0.0024 -0.9676
vn 0.0589 -0.0024 0.9983
vn 0.3645 -0.0051 0.9312
vn 0.3644 -0.0051 0.9312
vn 0.6344 -0.0073 0.7730
vn 0.8422 -0.0088 0.5391
vn 0.9676 -0.0095 0.2525
vn 0.9448 -0.0095 0.3276
vn 0.9998 -0.0088 0.0196
vn 0.8204 -0.0051 -0.5718
vn 0.6036 -0.0024 -0.7973
vn 0.6035 -0.0024 -0.7973
vn -0.3276 -0.0024 0.9448
vn -0.0197 -0.0051 0.9998
vn -0.0196 -0.0051 0.9998
vn 0.2903 -0.0073 0.9569
vn 0.5717 -0.0088 0.8204
vn 0.5718 -0.0088 0.8204
vn 0.7973 -0.0095 0.6035
vn 0.7475 -0.0095 0.6642
vn 0.9161 -0.0088 0.4007
vn 0.9162 -0.0088 0.4007
vn 0.9768 -0.0051 -0.2143
vn 0.9767 -0.0051 -0.2143
vn 0.8627 -0.0024 -0.5057
vn 0.8627 -0.0024 -0.5056
vn -0.6643 -0.0024 0.7475
vn -0.6642 -0.0024 0.7475
vn -0.4008 -0.0051 0.9162
vn -0.4007 -0.0051 0.9162
vn -0.0980 -0.0073 0.9952
vn 0.2143 -0.0088 0.9767
vn 0.5056 -0.0095 0.8627
vn 0.4364 -0.0095 0.8997
vn 0.6931 -0.0088 0.7208
vn 0.9844 -0.0051 0.1758
vn 0.9906 -0.0024 -0.1370
vn -0.8998 -0.0024 0.4364
vn -0.7209 -0.0051 0.6931
vn -0.4714 -0.0073 0.8819
vn -0.1758 -0.0088 0.9844
vn 0.1370 -0.0095 0.9905
vn 0.0589 -0.0095 0.9982
vn 0.3645 -0.0088 0.9312
vn 0.8422 -0.0051 0.5391
vn 0.9676 -0.0024 0.2525
vn -0.9983 -0.0024 0.0589
vn -0.9983 -0.0024 0.0588
vn -0.9312 -0.0051 0.3645
vn -0.9312 -0.0051 0.3644
vn -0.7730 -0.0073 0.6344
vn -0.5391 -0.0088 0.8422
vn -0.2525 -0.0095 0.9675
vn -0.2525 -0.0095 0.9676
vn -0.3277 -0.0095 0.9447
vn -0.3276 -0.0095 0.9448
vn -0.0195 -0.0088 0.9998
vn -0.0196 -0.0088 0.9998
vn 0.5718 -0.0051 0.8204
vn 0.7973 -0.0024 0.6035
vn 0.7973 -0.0024 0.6036
vn -0.9448 -0.0024 -0.3276
vn -0.9448 -0.0024 -0.3277
vn -0.9998 -0.0051 -0.0197
vn -0.9569 -0.0073 0.2903
vn -0.8204 -0.0088 0.5718
vn -0.6035 -0.0095 0.7973
vn -0.6643 -0.0095 0.7474
vn -0.6642 -0.0095 0.7475
vn -0.4008 -0.0088 0.9161
vn -0.4007 -0.0088 0.9162
vn 0.2143 -0.0051 0.9767
vn 0.5057 -0.0024 0.8627
vn -0.7475 -0.0024 -0.6643
vn -0.9162 -0.0051 -0.4007
vn -0.9952 -0.0073 -0.0980
vn -0.9767 -0.0088 0.2143
vn -0.8627 -0.0095 0.5056
vn -0.8997 -0.0095 0.4364
vn -0.7208 -0.0088 0.6931
vn -0.1758 -0.0051 0.9844
vn 0.1370 -0.0024 0.9906
vn 0.1371 -0.0024 0.9906
vn -0.4364 -0.0024 -0.8998
vn -0.6931 -0.0051 -0.7209
vn -0.8819 -0.0073 -0.4714
vn -0.9844 -0.0088 -0.1758
vn -0.9905 -0.0095 0.1370
vn -0.9982 -0.0095 0.0589
vn -0.9982 -0.0095 0.0588
vn -0.9312 -0.0088 0.3645
vn -0.5391 -0.0051 0.8422
vn -0.2525 -0.0024 0.9676
vn -0.0589 -0.0024 -0.9983
vn -0.3645 -0.0051 -0.9312
vn -0.3644 -0.0051 -0.9312
vn -0.8422 -0.0088 -0.5391
vn -0.9676 -0.0095 -0.2525
vn -0.9448 -0.0095 -0.3276
vn -0.9998 -0.0088 -0.0196
vn -0.8204 -0.0051 0.5718
vn -0.6035 -0.0024 0.7973
vn 0.3276 -0.0024 -0.9448
vn 0.0197 -0.0051 -0.9998
vn -0.5718 -0.0088 -0.8204
vn -0.5717 -0.0088 -0.8204
vn -0.7973 -0.0095 -0.6035
vn -0.7475 -0.0095 -0.6642
vn -0.9161 -0.0088 -0.4007
vn -0.9162 -0.0088 -0.4007
vn -0.9768 -0.0051 0.2143
vn -0.9767 -0.0051 0.2143
vn -0.8627 -0.0024 0.5057
vn -0.8627 -0.0024 0.5056
vn 0.6643 -0.0024 -0.7475
vn 0.6642 -0.0024 -0.7475
vn 0.4008 -0.0051 -0.9162
vn -0.2143 -0.0088 -0.9767
vn -0.5057 -0.0095 -0.8627
vn -0.5056 -0.0095 -0.8627
vn -0.4364 -0.0095 -0.8997
vn -0.6931 -0.0088 -0.7208
vn -0.8819 -0.0073 -0.4713
vn -0.9844 -0.0051 -0.1758
vn -0.9906 -0.0024 0.1370
vn 0.8998 -0.0024 -0.4364
vn 0.8997 -0.0024 -0.4364
vn 0.7209 -0.0051 -0.6931
vn 0.1758 -0.0088 -0.9844
vn -0.1370 -0.0095 -0.9905
vn -0.0454 0.9877 -0.1497
vn -0.1318 0.8910 -0.4344
vn -0.2053 0.7071 -0.6767
vn -0.2586 0.4540 -0.8527
vn -0.2586 0.4540 -0.8526
vn -0.2867 0.1565 -0.9452
vn -0.2867 0.1564 -0.9452
vn -0.2863 -0.1660 -0.9437
vn -0.2571 -0.4641 -0.8476
vn -0.2571 -0.4642 -0.8476
vn -0.2023 -0.7171 -0.6669
vn -0.1273 -0.8986 -0.4198
vn -0.0400 -0.9905 -0.1319
vn -0.0992 0.9877 -0.1209
vn -0.2880 0.8910 -0.3509
vn -0.4486 0.7071 -0.5466
vn -0.5652 0.4540 -0.6888
vn -0.5653 0.4540 -0.6888
vn -0.6266 0.1564 -0.7635
vn -0.6266 0.1565 -0.7635
vn -0.6256 -0.1660 -0.7623
vn -0.5619 -0.4641 -0.6847
vn -0.4421 -0.7171 -0.5387
vn -0.4421 -0.7171 -0.5388
vn -0.2783 -0.8986 -0.3391
vn -0.0874 -0.9905 -0.1065
vn -0.1380 0.9877 -0.0737
vn -0.4004 0.8910 -0.2140
vn -0.6236 0.7071 -0.3333
vn -0.7858 0.4540 -0.4200
vn -0.8711 0.1564 -0.4656
vn -0.8697 -0.1660 -0.4649
vn -0.7812 -0.4642 -0.4175
vn -0.7812 -0.4641 -0.4175
vn -0.6146 -0.7172 -0.3285
vn -0.6147 -0.7171 -0.3285
vn -0.3869 -0.8986 -0.2068
vn -0.1215 -0.9905 -0.0650
vn -0.1557 0.9877 -0.0153
vn -0.4518 0.8910 -0.0445
vn -0.7037 0.7071 -0.0693
vn -0.8867 0.4540 -0.0873
vn -0.9829 0.1564 -0.0968
vn -0.9814 -0.1660 -0.0967
vn -0.8815 -0.4642 -0.0868
vn -0.6936 -0.7171 -0.0683
vn -0.4366 -0.8986 -0.0430
vn -0.1371 -0.9905 -0.0135
vn -0.1497 0.9877 0.0454
vn -0.4344 0.8910 0.1318
vn -0.6767 0.7071 0.2053
vn -0.8527 0.4540 0.2586
vn -0.8526 0.4540 0.2586
vn -0.9452 0.1565 0.2867
vn -0.9437 -0.1660 0.2863
vn -0.8476 -0.4642 0.2571
vn -0.8476 -0.4641 0.2571
vn -0.6669 -0.7171 0.2023
vn -0.6670 -0.7171 0.2023
vn -0.4198 -0.8986 0.1273
vn -0.4198 -0.8986 0.1274
vn -0.1319 -0.9905 0.0400
vn -0.1209 0.9877 0.0992
vn -0.3509 0.8910 0.2880
vn -0.5466 0.7071 0.4486
vn -0.6888 0.4540 0.5652
vn -0.7635 0.1564 0.6266
vn -0.7623 -0.1660 0.6256
vn -0.6847 -0.4641 0.5619
vn -0.5388 -0.7171 0.4421
vn -0.5387 -0.7171 0.4421
vn -0.3391 -0.8986 0.2783
vn -0.1065 -0.9905 0.0874
vn -0.0737 0.9877 0.1380
vn -0.2140 0.8910 0.4004
vn -0.3333 0.7071 0.6236
vn -0.4200 0.4540 0.7858
vn -0.4656 0.1564 0.8711
vn -0.4649 -0.1660 0.8697
vn -0.4176 -0.4641 0.7812
vn -0.4175 -0.4641 0.7812
vn -0.3285 -0.7171 0.6147
vn -0.3285 -0.7171 0.6146
vn -0.2068 -0.8986 0.3869
vn -0.0650 -0.9905 0.1215
vn -0.0153 0.9877 0.1557
vn -0.0445 0.8910 0.4518
vn -0.0693 0.7071 0.7037
vn -0.0873 0.4540 0.8867
vn -0.0968 0.1564 0.9829
vn -0.0967 -0.1660 0.9814
vn -0.0868 -0.4641 0.8815
vn -0.0868 -0.4642 0.8815
vn -0.0683 -0.7171 0.6936
vn -0.0430 -0.8986 0.4366
vn -0.0135 -0.9905 0.1371
vn 0.0454 0.9877 0.1497
vn 0.1318 0.8910 0.4344
vn 0.2053 0.7071 0.6767
vn 0.2586 0.4540 0.8527
vn 0.2586 0.4540 0.8526
vn 0.2867 0.1565 0.9452
vn 0.2867 0.1564 0.9452
vn 0.2863 -0.1660 0.9437
vn 0.2571 -0.4641 0.8476
vn 0.2571 -0.4642 0.8476
vn 0.2023 -0.7171 0.6669
vn 0.1273 -0.8986 0.4198
vn 0.0400 -0.9905 0.1319
vn 0.0992 0.9877 0.1209
vn 0.2880 0.8910 0.3509
vn 0.4486 0.7071 0.5466
vn 0.5652 0.4540 0.6888
vn 0.6266 0.1564 0.7635
vn 0.6266 0.1565 0.7635
vn 0.6256 -0.1660 0.7623
vn 0.5619 -0.4641 0.6847
vn 0.4421 -0.7171 0.5387
vn 0.4421 -0.7171 0.5388
vn 0.2783 -0.8986 0.3391
vn 0.0874 -0.9905 0.1065
vn 0.1380 0.9877 0.0737
vn 0.4004 0.8910 0.2140
vn 0.6236 0.7071 0.3333
vn 0.7858 0.4540 0.4200
vn 0.8711 0.1565 0.4656
vn 0.8711 0.1564 0.4656
vn 0.8697 -0.1660 0.4649
vn 0.7812 -0.4641 0.4176
vn 0.6146 -0.7171 0.3285
vn 0.3869 -0.8986 0.2068
vn 0.1215 -0.9905 0.0650
vn 0.1557 0.9877 0.0153
vn 0.4518 0.8910 0.0445
vn 0.7037 0.7071 0.0693
vn 0.8867 0.4540 0.0873
vn 0.9829 0.1564 0.0968
vn 0.9814 -0.1660 0.0967
vn 0.9814 -0.1659 0.0967
vn 0.8815 -0.4641 0.0868
vn 0.8815 -0.4642 0.0868
vn 0.6936 -0.7171 0.0683
vn 0.4366 -0.8986 0.0430
vn 0.1371 -0.9905 0.0135
vn 0.1497 0.9877 -0.0454
vn 0.4345 0.8910 -0.1318
vn 0.4344 0.8910 -0.1318
vn 0.6767 0.7071 -0.2053
vn 0.8527 0.4540 -0.2586
vn 0.8526 0.4540 -0.2586
vn 0.9452 0.1565 -0.2867
vn 0.9437 -0.1660 -0.2863
vn 0.8476 -0.4641 -0.2571
vn 0.8476 -0.4642 -0.2571
vn 0.6669 -0.7171 -0.2023
vn 0.6670 -0.7171 -0.2023
vn 0.4198 -0.8986 -0.1273
vn 0.1319 -0.9905 -0.0400
vn 0.1209 0.9877 -0.0992
vn 0.3509 0.8910 -0.2880
vn 0.5466 0.7071 -0.4486
vn 0.6888 0.4540 -0.5652
vn 0.7635 0.1565 -0.6266
vn 0.7635 0.1564 -0.6266
vn 0.7623 -0.1660 -0.6256
vn 0.6847 -0.4641 -0.5619
vn 0.5387 -0.7171 -0.4421
vn 0.3391 -0.8986 -0.2783
vn 0.1065 -0.9905 -0.0874
vn 0.0737 0.9877 -0.1380
vn 0.2140 0.8910 -0.4004
vn 0.3333 0.7071 -0.6236
vn 0.4200 0.4540 -0.7858
vn 0.4656 0.1564 -0.8711
vn 0.4649 -0.1660 -0.8697
vn 0.4176 -0.4641 -0.7812
vn 0.4175 -0.4641 -0.7812
vn 0.3285 -0.7171 -0.6147
vn 0.3285 -0.7171 -0.6146
vn 0.2068 -0.8986 -0.3869
vn 0.0650 -0.9905 -0.1215
vn 0.0153 0.9877 -0.1557
vn 0.0445 0.8910 -0.4518
vn 0.0693 0.7071 -0.7037
vn 0.0873 0.4540 -0.8867
vn 0.0968 0.1564 -0.9829
vn 0.0967 -0.1660 -0.9814
vn 0.0868 -0.4641 -0.8815
vn 0.0868 -0.4642 -0.8815
vn 0.0683 -0.7171 -0.6936
vn 0.0430 -0.8986 -0.4366
vn 0.0135 -0.9905 -0.1372
vn 0.0135 -0.9905 -0.1371
vn -0.0000 1.0000 -0.0001
vn -0.0001 1.0000 -0.0000
vn 0.0001 1.0000 -0.0000
vn -0.0001 1.0000 0.0001
vn 0.0019 1.0000 -0.0000
vn 0.0036 1.0000 -0.0000
vn 0.0053 1.0000 -0.0000
vn 0.0067 1.0000 -0.0000
vn 0.0079 1.0000 -0.0000
vn 0.0088 1.0000 -0.0000
vn 0.0093 1.0000 -0.0000
vn 0.0095 1.0000 0.0001
vn 0.0036 1.0000 -0.0001
vn -0.0019 1.0000 -0.0000
vn -0.0019 1.0000 -0.0001
vn -0.0036 1.0000 -0.0000
vn -0.0053 1.0000 -0.0000
vn -0.0067 1.0000 -0.0000
vn -0.0079 1.0000 -0.0000
vn -0.0088 1.0000 -0.0000
vn -0.0093 1.0000 -0.0001
vn -0.0095 1.0000 -0.0000
vn -0.0093 1.0000 -0.0000
vn 0.0001 1.0000 -0.0001
vn 0.0001 1.0000 0.0001
vn -0.0759 -0.6329 -0.7705
vn 0.2247 -0.6329 -0.7409
vn 0.2248 -0.6329 -0.7409
vn 0.4912 -0.6329 -0.5985
vn 0.6828 -0.6329 -0.3650
vn 0.7705 -0.6329 -0.0759
vn 0.7409 -0.6329 0.2247
vn 0.5985 -0.6329 0.4912
vn 0.3650 -0.6329 0.6828
vn 0.0759 -0.6329 0.7705
vn -0.2247 -0.6329 0.7409
vn -0.2248 -0.6329 0.7409
vn -0.4912 -0.6329 0.5985
vn -0.6828 -0.6329 0.3650
vn -0.7705 -0.6329 0.0759
vn -0.7409 -0.6329 -0.2247
vn -0.5985 -0.6329 -0.4912
vn -0.3650 -0.6329 -0.6828
vn 0.9850 -0.1427 -0.0970
vn -0.8951 -0.4115 -0.1714
vn -0.1842 -0.4115 -0.8926
vn 0.0748 -0.9972 -0.0074
vn 0.6490 -0.4115 -0.6399
vn 0.8395 -0.4115 0.3548
vn 0.8729 -0.1427 -0.4666
vn -0.0970 -0.1427 -0.9850
vn 0.1714 -0.4115 -0.8951
vn 0.0663 -0.9972 -0.0354
vn 0.0663 -0.9972 -0.0355
vn -0.0074 -0.9972 -0.0748
vn 0.6399 -0.4115 0.6490
vn 0.6279 -0.1427 -0.7651
vn -0.4666 -0.1427 -0.8729
vn 0.5010 -0.4115 -0.7614
vn 0.0477 -0.9972 -0.0581
vn -0.0354 -0.9972 -0.0663
vn 0.3428 -0.4115 0.8445
vn 0.2873 -0.1427 -0.9471
vn -0.7651 -0.1427 -0.6279
vn 0.7542 -0.4115 -0.5117
vn 0.0218 -0.9972 -0.0720
vn -0.0581 -0.9972 -0.0477
vn -0.0065 -0.4115 0.9114
vn -0.9471 -0.1427 -0.2873
vn 0.8926 -0.4115 -0.1842
vn -0.0720 -0.9972 -0.0218
vn -0.3548 -0.4115 0.8395
vn -0.9850 -0.1427 0.0970
vn 0.8951 -0.4115 0.1714
vn -0.0748 -0.9972 0.0074
vn -0.6490 -0.4115 0.6399
vn -0.8729 -0.1427 0.4666
vn 0.7614 -0.4115 0.5010
vn -0.0663 -0.9972 0.0354
vn -0.0663 -0.9972 0.0355
vn -0.8445 -0.4115 0.3428
vn -0.6279 -0.1427 0.7651
vn 0.5117 -0.4115 0.7542
vn -0.0477 -0.9972 0.0581
vn -0.9114 -0.4115 -0.0065
vn -0.2873 -0.1427 0.9471
vn 0.1842 -0.4115 0.8926
vn -0.0218 -0.9972 0.0720
vn -0.8395 -0.4115 -0.3548
vn 0.0970 -0.1427 0.9850
vn -0.1714 -0.4115 0.8951
vn 0.0074 -0.9972 0.0748
vn -0.6399 -0.4115 -0.6490
vn 0.0759 -0.6329 -0.7705
vn 0.3650 -0.6329 -0.6828
vn 0.5985 -0.6329 -0.4912
vn 0.7409 -0.6329 -0.2248
vn 0.7409 -0.6329 -0.2247
vn 0.7705 -0.6329 0.0759
vn 0.6828 -0.6329 0.3650
vn 0.4912 -0.6329 0.5985
vn 0.2247 -0.6329 0.7409
vn 0.2248 -0.6329 0.7409
vn -0.0759 -0.6329 0.7705
vn -0.3650 -0.6329 0.6828
vn -0.5985 -0.6329 0.4912
vn -0.7409 -0.6329 0.2248
vn -0.7409 -0.6329 0.2247
vn -0.7705 -0.6329 -0.0759
vn -0.6828 -0.6329 -0.3650
vn -0.4912 -0.6329 -0.5985
vn -0.2247 -0.6329 -0.7409
vn -0.6828 -0.6330 -0.3650
vn 0.8713 0.0133 0.4906
vn 0.4031 -0.5183 -0.7542
vn -0.8920 0.0133 -0.4519
vn -0.4031 0.5183 0.7542
vn 0.9927 0.0133 0.1199
vn 0.6611 -0.5183 -0.5425
vn -0.9970 0.0133 -0.0761
vn -0.6611 0.5183 0.5425
vn 0.9630 0.0133 -0.2692
vn 0.8184 -0.5183 -0.2482
vn 0.8184 -0.5183 -0.2483
vn -0.9502 0.0133 0.3112
vn -0.8184 0.5183 0.2483
vn 0.7867 0.0133 -0.6172
vn 0.8511 -0.5183 0.0838
vn -0.7588 0.0133 0.6512
vn -0.8511 0.5183 -0.0838
vn 0.4920 -0.0067 -0.8706
vn 0.9926 -0.0067 0.1214
vn -0.6409 -0.7650 -0.0631
vn -0.7629 -0.0185 0.6463
vn -0.8890 -0.0185 -0.4575
vn 0.9568 0.2749 0.0942
vn 0.7877 -0.0067 -0.6160
vn 0.8706 -0.0067 0.4920
vn -0.6163 -0.7650 0.1870
vn -0.9521 -0.0185 0.3051
vn -0.6463 -0.0185 -0.7629
vn 0.9201 0.2749 -0.2791
vn 0.9635 -0.0067 -0.2677
vn 0.6160 -0.0067 0.7877
vn -0.4978 -0.7650 0.4086
vn 0.1870 -0.7650 0.6163
vn -0.3051 -0.0185 -0.9521
vn 0.7432 0.2749 -0.6100
vn -0.2791 0.2749 -0.9201
vn 0.2677 -0.0067 0.9635
vn -0.3036 -0.7650 0.5680
vn 0.4086 -0.7650 0.4978
vn 0.0825 -0.0185 -0.9964
vn 0.4532 0.2749 -0.8479
vn -0.6100 0.2749 -0.7432
vn -0.1214 -0.0067 0.9926
vn -0.0631 -0.7650 0.6409
vn 0.5680 -0.7650 0.3036
vn 0.4575 -0.0185 -0.8890
vn 0.0942 0.2749 -0.9568
vn -0.8479 0.2749 -0.4532
vn -0.4920 -0.0067 0.8706
vn 0.6409 -0.7650 0.0631
vn 0.7629 -0.0185 -0.6463
vn -0.9568 0.2749 -0.0942
vn -0.7877 -0.0067 0.6160
vn 0.6163 -0.7650 -0.1870
vn 0.9521 -0.0185 -0.3051
vn -0.9201 0.2749 0.2791
vn -0.9635 -0.0067 0.2677
vn 0.4978 -0.7650 -0.4086
vn 0.9964 -0.0185 0.0825
vn -0.7432 0.2749 0.6100
vn -0.9926 -0.0067 -0.1214
vn 0.3036 -0.7650 -0.5680
vn 0.8890 -0.0185 0.4575
vn -0.4532 0.2749 0.8479
vn -0.8706 -0.0067 -0.4920
vn -0.0838 0.5183 0.8511
vn -0.6512 0.0133 -0.7588
vn 0.0838 -0.5183 -0.8511
vn 0.6172 0.0133 0.7867
vn 0.2483 0.5183 0.8184
vn -0.3112 0.0133 -0.9502
vn -0.2483 -0.5183 -0.8184
vn -0.2482 -0.5183 -0.8184
vn 0.2692 0.0133 0.9630
vn 0.5425 0.5183 0.6611
vn 0.0761 0.0133 -0.9970
vn -0.5425 -0.5183 -0.6611
vn -0.1199 0.0133 0.9927
vn 0.7542 0.5183 0.4031
vn 0.4519 0.0133 -0.8920
vn 0.9970 0.0133 0.0761
vn -0.7542 -0.5183 -0.4031
vn -0.4906 0.0133 0.8713
vn -0.9927 0.0133 -0.1199
vn 0.8511 0.5183 0.0838
vn 0.7588 0.0133 -0.6512
vn 0.8920 0.0133 0.4519
vn -0.8511 -0.5183 -0.0838
vn -0.7867 0.0133 0.6172
vn -0.8713 0.0133 -0.4906
vn 0.8184 0.5183 -0.2483
vn 0.9502 0.0133 -0.3112
vn 0.6512 0.0133 0.7588
vn -0.8184 -0.5183 0.2482
vn -0.9630 0.0133 0.2692
vn -0.6172 0.0133 -0.7867
vn 0.6611 0.5183 -0.5425
vn -0.2483 0.5183 -0.8184
vn 0.3112 0.0133 0.9502
vn -0.6611 -0.5183 0.5425
vn 0.2483 -0.5183 0.8184
vn 0.2482 -0.5183 0.8184
vn -0.2692 0.0133 -0.9630
vn 0.4031 0.5183 -0.7542
vn 0.4032 0.5183 -0.7542
vn -0.5425 0.5183 -0.6611
vn -0.0761 0.0133 0.9970
vn -0.4031 -0.5183 0.7542
vn 0.5425 -0.5183 0.6611
vn 0.1199 0.0133 -0.9927
vn 0.0838 0.5183 -0.8511
vn -0.7542 0.5183 -0.4031
vn -0.4519 0.0133 0.8920
vn -0.0838 -0.5183 0.8511
vn 0.7542 -0.5183 0.4031
vn 0.4906 0.0133 -0.8713
vn 0.0122 -0.9922 -0.1241
vn 0.2586 -0.3307 -0.9076
vn 0.0588 -0.9922 -0.1100
vn 0.7560 -0.2088 0.6204
vn 0.0964 -0.9922 -0.0791
vn 0.0923 -0.3374 0.9368
vn 0.1193 -0.9922 -0.0362
vn -0.2980 -0.2004 0.9333
vn 0.1241 -0.9922 0.0122
vn 0.9358 -0.2088 0.2839
vn 0.1100 -0.9922 0.0588
vn 0.4438 -0.3374 0.8302
vn 0.0791 -0.9922 0.0964
vn -0.1084 -0.3307 -0.9375
vn 0.0362 -0.9922 0.1193
vn 0.9732 -0.2088 -0.0959
vn -0.0122 -0.9922 0.1241
vn 0.7277 -0.3374 0.5972
vn -0.0588 -0.9922 0.1100
vn 0.0819 -0.2004 0.9763
vn -0.0964 -0.9922 0.0791
vn 0.8625 -0.2088 -0.4610
vn -0.1193 -0.9922 0.0362
vn 0.9008 -0.3374 0.2733
vn -0.1241 -0.9922 -0.0122
vn -0.4589 -0.3307 -0.8246
vn -0.1100 -0.9922 -0.0588
vn 0.6204 -0.2088 -0.7560
vn -0.0791 -0.9922 -0.0964
vn 0.9368 -0.3374 -0.0923
vn -0.0362 -0.9922 -0.1193
vn 0.4493 -0.2004 0.8706
vn 0.0959 -0.2069 -0.9736
vn 0.1071 -0.9295 -0.3530
vn 0.7020 0.0178 0.7120
vn 0.7020 0.0179 0.7120
vn 0.2340 -0.9295 -0.2852
vn 0.9264 0.0178 -0.3761
vn 0.9264 0.0179 -0.3761
vn 0.3254 -0.9295 -0.1739
vn -0.8352 0.0178 -0.5496
vn -0.8352 0.0179 -0.5496
vn 0.3671 -0.9295 -0.0362
vn -0.8274 0.0178 0.5613
vn -0.8274 0.0179 0.5614
vn 0.3530 -0.9295 0.1071
vn -0.0962 0.1934 0.9764
vn 0.2852 -0.9295 0.2340
vn -0.2840 -0.2069 -0.9362
vn 0.1739 -0.9295 0.3254
vn 0.9210 0.0178 0.3891
vn 0.9210 0.0179 0.3892
vn 0.0362 -0.9295 0.3671
vn 0.7120 0.0178 -0.7020
vn 0.7120 0.0179 -0.7020
vn -0.1071 -0.9295 0.3530
vn -0.9820 0.0178 -0.1881
vn -0.9820 0.0179 -0.1881
vn -0.2340 -0.9295 0.2852
vn -0.5496 0.0178 0.8352
vn -0.5496 0.0179 0.8352
vn -0.3254 -0.9295 0.1739
vn 0.2848 0.1934 0.9389
vn -0.3671 -0.9295 0.0362
vn -0.6207 -0.2069 -0.7563
vn -0.3530 -0.9295 -0.1071
vn 0.9998 0.0178 0.0071
vn 0.9998 0.0179 0.0071
vn -0.2852 -0.9295 -0.2340
vn 0.3891 0.0178 -0.9210
vn 0.3892 0.0179 -0.9210
vn -0.1739 -0.9295 -0.3254
vn -0.1881 0.0178 0.9820
vn -0.1881 0.0179 0.9820
vn -0.0362 -0.9295 -0.3671
vn 0.0181 -0.9827 -0.1841
vn 0.0537 -0.9827 -0.1770
vn 0.0872 -0.9827 -0.1632
vn 0.1174 -0.9827 -0.1430
vn 0.1430 -0.9827 -0.1174
vn 0.1632 -0.9827 -0.0872
vn 0.1770 -0.9827 -0.0537
vn 0.1841 -0.9827 -0.0181
vn 0.1841 -0.9827 0.0181
vn 0.1770 -0.9827 0.0537
vn 0.1632 -0.9827 0.0872
vn 0.1430 -0.9827 0.1174
vn 0.1174 -0.9827 0.1430
vn 0.0872 -0.9827 0.1632
vn 0.0537 -0.9827 0.1770
vn 0.0181 -0.9827 0.1841
vn -0.0181 -0.9827 0.1841
vn -0.0537 -0.9827 0.1770
vn -0.0872 -0.9827 0.1632
vn -0.1174 -0.9827 0.1430
vn -0.1430 -0.9827 0.1174
vn -0.1632 -0.9827 0.0872
vn -0.1770 -0.9827 0.0537
vn -0.1841 -0.9827 0.0181
vn -0.1841 -0.9827 -0.0181
vn -0.1770 -0.9827 -0.0537
vn -0.1632 -0.9827 -0.0872
vn -0.1430 -0.9827 -0.1174
vn -0.1174 -0.9827 -0.1430
vn -0.0872 -0.9827 -0.1632
vn -0.0537 -0.9827 -0.1770
vn -0.0181 -0.9827 -0.1841
vn -0.5542 0.0089 -0.8324
vn 0.7082 0.0089 0.7059
vn 0.7697 0.0921 0.6317
vn -0.8782 -0.0921 0.4694
vn 0.0976 -0.0921 0.9910
vn -0.8305 0.0089 -0.5569
vn 0.9245 0.0089 0.3811
vn 0.9529 0.0921 0.2890
vn -0.6317 -0.0921 0.7697
vn 0.4694 -0.0921 0.8782
vn -0.9804 0.0089 -0.1967
vn 1.0000 0.0089 -0.0017
vn 0.9910 0.0921 -0.0976
vn -0.2890 -0.0921 0.9529
vn 0.7697 -0.0921 0.6317
vn -0.9811 0.0089 0.1935
vn 0.1742 -0.9833 -0.0529
vn 0.0178 -0.9833 0.1812
vn -0.1812 -0.9833 -0.0178
vn 0.0858 -0.9833 -0.1606
vn 0.1407 -0.9833 0.1155
vn -0.1407 -0.9833 0.1155
vn -0.0858 -0.9833 -0.1606
vn 0.1812 -0.9833 -0.0178
vn -0.0178 -0.9833 0.1812
vn -0.1742 -0.9833 -0.0529
vn 0.1155 -0.9833 -0.1407
vn 0.1155 -0.9833 0.1407
vn -0.1606 -0.9833 0.0858
vn -0.0529 -0.9833 -0.1742
vn 0.1812 -0.9833 0.0178
vn -0.0529 -0.9833 0.1742
vn -0.1606 -0.9833 -0.0858
vn 0.1407 -0.9833 -0.1155
vn 0.0858 -0.9833 0.1606
vn -0.1742 -0.9833 0.0529
vn 0.0178 -0.9833 -0.1812
vn -0.0178 -0.9833 -0.1812
vn 0.1742 -0.9833 0.0529
vn -0.0858 -0.9833 0.1606
vn -0.1407 -0.9833 -0.1155
vn 0.1606 -0.9833 -0.0858
vn 0.0529 -0.9833 0.1742
vn -0.1812 -0.9833 0.0178
vn 0.0529 -0.9833 -0.1742
vn 0.1606 -0.9833 0.0858
vn -0.1155 -0.9833 0.1407
vn -0.1155 -0.9833 -0.1407
vn 0.6344 0.0070 -0.7730
vn -0.2903 0.0070 -0.9569
vn 0.7730 0.0070 -0.6344
vn -0.0980 0.0070 -0.9952
vn 0.8819 0.0070 -0.4714
vn 0.9569 0.0070 -0.2903
vn 0.9952 0.0070 -0.0980
vn 0.9952 0.0070 0.0980
vn 0.9569 0.0070 0.2903
vn 0.8819 0.0070 0.4714
vn 0.7730 0.0070 0.6344
vn 0.6344 0.0070 0.7730
vn 0.4714 0.0070 0.8819
vn 0.2903 0.0070 0.9569
vn 0.0980 0.0070 0.9952
vn -0.0980 0.0070 0.9952
vn -0.2903 0.0070 0.9569
vn 0.0362 -0.9922 -0.1193
vn 0.0791 -0.9922 -0.0964
vn 0.1100 -0.9922 -0.0588
vn 0.1241 -0.9922 -0.0122
vn 0.1193 -0.9922 0.0362
vn 0.0964 -0.9922 0.0791
vn 0.0588 -0.9922 0.1100
vn 0.0122 -0.9922 0.1241
vn -0.0362 -0.9922 0.1193
vn -0.0791 -0.9922 0.0964
vn -0.1100 -0.9922 0.0588
vn -0.1241 -0.9922 0.0122
vn -0.1193 -0.9922 -0.0362
vn -0.0964 -0.9922 -0.0791
vn -0.0588 -0.9922 -0.1100
vn -0.0122 -0.9922 -0.1241
vn 0.0362 -0.9922 -0.1194
vn -0.0362 -0.9922 0.1194
vn -0.9333 -0.2004 -0.2980
vn 0.4610 -0.2088 0.8625
vn -0.6324 -0.2004 0.7482
vn 0.9375 -0.3307 -0.1084
vn 0.0959 -0.2088 0.9733
vn 0.5862 -0.3307 -0.7396
vn 0.9076 -0.3307 0.2586
vn -0.2839 -0.2088 0.9358
vn -0.8706 -0.2004 0.4493
vn -0.7482 -0.2004 -0.6324
vn -0.6204 -0.2088 0.7560
vn 0.8246 -0.3307 -0.4589
vn 0.7396 -0.3307 0.5862
vn -0.8625 -0.2088 0.4610
vn -0.9763 -0.2004 0.0819
vn -0.4493 -0.2004 -0.8706
vn -0.9732 -0.2088 0.0959
vn 0.4589 -0.3307 0.8246
vn -0.9358 -0.2088 -0.2839
vn -0.0819 -0.2004 -0.9763
vn -0.7560 -0.2088 -0.6204
vn 0.1084 -0.3307 0.9375
vn -0.4610 -0.2088 -0.8625
vn 0.2980 -0.2004 -0.9333
vn -0.0959 -0.2088 -0.9733
vn -0.0959 -0.2088 -0.9732
vn -0.2586 -0.3307 0.9076
vn -0.2733 -0.3374 0.9008
vn 0.6324 -0.2004 -0.7482
vn -0.5972 -0.3374 0.7277
vn -0.5862 -0.3307 0.7396
vn -0.8302 -0.3374 0.4438
vn 0.8706 -0.2004 -0.4493
vn -0.9368 -0.3374 0.0923
vn -0.8246 -0.3307 0.4589
vn -0.9008 -0.3374 -0.2733
vn 0.9763 -0.2004 -0.0819
vn -0.7277 -0.3374 -0.5972
vn -0.9375 -0.3307 0.1084
vn -0.4438 -0.3374 -0.8302
vn 0.9333 -0.2004 0.2980
vn -0.0923 -0.3374 -0.9368
vn -0.9076 -0.3307 -0.2586
vn 0.2733 -0.3374 -0.9008
vn 0.7482 -0.2004 0.6324
vn 0.5972 -0.3374 -0.7277
vn -0.7396 -0.3307 -0.5862
vn 0.8302 -0.3374 -0.4438
vn 0.2839 -0.2088 -0.9358
vn 0.0362 -0.9291 -0.3680
vn 0.1743 -0.9291 -0.3261
vn 0.2858 -0.9291 -0.2346
vn 0.3538 -0.9291 -0.1073
vn 0.3680 -0.9291 0.0362
vn 0.3261 -0.9291 0.1743
vn 0.2346 -0.9291 0.2858
vn 0.1073 -0.9291 0.3538
vn -0.0362 -0.9291 0.3680
vn -0.1743 -0.9291 0.3261
vn -0.2858 -0.9291 0.2346
vn -0.3538 -0.9291 0.1073
vn -0.3680 -0.9291 -0.0362
vn -0.3261 -0.9291 -0.1743
vn -0.2346 -0.9291 -0.2858
vn -0.1073 -0.9291 -0.3538
vn -0.4625 0.1934 0.8653
vn -0.9792 0.0178 0.2020
vn -0.9792 0.0179 0.2020
vn -0.5613 0.0178 -0.8274
vn -0.5614 0.0179 -0.8274
vn 0.3761 0.0178 0.9264
vn 0.3761 0.0179 0.9264
vn 0.4612 -0.2069 -0.8628
vn -0.7584 0.1934 0.6224
vn -0.2020 0.0178 -0.9792
vn -0.2020 0.0179 -0.9792
vn -0.0071 0.0178 0.9998
vn -0.0071 0.0179 0.9998
vn 0.7563 -0.2069 -0.6207
vn -0.9389 0.1934 0.2848
vn 0.1881 0.0178 -0.9820
vn 0.1881 0.0179 -0.9820
vn -0.3891 0.0178 0.9210
vn -0.3892 0.0179 0.9210
vn 0.9362 -0.2069 -0.2840
vn -0.9764 0.1934 -0.0962
vn 0.5496 0.0178 -0.8352
vn 0.5496 0.0179 -0.8352
vn -0.7120 0.0178 0.7020
vn -0.7120 0.0179 0.7020
vn 0.9736 -0.2069 0.0959
vn -0.8653 0.1934 -0.4625
vn 0.0962 0.1934 -0.9764
vn 0.8274 0.0178 -0.5613
vn 0.8274 0.0179 -0.5614
vn -0.9264 0.0178 0.3761
vn -0.9264 0.0179 0.3761
vn -0.6224 0.1934 -0.7584
vn 0.8628 -0.2069 0.4612
vn 0.4625 0.1934 -0.8653
vn -0.0959 -0.2069 0.9736
vn 0.9792 0.0178 -0.2020
vn 0.9792 0.0179 -0.2020
vn -0.9998 0.0178 -0.0071
vn -0.9998 0.0179 -0.0071
vn 0.6207 -0.2069 0.7563
vn -0.2848 0.1934 -0.9389
vn -0.4612 -0.2069 0.8628
vn 0.7584 0.1934 -0.6224
vn 0.9820 0.0178 0.1881
vn 0.9820 0.0179 0.1881
vn -0.9210 0.0178 -0.3891
vn -0.9210 0.0179 -0.3892
vn 0.2840 -0.2069 0.9362
vn -0.7563 -0.2069 0.6207
vn 0.9389 0.1934 -0.2848
vn 0.8352 0.0178 0.5496
vn 0.8352 0.0179 0.5496
vn -0.7020 0.0178 -0.7120
vn -0.7020 0.0179 -0.7120
vn -0.9362 -0.2069 0.2840
vn 0.9764 0.1934 0.0962
vn 0.5613 0.0178 0.8274
vn 0.5614 0.0179 0.8274
vn -0.3761 0.0178 -0.9264
vn -0.3761 0.0179 -0.9264
vn -0.9736 -0.2069 -0.0959
vn 0.8653 0.1934 0.4625
vn 0.2020 0.0178 0.9792
vn 0.2020 0.0179 0.9792
vn 0.0071 0.0178 -0.9998
vn 0.0071 0.0179 -0.9998
vn -0.8628 -0.2069 -0.4612
vn 0.6224 0.1934 0.7584
vn -1.0000 -0.0000 -0.0000
vn -0.7071 -0.0000 0.7071
vn -0.9239 -0.0000 -0.3827
vn -0.5556 -0.0000 -0.8315
vn -0.9239 -0.0000 0.3827
vn -0.7071 -0.0000 -0.7071
vn -0.5556 -0.0000 0.8315
vn -0.3827 -0.0000 -0.9239
vn -0.0000 -0.0000 -1.0000
vn -0.9808 -0.0000 0.1951
vn 0.3827 -0.0000 -0.9239
vn 0.7071 -0.0000 -0.7071
vn -0.8315 -0.0000 -0.5556
vn 0.9239 -0.0000 -0.3827
vn 1.0000 -0.0000 -0.0000
vn 0.1951 -0.0000 -0.9808
vn 0.9239 -0.0000 0.3827
vn 0.7071 -0.0000 0.7071
vn -0.1951 -0.0000 0.9808
vn 0.1951 -0.0000 0.9808
vn 0.5556 -0.0000 0.8315
vn 0.8315 -0.0000 0.5556
vn -0.7574 0.5727 0.3137
vn -0.5797 0.5727 -0.5797
vn -0.8516 0.2601 -0.4552
vn 0.8040 0.5727 -0.1599
vn 0.4555 0.5727 0.6816
vn -0.3137 0.5727 -0.7574
vn -0.6126 0.2601 -0.7464
vn 0.1599 0.5727 0.8040
vn -0.0000 0.5727 -0.8198
vn -0.2803 0.2601 -0.9240
vn 0.0946 0.2601 -0.9609
vn -0.1599 0.5727 0.8040
vn 0.3137 0.5727 -0.7574
vn 0.4552 0.2601 -0.8516
vn -0.4555 0.5727 0.6816
vn 0.5797 0.5727 -0.5797
vn 0.7464 0.2601 -0.6126
vn -0.6816 0.5727 0.4555
vn 0.7574 0.5727 -0.3137
vn 0.9240 0.2601 -0.2803
vn -0.8040 0.5727 0.1599
vn 0.8198 0.5727 -0.0000
vn 0.9609 0.2601 0.0946
vn -0.8040 0.5727 -0.1599
vn 0.7574 0.5727 0.3137
vn 0.8516 0.2601 0.4552
vn -0.6816 0.5727 -0.4555
vn 0.5797 0.5727 0.5797
vn 0.6126 0.2601 0.7464
vn -0.4555 0.5727 -0.6816
vn 0.3137 0.5727 0.7574
vn -0.1599 0.5727 -0.8040
vn -0.0000 0.5727 0.8198
vn -0.8315 -0.0000 0.5556
vn -0.1951 -0.0000 -0.9808
vn 0.8315 -0.0000 -0.5556
vn 0.9808 -0.0000 -0.1951
vn 0.9808 -0.0000 0.1951
vn -0.0621 0.7739 -0.6302
vn -0.2985 0.7739 -0.5585
vn -0.4895 0.7739 -0.4017
vn -0.6060 0.7739 -0.1838
vn -0.6302 0.7739 0.0621
vn -0.5585 0.7739 0.2985
vn -0.4017 0.7739 0.4895
vn -0.1838 0.7739 0.6060
vn 0.0621 0.7739 0.6302
vn 0.2985 0.7739 0.5585
vn 0.4895 0.7739 0.4017
vn 0.6060 0.7739 0.1838
vn 0.6302 0.7739 -0.0621
vn 0.5585 0.7739 -0.2985
vn 0.4017 0.7739 -0.4895
vn 0.1838 0.7739 -0.6060
vn -0.4657 0.6331 0.6183
vn -0.0402 0.9990 0.0215
vn -0.3361 0.6331 -0.6973
vn -0.8075 0.4021 0.4316
vn 0.0132 0.9990 -0.0436
vn -0.2554 0.6331 0.7307
vn 0.3930 0.6331 0.6669
vn -0.0352 0.9990 -0.0289
vn 0.2658 0.4021 -0.8762
vn -0.7078 0.4021 -0.5809
vn 0.1937 0.6331 -0.7494
vn 0.1936 0.6331 -0.7494
vn 0.0453 0.9990 -0.0045
vn 0.5774 0.6331 0.5156
vn 0.5774 0.6331 0.5155
vn 0.7665 0.6331 -0.1079
vn 0.9112 0.4021 -0.0897
vn -0.6183 0.6331 -0.4657
vn 0.0215 0.9990 0.0402
vn 0.6973 0.6331 -0.3361
vn 0.4316 0.4021 0.8075
vn -0.7307 0.6331 -0.2553
vn -0.7307 0.6331 -0.2554
vn -0.6669 0.6331 0.3930
vn -0.0289 0.9990 0.0352
vn -0.0437 0.6331 -0.7728
vn -0.5809 0.4021 0.7078
vn -0.5156 0.6331 0.5774
vn 0.1079 0.6331 0.7665
vn -0.0436 0.9990 -0.0132
vn -0.8762 0.4021 -0.2658
vn 0.4657 0.6331 -0.6183
vn 0.0402 0.9990 -0.0215
vn 0.3361 0.6331 0.6973
vn 0.7494 0.6331 0.1937
vn -0.0045 0.9990 -0.0453
vn 0.8075 0.4021 -0.4316
vn -0.0897 0.4021 -0.9112
vn -0.3930 0.6331 -0.6669
vn 0.0352 0.9990 0.0289
vn 0.7728 0.6331 -0.0437
vn 0.7078 0.4021 0.5809
vn -0.7665 0.6331 0.1079
vn -0.0132 0.9990 0.0436
vn 0.2554 0.6331 -0.7307
vn -0.5774 0.6331 -0.5155
vn -0.5774 0.6331 -0.5156
vn -0.2658 0.4021 0.8762
vn -0.6973 0.6331 0.3361
vn -0.1937 0.6331 0.7494
vn -0.1936 0.6331 0.7494
vn -0.0453 0.9990 0.0045
vn -0.9112 0.4021 0.0897
vn 0.0533 -0.9830 -0.1757
vn 0.1165 -0.9830 -0.1419
vn 0.1619 -0.9830 -0.0866
vn 0.1827 -0.9830 -0.0180
vn 0.1757 -0.9830 0.0533
vn 0.1419 -0.9830 0.1165
vn 0.0866 -0.9830 0.1619
vn 0.0180 -0.9830 0.1827
vn -0.0533 -0.9830 0.1757
vn -0.1165 -0.9830 0.1419
vn -0.1619 -0.9830 0.0866
vn -0.1827 -0.9830 0.0180
vn -0.1757 -0.9830 -0.0533
vn -0.1419 -0.9830 -0.1165
vn -0.0866 -0.9830 -0.1619
vn -0.0180 -0.9830 -0.1827
vn -0.9910 -0.0921 0.0976
vn 0.4694 0.0921 0.8782
vn 0.3842 0.0089 0.9232
vn -0.1935 0.0089 -0.9811
vn -0.9529 -0.0921 -0.2890
vn 0.0976 0.0921 0.9910
vn 0.0017 0.0089 1.0000
vn 0.1967 0.0089 -0.9804
vn -0.7697 -0.0921 -0.6317
vn -0.2890 0.0921 0.9529
vn -0.3811 0.0089 0.9245
vn -1.0000 0.0089 0.0017
vn 0.5569 0.0089 -0.8305
vn 0.9804 0.0089 0.1967
vn -0.4694 -0.0921 -0.8782
vn -0.6317 0.0921 0.7697
vn -0.7059 0.0089 0.7082
vn -0.9245 0.0089 -0.3811
vn 0.8324 0.0089 -0.5542
vn 0.8305 0.0089 0.5569
vn -0.0976 -0.0921 -0.9910
vn -0.8782 0.0921 0.4694
vn -0.9232 0.0089 0.3842
vn -0.7083 0.0089 -0.7059
vn -0.7082 0.0089 -0.7059
vn 0.9811 0.0089 -0.1935
vn 0.5542 0.0089 0.8324
vn 0.2891 -0.0921 -0.9529
vn -0.9910 0.0921 0.0976
vn -0.3842 0.0089 -0.9232
vn 0.1935 0.0089 0.9811
vn 0.6317 -0.0921 -0.7697
vn -0.9529 0.0921 -0.2890
vn -0.0017 0.0089 -1.0000
vn -0.1967 0.0089 0.9804
vn 0.8782 -0.0921 -0.4694
vn -0.7697 0.0921 -0.6317
vn 0.2890 0.0921 -0.9529
vn 0.3811 0.0089 -0.9245
vn -0.5569 0.0089 0.8305
vn 0.9910 -0.0921 -0.0976
vn -0.4694 0.0921 -0.8782
vn 0.6317 0.0921 -0.7697
vn 0.7059 0.0089 -0.7082
vn -0.8324 0.0089 0.5542
vn 0.9529 -0.0921 0.2890
vn -0.0976 0.0921 -0.9910
vn 0.8782 0.0921 -0.4694
vn 0.9232 0.0089 -0.3842
vn 0.0180 -0.9830 -0.1827
vn 0.0866 -0.9830 -0.1619
vn 0.0870 -0.9828 -0.1627
vn 0.0880 -0.9824 -0.1646
vn 0.1419 -0.9830 -0.1165
vn 0.1757 -0.9830 -0.0533
vn 0.1827 -0.9830 0.0180
vn 0.1619 -0.9830 0.0866
vn 0.1165 -0.9830 0.1419
vn 0.0533 -0.9830 0.1757
vn -0.0180 -0.9830 0.1827
vn -0.0866 -0.9830 0.1619
vn -0.1419 -0.9830 0.1165
vn -0.1439 -0.9825 0.1181
vn -0.1431 -0.9827 0.1174
vn -0.1757 -0.9830 0.0533
vn -0.1827 -0.9830 -0.0180
vn -0.1619 -0.9830 -0.0866
vn -0.1165 -0.9830 -0.1419
vn -0.0533 -0.9830 -0.1757
vn -0.0541 -0.9825 -0.1782
vn -0.0537 -0.9827 -0.1771
vn 0.0183 -0.9824 -0.1858
vn 0.0542 -0.9824 -0.1787
vn 0.0880 -0.9824 -0.1647
vn 0.1185 -0.9824 -0.1443
vn 0.1443 -0.9824 -0.1185
vn 0.1647 -0.9824 -0.0880
vn 0.1787 -0.9824 -0.0542
vn 0.1858 -0.9824 -0.0183
vn 0.1858 -0.9824 0.0183
vn 0.1787 -0.9824 0.0542
vn 0.1647 -0.9824 0.0880
vn 0.1443 -0.9824 0.1185
vn 0.1185 -0.9824 0.1443
vn 0.0880 -0.9824 0.1647
vn 0.0542 -0.9824 0.1787
vn 0.0183 -0.9824 0.1858
vn -0.0183 -0.9824 0.1858
vn -0.0542 -0.9824 0.1787
vn -0.0880 -0.9824 0.1647
vn -0.1185 -0.9824 0.1444
vn -0.1443 -0.9824 0.1185
vn -0.1647 -0.9824 0.0880
vn -0.1787 -0.9824 0.0542
vn -0.1858 -0.9824 0.0183
vn -0.1858 -0.9824 -0.0183
vn -0.1787 -0.9824 -0.0542
vn -0.1647 -0.9824 -0.0880
vn -0.1443 -0.9824 -0.1185
vn -0.1185 -0.9824 -0.1443
vn -0.0880 -0.9824 -0.1647
vn -0.0542 -0.9824 -0.1787
vn -0.0183 -0.9824 -0.1858
vn 0.0877 -0.9825 -0.1642
vn 0.0873 -0.9827 -0.1634
vn 0.1185 -0.9824 -0.1444
vn 0.1185 -0.9824 0.1444
vn -0.1185 -0.9824 0.1443
vn -0.1432 -0.9827 0.1175
vn -0.1185 -0.9824 -0.1444
vn -0.0540 -0.9825 -0.1782
vn -0.0538 -0.9827 -0.1773
vn 0.4097 0.8855 -0.2190
vn 0.4623 0.8855 -0.0455
vn 0.4446 0.8855 0.1349
vn 0.3591 0.8855 0.2947
vn 0.2190 0.8855 0.4097
vn 0.0455 0.8855 0.4623
vn -0.1349 0.8855 0.4446
vn -0.2947 0.8855 0.3591
vn -0.4097 0.8855 0.2190
vn -0.4623 0.8855 0.0455
vn -0.4446 0.8855 -0.1349
vn -0.3591 0.8855 -0.2947
vn -0.2190 0.8855 -0.4097
vn -0.0455 0.8855 -0.4623
vn 0.2947 0.8855 -0.3591
vn 0.1349 0.8855 -0.4446
vn -0.2947 0.8855 -0.3591
vn 0.4446 0.8855 -0.1349
vn -0.4623 0.8855 -0.0455
vn 0.2190 0.8855 -0.4097
vn -0.3591 0.8855 0.2947
vn -0.0455 0.8855 0.4623
vn 0.2947 0.8855 0.3591
vn -0.1349 0.8855 -0.4446
vn 0.4623 0.8855 0.0455
vn -0.4097 0.8855 -0.2190
vn 0.3591 0.8855 -0.2947
vn -0.4446 0.8855 0.1349
vn 0.0455 0.8855 -0.4623
vn -0.2190 0.8855 0.4097
vn 0.1349 0.8855 0.4446
vn 0.4097 0.8855 0.2190
vn 0.0408 0.9092 -0.4143
vn 0.1209 0.9092 -0.3984
vn 0.1963 0.9092 -0.3672
vn 0.2641 0.9092 -0.3218
vn 0.3218 0.9092 -0.2641
vn 0.3672 0.9092 -0.1963
vn 0.3984 0.9092 -0.1209
vn 0.4143 0.9092 -0.0408
vn 0.4143 0.9092 0.0408
vn 0.3984 0.9092 0.1209
vn 0.3672 0.9092 0.1963
vn 0.3218 0.9092 0.2641
vn 0.2641 0.9092 0.3218
vn 0.1963 0.9092 0.3672
vn 0.1209 0.9092 0.3984
vn 0.0408 0.9092 0.4143
vn -0.0408 0.9092 0.4143
vn -0.1209 0.9092 0.3984
vn -0.1963 0.9092 0.3672
vn -0.2641 0.9092 0.3218
vn -0.3218 0.9092 0.2641
vn -0.3672 0.9092 0.1963
vn -0.3984 0.9092 0.1209
vn -0.4143 0.9092 0.0408
vn -0.4143 0.9092 -0.0408
vn -0.3984 0.9092 -0.1209
vn -0.3672 0.9092 -0.1963
vn -0.3218 0.9092 -0.2641
vn -0.2641 0.9092 -0.3218
vn -0.1963 0.9092 -0.3672
vn -0.1209 0.9092 -0.3984
vn -0.0408 0.9092 -0.4143
vn -0.2634 0.4200 -0.8684
vn 0.2651 0.9609 0.0804
vn 0.2757 0.9609 0.0272
vn 0.2757 0.9609 -0.0272
vn 0.5599 -0.0056 -0.8285
vn 0.2443 0.9609 -0.1306
vn -0.0272 0.9609 -0.2757
vn 0.2142 0.9609 -0.1758
vn 0.0482 0.9948 -0.0902
vn 0.1758 0.9609 -0.2142
vn -0.1306 0.9609 -0.2443
vn 0.8003 0.4200 0.4278
vn -0.1758 0.9609 -0.2142
vn 0.0804 0.9609 -0.2651
vn -0.2142 0.9609 -0.1758
vn 0.0272 0.9609 -0.2757
vn -0.3551 -0.0317 -0.9343
vn -0.2651 0.9609 -0.0804
vn -0.2757 0.9609 -0.0272
vn 0.2142 0.9609 0.1758
vn 0.1758 0.9609 0.2142
vn 0.1306 0.9609 0.2443
vn 0.0297 0.9948 0.0978
vn 0.0272 0.9609 0.2757
vn -0.0272 0.9609 0.2757
vn -0.0804 0.9609 0.2651
vn -0.5599 -0.0056 0.8285
vn -0.1758 0.9609 0.2142
vn -0.2142 0.9609 0.1758
vn -0.2443 0.9609 0.1306
vn 0.3551 -0.0317 0.9343
vn -0.2757 0.9609 0.0272
vn 0.6021 0.7307 0.3218
vn 0.6533 0.7307 -0.1982
vn -0.1982 0.7307 -0.6533
vn 0.3218 0.7307 -0.6021
vn -0.6021 0.7307 -0.3218
vn 0.1982 0.7307 0.6533
vn -0.3218 0.7307 0.6021
vn -0.6533 0.7307 0.1982
vn 0.9818 -0.0056 -0.1900
vn -0.0297 0.9948 -0.0978
vn -0.1900 -0.0056 -0.9818
vn -0.4278 0.4200 0.8004
vn -0.4278 0.4200 0.8003
vn 0.4096 -0.0317 -0.9117
vn -0.0482 0.9948 0.0902
vn -0.9117 -0.0317 -0.4096
vn -0.4096 -0.0317 0.9117
vn 0.2634 0.4200 0.8684
vn 0.9343 -0.0317 -0.3551
vn 0.0978 0.9948 -0.0297
vn -0.9343 -0.0317 0.3551
vn 0.4278 0.4200 -0.8003
vn 0.4278 0.4200 -0.8004
vn -0.8285 -0.0056 -0.5599
vn 0.8286 -0.0056 0.5599
vn -0.9818 -0.0056 0.1900
vn -0.8684 0.4200 0.2634
vn -0.0978 0.9948 0.0297
vn 0.0902 0.9948 0.0482
vn 0.8684 0.4200 -0.2634
vn 0.9117 -0.0317 0.4096
vn 0.1900 -0.0056 0.9818
vn -0.8003 0.4200 -0.4278
vn -0.0902 0.9948 -0.0482
vn 0.2053 0.7071 -0.6767
vn 0.4486 0.7071 -0.5466
vn 0.6236 0.7071 -0.3333
vn 0.7037 0.7071 -0.0693
vn 0.6767 0.7071 0.2053
vn 0.5466 0.7071 0.4486
vn 0.3333 0.7071 0.6236
vn 0.0693 0.7071 0.7037
vn -0.2053 0.7071 0.6767
vn -0.4486 0.7071 0.5466
vn -0.6236 0.7071 0.3333
vn -0.7037 0.7071 0.0693
vn -0.6767 0.7071 -0.2053
vn -0.5466 0.7071 -0.4486
vn -0.3333 0.7071 -0.6236
vn -0.0693 0.7071 -0.7037
vn 0.7071 0.7071 -0.0000
vn -0.6935 0.7071 -0.1379
vn 0.6533 0.7071 0.2706
vn -0.5879 0.7071 -0.3928
vn 0.5000 0.7071 0.5000
vn -0.3928 0.7071 -0.5879
vn 0.2706 0.7071 0.6533
vn -0.1379 0.7071 -0.6935
vn -0.0000 0.7071 0.7071
vn 0.1379 0.7071 -0.6935
vn -0.2706 0.7071 0.6533
vn 0.3928 0.7071 -0.5879
vn -0.5000 0.7071 0.5000
vn 0.5879 0.7071 -0.3928
vn -0.6533 0.7071 0.2706
vn 0.6935 0.7071 -0.1380
vn -0.7071 0.7071 -0.0000
vn 0.6935 0.7071 0.1379
vn -0.6533 0.7071 -0.2706
vn 0.5879 0.7071 0.3928
vn -0.5000 0.7071 -0.5000
vn 0.3928 0.7071 0.5879
vn -0.2706 0.7071 -0.6533
vn 0.1379 0.7071 0.6935
vn -0.0000 0.7071 -0.7071
vn -0.1379 0.7071 0.6935
vn 0.2706 0.7071 -0.6533
vn -0.3928 0.7071 0.5879
vn 0.5000 0.7071 -0.5000
vn -0.5879 0.7071 0.3928
vn 0.6533 0.7071 -0.2706
vn -0.6935 0.7071 0.1380
vn -0.6935 0.7071 0.1379
vn 0.3399 0.6929 -0.6359
vn -0.8247 0.0224 -0.5651
vn 0.9262 0.2516 0.2810
vn -0.2810 0.2516 0.9262
vn -0.2810 0.2515 0.9262
vn -0.9782 0.0224 -0.2065
vn 0.9632 0.2516 -0.0949
vn 0.5456 0.0224 0.8377
vn 0.8536 0.2515 -0.4562
vn 0.0949 -0.2516 0.9632
vn 0.6140 0.2516 -0.7482
vn 0.6140 -0.2516 -0.7482
vn 0.2810 0.2516 -0.9262
vn 0.2810 0.2515 -0.9262
vn -0.2065 0.0224 0.9782
vn -0.0949 0.2516 -0.9632
vn -0.6140 -0.2516 0.7482
vn -0.4562 0.2516 -0.8536
vn -0.1835 0.0224 -0.9828
vn -0.9997 0.0224 0.0117
vn -0.6986 0.0224 0.7152
vn 0.9191 0.0224 -0.3934
vn 0.0117 0.0224 0.9997
vn 0.3717 0.0224 -0.9281
vn 0.7152 0.0224 0.6986
vn -0.3934 0.0224 -0.9191
vn -0.3934 0.0225 -0.9191
vn -0.9281 0.0224 -0.3717
vn -0.9191 0.0224 0.3934
vn -0.9191 0.0225 0.3934
vn 0.9997 0.0224 -0.0117
vn -0.3717 0.0224 0.9281
vn 0.6986 0.0224 -0.7152
vn 0.3934 0.0224 0.9191
vn -0.0117 0.0224 -0.9997
vn 0.9281 0.0224 0.3717
vn -0.7152 0.0224 -0.6986
vn 0.7482 -0.2515 0.6140
vn 0.7482 0.2516 0.6140
vn 0.7482 0.2515 0.6140
vn 0.9782 0.0224 0.2065
vn 0.4562 0.2516 0.8536
vn 0.0949 0.2516 0.9632
vn -0.5651 0.0224 0.8247
vn -0.0949 -0.2516 -0.9632
vn -0.5456 0.0224 -0.8377
vn 0.9262 -0.2515 0.2810
vn -0.2810 -0.2515 0.9262
vn 0.9828 0.0224 -0.1835
vn -0.4562 -0.2515 -0.8536
vn 0.1835 0.0224 0.9828
vn 0.9632 -0.2516 -0.0949
vn -0.7482 -0.2515 -0.6140
vn 0.8377 0.0224 -0.5457
vn 0.2810 -0.2515 -0.9262
vn -0.9262 -0.2515 -0.2810
vn 0.8536 -0.2516 -0.4562
vn -0.9828 0.0224 0.1835
vn 0.4562 -0.2515 0.8536
vn -0.6140 0.2516 0.7482
vn 0.5651 0.0224 -0.8247
vn 0.2065 0.0224 -0.9782
vn -0.8536 0.2516 0.4562
vn 0.8247 0.0224 0.5651
vn -0.8536 -0.2515 0.4562
vn -0.9632 0.2516 0.0949
vn -0.9632 -0.2516 0.0949
vn -0.9262 0.2516 -0.2809
vn -0.8377 0.0224 0.5457
vn -0.7482 0.2516 -0.6140
vn 0.2886 -0.1081 -0.9513
vn 0.2886 -0.1080 -0.9513
vn 0.2866 0.1593 -0.9447
vn 0.2660 0.4001 -0.8770
vn 0.2285 0.6169 -0.7531
vn 0.1717 0.8064 -0.5659
vn 0.6307 -0.1080 -0.7685
vn 0.6307 -0.1081 -0.7685
vn 0.6263 0.1593 -0.7631
vn 0.5814 0.4001 -0.7085
vn 0.4993 0.6169 -0.6084
vn 0.3752 0.8064 -0.4572
vn 0.8768 -0.1080 -0.4686
vn 0.8707 0.1593 -0.4654
vn 0.8083 0.4001 -0.4320
vn 0.8083 0.4000 -0.4320
vn 0.6941 0.6169 -0.3710
vn 0.5216 0.8064 -0.2788
vn 0.9894 -0.1080 -0.0974
vn 0.9894 -0.1081 -0.0974
vn 0.9825 0.1593 -0.0968
vn 0.9121 0.4000 -0.0898
vn 0.7832 0.6169 -0.0771
vn 0.5886 0.8064 -0.0580
vn 0.5885 0.8064 -0.0580
vn 0.9513 -0.1080 0.2886
vn 0.9447 0.1593 0.2866
vn 0.8770 0.4000 0.2660
vn 0.8770 0.4001 0.2660
vn 0.7532 0.6169 0.2285
vn 0.7531 0.6169 0.2285
vn 0.5659 0.8064 0.1717
vn 0.7685 -0.1080 0.6307
vn 0.7685 -0.1081 0.6307
vn 0.7631 0.1593 0.6263
vn 0.7085 0.4000 0.5814
vn 0.7084 0.4001 0.5814
vn 0.6084 0.6169 0.4993
vn 0.4572 0.8064 0.3752
vn 0.4686 -0.1081 0.8768
vn 0.4654 0.1593 0.8707
vn 0.4320 0.4001 0.8083
vn 0.3710 0.6169 0.6941
vn 0.2788 0.8064 0.5216
vn 0.0974 -0.1081 0.9894
vn 0.0974 -0.1080 0.9894
vn 0.0968 0.1593 0.9825
vn 0.0898 0.4000 0.9121
vn 0.0898 0.4001 0.9121
vn 0.0771 0.6169 0.7832
vn 0.0580 0.8064 0.5885
vn 0.0580 0.8064 0.5886
vn -0.2886 -0.1081 0.9513
vn -0.2886 -0.1080 0.9513
vn -0.2866 0.1593 0.9447
vn -0.2660 0.4001 0.8770
vn -0.2285 0.6169 0.7531
vn -0.1717 0.8064 0.5659
vn -0.6307 -0.1080 0.7685
vn -0.6307 -0.1081 0.7685
vn -0.6263 0.1593 0.7631
vn -0.5814 0.4000 0.7085
vn -0.5814 0.4001 0.7085
vn -0.4993 0.6169 0.6084
vn -0.3752 0.8064 0.4571
vn -0.3752 0.8064 0.4572
vn -0.8768 -0.1081 0.4686
vn -0.8707 0.1593 0.4654
vn -0.8083 0.4001 0.4320
vn -0.8083 0.4000 0.4320
vn -0.6941 0.6169 0.3710
vn -0.5216 0.8064 0.2788
vn -0.9894 -0.1080 0.0974
vn -0.9825 0.1593 0.0968
vn -0.9121 0.4000 0.0898
vn -0.7832 0.6169 0.0771
vn -0.5886 0.8064 0.0580
vn -0.5885 0.8064 0.0580
vn -0.9513 -0.1080 -0.2886
vn -0.9447 0.1593 -0.2866
vn -0.8770 0.4001 -0.2660
vn -0.7531 0.6169 -0.2285
vn -0.7532 0.6169 -0.2285
vn -0.5659 0.8064 -0.1717
vn -0.7685 -0.1080 -0.6307
vn -0.7685 -0.1081 -0.6307
vn -0.7631 0.1593 -0.6263
vn -0.7085 0.4000 -0.5814
vn -0.7084 0.4001 -0.5814
vn -0.6084 0.6169 -0.4993
vn -0.4572 0.8064 -0.3752
vn -0.4686 -0.1081 -0.8768
vn -0.4654 0.1593 -0.8707
vn -0.4320 0.4001 -0.8083
vn -0.3710 0.6169 -0.6941
vn -0.2788 0.8064 -0.5216
vn -0.0974 -0.1081 -0.9894
vn -0.0974 -0.1080 -0.9894
vn -0.0968 0.1593 -0.9825
vn -0.0898 0.4000 -0.9121
vn -0.0898 0.4001 -0.9121
vn -0.0771 0.6169 -0.7832
vn -0.0580 0.8064 -0.5886
vn -0.0580 0.8064 -0.5885
vn 0.0920 0.9485 -0.3032
vn -0.0100 0.9994 0.0329
vn -0.1196 0.9111 0.3944
vn -0.2105 0.6885 0.6940
vn -0.2661 0.3994 0.8773
vn 0.2010 0.9485 -0.2449
vn -0.0218 0.9994 0.0266
vn -0.2614 0.9111 0.3186
vn -0.4601 0.6885 0.5606
vn -0.5816 0.3994 0.7087
vn 0.2794 0.9485 -0.1494
vn -0.0303 0.9994 0.0162
vn -0.3635 0.9111 0.1943
vn -0.6396 0.6885 0.3419
vn -0.8085 0.3994 0.4322
vn 0.3153 0.9485 -0.0311
vn -0.0342 0.9994 0.0034
vn -0.4101 0.9111 0.0404
vn -0.7217 0.6885 0.0711
vn -0.9124 0.3994 0.0899
vn 0.3032 0.9485 0.0920
vn -0.0329 0.9994 -0.0100
vn -0.3944 0.9111 -0.1196
vn -0.6940 0.6885 -0.2105
vn -0.8773 0.3994 -0.2661
vn 0.2449 0.9485 0.2010
vn -0.0266 0.9994 -0.0218
vn -0.3186 0.9111 -0.2614
vn -0.5606 0.6885 -0.4601
vn -0.7087 0.3994 -0.5816
vn 0.1494 0.9485 0.2794
vn -0.0162 0.9994 -0.0303
vn -0.0162 0.9994 -0.0304
vn -0.1943 0.9111 -0.3634
vn -0.3419 0.6885 -0.6396
vn -0.4322 0.3994 -0.8085
vn 0.0311 0.9485 0.3153
vn -0.0034 0.9994 -0.0342
vn -0.0404 0.9111 -0.4101
vn -0.0711 0.6885 -0.7217
vn -0.0899 0.3994 -0.9124
vn -0.0920 0.9485 0.3032
vn 0.0100 0.9994 -0.0329
vn 0.1196 0.9111 -0.3944
vn 0.2105 0.6885 -0.6940
vn 0.2661 0.3994 -0.8773
vn -0.2010 0.9485 0.2449
vn 0.0218 0.9994 -0.0266
vn 0.2614 0.9111 -0.3186
vn 0.4601 0.6885 -0.5606
vn 0.5816 0.3994 -0.7087
vn -0.2794 0.9485 0.1494
vn 0.0303 0.9994 -0.0162
vn 0.3634 0.9111 -0.1943
vn 0.3635 0.9111 -0.1943
vn 0.6396 0.6885 -0.3419
vn 0.8085 0.3994 -0.4322
vn -0.3153 0.9485 0.0311
vn 0.0342 0.9994 -0.0034
vn 0.4101 0.9111 -0.0404
vn 0.7217 0.6885 -0.0711
vn 0.9124 0.3994 -0.0899
vn -0.3032 0.9485 -0.0920
vn 0.0329 0.9994 0.0100
vn 0.3944 0.9111 0.1196
vn 0.6940 0.6885 0.2105
vn 0.8773 0.3994 0.2661
vn -0.2449 0.9485 -0.2010
vn 0.0266 0.9994 0.0218
vn 0.3186 0.9111 0.2614
vn 0.5606 0.6885 0.4601
vn 0.7087 0.3994 0.5816
vn -0.1494 0.9485 -0.2794
vn 0.0162 0.9994 0.0303
vn 0.0162 0.9994 0.0304
vn 0.1943 0.9111 0.3635
vn 0.3419 0.6885 0.6396
vn 0.4322 0.3994 0.8085
vn -0.0311 0.9485 -0.3153
vn 0.0034 0.9994 0.0342
vn 0.0404 0.9111 0.4101
vn 0.0711 0.6885 0.7217
vn 0.0899 0.3994 0.9124
vn -0.2477 0.8811 -0.4029
vn -0.0071 0.8078 -0.5893
vn -0.0071 0.8078 -0.5894
vn 0.2375 0.6527 -0.7194
vn 0.2374 0.6527 -0.7194
vn 0.4598 0.4298 -0.7771
vn 0.6349 0.1630 -0.7552
vn -0.3468 0.8811 -0.3215
vn -0.5767 0.8078 -0.1220
vn -0.5767 0.8078 -0.1219
vn -0.7519 0.6527 0.0925
vn -0.8519 0.4298 0.2993
vn -0.8646 0.1630 0.4753
vn 0.4670 0.8811 -0.0747
vn 0.5472 0.8078 0.2190
vn 0.5738 0.6527 0.4947
vn 0.5420 0.4298 0.7221
vn 0.4548 0.1630 0.8756
vn 0.4548 0.1630 0.8755
vn 0.4298 0.8811 -0.1973
vn 0.3333 0.8078 -0.4861
vn 0.2022 0.6527 -0.7301
vn 0.0495 0.4298 -0.9016
vn -0.1083 0.1630 -0.9807
vn 0.9807 0.1630 -0.1083
vn 0.9016 0.4298 0.0495
vn 0.7301 0.6527 0.2022
vn 0.4861 0.8078 0.3333
vn 0.1974 0.8811 0.4298
vn -0.9829 0.1630 0.0851
vn -0.8746 0.4298 0.2244
vn -0.6766 0.6527 0.3408
vn -0.4117 0.8078 0.4218
vn -0.1097 0.8811 0.4600
vn -0.4600 0.8811 -0.1097
vn -0.4218 0.8078 -0.4117
vn -0.3408 0.6527 -0.6766
vn -0.2244 0.4298 -0.8746
vn -0.0851 0.1630 -0.9829
vn -0.4726 0.8811 0.0178
vn -0.4940 0.8078 0.3215
vn -0.4662 0.6527 0.5971
vn -0.3907 0.4298 0.8140
vn -0.2752 0.1630 0.9475
vn 0.2774 0.8811 -0.3830
vn 0.5418 0.8078 -0.2321
vn 0.7555 0.6527 -0.0559
vn 0.8939 0.4298 0.1274
vn 0.9407 0.1630 0.2975
vn 0.1644 0.8811 -0.4434
vn -0.1080 0.8078 -0.5794
vn -0.3733 0.6527 -0.6593
vn -0.3732 0.6527 -0.6593
vn -0.6025 0.4298 -0.6725
vn -0.7700 0.1630 -0.6169
vn 0.6169 0.1630 -0.7700
vn 0.6725 0.4298 -0.6025
vn 0.6593 0.6527 -0.3733
vn 0.5794 0.8078 -0.1080
vn 0.4435 0.8811 0.1644
vn -0.6349 0.1630 0.7552
vn -0.4598 0.4298 0.7771
vn -0.2375 0.6527 0.7194
vn 0.0071 0.8078 0.5894
vn 0.2477 0.8811 0.4029
vn -0.4029 0.8811 0.2477
vn -0.5894 0.8078 0.0071
vn -0.7194 0.6527 -0.2375
vn -0.7771 0.4298 -0.4598
vn -0.7552 0.1630 -0.6349
vn -0.3216 0.8811 0.3468
vn -0.1220 0.8078 0.5766
vn -0.1219 0.8078 0.5767
vn 0.0925 0.6527 0.7519
vn 0.2993 0.4298 0.8519
vn 0.4753 0.1630 0.8646
vn 0.8756 0.1630 -0.4548
vn 0.7221 0.4298 -0.5420
vn 0.7222 0.4298 -0.5420
vn 0.4947 0.6527 -0.5738
vn 0.2190 0.8078 -0.5472
vn -0.0747 0.8811 -0.4670
vn 0.0851 0.1630 0.9829
vn 0.2244 0.4298 0.8746
vn 0.3408 0.6527 0.6766
vn 0.4218 0.8078 0.4117
vn 0.4600 0.8811 0.1097
vn 0.0178 0.8811 0.4726
vn 0.3215 0.8078 0.4940
vn 0.5971 0.6527 0.4662
vn 0.8140 0.4298 0.3907
vn 0.9475 0.1630 0.2752
vn 0.2975 0.1630 -0.9407
vn 0.1274 0.4298 -0.8939
vn -0.0559 0.6527 -0.7555
vn -0.2321 0.8078 -0.5418
vn -0.3830 0.8811 -0.2774
vn 0.7552 0.1630 0.6349
vn 0.7771 0.4298 0.4597
vn 0.7771 0.4298 0.4598
vn 0.7194 0.6527 0.2375
vn 0.5894 0.8078 -0.0071
vn 0.4029 0.8811 -0.2477
vn 0.3468 0.8811 0.3215
vn 0.5767 0.8078 0.1220
vn 0.5767 0.8078 0.1219
vn 0.7519 0.6527 -0.0925
vn 0.8519 0.4298 -0.2993
vn 0.8646 0.1630 -0.4753
vn -0.4548 0.1630 -0.8756
vn -0.4548 0.1630 -0.8755
vn -0.5420 0.4298 -0.7221
vn -0.5738 0.6527 -0.4947
vn -0.5472 0.8078 -0.2190
vn -0.4670 0.8811 0.0747
vn -0.1973 0.8811 -0.4298
vn -0.4861 0.8078 -0.3333
vn -0.7301 0.6527 -0.2022
vn -0.9016 0.4298 -0.0495
vn -0.9807 0.1630 0.1083
vn 0.4726 0.8811 -0.0178
vn 0.4940 0.8078 -0.3215
vn 0.4662 0.6527 -0.5971
vn 0.3907 0.4298 -0.8140
vn 0.2752 0.1630 -0.9475
vn -0.9407 0.1630 -0.2975
vn -0.8939 0.4298 -0.1274
vn -0.7555 0.6527 0.0559
vn -0.5418 0.8078 0.2321
vn -0.2774 0.8811 0.3830
vn -0.4434 0.8811 -0.1644
vn -0.5794 0.8078 0.1080
vn -0.6593 0.6527 0.3732
vn -0.6725 0.4298 0.6025
vn -0.6169 0.1630 0.7700
vn 0.3215 0.8811 -0.3468
vn 0.1219 0.8078 -0.5767
vn 0.1220 0.8078 -0.5767
vn -0.0925 0.6527 -0.7519
vn -0.0926 0.6527 -0.7519
vn -0.2993 0.4298 -0.8519
vn -0.4753 0.1630 -0.8646
vn -0.8756 0.1630 0.4548
vn -0.7221 0.4298 0.5420
vn -0.7222 0.4298 0.5420
vn -0.4947 0.6527 0.5738
vn -0.2190 0.8078 0.5472
vn 0.0747 0.8811 0.4670
vn -0.4298 0.8811 0.1973
vn -0.3333 0.8078 0.4861
vn -0.2022 0.6527 0.7301
vn -0.0495 0.4298 0.9016
vn 0.1083 0.1630 0.9807
vn 0.1097 0.8811 -0.4600
vn 0.4117 0.8078 -0.4218
vn 0.6766 0.6527 -0.3408
vn 0.8746 0.4298 -0.2244
vn 0.9829 0.1630 -0.0851
vn -0.0179 0.8811 -0.4726
vn -0.3215 0.8078 -0.4940
vn -0.5971 0.6527 -0.4662
vn -0.8140 0.4298 -0.3907
vn -0.9475 0.1630 -0.2752
vn -0.2975 0.1630 0.9407
vn -0.1274 0.4298 0.8939
vn 0.0559 0.6527 0.7555
vn 0.2321 0.8078 0.5418
vn 0.3830 0.8811 0.2774
vn -0.1644 0.8811 0.4434
vn 0.1080 0.8078 0.5794
vn 0.3732 0.6527 0.6593
vn 0.6025 0.4298 0.6725
vn 0.7700 0.1630 0.6169
vn 0.4574 0.6929 -0.5574
vn 0.0707 0.6929 -0.7176
vn 0.5574 0.6929 -0.4574
vn 0.6359 0.6929 -0.3399
vn 0.6900 0.6929 -0.2093
vn 0.7176 0.6929 -0.0707
vn 0.7176 0.6929 0.0707
vn 0.6900 0.6929 0.2093
vn 0.6359 0.6929 0.3399
vn 0.5574 0.6929 0.4574
vn 0.4574 0.6929 0.5574
vn 0.3399 0.6929 0.6359
vn 0.2093 0.6929 0.6900
vn 0.0707 0.6929 0.7176
vn -0.0707 0.6928 0.7176
vn -0.2093 0.6928 0.6900
vn -0.2093 0.6929 0.6900
vn -0.3399 0.6929 0.6359
vn -0.4574 0.6929 0.5574
vn -0.5574 0.6929 0.4574
vn -0.6359 0.6929 0.3399
vn -0.6900 0.6929 0.2093
vn -0.7176 0.6929 0.0707
vn -0.7176 0.6929 -0.0707
vn -0.6900 0.6929 -0.2093
vn -0.6359 0.6929 -0.3399
vn -0.5574 0.6929 -0.4574
vn -0.4574 0.6929 -0.5574
vn -0.3399 0.6929 -0.6359
vn -0.2093 0.6929 -0.6900
vn -0.0707 0.6929 -0.7176
vn 0.0588 0.7998 -0.5973
vn 0.0384 0.9200 -0.3900
vn -0.0651 0.7476 0.6609
vn 0.1742 0.7998 -0.5744
vn 0.1138 0.9200 -0.3750
vn -0.1928 0.7476 0.6355
vn 0.2829 0.7998 -0.5294
vn 0.1847 0.9200 -0.3456
vn -0.3131 0.7476 0.5857
vn 0.3808 0.7998 -0.4640
vn 0.2486 0.9200 -0.3029
vn -0.4213 0.7476 0.5134
vn 0.4640 0.7998 -0.3808
vn 0.3029 0.9200 -0.2486
vn -0.5134 0.7476 0.4213
vn 0.5294 0.7998 -0.2829
vn 0.3456 0.9200 -0.1847
vn -0.5857 0.7476 0.3131
vn 0.5744 0.7998 -0.1742
vn 0.3750 0.9200 -0.1138
vn -0.6355 0.7476 0.1928
vn 0.5973 0.7998 -0.0588
vn 0.3900 0.9200 -0.0384
vn -0.6609 0.7476 0.0651
vn 0.5973 0.7998 0.0588
vn 0.3900 0.9200 0.0384
vn -0.6609 0.7476 -0.0651
vn 0.5744 0.7998 0.1742
vn 0.3750 0.9200 0.1138
vn -0.6355 0.7476 -0.1928
vn 0.5293 0.7998 0.2829
vn 0.3456 0.9200 0.1847
vn -0.5857 0.7476 -0.3131
vn 0.4640 0.7998 0.3808
vn 0.3029 0.9200 0.2486
vn -0.5134 0.7476 -0.4213
vn 0.3808 0.7998 0.4640
vn 0.2486 0.9200 0.3029
vn -0.4213 0.7476 -0.5134
vn 0.2829 0.7998 0.5294
vn 0.1847 0.9200 0.3456
vn -0.3131 0.7476 -0.5857
vn 0.1742 0.7998 0.5744
vn 0.1138 0.9200 0.3750
vn -0.1928 0.7476 -0.6355
vn 0.0588 0.7998 0.5973
vn 0.0384 0.9200 0.3900
vn -0.0651 0.7476 -0.6609
vn -0.0588 0.7998 0.5973
vn -0.0384 0.9200 0.3900
vn 0.0651 0.7476 -0.6609
vn -0.1742 0.7998 0.5744
vn -0.1138 0.9200 0.3750
vn 0.1928 0.7476 -0.6355
vn -0.2829 0.7998 0.5293
vn -0.2829 0.7998 0.5294
vn -0.1847 0.9200 0.3456
vn 0.3131 0.7476 -0.5857
vn -0.3808 0.7998 0.4640
vn -0.2486 0.9200 0.3029
vn 0.4213 0.7476 -0.5134
vn -0.4640 0.7998 0.3808
vn -0.3029 0.9200 0.2486
vn 0.5134 0.7476 -0.4213
vn -0.5294 0.7998 0.2829
vn -0.3456 0.9200 0.1847
vn 0.5857 0.7476 -0.3131
vn -0.5744 0.7998 0.1742
vn -0.3750 0.9200 0.1138
vn 0.6355 0.7476 -0.1928
vn -0.5973 0.7998 0.0588
vn -0.3900 0.9200 0.0384
vn 0.6609 0.7476 -0.0651
vn -0.5973 0.7998 -0.0588
vn -0.3900 0.9200 -0.0384
vn 0.6609 0.7476 0.0651
vn -0.5744 0.7998 -0.1742
vn -0.3750 0.9200 -0.1138
vn 0.6355 0.7476 0.1928
vn -0.5294 0.7998 -0.2829
vn -0.5293 0.7998 -0.2829
vn -0.3456 0.9200 -0.1847
vn 0.5857 0.7476 0.3131
vn -0.4640 0.7998 -0.3808
vn -0.3029 0.9200 -0.2486
vn 0.5134 0.7476 0.4213
vn -0.3808 0.7998 -0.4640
vn -0.2486 0.9200 -0.3029
vn 0.4213 0.7476 0.5134
vn -0.2829 0.7998 -0.5294
vn -0.1847 0.9200 -0.3456
vn 0.3131 0.7476 0.5857
vn -0.1742 0.7998 -0.5744
vn -0.1138 0.9200 -0.3750
vn 0.1928 0.7476 0.6355
vn -0.0588 0.7998 -0.5973
vn -0.0384 0.9200 -0.3900
vn 0.0651 0.7476 0.6609
vn 0.2093 0.6929 -0.6900
vn -0.9972 -0.0067 -0.0746
vn -0.4505 -0.0067 0.8927
vn 0.1135 -0.0185 -0.9934
vn -0.0746 -0.0067 0.9972
vn -0.2753 -0.0185 -0.9612
vn 0.3127 -0.0067 0.9498
vn -0.6221 -0.0185 -0.7827
vn 0.6524 -0.0067 0.7579
vn 0.6816 0.5727 -0.4554
vn -0.9951 -0.0095 -0.0980
vn 0.3644 -0.0000 0.9312
vn -0.9448 -0.0000 -0.3277
vn -0.6275 0.1468 -0.7646
vn 0.9675 -0.0095 0.2525
vn -0.4713 -0.0073 0.8819
vn -0.9675 -0.0095 -0.2525
vn 0.4713 -0.0073 -0.8819
vn -0.4032 0.5183 0.7542
vn 0.4850 -0.0185 -0.8743
vn 0.9934 -0.0185 0.1135
vn -0.7579 -0.0067 0.6524
vn -0.8927 -0.0067 -0.4505
vn 0.7827 -0.0185 -0.6221
vn 0.8743 -0.0185 0.4850
vn -0.9498 -0.0067 0.3127
vn -0.6524 -0.0067 -0.7579
vn 0.9612 -0.0185 -0.2753
vn 0.6221 -0.0185 0.7827
vn -0.3127 -0.0067 -0.9498
vn 0.2753 -0.0185 0.9612
vn 0.0746 -0.0067 -0.9972
vn -0.1135 -0.0185 0.9934
vn 0.4505 -0.0067 -0.8927
vn -0.4850 -0.0185 0.8743
vn 0.7579 -0.0067 -0.6524
vn -0.7827 -0.0185 0.6221
vn 0.9498 -0.0067 -0.3127
vn -0.9612 -0.0185 0.2753
vn 0.9972 -0.0067 0.0746
vn -0.9934 -0.0185 -0.1135
vn 0.8927 -0.0067 0.4505
vn -0.8743 -0.0185 -0.4850
vn 0.2708 -0.2004 -0.9416
vn -0.2892 -0.3307 0.8983
vn -0.1102 -0.2004 -0.9735
vn 0.0766 -0.3307 0.9406
vn -0.4743 -0.2004 -0.8572
vn 0.4307 -0.3307 0.8397
vn -0.8353 0.0179 -0.5496
vn 0.9529 0.0921 0.2891
vn -0.8983 -0.3307 -0.2892
vn -0.6110 -0.3307 0.7193
vn 0.9735 -0.2004 -0.1102
vn 0.0959 -0.2088 0.9732
vn 0.6105 -0.2004 -0.7663
vn 0.9416 -0.2004 0.2708
vn -0.8397 -0.3307 0.4307
vn -0.7193 -0.3307 -0.6110
vn 0.8572 -0.2004 -0.4743
vn 0.7663 -0.2004 0.6105
vn -0.9406 -0.3307 0.0766
vn -0.4307 -0.3307 -0.8397
vn -0.9733 -0.2088 0.0959
vn 0.4743 -0.2004 0.8572
vn -0.0766 -0.3307 -0.9406
vn 0.1102 -0.2004 0.9735
vn 0.2892 -0.3307 -0.8983
vn -0.0958 -0.2088 -0.9733
vn -0.2708 -0.2004 0.9416
vn 0.6110 -0.3307 -0.7193
vn -0.6105 -0.2004 0.7663
vn 0.8397 -0.3307 -0.4307
vn -0.8572 -0.2004 0.4743
vn 0.9406 -0.3307 -0.0766
vn -0.9735 -0.2004 0.1102
vn 0.8983 -0.3307 0.2892
vn -0.9416 -0.2004 -0.2708
vn 0.7193 -0.3307 0.6110
vn -0.7663 -0.2004 -0.6105
vn 0.2839 -0.2088 -0.9359
vn -0.9529 -0.0921 -0.2891
vn 0.2890 -0.0921 -0.9529
vn -0.5455 -0.0400 0.8371
vn 0.3892 -0.0251 0.9208
vn 0.5455 -0.0400 -0.8371
vn -0.3892 -0.0251 -0.9208
vn -0.9777 -0.0400 0.2062
vn 0.2062 -0.0400 0.9777
vn -0.3759 -0.0251 0.9263
vn 0.9263 -0.0251 0.3759
vn 0.3759 -0.0251 -0.9263
vn -0.9208 -0.0251 0.3892
vn 0.9208 -0.0251 -0.3892
vn 0.8371 -0.0400 0.5455
vn -0.8371 -0.0400 -0.5455
vn 0.9777 -0.0400 -0.2062
vn -0.9263 -0.0251 -0.3759
vn -0.2062 -0.0400 -0.9777
vn 0.1380 0.7071 -0.6935
vn 0.6935 0.7071 -0.1379
vn 0.1380 0.7071 0.6935
vn 0.9262 0.2515 0.2810
vn 0.9632 0.2515 -0.0949
vn 0.5457 0.0225 0.8377
vn 0.8536 0.2516 -0.4562
vn 0.0949 -0.2515 0.9632
vn -0.0949 0.2515 -0.9632
vn 0.7482 -0.2516 0.6140
vn 0.0949 0.2515 0.9632
vn -0.5457 0.0224 -0.8377
vn 0.9262 -0.2516 0.2810
vn -0.2809 -0.2515 0.9262
vn 0.9632 -0.2515 -0.0949
vn -0.7482 -0.2516 -0.6140
vn 0.2809 -0.2515 -0.9262
vn -0.9262 -0.2516 -0.2810
vn 0.8536 -0.2515 -0.4562
vn -0.8377 0.0224 0.5456
vn 0.3752 0.8064 -0.4571
vn 0.4571 0.8064 0.3752
vn 0.1494 0.9485 0.2795
vn -0.1494 0.9485 -0.2795
vn 0.1973 0.8811 0.4298
vn -0.4726 0.8811 0.0179
vn 0.4434 0.8811 0.1644
vn -0.3215 0.8811 0.3468
vn 0.0179 0.8811 0.4726
vn 0.4726 0.8811 -0.0179
vn -0.0178 0.8811 -0.4726
vn 0.0707 0.6928 -0.7176
vn -0.0707 0.6929 0.7176
vt 0.038478 0.863780
vt 0.039398 0.889515
vt 0.038478 0.889515
vt 0.761605 0.703317
vt 0.744633 0.733027
vt 0.744591 0.703281
vt 0.966761 0.433678
vt 0.978161 0.432791
vt 0.978169 0.433678
vt 0.462808 0.552093
vt 0.479960 0.527593
vt 0.479822 0.551980
vt 0.463049 0.499894
vt 0.480125 0.469768
vt 0.480063 0.499833
vt 0.960167 0.462298
vt 0.959249 0.450626
vt 0.960167 0.450626
vt 0.463132 0.438550
vt 0.480121 0.407384
vt 0.480145 0.438552
vt 0.884434 0.855683
vt 0.885355 0.881419
vt 0.884434 0.881419
vt 0.480056 0.377464
vt 0.462937 0.349850
vt 0.479950 0.349941
vt 0.884647 0.516687
vt 0.885567 0.542423
vt 0.884647 0.542423
vt 0.553914 0.548939
vt 0.571049 0.521644
vt 0.570927 0.548846
vt 0.966761 0.369806
vt 0.978161 0.368890
vt 0.978169 0.369806
vt 0.554113 0.491963
vt 0.571157 0.460836
vt 0.571126 0.491927
vt 0.554127 0.429541
vt 0.571076 0.399322
vt 0.571141 0.429568
vt 0.884261 0.196118
vt 0.883341 0.170376
vt 0.884261 0.170376
vt 0.553954 0.371177
vt 0.570817 0.346467
vt 0.570967 0.371263
vt 0.966763 0.600236
vt 0.978161 0.599509
vt 0.978171 0.600236
vt 0.327164 0.573193
vt 0.344359 0.550796
vt 0.344177 0.573069
vt 0.966761 0.587444
vt 0.978161 0.586629
vt 0.978169 0.587444
vt 0.327488 0.524724
vt 0.344599 0.495631
vt 0.344501 0.524648
vt 0.960452 0.616582
vt 0.959580 0.604907
vt 0.960452 0.604909
vt 0.327635 0.464875
vt 0.344646 0.433517
vt 0.344648 0.464860
vt 0.959198 0.348717
vt 0.960114 0.360390
vt 0.959198 0.360390
vt 0.327582 0.402759
vt 0.344495 0.373909
vt 0.344595 0.402806
vt 0.067439 0.863780
vt 0.068360 0.889515
vt 0.067439 0.889516
vt 0.327337 0.347831
vt 0.344167 0.325882
vt 0.344350 0.347934
vt 0.966765 0.466467
vt 0.978161 0.465667
vt 0.978173 0.466467
vt 0.761694 0.582590
vt 0.744620 0.610696
vt 0.744680 0.582676
vt 0.761598 0.640890
vt 0.744575 0.672180
vt 0.744584 0.640917
vt 0.725297 0.199235
vt 0.731255 0.183931
vt 0.731222 0.199249
vt 0.708854 0.408739
vt 0.691564 0.440001
vt 0.691574 0.408739
vt 0.411992 0.325882
vt 0.396297 0.344689
vt 0.392863 0.343999
vt 0.716264 0.644871
vt 0.695856 0.671569
vt 0.695864 0.644871
vt 0.434246 0.766988
vt 0.428210 0.790176
vt 0.424456 0.791788
vt 0.960177 0.534090
vt 0.960992 0.545765
vt 0.960177 0.545762
vt 0.755215 0.332532
vt 0.726762 0.356497
vt 0.732877 0.325756
vt 0.727229 0.944515
vt 0.725456 0.930161
vt 0.727229 0.930164
vt 0.098305 0.967230
vt 0.101295 0.977916
vt 0.098305 0.977388
vt 0.708950 0.350497
vt 0.691609 0.378517
vt 0.691669 0.350497
vt 0.619778 0.433455
vt 0.623151 0.409638
vt 0.623195 0.430657
vt 0.716346 0.595132
vt 0.695894 0.619061
vt 0.695946 0.595132
vt 0.742059 0.586859
vt 0.722902 0.598401
vt 0.718954 0.597016
vt 0.966768 0.459937
vt 0.978160 0.459174
vt 0.978175 0.459937
vt 0.026096 0.828993
vt 0.002865 0.858049
vt 0.002865 0.826705
vt 0.568228 0.903111
vt 0.570033 0.882392
vt 0.570033 0.903111
vt 0.637138 0.805681
vt 0.645569 0.777849
vt 0.645551 0.805941
vt 0.418240 0.347809
vt 0.435337 0.325756
vt 0.435520 0.347809
vt 0.750412 0.132701
vt 0.728238 0.134575
vt 0.727082 0.131907
vt 0.372620 0.362832
vt 0.393020 0.362832
vt 0.889759 0.262591
vt 0.892596 0.240627
vt 0.892596 0.260421
vt 0.966762 0.285843
vt 0.978161 0.284929
vt 0.978170 0.285843
vt 0.826332 0.826478
vt 0.803101 0.855534
vt 0.803101 0.824190
vt 0.943614 0.170376
vt 0.945325 0.184732
vt 0.943614 0.184728
vt 0.790636 0.821347
vt 0.797099 0.798913
vt 0.797021 0.824042
vt 0.418484 0.402681
vt 0.435664 0.373783
vt 0.435764 0.402681
vt 0.762076 0.201446
vt 0.755525 0.173642
vt 0.757944 0.170376
vt 0.372829 0.409693
vt 0.393143 0.385015
vt 0.393228 0.409693
vt 0.742015 0.728931
vt 0.722865 0.719627
vt 0.741810 0.725976
vt 0.752079 0.919466
vt 0.751372 0.907798
vt 0.752079 0.907794
vt 0.364394 0.667020
vt 0.349875 0.701270
vt 0.341409 0.671091
vt 0.418842 0.930237
vt 0.420640 0.944590
vt 0.418842 0.944589
vt 0.287569 0.828488
vt 0.281048 0.825902
vt 0.287569 0.825902
vt 0.418537 0.464735
vt 0.435816 0.433391
vt 0.435817 0.464735
vt 0.412326 0.524648
vt 0.396578 0.512006
vt 0.412185 0.520877
vt 0.372874 0.462687
vt 0.393272 0.435920
vt 0.393274 0.462687
vt 0.481541 0.771836
vt 0.486755 0.796005
vt 0.479498 0.774738
vt 0.597662 0.949681
vt 0.598462 0.961352
vt 0.597662 0.961354
vt 0.365515 0.613754
vt 0.338994 0.639841
vt 0.342721 0.608720
vt 0.519351 0.903505
vt 0.517546 0.882787
vt 0.519351 0.882787
vt 0.201170 0.805696
vt 0.192696 0.777835
vt 0.201170 0.771855
vt 0.418391 0.524523
vt 0.435768 0.495506
vt 0.435670 0.524523
vt 0.528632 0.363064
vt 0.532134 0.383664
vt 0.528722 0.386569
vt 0.372748 0.513747
vt 0.393232 0.488966
vt 0.393148 0.513747
vt 0.505703 0.382749
vt 0.501690 0.366171
vt 0.505634 0.364833
vt 0.884219 0.630643
vt 0.885139 0.604907
vt 0.885139 0.630643
vt 0.603490 0.813998
vt 0.580259 0.843054
vt 0.580259 0.811710
vt 0.945935 0.713256
vt 0.944439 0.698913
vt 0.945935 0.698905
vt 0.572119 0.508388
vt 0.582127 0.505547
vt 0.582117 0.509295
vt 0.418067 0.572943
vt 0.435528 0.550670
vt 0.435347 0.572943
vt 0.860002 0.402832
vt 0.862487 0.376465
vt 0.862487 0.399850
vt 0.372472 0.555098
vt 0.393027 0.536077
vt 0.392872 0.555098
vt 0.859707 0.101422
vt 0.862388 0.127524
vt 0.859707 0.130436
vt 0.879657 0.557824
vt 0.878737 0.583586
vt 0.878737 0.557824
vt 0.569581 0.816139
vt 0.546350 0.845195
vt 0.546350 0.813851
vt 0.945881 0.619266
vt 0.944375 0.604907
vt 0.945881 0.604915
vt 0.803101 0.778563
vt 0.811088 0.752182
vt 0.811046 0.779478
vt 0.668363 0.371131
vt 0.685493 0.346335
vt 0.685643 0.371131
vt 0.853976 0.131226
vt 0.851804 0.104177
vt 0.853976 0.101422
vt 0.599230 0.383663
vt 0.619502 0.362487
vt 0.619630 0.383663
vt 0.861570 0.325756
vt 0.864410 0.350776
vt 0.861570 0.353622
vt 0.201680 0.813944
vt 0.178450 0.842999
vt 0.178450 0.811656
vt 0.905863 0.238456
vt 0.907668 0.259175
vt 0.905863 0.259175
vt 0.044451 0.990238
vt 0.047037 0.983718
vt 0.047037 0.990238
vt 0.668537 0.429436
vt 0.685752 0.399191
vt 0.685817 0.429436
vt 0.630953 0.843054
vt 0.628125 0.814629
vt 0.630953 0.811710
vt 0.599378 0.433455
vt 0.619723 0.407626
vt 0.891085 0.855683
vt 0.893922 0.877648
vt 0.891085 0.879818
vt 0.959286 0.304735
vt 0.960199 0.316407
vt 0.959286 0.316408
vt 0.737031 0.228953
vt 0.760067 0.232725
vt 0.944759 0.101430
vt 0.946145 0.115773
vt 0.944759 0.115782
vt 0.215258 0.805512
vt 0.206900 0.777953
vt 0.215258 0.771855
vt 0.668523 0.491795
vt 0.685834 0.460705
vt 0.685802 0.491795
vt 0.317072 0.868020
vt 0.319845 0.843127
vt 0.319845 0.865067
vt 0.599366 0.486710
vt 0.619793 0.460159
vt 0.619766 0.486710
vt 0.849864 0.604907
vt 0.847822 0.631427
vt 0.847822 0.606874
vt 0.966763 0.265903
vt 0.978160 0.265001
vt 0.978171 0.265903
vt 0.496120 0.843275
vt 0.519351 0.814219
vt 0.519351 0.845563
vt 0.944272 0.627874
vt 0.945871 0.642232
vt 0.944272 0.642226
vt 0.572184 0.443289
vt 0.582185 0.447036
vt 0.572187 0.447233
vt 0.668323 0.548714
vt 0.685725 0.521512
vt 0.685603 0.548714
vt 0.692524 0.596689
vt 0.599196 0.535319
vt 0.619700 0.512089
vt 0.619596 0.535319
vt 0.347112 0.378062
vt 0.366204 0.388589
vt 0.347311 0.381162
vt 0.519351 0.877056
vt 0.518431 0.851294
vt 0.519351 0.851294
vt 0.832062 0.853245
vt 0.855293 0.824190
vt 0.855293 0.855534
vt 0.907890 0.223044
vt 0.906085 0.202326
vt 0.907890 0.202326
vt 0.580259 0.805847
vt 0.588774 0.777759
vt 0.588767 0.805979
vt 0.644929 0.377349
vt 0.662104 0.349826
vt 0.662209 0.377349
vt 0.528641 0.514780
vt 0.531952 0.534608
vt 0.528522 0.535606
vt 0.508322 0.386569
vt 0.596601 0.533623
vt 0.592723 0.517791
vt 0.596680 0.515915
vt 0.960225 0.273096
vt 0.959347 0.261426
vt 0.960225 0.261424
vt 0.748403 0.101422
vt 0.940535 0.944584
vt 0.938766 0.930236
vt 0.940535 0.930233
vt 0.005452 0.990238
vt 0.002865 0.983718
vt 0.005452 0.983718
vt 0.645018 0.438436
vt 0.662275 0.407269
vt 0.662298 0.438436
vt 0.843248 0.516687
vt 0.846076 0.545112
vt 0.843248 0.548030
vt 0.508398 0.438738
vt 0.528778 0.412121
vt 0.528798 0.438738
vt 0.852742 0.283284
vt 0.855239 0.309909
vt 0.852742 0.312964
vt 0.220989 0.840652
vt 0.244219 0.811597
vt 0.244219 0.842940
vt 0.946035 0.531038
vt 0.944850 0.516697
vt 0.946035 0.516687
vt 0.816194 0.455925
vt 0.808825 0.431394
vt 0.816194 0.424313
vt 0.644936 0.499718
vt 0.662278 0.469653
vt 0.662216 0.499718
vt 0.295585 0.851542
vt 0.297726 0.824470
vt 0.297726 0.848777
vt 0.508328 0.491073
vt 0.528781 0.465397
vt 0.528728 0.491073
vt 0.889102 0.424313
vt 0.891939 0.446277
vt 0.889102 0.448448
vt 0.886324 0.002865
vt 0.887244 0.028601
vt 0.886324 0.028601
vt 0.462795 0.843874
vt 0.486026 0.814819
vt 0.486026 0.846162
vt 0.898623 0.844909
vt 0.900428 0.824190
vt 0.900428 0.844909
vt 0.572066 0.387442
vt 0.582048 0.382632
vt 0.582062 0.386171
vt 0.644695 0.551865
vt 0.662113 0.527478
vt 0.661975 0.551865
vt 0.776105 0.552076
vt 0.773589 0.525817
vt 0.776105 0.523479
vt 0.508122 0.535606
vt 0.347251 0.437132
vt 0.366319 0.440924
vt 0.347441 0.439316
vt 0.878488 0.604907
vt 0.877568 0.630670
vt 0.877568 0.604907
vt 0.637138 0.840727
vt 0.660369 0.811671
vt 0.660369 0.843015
vt 0.568228 0.931026
vt 0.569951 0.945374
vt 0.568228 0.945377
vt 0.804680 0.271591
vt 0.812908 0.244724
vt 0.812937 0.272189
vt 0.708861 0.471102
vt 0.691623 0.500848
vt 0.691581 0.471102
vt 0.784905 0.829253
vt 0.782076 0.857678
vt 0.782076 0.832172
vt 0.716270 0.698130
vt 0.695906 0.723533
vt 0.695870 0.698130
vt 0.596784 0.463587
vt 0.592816 0.482078
vt 0.592833 0.465480
vt 0.878022 0.077025
vt 0.878942 0.051263
vt 0.878942 0.077025
vt 0.749993 0.385553
vt 0.732877 0.418582
vt 0.726762 0.387841
vt 0.944559 0.855687
vt 0.946128 0.870035
vt 0.944559 0.870038
vt 0.071989 0.990238
vt 0.069402 0.983718
vt 0.071989 0.983718
vt 0.306123 0.673084
vt 0.302572 0.662735
vt 0.306145 0.662735
vt 0.719356 0.114300
vt 0.713397 0.094200
vt 0.719322 0.094200
vt 0.725304 0.266145
vt 0.731266 0.281024
vt 0.725341 0.281048
vt 0.725375 0.170376
vt 0.725330 0.183909
vt 0.713396 0.073686
vt 0.719322 0.073686
vt 0.725281 0.249875
vt 0.731230 0.266128
vt 0.456270 0.589900
vt 0.450245 0.577870
vt 0.456170 0.577838
vt 0.713428 0.053547
vt 0.719354 0.053547
vt 0.725272 0.232864
vt 0.731207 0.249866
vt 0.456349 0.604107
vt 0.450345 0.589927
vt 0.713492 0.034556
vt 0.719418 0.034556
vt 0.720741 0.423617
vt 0.714774 0.403822
vt 0.720699 0.403822
vt 0.456404 0.619913
vt 0.450424 0.604127
vt 0.713585 0.017443
vt 0.719511 0.017443
vt 0.714763 0.383357
vt 0.720688 0.383357
vt 0.456432 0.636711
vt 0.450478 0.619926
vt 0.713704 0.002865
vt 0.719629 0.002865
vt 0.714783 0.363009
vt 0.720708 0.363009
vt 0.456433 0.653854
vt 0.450507 0.636715
vt 0.721031 0.471679
vt 0.714985 0.458210
vt 0.720910 0.458210
vt 0.714834 0.343560
vt 0.720759 0.343560
vt 0.450480 0.670673
vt 0.450507 0.653851
vt 0.714887 0.441982
vt 0.720812 0.441982
vt 0.714913 0.325756
vt 0.720839 0.325756
vt 0.456406 0.670685
vt 0.450427 0.686537
vt 0.714816 0.423617
vt 0.719449 0.302608
vt 0.713616 0.318361
vt 0.713524 0.302608
vt 0.456353 0.686556
vt 0.450349 0.700832
vt 0.713455 0.284594
vt 0.719380 0.284594
vt 0.456176 0.713041
vt 0.456275 0.700858
vt 0.713412 0.265012
vt 0.719337 0.265012
vt 0.392103 0.590180
vt 0.386077 0.578958
vt 0.392002 0.578924
vt 0.853207 0.940523
vt 0.846489 0.952761
vt 0.846489 0.939861
vt 0.983909 0.225401
vt 0.988746 0.227155
vt 0.983909 0.227155
vt 0.953555 0.305396
vt 0.946837 0.317635
vt 0.946837 0.304735
vt 0.987889 0.564636
vt 0.983914 0.566312
vt 0.983909 0.564636
vt 0.953503 0.664227
vt 0.946785 0.651988
vt 0.953503 0.652650
vt 0.335458 0.989648
vt 0.340367 0.983718
vt 0.340367 0.989611
vt 0.881877 0.406344
vt 0.875159 0.418582
vt 0.875159 0.405682
vt 0.165987 0.953787
vt 0.160076 0.941545
vt 0.165970 0.941545
vt 0.953518 0.451287
vt 0.946800 0.463526
vt 0.946800 0.450626
vt 0.657000 0.253201
vt 0.662871 0.264305
vt 0.656977 0.264305
vt 0.033782 0.952129
vt 0.027064 0.939891
vt 0.033782 0.940553
vt 0.306110 0.684247
vt 0.312001 0.695794
vt 0.306107 0.695794
vt 0.953711 0.250695
vt 0.946993 0.238456
vt 0.953711 0.239118
vt 0.988746 0.090676
vt 0.983909 0.092430
vt 0.983909 0.090676
vt 0.108797 0.951787
vt 0.102079 0.939548
vt 0.108797 0.940210
vt 0.108565 0.990044
vt 0.102671 0.983718
vt 0.108565 0.983735
vt 0.039513 0.940553
vt 0.046231 0.952791
vt 0.039513 0.952129
vt 0.947563 0.557824
vt 0.953453 0.570691
vt 0.947559 0.570691
vt 0.004726 0.940556
vt 0.011444 0.952794
vt 0.004726 0.952133
vt 0.657089 0.233940
vt 0.662932 0.242948
vt 0.657038 0.242948
vt 0.058758 0.940586
vt 0.065476 0.952824
vt 0.058758 0.952162
vt 0.312017 0.673084
vt 0.079985 0.940603
vt 0.086703 0.952842
vt 0.079985 0.952180
vt 0.983914 0.727047
vt 0.987889 0.725615
vt 0.987893 0.727047
vt 0.825262 0.952613
vt 0.831980 0.940375
vt 0.831980 0.953275
vt 0.839687 0.967230
vt 0.845580 0.973978
vt 0.839686 0.973978
vt 0.803101 0.941030
vt 0.809819 0.953269
vt 0.803101 0.952607
vt 0.888898 0.681537
vt 0.894792 0.693057
vt 0.888898 0.693069
vt 0.870737 0.094995
vt 0.877455 0.082756
vt 0.877455 0.095656
vt 0.306113 0.707281
vt 0.312022 0.718268
vt 0.306128 0.718268
vt 0.283266 0.937403
vt 0.289984 0.949642
vt 0.283266 0.948980
vt 0.698402 0.223635
vt 0.692440 0.215490
vt 0.698334 0.215490
vt 0.076351 0.977964
vt 0.073280 0.967230
vt 0.076351 0.967230
vt 0.674663 0.252979
vt 0.678276 0.263343
vt 0.674703 0.263343
vt 0.653516 0.233940
vt 0.302550 0.673084
vt 0.674608 0.243820
vt 0.678236 0.252979
vt 0.653465 0.242948
vt 0.302537 0.684247
vt 0.674540 0.236219
vt 0.678181 0.243820
vt 0.653427 0.253201
vt 0.698405 0.298562
vt 0.701911 0.306789
vt 0.698338 0.306789
vt 0.656970 0.275835
vt 0.653404 0.264305
vt 0.698457 0.288904
vt 0.701978 0.298562
vt 0.656979 0.287347
vt 0.653397 0.275835
vt 0.698493 0.278187
vt 0.702030 0.288904
vt 0.657003 0.298398
vt 0.653406 0.287347
vt 0.698511 0.266821
vt 0.702066 0.278187
vt 0.657042 0.308564
vt 0.653430 0.298398
vt 0.698511 0.255245
vt 0.702084 0.266821
vt 0.657094 0.317454
vt 0.653469 0.308564
vt 0.698492 0.243902
vt 0.702084 0.255245
vt 0.674693 0.308522
vt 0.678221 0.318569
vt 0.674648 0.318569
vt 0.698455 0.233228
vt 0.702065 0.243902
vt 0.674722 0.297546
vt 0.678266 0.308522
vt 0.702028 0.233228
vt 0.674733 0.286063
vt 0.678295 0.297546
vt 0.302534 0.695794
vt 0.701975 0.223635
vt 0.674727 0.274514
vt 0.678306 0.286063
vt 0.302540 0.707281
vt 0.302603 0.653597
vt 0.306176 0.653597
vt 0.678300 0.274514
vt 0.306153 0.728331
vt 0.302555 0.718268
vt 0.444267 0.897902
vt 0.446952 0.901298
vt 0.441970 0.901244
vt 0.956157 0.129885
vt 0.951876 0.118730
vt 0.956157 0.119151
vt 0.405556 0.985637
vt 0.402193 0.989383
vt 0.402194 0.983718
vt 0.956209 0.411564
vt 0.951928 0.400409
vt 0.956209 0.400831
vt 0.705392 0.287369
vt 0.705317 0.301091
vt 0.958411 0.686107
vt 0.954130 0.674952
vt 0.958411 0.675373
vt 0.508670 0.899991
vt 0.496120 0.903364
vt 0.498153 0.900008
vt 0.957569 0.294440
vt 0.953288 0.283284
vt 0.957569 0.283706
vt 0.429479 0.985813
vt 0.432845 0.989094
vt 0.429479 0.989596
vt 0.957106 0.815641
vt 0.952825 0.804486
vt 0.957106 0.804908
vt 0.541979 0.989031
vt 0.538610 0.983718
vt 0.541979 0.985692
vt 0.956157 0.112577
vt 0.951876 0.101422
vt 0.956157 0.101844
vt 0.232049 0.985087
vt 0.235417 0.989797
vt 0.232053 0.989366
vt 0.309996 0.957076
vt 0.305715 0.945921
vt 0.309996 0.946343
vt 0.529523 0.989120
vt 0.532879 0.983718
vt 0.532879 0.988709
vt 0.957627 0.908979
vt 0.953346 0.920134
vt 0.953346 0.908557
vt 0.678113 0.236219
vt 0.681544 0.244740
vt 0.954859 0.591954
vt 0.959140 0.580799
vt 0.959140 0.592375
vt 0.559277 0.899639
vt 0.546350 0.902971
vt 0.548740 0.899623
vt 0.953689 0.958696
vt 0.957970 0.947541
vt 0.957970 0.959118
vt 0.484042 0.989201
vt 0.487404 0.983717
vt 0.487404 0.989346
vt 0.954038 0.136589
vt 0.958319 0.147744
vt 0.954038 0.147322
vt 0.502230 0.986122
vt 0.505600 0.988163
vt 0.502230 0.989251
vt 0.953421 0.051685
vt 0.957702 0.062840
vt 0.953421 0.062418
vt 0.374927 0.989087
vt 0.378277 0.983718
vt 0.378282 0.989679
vt 0.952201 0.497951
vt 0.956482 0.509106
vt 0.952201 0.508685
vt 0.681578 0.250396
vt 0.681636 0.265122
vt 0.953793 0.785630
vt 0.958074 0.796785
vt 0.953793 0.796363
vt 0.189103 0.891520
vt 0.185749 0.880202
vt 0.189103 0.882565
vt 0.954374 0.374518
vt 0.958655 0.385673
vt 0.954374 0.385251
vt 0.537981 0.900407
vt 0.525082 0.903765
vt 0.527273 0.900413
vt 0.953689 0.930655
vt 0.957970 0.941810
vt 0.953689 0.941388
vt 0.616607 0.975116
vt 0.615149 0.967230
vt 0.616607 0.967230
vt 0.205384 0.944031
vt 0.203929 0.929649
vt 0.205384 0.929648
vt 0.220057 0.656227
vt 0.229986 0.651121
vt 0.230585 0.654133
vt 0.614922 0.891504
vt 0.597662 0.893590
vt 0.597692 0.891408
vt 0.905564 0.678438
vt 0.906995 0.692822
vt 0.905564 0.692820
vt 0.623796 0.975116
vt 0.622338 0.967230
vt 0.623796 0.967230
vt 0.913100 0.674958
vt 0.916063 0.692182
vt 0.913100 0.692188
vt 0.966753 0.909721
vt 0.977486 0.906650
vt 0.977486 0.909721
vt 0.213696 0.929982
vt 0.215102 0.944366
vt 0.213696 0.944364
vt 0.625396 0.944257
vt 0.624014 0.929871
vt 0.625396 0.929874
vt 0.977486 0.941858
vt 0.966753 0.944929
vt 0.966753 0.941858
vt 0.201216 0.666298
vt 0.208435 0.657781
vt 0.210141 0.660334
vt 0.672659 0.967230
vt 0.674117 0.975116
vt 0.672659 0.975116
vt 0.430656 0.930144
vt 0.431775 0.944520
vt 0.430656 0.944527
vt 0.914725 0.855687
vt 0.917639 0.872914
vt 0.914725 0.872918
vt 0.703870 0.929979
vt 0.705262 0.944358
vt 0.703870 0.944361
vt 0.916684 0.219557
vt 0.913621 0.202326
vt 0.916684 0.202327
vt 0.758925 0.967230
vt 0.760383 0.975116
vt 0.758925 0.975116
vt 0.977486 0.933056
vt 0.966753 0.936127
vt 0.966753 0.933056
vt 0.744120 0.944541
vt 0.742969 0.930155
vt 0.744120 0.930158
vt 0.193627 0.673887
vt 0.185110 0.681106
vt 0.191073 0.672181
vt 0.452512 0.944022
vt 0.451060 0.929639
vt 0.452512 0.929639
vt 0.919399 0.153397
vt 0.916970 0.136182
vt 0.919399 0.136167
vt 0.643904 0.975116
vt 0.645362 0.967230
vt 0.645362 0.975116
vt 0.911987 0.101422
vt 0.915033 0.118656
vt 0.911987 0.118652
vt 0.679848 0.967230
vt 0.681306 0.975116
vt 0.679848 0.975116
vt 0.005936 0.977964
vt 0.002865 0.967230
vt 0.005936 0.967230
vt 0.683754 0.930104
vt 0.684962 0.944480
vt 0.683754 0.944486
vt 0.181462 0.703256
vt 0.180544 0.692129
vt 0.183556 0.692728
vt 0.687037 0.967230
vt 0.688495 0.975116
vt 0.687037 0.975116
vt 0.913632 0.170376
vt 0.916695 0.187608
vt 0.913632 0.187607
vt 0.694383 0.468320
vt 0.694370 0.442783
vt 0.758787 0.674965
vt 0.758800 0.700529
vt 0.761589 0.672184
vt 0.706056 0.468320
vt 0.694433 0.503285
vt 0.708903 0.500848
vt 0.706105 0.503285
vt 0.694487 0.525657
vt 0.758850 0.735519
vt 0.761714 0.760366
vt 0.758904 0.757914
vt 0.708969 0.528094
vt 0.691689 0.528094
vt 0.659319 0.524995
vt 0.644834 0.527478
vt 0.647647 0.524995
vt 0.659403 0.502201
vt 0.465759 0.525184
vt 0.465843 0.502367
vt 0.647731 0.502201
vt 0.659476 0.466860
vt 0.644998 0.469653
vt 0.647804 0.466860
vt 0.659493 0.441229
vt 0.465917 0.467001
vt 0.465933 0.441343
vt 0.647820 0.441229
vt 0.659465 0.404593
vt 0.644995 0.407269
vt 0.647793 0.404593
vt 0.659411 0.380026
vt 0.465906 0.404681
vt 0.463042 0.377401
vt 0.465852 0.380088
vt 0.647739 0.380026
vt 0.659287 0.347672
vt 0.644824 0.349826
vt 0.647615 0.347672
vt 0.659171 0.327909
vt 0.465727 0.347712
vt 0.462795 0.325756
vt 0.465611 0.327928
vt 0.644682 0.325756
vt 0.661962 0.325756
vt 0.682928 0.518854
vt 0.668445 0.521512
vt 0.671256 0.518854
vt 0.682992 0.494453
vt 0.556846 0.519041
vt 0.556910 0.494615
vt 0.671319 0.494453
vt 0.683028 0.457908
vt 0.668554 0.460705
vt 0.671356 0.457908
vt 0.683014 0.432233
vt 0.556946 0.458043
vt 0.556932 0.432342
vt 0.671342 0.432233
vt 0.682939 0.396681
vt 0.668473 0.399191
vt 0.671267 0.396681
vt 0.682849 0.373641
vt 0.556857 0.396764
vt 0.556767 0.373701
vt 0.671177 0.373641
vt 0.682673 0.344494
vt 0.668214 0.346335
vt 0.671001 0.344494
vt 0.682522 0.327597
vt 0.556591 0.344533
vt 0.553619 0.325756
vt 0.556439 0.327619
vt 0.668029 0.325756
vt 0.685309 0.325756
vt 0.432737 0.548331
vt 0.418248 0.550670
vt 0.421065 0.548331
vt 0.432854 0.526862
vt 0.330162 0.548542
vt 0.330279 0.527050
vt 0.421182 0.526862
vt 0.432968 0.492753
vt 0.418488 0.495506
vt 0.421296 0.492753
vt 0.433009 0.467487
vt 0.330393 0.492917
vt 0.330434 0.467625
vt 0.421336 0.467487
vt 0.433007 0.430644
vt 0.418536 0.433391
vt 0.421335 0.430644
vt 0.432965 0.405428
vt 0.330432 0.430756
vt 0.330390 0.405514
vt 0.421293 0.405428
vt 0.432847 0.371460
vt 0.418384 0.373783
vt 0.421175 0.371460
vt 0.432729 0.350133
vt 0.330272 0.371521
vt 0.330154 0.350172
vt 0.694548 0.327969
vt 0.709032 0.325756
vt 0.706221 0.327969
vt 0.694480 0.348284
vt 0.691752 0.325756
vt 0.758965 0.560055
vt 0.758898 0.580391
vt 0.706153 0.348284
vt 0.694410 0.381220
vt 0.708889 0.378517
vt 0.706083 0.381220
vt 0.694381 0.406035
vt 0.758827 0.613351
vt 0.758798 0.638191
vt 0.706053 0.406035
vt 0.708844 0.440001
vt 0.706042 0.442783
vt 0.747393 0.700505
vt 0.761648 0.733092
vt 0.744700 0.760273
vt 0.747497 0.757851
vt 0.462947 0.527682
vt 0.477250 0.502327
vt 0.463112 0.469798
vt 0.477340 0.441344
vt 0.463108 0.407352
vt 0.477258 0.380130
vt 0.479809 0.325871
vt 0.477018 0.328005
vt 0.554035 0.521710
vt 0.568316 0.494591
vt 0.554144 0.460841
vt 0.568339 0.432360
vt 0.554063 0.399265
vt 0.568174 0.373759
vt 0.553804 0.346356
vt 0.570633 0.325888
vt 0.567846 0.327707
vt 0.327345 0.550897
vt 0.341685 0.527000
vt 0.327585 0.495677
vt 0.341840 0.467615
vt 0.327633 0.433500
vt 0.341796 0.405546
vt 0.327482 0.373832
vt 0.341560 0.350241
vt 0.744762 0.557935
vt 0.761776 0.557824
vt 0.747491 0.580449
vt 0.761634 0.610638
vt 0.747391 0.638209
vt 0.747420 0.613390
vt 0.747558 0.560130
vt 0.421057 0.350133
vt 0.341679 0.371572
vt 0.341838 0.430767
vt 0.341799 0.492886
vt 0.341568 0.548473
vt 0.670849 0.327597
vt 0.567997 0.344608
vt 0.568263 0.396803
vt 0.568353 0.458040
vt 0.568252 0.518996
vt 0.647499 0.327909
vt 0.477134 0.347773
vt 0.477312 0.404703
vt 0.477323 0.466980
vt 0.477166 0.525124
vt 0.706160 0.525657
vt 0.747443 0.735475
vt 0.747380 0.674963
vt 0.966761 0.446043
vt 0.978161 0.446945
vt 0.966753 0.446945
vt 0.966761 0.612465
vt 0.978161 0.613228
vt 0.966753 0.613228
vt 0.966767 0.541913
vt 0.978160 0.542639
vt 0.966753 0.542640
vt 0.966763 0.348979
vt 0.978161 0.349866
vt 0.966753 0.349866
vt 0.966761 0.355597
vt 0.978161 0.356510
vt 0.966753 0.356510
vt 0.966762 0.573543
vt 0.978161 0.574343
vt 0.966753 0.574343
vt 0.966766 0.426245
vt 0.978160 0.427060
vt 0.966753 0.427060
vt 0.966762 0.271633
vt 0.978161 0.272550
vt 0.966753 0.272550
vt 0.966761 0.478973
vt 0.978161 0.479851
vt 0.966753 0.479851
vt 0.966761 0.618958
vt 0.978161 0.619665
vt 0.966753 0.619665
vt 0.966765 0.291573
vt 0.978160 0.292446
vt 0.966753 0.292446
vt 0.966761 0.362241
vt 0.978161 0.363159
vt 0.966753 0.363159
vt 0.966761 0.580074
vt 0.978161 0.580898
vt 0.966753 0.580898
vt 0.966762 0.687159
vt 0.978161 0.687763
vt 0.966753 0.687763
vt 0.966768 0.452676
vt 0.978160 0.453443
vt 0.966753 0.453443
vt 0.966763 0.258367
vt 0.978160 0.259270
vt 0.966753 0.259270
vt 0.885593 0.076999
vt 0.884673 0.051263
vt 0.885593 0.051263
vt 0.052700 0.863779
vt 0.051780 0.889515
vt 0.051780 0.863779
vt 0.886308 0.583560
vt 0.885387 0.557824
vt 0.886308 0.557824
vt 0.887574 0.503146
vt 0.886654 0.477410
vt 0.887574 0.477410
vt 0.171562 0.886977
vt 0.170642 0.861241
vt 0.171562 0.861241
vt 0.075011 0.863780
vt 0.074090 0.889515
vt 0.074090 0.863780
vt 0.888668 0.724641
vt 0.887748 0.698905
vt 0.888668 0.698905
vt 0.804021 0.887000
vt 0.803101 0.861264
vt 0.804021 0.861264
vt 0.809752 0.861264
vt 0.810672 0.887000
vt 0.809752 0.887000
vt 0.060788 0.889515
vt 0.061708 0.863780
vt 0.061708 0.889515
vt 0.816403 0.861264
vt 0.817324 0.887000
vt 0.816403 0.887000
vt 0.888579 0.101422
vt 0.889500 0.127158
vt 0.888579 0.127158
vt 0.823055 0.861264
vt 0.823975 0.887000
vt 0.823055 0.887000
vt 0.080742 0.889516
vt 0.081662 0.863780
vt 0.081662 0.889516
vt 0.002865 0.863779
vt 0.003786 0.889515
vt 0.002865 0.889515
vt 0.959442 0.238458
vt 0.960321 0.250129
vt 0.959442 0.250131
vt 0.881097 0.698905
vt 0.882017 0.724646
vt 0.881097 0.724646
vt 0.832062 0.887000
vt 0.832983 0.861264
vt 0.832983 0.887000
vt 0.737238 0.960806
vt 0.736414 0.949137
vt 0.737238 0.949133
vt 0.296806 0.857273
vt 0.297726 0.883014
vt 0.296806 0.883014
vt 0.009517 0.863780
vt 0.010437 0.889516
vt 0.009516 0.889516
vt 0.470366 0.877656
vt 0.469446 0.851893
vt 0.470366 0.851893
vt 0.882247 0.651988
vt 0.883167 0.677729
vt 0.882247 0.677729
vt 0.959629 0.716408
vt 0.960517 0.728082
vt 0.959629 0.728081
vt 0.452512 0.961425
vt 0.451908 0.949758
vt 0.452512 0.949753
vt 0.883371 0.450054
vt 0.882451 0.424313
vt 0.883371 0.424313
vt 0.882762 0.136167
vt 0.883682 0.161908
vt 0.882762 0.161908
vt 0.476097 0.851893
vt 0.477017 0.877656
vt 0.476097 0.877656
vt 0.607279 0.949694
vt 0.608006 0.961369
vt 0.607279 0.961367
vt 0.878624 0.771459
vt 0.877704 0.745697
vt 0.878624 0.745697
vt 0.881929 0.101422
vt 0.882849 0.127163
vt 0.881929 0.127163
vt 0.961022 0.867355
vt 0.960259 0.855687
vt 0.961022 0.855683
vt 0.179256 0.949415
vt 0.180019 0.961083
vt 0.179256 0.961088
vt 0.356068 0.959738
vt 0.355300 0.948061
vt 0.356068 0.948065
vt 0.883405 0.824190
vt 0.884325 0.849931
vt 0.883405 0.849931
vt 0.877996 0.542449
vt 0.878916 0.516687
vt 0.878916 0.542449
vt 0.959026 0.170378
vt 0.959928 0.182049
vt 0.959026 0.182050
vt 0.877610 0.196139
vt 0.876690 0.170376
vt 0.877610 0.170376
vt 0.883331 0.202326
vt 0.884251 0.228067
vt 0.883331 0.228067
vt 0.617270 0.961391
vt 0.616544 0.949716
vt 0.617270 0.949719
vt 0.839634 0.887000
vt 0.838714 0.861264
vt 0.839634 0.861264
vt 0.326392 0.959747
vt 0.325489 0.948073
vt 0.326392 0.948075
vt 0.861024 0.857970
vt 0.861944 0.883712
vt 0.861024 0.883712
vt 0.876458 0.238456
vt 0.877378 0.264219
vt 0.876458 0.264219
vt 0.046049 0.889515
vt 0.045129 0.863780
vt 0.046049 0.863780
vt 0.483668 0.851893
vt 0.482748 0.877656
vt 0.482748 0.851893
vt 0.882948 0.399837
vt 0.882028 0.374096
vt 0.882948 0.374096
vt 0.959949 0.232172
vt 0.959048 0.220501
vt 0.959949 0.220500
vt 0.960514 0.040016
vt 0.959627 0.028342
vt 0.960514 0.028343
vt 0.846285 0.861264
vt 0.845365 0.887000
vt 0.845365 0.861264
vt 0.966764 0.299055
vt 0.978160 0.298177
vt 0.978172 0.299055
vt 0.883749 0.810949
vt 0.882829 0.785208
vt 0.883749 0.785208
vt 0.959614 0.745697
vt 0.960486 0.757371
vt 0.959614 0.757369
vt 0.489399 0.851893
vt 0.490319 0.877656
vt 0.489399 0.877656
vt 0.017088 0.889516
vt 0.016168 0.863780
vt 0.017088 0.863780
vt 0.966769 0.536182
vt 0.978160 0.535476
vt 0.978176 0.536182
vt 0.870494 0.881625
vt 0.869574 0.855884
vt 0.870494 0.855884
vt 0.959234 0.651989
vt 0.960152 0.663661
vt 0.959234 0.663661
vt 0.960236 0.337429
vt 0.959323 0.325757
vt 0.960236 0.325756
vt 0.855293 0.887000
vt 0.854373 0.861264
vt 0.855293 0.861264
vt 0.966761 0.511498
vt 0.978161 0.510625
vt 0.978169 0.511498
vt 0.884028 0.264197
vt 0.883108 0.238456
vt 0.884028 0.238456
vt 0.960067 0.698908
vt 0.960891 0.710577
vt 0.960067 0.710580
vt 0.876754 0.824190
vt 0.877674 0.849952
vt 0.876754 0.849952
vt 0.089172 0.889515
vt 0.088252 0.863780
vt 0.089172 0.863780
vt 0.966762 0.279199
vt 0.978161 0.278281
vt 0.978170 0.279199
vt 0.882985 0.309026
vt 0.882065 0.283284
vt 0.882985 0.283284
vt 0.441970 0.949759
vt 0.442575 0.961426
vt 0.441970 0.961432
vt 0.173525 0.961084
vt 0.172725 0.949413
vt 0.173525 0.949411
vt 0.885275 0.745697
vt 0.884355 0.771433
vt 0.884355 0.745697
vt 0.966766 0.383172
vt 0.978160 0.382348
vt 0.978174 0.383172
vt 0.884874 0.351497
vt 0.883954 0.325756
vt 0.884874 0.325756
vt 0.960220 0.516683
vt 0.960988 0.528359
vt 0.960220 0.528355
vt 0.876680 0.228088
vt 0.877600 0.202326
vt 0.877600 0.228088
vt 0.394278 0.896016
vt 0.394985 0.907684
vt 0.394278 0.907688
vt 0.966772 0.593779
vt 0.978160 0.593174
vt 0.978178 0.593779
vt 0.022819 0.863780
vt 0.023739 0.889515
vt 0.022819 0.889515
vt 0.317072 0.948102
vt 0.317975 0.959776
vt 0.317072 0.959774
vt 0.947081 0.960990
vt 0.946265 0.949315
vt 0.947081 0.949318
vt 0.966761 0.606734
vt 0.978161 0.605967
vt 0.978169 0.606734
vt 0.462795 0.851893
vt 0.463715 0.877656
vt 0.462795 0.877656
vt 0.966761 0.440312
vt 0.978161 0.439409
vt 0.978169 0.440312
vt 0.960104 0.569497
vt 0.959188 0.557824
vt 0.960104 0.557825
vt 0.878223 0.351519
vt 0.877303 0.325756
vt 0.878223 0.325756
vt 0.318642 0.897106
vt 0.318034 0.874796
vt 0.318631 0.875399
vt 0.318047 0.897686
vt 0.317497 0.874228
vt 0.594844 0.873725
vt 0.595271 0.849153
vt 0.595271 0.874152
vt 0.595809 0.874426
vt 0.596406 0.848784
vt 0.596406 0.874520
vt 0.781435 0.867782
vt 0.780848 0.890114
vt 0.780836 0.867200
vt 0.780291 0.866699
vt 0.780304 0.890682
vt 0.779854 0.866327
vt 0.874058 0.502803
vt 0.873522 0.477504
vt 0.874058 0.477779
vt 0.872927 0.503172
vt 0.872927 0.477410
vt 0.978161 0.486620
vt 0.966852 0.486054
vt 0.978070 0.486054
vt 0.967128 0.485582
vt 0.977799 0.485582
vt 0.790537 0.891161
vt 0.790120 0.890684
vt 0.789588 0.890116
vt 0.781446 0.889511
vt 0.788993 0.889513
vt 0.959622 0.777459
vt 0.959025 0.765882
vt 0.959622 0.765787
vt 0.959025 0.777365
vt 0.958430 0.766155
vt 0.958430 0.777090
vt 0.957895 0.766580
vt 0.317510 0.898186
vt 0.327052 0.897686
vt 0.327591 0.898186
vt 0.326454 0.897106
vt 0.237937 0.899963
vt 0.229529 0.900528
vt 0.230125 0.899963
vt 0.238534 0.900528
vt 0.228991 0.901132
vt 0.239073 0.901132
vt 0.228564 0.901714
vt 0.239499 0.901714
vt 0.228288 0.902218
vt 0.194387 0.961337
vt 0.193945 0.949762
vt 0.194387 0.949853
vt 0.237891 0.880947
vt 0.239022 0.880143
vt 0.874772 0.284080
vt 0.875199 0.308652
vt 0.874772 0.308225
vt 0.875199 0.283653
vt 0.875737 0.308926
vt 0.875737 0.283379
vt 0.876334 0.309020
vt 0.686291 0.901380
vt 0.686767 0.881780
vt 0.686893 0.901853
vt 0.687440 0.902186
vt 0.872291 0.052059
vt 0.871868 0.076656
vt 0.871868 0.051632
vt 0.871333 0.051357
vt 0.871333 0.076931
vt 0.870737 0.051263
vt 0.379702 0.959498
vt 0.379183 0.947922
vt 0.379702 0.947825
vt 0.379183 0.959405
vt 0.378595 0.948197
vt 0.378595 0.959132
vt 0.377993 0.948624
vt 0.377993 0.958705
vt 0.377438 0.949160
vt 0.238486 0.880475
vt 0.230079 0.880947
vt 0.229481 0.880475
vt 0.265096 0.880903
vt 0.273507 0.880419
vt 0.272908 0.880903
vt 0.959174 0.013205
vt 0.958627 0.003662
vt 0.959174 0.004199
vt 0.958028 0.014171
vt 0.958028 0.003236
vt 0.957435 0.002961
vt 0.956906 0.014538
vt 0.956906 0.002865
vt 0.265025 0.900278
vt 0.264502 0.880419
vt 0.264427 0.900850
vt 0.263968 0.880070
vt 0.496120 0.876234
vt 0.496547 0.851662
vt 0.496547 0.876661
vt 0.497085 0.851388
vt 0.497085 0.876935
vt 0.497682 0.877030
vt 0.715498 0.882131
vt 0.714755 0.902011
vt 0.714903 0.881559
vt 0.714362 0.880955
vt 0.737238 0.872841
vt 0.736815 0.848244
vt 0.737238 0.848672
vt 0.736280 0.873543
vt 0.736280 0.847970
vt 0.735685 0.847875
vt 0.846037 0.151240
vt 0.845502 0.139660
vt 0.846037 0.139568
vt 0.263191 0.902523
vt 0.274398 0.902030
vt 0.274675 0.902523
vt 0.263463 0.902030
vt 0.273970 0.901454
vt 0.263889 0.901454
vt 0.273432 0.900850
vt 0.272837 0.900278
vt 0.764743 0.867811
vt 0.773152 0.867225
vt 0.772555 0.867811
vt 0.764148 0.867225
vt 0.773693 0.866714
vt 0.371326 0.958874
vt 0.370801 0.948367
vt 0.371326 0.948792
vt 0.370801 0.959302
vt 0.370209 0.948093
vt 0.370209 0.959576
vt 0.369609 0.947998
vt 0.764133 0.890200
vt 0.763612 0.866714
vt 0.602136 0.849580
vt 0.602564 0.874152
vt 0.602136 0.873725
vt 0.602564 0.849153
vt 0.603102 0.874426
vt 0.603102 0.848879
vt 0.603698 0.874520
vt 0.157553 0.865266
vt 0.158138 0.887678
vt 0.157540 0.887075
vt 0.158698 0.864167
vt 0.158683 0.888238
vt 0.159137 0.863779
vt 0.159121 0.888702
vt 0.729578 0.873182
vt 0.729043 0.847883
vt 0.729578 0.848157
vt 0.728447 0.873551
vt 0.728447 0.847788
vt 0.386633 0.959587
vt 0.386032 0.948009
vt 0.386633 0.947914
vt 0.386032 0.959492
vt 0.385476 0.948281
vt 0.763172 0.891224
vt 0.773678 0.890761
vt 0.774107 0.891224
vt 0.763596 0.890761
vt 0.773138 0.890200
vt 0.772541 0.889598
vt 0.900699 0.073118
vt 0.892292 0.073716
vt 0.892887 0.073118
vt 0.901834 0.074311
vt 0.891753 0.074311
vt 0.891324 0.074846
vt 0.959681 0.089014
vt 0.959181 0.077806
vt 0.959681 0.078079
vt 0.958601 0.089385
vt 0.958601 0.077712
vt 0.900653 0.052236
vt 0.901296 0.073716
vt 0.901248 0.051695
vt 0.609429 0.873725
vt 0.609856 0.849153
vt 0.609856 0.874152
vt 0.610394 0.874426
vt 0.610990 0.848784
vt 0.610990 0.874520
vt 0.900478 0.539318
vt 0.900988 0.517817
vt 0.901079 0.539860
vt 0.901626 0.540293
vt 0.873728 0.027831
vt 0.873305 0.003234
vt 0.873728 0.003662
vt 0.873305 0.028259
vt 0.872769 0.002960
vt 0.872174 0.028628
vt 0.872174 0.002865
vt 0.402953 0.959589
vt 0.402377 0.948013
vt 0.402953 0.947917
vt 0.402377 0.959496
vt 0.401773 0.948287
vt 0.401773 0.959222
vt 0.401201 0.948713
vt 0.401201 0.958794
vt 0.400716 0.949248
vt 0.892842 0.052236
vt 0.892243 0.051695
vt 0.158098 0.911867
vt 0.149692 0.912385
vt 0.150286 0.911867
vt 0.158697 0.912385
vt 0.149155 0.912974
vt 0.159236 0.912974
vt 0.148727 0.913575
vt 0.159662 0.913575
vt 0.148451 0.914131
vt 0.532853 0.960656
vt 0.532382 0.949080
vt 0.532853 0.949172
vt 0.157999 0.895068
vt 0.159127 0.894433
vt 0.874955 0.652784
vt 0.875382 0.677356
vt 0.874955 0.676929
vt 0.875382 0.652357
vt 0.875920 0.677630
vt 0.875920 0.652083
vt 0.876516 0.677724
vt 0.856047 0.911810
vt 0.856452 0.894477
vt 0.856651 0.912209
vt 0.857199 0.912447
vt 0.871973 0.746493
vt 0.871550 0.771090
vt 0.871550 0.746066
vt 0.871015 0.745791
vt 0.870419 0.771459
vt 0.870419 0.745697
vt 0.954489 0.528359
vt 0.954026 0.516784
vt 0.954489 0.516687
vt 0.954026 0.528268
vt 0.953466 0.517060
vt 0.953466 0.527995
vt 0.952864 0.517487
vt 0.952864 0.527568
vt 0.952278 0.518024
vt 0.952278 0.527029
vt 0.951766 0.518618
vt 0.362108 0.875280
vt 0.370519 0.874744
vt 0.369920 0.875280
vt 0.411353 0.958185
vt 0.410860 0.948645
vt 0.411353 0.949181
vt 0.410284 0.959154
vt 0.410284 0.948219
vt 0.409680 0.947945
vt 0.409108 0.959522
vt 0.409108 0.947849
vt 0.362054 0.896020
vt 0.361514 0.874744
vt 0.361457 0.896616
vt 0.360979 0.874321
vt 0.875159 0.449253
vt 0.875586 0.424682
vt 0.875586 0.449680
vt 0.876124 0.424408
vt 0.876124 0.449955
vt 0.876720 0.450049
vt 0.820752 0.210686
vt 0.820052 0.231985
vt 0.820156 0.210091
vt 0.819613 0.209493
vt 0.744523 0.872841
vt 0.744100 0.848244
vt 0.744523 0.848672
vt 0.743565 0.873543
vt 0.743565 0.847970
vt 0.742969 0.847875
vt 0.836284 0.220194
vt 0.835839 0.208613
vt 0.836284 0.208522
vt 0.360224 0.898185
vt 0.371430 0.897754
vt 0.371707 0.898185
vt 0.360495 0.897754
vt 0.371001 0.897213
vt 0.360920 0.897213
vt 0.370462 0.896616
vt 0.369866 0.896020
vt 0.843561 0.209064
vt 0.851970 0.208462
vt 0.851373 0.209064
vt 0.842965 0.208462
vt 0.852510 0.207906
vt 0.363426 0.958933
vt 0.362962 0.948428
vt 0.363426 0.948852
vt 0.362962 0.959363
vt 0.362401 0.948155
vt 0.362401 0.959639
vt 0.361799 0.948061
vt 0.842978 0.231475
vt 0.842429 0.207906
vt 0.616721 0.849580
vt 0.617148 0.874152
vt 0.616721 0.873725
vt 0.617148 0.849153
vt 0.617686 0.874426
vt 0.617686 0.848879
vt 0.618283 0.874520
vt 0.823753 0.162919
vt 0.823142 0.140484
vt 0.823742 0.141073
vt 0.822610 0.164077
vt 0.822597 0.139965
vt 0.822172 0.164532
vt 0.822158 0.139568
vt 0.652431 0.849115
vt 0.651895 0.874414
vt 0.651895 0.848840
vt 0.651300 0.848746
vt 0.053006 0.951563
vt 0.052438 0.939984
vt 0.053006 0.939891
vt 0.052438 0.951467
vt 0.051962 0.940255
vt 0.842019 0.232390
vt 0.852523 0.231993
vt 0.852954 0.232390
vt 0.842442 0.231993
vt 0.851983 0.231475
vt 0.851385 0.230887
vt 0.428492 0.900088
vt 0.420085 0.900664
vt 0.420681 0.900088
vt 0.429628 0.901268
vt 0.419547 0.901268
vt 0.419119 0.901841
vt 0.430054 0.901841
vt 0.418842 0.902326
vt 0.303998 0.821765
vt 0.303457 0.833344
vt 0.303457 0.821672
vt 0.428416 0.880505
vt 0.429090 0.900664
vt 0.429010 0.880013
vt 0.625575 0.849580
vt 0.625148 0.874152
vt 0.625148 0.849153
vt 0.624610 0.848879
vt 0.624014 0.874520
vt 0.624014 0.848785
vt 0.752473 0.901210
vt 0.752925 0.881030
vt 0.753075 0.901703
vt 0.753624 0.902063
vt 0.418842 0.848957
vt 0.419265 0.873554
vt 0.418842 0.873126
vt 0.419265 0.848529
vt 0.419800 0.873828
vt 0.420396 0.848160
vt 0.420396 0.873923
vt 0.341059 0.959660
vt 0.340456 0.948083
vt 0.341059 0.947988
vt 0.340456 0.959566
vt 0.339874 0.948356
vt 0.339874 0.959291
vt 0.339370 0.948780
vt 0.339370 0.958861
vt 0.338994 0.949314
vt 0.420604 0.880505
vt 0.420005 0.880013
vt 0.783443 0.161403
vt 0.775038 0.161865
vt 0.775631 0.161403
vt 0.784043 0.161865
vt 0.774502 0.162426
vt 0.784583 0.162426
vt 0.774075 0.163028
vt 0.785010 0.163028
vt 0.773800 0.163614
vt 0.785283 0.163614
vt 0.773703 0.164126
vt 0.783314 0.147040
vt 0.784440 0.146573
vt 0.562497 0.875866
vt 0.562070 0.851294
vt 0.562497 0.851721
vt 0.562070 0.876293
vt 0.561532 0.851020
vt 0.561532 0.876567
vt 0.560935 0.850926
vt 0.701246 0.550925
vt 0.701616 0.536085
vt 0.701850 0.551246
vt 0.702399 0.551393
vt 0.871452 0.582790
vt 0.871875 0.558193
vt 0.871875 0.583217
vt 0.872410 0.583492
vt 0.872410 0.557918
vt 0.873006 0.583586
vt 0.954446 0.545762
vt 0.953899 0.534186
vt 0.954446 0.534090
vt 0.953899 0.545670
vt 0.953299 0.534461
vt 0.953299 0.545396
vt 0.952706 0.534887
vt 0.952706 0.544968
vt 0.952178 0.535423
vt 0.952178 0.544428
vt 0.951766 0.536016
vt 0.696714 0.881142
vt 0.705126 0.880697
vt 0.704526 0.881142
vt 0.349551 0.958316
vt 0.349120 0.948777
vt 0.349551 0.949311
vt 0.348579 0.959287
vt 0.348579 0.948352
vt 0.347982 0.948078
vt 0.347386 0.959655
vt 0.347386 0.947983
vt 0.696615 0.899391
vt 0.696121 0.880697
vt 0.696017 0.899941
vt 0.695588 0.880399
vt 0.504974 0.852089
vt 0.504547 0.876661
vt 0.504547 0.851662
vt 0.504009 0.876935
vt 0.504009 0.851388
vt 0.503413 0.851294
vt 0.625865 0.882518
vt 0.625081 0.901232
vt 0.625272 0.881968
vt 0.624732 0.881368
vt 0.870711 0.517483
vt 0.871134 0.542080
vt 0.870711 0.541653
vt 0.871670 0.516781
vt 0.871670 0.542354
vt 0.872265 0.542449
vt 0.908509 0.363878
vt 0.908096 0.352298
vt 0.908509 0.352206
vt 0.694780 0.901658
vt 0.705987 0.901133
vt 0.706264 0.901658
vt 0.695052 0.901133
vt 0.705559 0.900541
vt 0.695478 0.900541
vt 0.705021 0.899941
vt 0.704427 0.899391
vt 0.379030 0.875308
vt 0.387440 0.874741
vt 0.386842 0.875308
vt 0.378435 0.874741
vt 0.387981 0.874265
vt 0.959693 0.488279
vt 0.959297 0.477775
vt 0.959693 0.478198
vt 0.959297 0.488710
vt 0.958779 0.477503
vt 0.958779 0.488986
vt 0.958190 0.477410
vt 0.378399 0.897388
vt 0.377900 0.874265
vt 0.706263 0.873873
vt 0.705836 0.849301
vt 0.706263 0.849728
vt 0.705836 0.874300
vt 0.705298 0.849027
vt 0.705298 0.874574
vt 0.704702 0.848932
vt 0.409838 0.874954
vt 0.410402 0.897056
vt 0.409804 0.896453
vt 0.410438 0.874385
vt 0.410947 0.897636
vt 0.410985 0.873908
vt 0.411385 0.898136
vt 0.658162 0.849115
vt 0.658697 0.874413
vt 0.658162 0.874139
vt 0.658697 0.848840
vt 0.659292 0.874508
vt 0.333262 0.959662
vt 0.332711 0.948083
vt 0.333262 0.947989
vt 0.332711 0.959566
vt 0.332265 0.948355
vt 0.377438 0.898469
vt 0.387943 0.897968
vt 0.388373 0.898469
vt 0.377862 0.897968
vt 0.387404 0.897388
vt 0.386807 0.896784
vt 0.340822 0.875675
vt 0.349230 0.875071
vt 0.348633 0.875675
vt 0.339688 0.874489
vt 0.349769 0.874489
vt 0.350199 0.873986
vt 0.339264 0.873986
vt 0.350477 0.873609
vt 0.303949 0.839167
vt 0.303457 0.850747
vt 0.303457 0.839075
vt 0.340858 0.897108
vt 0.340225 0.875071
vt 0.340263 0.897674
vt 0.670506 0.849950
vt 0.670079 0.874522
vt 0.670079 0.849523
vt 0.669541 0.849249
vt 0.668944 0.874891
vt 0.668944 0.849155
vt 0.140888 0.887310
vt 0.141450 0.865251
vt 0.141488 0.887877
vt 0.142034 0.888351
vt 0.141995 0.864670
vt 0.142474 0.888685
vt 0.644438 0.849115
vt 0.644974 0.874414
vt 0.644438 0.874139
vt 0.645569 0.848746
vt 0.645569 0.874508
vt 0.959725 0.835863
vt 0.959122 0.824284
vt 0.959725 0.824190
vt 0.959122 0.835768
vt 0.958554 0.824558
vt 0.958554 0.835493
vt 0.958077 0.824983
vt 0.339728 0.898146
vt 0.349268 0.897674
vt 0.349809 0.898146
vt 0.348669 0.897108
vt 0.590006 0.899113
vt 0.581599 0.899660
vt 0.582194 0.899113
vt 0.590604 0.899660
vt 0.581062 0.900260
vt 0.591143 0.900260
vt 0.580634 0.900853
vt 0.591569 0.900853
vt 0.580357 0.901381
vt 0.591841 0.901381
vt 0.580259 0.901793
vt 0.589905 0.880985
vt 0.591032 0.880251
vt 0.453727 0.874142
vt 0.453300 0.849570
vt 0.453727 0.849997
vt 0.453300 0.874569
vt 0.452762 0.849296
vt 0.452762 0.874843
vt 0.452165 0.849202
vt 0.654068 0.901065
vt 0.654479 0.882372
vt 0.654672 0.901507
vt 0.655221 0.901801
vt 0.751528 0.872841
vt 0.751951 0.848244
vt 0.751951 0.873269
vt 0.752487 0.873543
vt 0.752487 0.847970
vt 0.753082 0.873638
vt 0.959513 0.897221
vt 0.958948 0.885644
vt 0.959513 0.885549
vt 0.958948 0.897128
vt 0.958345 0.885918
vt 0.958345 0.896854
vt 0.957762 0.886345
vt 0.957762 0.896426
vt 0.957258 0.886881
vt 0.590498 0.880544
vt 0.582093 0.880985
vt 0.581493 0.880544
vt 0.821944 0.893400
vt 0.830354 0.892987
vt 0.829756 0.893400
vt 0.394631 0.958094
vt 0.394105 0.948553
vt 0.394631 0.949089
vt 0.393514 0.959062
vt 0.393514 0.948127
vt 0.392914 0.947853
vt 0.392364 0.959428
vt 0.392364 0.947756
vt 0.821886 0.910667
vt 0.821349 0.892987
vt 0.821288 0.911196
vt 0.820813 0.892731
vt 0.512267 0.852090
vt 0.511840 0.876661
vt 0.511840 0.851663
vt 0.511301 0.876935
vt 0.511301 0.851388
vt 0.510705 0.851294
vt 0.804950 0.894999
vt 0.804203 0.912697
vt 0.804356 0.894470
vt 0.803816 0.893877
vt 0.426127 0.848957
vt 0.426549 0.873554
vt 0.426127 0.873126
vt 0.427085 0.848255
vt 0.427085 0.873828
vt 0.427680 0.873923
vt 0.532866 0.943349
vt 0.532382 0.931769
vt 0.532866 0.931677
vt 0.820050 0.912935
vt 0.831258 0.912389
vt 0.831534 0.912935
vt 0.820323 0.912389
vt 0.830831 0.911789
vt 0.820750 0.911789
vt 0.830293 0.911196
vt 0.829698 0.910667
vt 0.890483 0.652984
vt 0.898892 0.652434
vt 0.898295 0.652984
vt 0.889887 0.652434
vt 0.899432 0.651988
vt 0.959706 0.213198
vt 0.959206 0.202693
vt 0.959706 0.203117
vt 0.959206 0.213628
vt 0.958626 0.202420
vt 0.958626 0.213904
vt 0.958022 0.202326
vt 0.889861 0.674677
vt 0.889351 0.651988
vt 0.443532 0.874157
vt 0.443105 0.849586
vt 0.443532 0.850013
vt 0.443105 0.874584
vt 0.442567 0.849312
vt 0.442567 0.874858
vt 0.441970 0.849217
vt 0.890269 0.306130
vt 0.889696 0.284416
vt 0.890294 0.285016
vt 0.889125 0.307130
vt 0.889152 0.283826
vt 0.434686 0.873126
vt 0.435109 0.848529
vt 0.435109 0.873554
vt 0.435644 0.848255
vt 0.435644 0.873828
vt 0.436240 0.873923
vt 0.959634 0.639547
vt 0.959049 0.627968
vt 0.959634 0.627874
vt 0.959049 0.639451
vt 0.958538 0.628240
vt 0.888898 0.675794
vt 0.899405 0.675269
vt 0.899833 0.675794
vt 0.889324 0.675269
vt 0.898866 0.674677
vt 0.898270 0.674077
vt 0.958696 0.435985
vt 0.959262 0.424406
vt 0.959262 0.435889
vt 0.959734 0.435612
vt 0.328007 0.873751
vt 0.317072 0.873751
vt 0.327039 0.874796
vt 0.978160 0.150682
vt 0.966854 0.151280
vt 0.966753 0.150682
vt 0.978073 0.151280
vt 0.967133 0.151875
vt 0.977803 0.151875
vt 0.967561 0.152410
vt 0.790107 0.866720
vt 0.789575 0.867218
vt 0.686172 0.882345
vt 0.678027 0.881780
vt 0.677492 0.881176
vt 0.687307 0.881176
vt 0.677071 0.880594
vt 0.687741 0.880594
vt 0.676807 0.880090
vt 0.688025 0.880090
vt 0.966852 0.765321
vt 0.978161 0.765762
vt 0.966753 0.765762
vt 0.654754 0.961452
vt 0.654235 0.950150
vt 0.654754 0.950046
vt 0.654235 0.961368
vt 0.653647 0.950431
vt 0.653647 0.961101
vt 0.653045 0.950862
vt 0.653045 0.960678
vt 0.652490 0.951400
vt 0.678153 0.901839
vt 0.715357 0.901525
vt 0.723494 0.901996
vt 0.188017 0.951116
vt 0.187471 0.960393
vt 0.187471 0.950577
vt 0.186871 0.960817
vt 0.186871 0.950147
vt 0.186278 0.961084
vt 0.186278 0.949866
vt 0.185750 0.961170
vt 0.185750 0.949762
vt 0.978161 0.734238
vt 0.966852 0.734773
vt 0.966753 0.734238
vt 0.724860 0.879886
vt 0.713928 0.880379
vt 0.713643 0.879886
vt 0.724597 0.880379
vt 0.724177 0.880955
vt 0.723643 0.881559
vt 0.149413 0.864695
vt 0.158153 0.864679
vt 0.148883 0.864184
vt 0.967562 0.158141
vt 0.977803 0.158666
vt 0.967132 0.158666
vt 0.978072 0.159257
vt 0.966854 0.159257
vt 0.978161 0.159857
vt 0.966753 0.159857
vt 0.978160 0.213937
vt 0.966853 0.214539
vt 0.966753 0.213937
vt 0.978071 0.214539
vt 0.967130 0.215094
vt 0.148451 0.888701
vt 0.148868 0.888238
vt 0.149399 0.887677
vt 0.900392 0.518414
vt 0.892249 0.517817
vt 0.891716 0.517222
vt 0.901531 0.517222
vt 0.891298 0.516687
vt 0.901967 0.516687
vt 0.967131 0.375537
vt 0.978071 0.376037
vt 0.966852 0.376037
vt 0.978161 0.376617
vt 0.966753 0.376617
vt 0.978160 0.013350
vt 0.966856 0.013926
vt 0.966753 0.013350
vt 0.978074 0.013926
vt 0.967135 0.014530
vt 0.977805 0.014530
vt 0.967564 0.015103
vt 0.977380 0.015103
vt 0.968101 0.015588
vt 0.892340 0.539845
vt 0.855859 0.894995
vt 0.847713 0.894477
vt 0.847176 0.893888
vt 0.856991 0.893888
vt 0.846754 0.893286
vt 0.857424 0.893286
vt 0.846489 0.892731
vt 0.857707 0.892731
vt 0.966853 0.752942
vt 0.978161 0.753414
vt 0.966753 0.753414
vt 0.670113 0.961201
vt 0.669651 0.949901
vt 0.670113 0.949795
vt 0.669651 0.961119
vt 0.669090 0.950184
vt 0.669090 0.960854
vt 0.668488 0.950616
vt 0.668488 0.960432
vt 0.667902 0.951155
vt 0.667902 0.959895
vt 0.667390 0.951748
vt 0.820654 0.231448
vt 0.828791 0.231969
vt 0.706115 0.951441
vt 0.705622 0.960720
vt 0.705622 0.950904
vt 0.705046 0.961145
vt 0.705046 0.950475
vt 0.704442 0.961413
vt 0.704442 0.950195
vt 0.703870 0.961499
vt 0.703870 0.950092
vt 0.978161 0.759145
vt 0.966852 0.759590
vt 0.966753 0.759145
vt 0.830108 0.208522
vt 0.819177 0.208953
vt 0.818890 0.208522
vt 0.829846 0.208953
vt 0.829428 0.209493
vt 0.828895 0.210091
vt 0.831894 0.163518
vt 0.823155 0.163521
vt 0.832425 0.164074
vt 0.967558 0.189895
vt 0.977801 0.190359
vt 0.967130 0.190359
vt 0.978071 0.190920
vt 0.966853 0.190920
vt 0.978160 0.191522
vt 0.966753 0.191522
vt 0.978161 0.472198
vt 0.966852 0.472766
vt 0.966753 0.472198
vt 0.978070 0.472766
vt 0.967129 0.473242
vt 0.832827 0.139584
vt 0.832412 0.139980
vt 0.831882 0.140497
vt 0.752330 0.881606
vt 0.744186 0.881030
vt 0.743651 0.880426
vt 0.753466 0.880426
vt 0.743232 0.879854
vt 0.753901 0.879854
vt 0.742969 0.879368
vt 0.754187 0.879368
vt 0.966852 0.727966
vt 0.978161 0.728507
vt 0.966753 0.728507
vt 0.978160 0.113073
vt 0.966853 0.113676
vt 0.966753 0.113073
vt 0.978072 0.113676
vt 0.967131 0.114258
vt 0.977801 0.114258
vt 0.967559 0.114762
vt 0.977375 0.114762
vt 0.968095 0.115138
vt 0.744336 0.901688
vt 0.701024 0.536548
vt 0.692876 0.536085
vt 0.692338 0.535525
vt 0.702154 0.535525
vt 0.691915 0.534923
vt 0.702584 0.534923
vt 0.691648 0.534337
vt 0.702866 0.534337
vt 0.691564 0.533825
vt 0.702971 0.533825
vt 0.276452 0.961216
vt 0.275905 0.949913
vt 0.276452 0.949809
vt 0.275905 0.961131
vt 0.275305 0.950194
vt 0.275305 0.960863
vt 0.274712 0.950624
vt 0.274712 0.960439
vt 0.274184 0.951161
vt 0.274184 0.959900
vt 0.273772 0.951752
vt 0.625685 0.900785
vt 0.633821 0.901218
vt 0.968097 0.074615
vt 0.977377 0.075046
vt 0.967561 0.075046
vt 0.977803 0.075586
vt 0.967133 0.075586
vt 0.978073 0.076183
vt 0.966854 0.076183
vt 0.978160 0.076779
vt 0.966753 0.076779
vt 0.978161 0.779839
vt 0.966854 0.780252
vt 0.966753 0.779839
vt 0.635231 0.880251
vt 0.624298 0.880777
vt 0.624014 0.880251
vt 0.634967 0.880777
vt 0.634547 0.881368
vt 0.634011 0.881968
vt 0.401699 0.874409
vt 0.401169 0.873934
vt 0.967557 0.206703
vt 0.977799 0.207100
vt 0.967129 0.207100
vt 0.978071 0.207618
vt 0.966852 0.207618
vt 0.978160 0.208206
vt 0.966753 0.208206
vt 0.978161 0.548370
vt 0.966852 0.548921
vt 0.966753 0.548370
vt 0.978071 0.548921
vt 0.967131 0.549367
vt 0.400716 0.898145
vt 0.401132 0.897644
vt 0.401663 0.897064
vt 0.140852 0.865854
vt 0.132711 0.865243
vt 0.132179 0.864660
vt 0.131763 0.864156
vt 0.142432 0.864166
vt 0.131503 0.863780
vt 0.142721 0.863791
vt 0.966852 0.740504
vt 0.978161 0.740996
vt 0.966753 0.740996
vt 0.978161 0.173003
vt 0.966853 0.173607
vt 0.966753 0.173003
vt 0.978072 0.173607
vt 0.967131 0.174175
vt 0.977802 0.174175
vt 0.967560 0.174651
vt 0.132219 0.888324
vt 0.132749 0.887853
vt 0.653886 0.882919
vt 0.645740 0.882372
vt 0.645204 0.881772
vt 0.655019 0.881772
vt 0.644783 0.881179
vt 0.655452 0.881179
vt 0.644519 0.880651
vt 0.655737 0.880651
vt 0.644438 0.880239
vt 0.655845 0.880239
vt 0.626269 0.961395
vt 0.625704 0.950090
vt 0.626269 0.949988
vt 0.625704 0.961309
vt 0.625100 0.950370
vt 0.625100 0.961040
vt 0.624518 0.950800
vt 0.624518 0.960616
vt 0.624014 0.951338
vt 0.645932 0.901494
vt 0.804805 0.912284
vt 0.812943 0.912685
vt 0.635370 0.951339
vt 0.634845 0.960617
vt 0.634845 0.950802
vt 0.634253 0.961042
vt 0.634253 0.950372
vt 0.633653 0.961309
vt 0.633653 0.950091
vt 0.633103 0.961394
vt 0.633103 0.949988
vt 0.978161 0.746727
vt 0.966852 0.747211
vt 0.966753 0.746727
vt 0.814319 0.892731
vt 0.803384 0.893278
vt 0.803101 0.892731
vt 0.814054 0.893278
vt 0.813632 0.893877
vt 0.813096 0.894470
vt 0.898409 0.306653
vt 0.889670 0.306682
vt 0.898941 0.307097
vt 0.967559 0.165588
vt 0.977801 0.166089
vt 0.967131 0.166089
vt 0.978072 0.166669
vt 0.966853 0.166669
vt 0.978160 0.167273
vt 0.966753 0.167273
vt 0.978161 0.323349
vt 0.966852 0.323935
vt 0.966753 0.323349
vt 0.978071 0.323935
vt 0.967129 0.324446
vt 0.899385 0.283284
vt 0.888716 0.283302
vt 0.898968 0.283810
vt 0.898436 0.284402
vt 0.215258 0.849456
vt 0.214661 0.875097
vt 0.214661 0.849550
vt 0.214123 0.874823
vt 0.214123 0.849825
vt 0.213696 0.874396
vt 0.213696 0.850252
vt 0.897841 0.285004
vt 0.897816 0.306105
vt 0.692975 0.873564
vt 0.692544 0.848986
vt 0.692975 0.849413
vt 0.692544 0.873991
vt 0.692003 0.848712
vt 0.691406 0.874359
vt 0.691406 0.848618
vt 0.536844 0.851224
vt 0.536247 0.876866
vt 0.536247 0.851319
vt 0.535709 0.851593
vt 0.535709 0.876591
vt 0.535282 0.852020
vt 0.830894 0.892731
vt 0.812352 0.912273
vt 0.813472 0.912940
vt 0.187318 0.873676
vt 0.186887 0.849099
vt 0.187318 0.849525
vt 0.186347 0.874377
vt 0.186347 0.848825
vt 0.185749 0.874471
vt 0.185750 0.848730
vt 0.547912 0.876662
vt 0.547316 0.851020
vt 0.547912 0.850926
vt 0.546777 0.876293
vt 0.546777 0.851295
vt 0.546350 0.875866
vt 0.546350 0.851722
vt 0.580951 0.880251
vt 0.646339 0.882919
vt 0.272060 0.849393
vt 0.271629 0.873971
vt 0.271629 0.848966
vt 0.271088 0.848692
vt 0.271088 0.874245
vt 0.270491 0.848598
vt 0.254307 0.875224
vt 0.253710 0.849583
vt 0.254307 0.849488
vt 0.253710 0.875130
vt 0.253172 0.849857
vt 0.253172 0.874856
vt 0.252745 0.850284
vt 0.133342 0.887289
vt 0.133306 0.865847
vt 0.279360 0.873544
vt 0.278929 0.848966
vt 0.279360 0.849393
vt 0.278929 0.873970
vt 0.278388 0.848692
vt 0.278388 0.874244
vt 0.277791 0.848598
vt 0.875366 0.698905
vt 0.874770 0.724546
vt 0.874770 0.698999
vt 0.874232 0.724272
vt 0.874232 0.699274
vt 0.873805 0.723845
vt 0.873805 0.699701
vt 0.402258 0.896460
vt 0.402292 0.874975
vt 0.180019 0.873676
vt 0.179588 0.849098
vt 0.180019 0.849525
vt 0.179047 0.874377
vt 0.179047 0.848825
vt 0.178450 0.848730
vt 0.877032 0.136167
vt 0.876435 0.161809
vt 0.876435 0.136262
vt 0.875897 0.136536
vt 0.875897 0.161534
vt 0.875470 0.136963
vt 0.705668 0.880399
vt 0.633232 0.900774
vt 0.634348 0.901515
vt 0.194618 0.873676
vt 0.194187 0.849099
vt 0.194618 0.849525
vt 0.193646 0.874377
vt 0.193646 0.848825
vt 0.193049 0.874471
vt 0.193049 0.848730
vt 0.569789 0.876662
vt 0.569193 0.851020
vt 0.569789 0.850926
vt 0.568655 0.876293
vt 0.568655 0.851294
vt 0.568228 0.875866
vt 0.568228 0.851721
vt 0.774359 0.146573
vt 0.775502 0.147040
vt 0.693477 0.536548
vt 0.693111 0.551235
vt 0.692583 0.551381
vt 0.222557 0.849466
vt 0.222126 0.874044
vt 0.222126 0.849039
vt 0.221586 0.874318
vt 0.221586 0.848766
vt 0.220989 0.848671
vt 0.876198 0.127158
vt 0.875601 0.101517
vt 0.876198 0.101422
vt 0.875601 0.127064
vt 0.875063 0.101791
vt 0.875063 0.126790
vt 0.874636 0.102218
vt 0.419463 0.879653
vt 0.744926 0.901197
vt 0.744784 0.881606
vt 0.286659 0.873544
vt 0.286228 0.848966
vt 0.286659 0.849393
vt 0.286228 0.873971
vt 0.285688 0.848692
vt 0.285688 0.874245
vt 0.285090 0.848598
vt 0.879459 0.028601
vt 0.880055 0.002960
vt 0.880055 0.028507
vt 0.880593 0.003234
vt 0.880593 0.028233
vt 0.852940 0.207451
vt 0.831288 0.141085
vt 0.831300 0.162917
vt 0.228288 0.849466
vt 0.228719 0.874044
vt 0.228288 0.873617
vt 0.228719 0.849040
vt 0.229260 0.874318
vt 0.229857 0.848671
vt 0.229857 0.874412
vt 0.875537 0.810944
vt 0.876133 0.785303
vt 0.876133 0.810850
vt 0.876671 0.810575
vt 0.876671 0.785577
vt 0.877098 0.810148
vt 0.371061 0.874321
vt 0.828200 0.231435
vt 0.829320 0.232391
vt 0.200349 0.849525
vt 0.200780 0.874103
vt 0.200349 0.873676
vt 0.201320 0.848825
vt 0.201320 0.874377
vt 0.201918 0.848730
vt 0.201918 0.874471
vt 0.553643 0.850926
vt 0.554239 0.876567
vt 0.553643 0.876662
vt 0.554777 0.851294
vt 0.554777 0.876293
vt 0.555204 0.851722
vt 0.555204 0.875866
vt 0.149046 0.894433
vt 0.150187 0.895068
vt 0.848312 0.894995
vt 0.847911 0.912196
vt 0.263191 0.873544
vt 0.263622 0.848966
vt 0.263622 0.873971
vt 0.264163 0.874245
vt 0.264163 0.848692
vt 0.264760 0.874339
vt 0.874735 0.374096
vt 0.875332 0.399737
vt 0.874735 0.399832
vt 0.875332 0.374190
vt 0.875870 0.399463
vt 0.875870 0.374465
vt 0.876297 0.399036
vt 0.891702 0.051263
vt 0.892931 0.539305
vt 0.892845 0.518414
vt 0.676807 0.849413
vt 0.677238 0.873991
vt 0.676807 0.873564
vt 0.677238 0.848986
vt 0.677778 0.874264
vt 0.677778 0.848712
vt 0.678376 0.874359
vt 0.879789 0.503146
vt 0.880385 0.477504
vt 0.880385 0.503051
vt 0.880923 0.477778
vt 0.880923 0.502777
vt 0.774123 0.866327
vt 0.150007 0.865279
vt 0.235588 0.873617
vt 0.236019 0.849040
vt 0.236019 0.874044
vt 0.236559 0.848766
vt 0.236559 0.874318
vt 0.237157 0.874412
vt 0.525082 0.877446
vt 0.525678 0.851804
vt 0.525678 0.877351
vt 0.526216 0.877077
vt 0.526216 0.852079
vt 0.526643 0.876650
vt 0.274049 0.880070
vt 0.722904 0.901513
vt 0.724022 0.902344
vt 0.637138 0.849541
vt 0.637569 0.874118
vt 0.637138 0.873692
vt 0.638110 0.848840
vt 0.638110 0.874392
vt 0.638707 0.848746
vt 0.638707 0.874487
vt 0.580259 0.848784
vt 0.580856 0.874426
vt 0.580259 0.874520
vt 0.581394 0.849153
vt 0.581394 0.874152
vt 0.581821 0.849580
vt 0.581821 0.873725
vt 0.228941 0.880143
vt 0.678625 0.882345
vt 0.677624 0.902170
vt 0.242888 0.873617
vt 0.243319 0.849040
vt 0.243319 0.874044
vt 0.243859 0.848766
vt 0.243859 0.874318
vt 0.244456 0.874412
vt 0.587552 0.848784
vt 0.588148 0.874426
vt 0.587552 0.874520
vt 0.588148 0.848879
vt 0.588686 0.874152
vt 0.588686 0.849153
vt 0.589113 0.873725
vt 0.327578 0.874228
vt 0.326443 0.875399
vt 0.788981 0.867797
vt 0.684107 0.849413
vt 0.684537 0.873991
vt 0.684106 0.873564
vt 0.684538 0.848986
vt 0.685078 0.874264
vt 0.685078 0.848712
vt 0.685675 0.874359
vt 0.032747 0.889516
vt 0.031827 0.863780
vt 0.032747 0.863780
vt 0.975925 0.977797
vt 0.994477 0.822010
vt 0.994477 0.827741
vt 0.994477 0.833472
vt 0.994477 0.839202
vt 0.994477 0.844933
vt 0.994477 0.850664
vt 0.994477 0.856395
vt 0.994477 0.862125
vt 0.994477 0.867856
vt 0.994476 0.873587
vt 0.994476 0.879318
vt 0.994476 0.885048
vt 0.994476 0.890779
vt 0.994476 0.896510
vt 0.994476 0.902241
vt 0.994476 0.907972
vt 0.994476 0.913702
vt 0.994476 0.919433
vt 0.994476 0.925164
vt 0.994476 0.930895
vt 0.994476 0.936625
vt 0.994476 0.942356
vt 0.994476 0.948087
vt 0.994476 0.953818
vt 0.994476 0.959549
vt 0.994476 0.965279
vt 0.994476 0.971010
vt 0.994476 0.976741
vt 0.994476 0.982472
vt 0.994476 0.988202
vt 0.002865 0.995969
vt 0.008596 0.995969
vt 0.014327 0.995969
vt 0.020058 0.995969
vt 0.025789 0.995969
vt 0.031519 0.995969
vt 0.037250 0.995969
vt 0.042981 0.995969
vt 0.048712 0.995969
vt 0.054443 0.995969
vt 0.060173 0.995969
vt 0.065904 0.995969
vt 0.071635 0.995969
vt 0.077366 0.995969
vt 0.083097 0.995969
vt 0.088827 0.995969
vt 0.094558 0.995969
vt 0.100289 0.995969
vt 0.106020 0.995969
vt 0.111750 0.995969
vt 0.117481 0.995969
vt 0.123212 0.995969
vt 0.128943 0.995969
vt 0.134674 0.995969
vt 0.140404 0.995969
vt 0.146135 0.995969
vt 0.151866 0.995969
vt 0.157597 0.995969
vt 0.163328 0.995969
vt 0.169058 0.995969
vt 0.174789 0.995969
vt 0.180520 0.995969
vt 0.186251 0.995969
vt 0.741963 0.668739
vt 0.716256 0.671569
vt 0.718870 0.668241
vt 0.741983 0.706026
vt 0.716306 0.723533
vt 0.718916 0.721188
vt 0.033970 0.854444
vt 0.055057 0.855761
vt 0.031827 0.858049
vt 0.033970 0.830309
vt 0.055057 0.828993
vt 0.052914 0.832175
vt 0.482677 0.495770
vt 0.482725 0.472619
vt 0.508381 0.465397
vt 0.505767 0.469055
vt 0.482749 0.435195
vt 0.482731 0.411196
vt 0.508378 0.412121
vt 0.505774 0.415058
vt 0.482652 0.375325
vt 0.482571 0.354131
vt 0.508232 0.363064
vt 0.573548 0.544653
vt 0.573642 0.523707
vt 0.599300 0.512089
vt 0.573735 0.488080
vt 0.573759 0.464140
vt 0.599393 0.460159
vt 0.573739 0.426652
vt 0.573690 0.403363
vt 0.599323 0.407626
vt 0.596724 0.410134
vt 0.746305 0.006819
vt 0.725367 0.009641
vt 0.747705 0.002865
vt 0.751014 0.030490
vt 0.730589 0.035895
vt 0.732070 0.032356
vt 0.751014 0.068067
vt 0.730589 0.062662
vt 0.753819 0.064950
vt 0.746305 0.091738
vt 0.725367 0.088915
vt 0.728090 0.086213
vt 0.347118 0.520501
vt 0.347193 0.498158
vt 0.372832 0.488966
vt 0.370216 0.492723
vt 0.347252 0.461266
vt 0.372873 0.435920
vt 0.370268 0.439092
vt 0.347189 0.400313
vt 0.372743 0.385015
vt 0.370148 0.387118
vt 0.735877 0.481207
vt 0.714763 0.481964
vt 0.737657 0.477410
vt 0.738243 0.505225
vt 0.717386 0.508602
vt 0.719207 0.505225
vt 0.742013 0.608434
vt 0.716295 0.619061
vt 0.718915 0.615256
vt 0.741970 0.644667
vt 0.718876 0.647890
vt 0.717207 0.484920
vt 0.740729 0.508602
vt 0.370213 0.405929
vt 0.370269 0.459495
vt 0.370153 0.511611
vt 0.732070 0.066201
vt 0.747705 0.095691
vt 0.728090 0.012344
vt 0.753819 0.033607
vt 0.596766 0.429822
vt 0.596764 0.483826
vt 0.505789 0.435347
vt 0.505727 0.488626
vt 0.052914 0.852579
vt 0.031827 0.826705
vt 0.718888 0.701825
vt 0.741768 0.647035
vt 0.722822 0.666370
vt 0.722828 0.649679
vt 0.741852 0.590070
vt 0.722870 0.613360
vt 0.733267 0.483645
vt 0.719595 0.503343
vt 0.717955 0.486690
vt 0.347374 0.399411
vt 0.366257 0.404017
vt 0.347442 0.459110
vt 0.366320 0.457657
vt 0.347317 0.517419
vt 0.366261 0.494637
vt 0.366209 0.510128
vt 0.747808 0.069642
vt 0.729007 0.084524
vt 0.732271 0.068112
vt 0.743946 0.009501
vt 0.732271 0.030445
vt 0.729007 0.014033
vt 0.573927 0.425302
vt 0.592778 0.411755
vt 0.592812 0.427902
vt 0.573929 0.485567
vt 0.573752 0.541360
vt 0.592658 0.532313
vt 0.482841 0.374776
vt 0.501746 0.380865
vt 0.482942 0.433337
vt 0.501825 0.416822
vt 0.501837 0.433462
vt 0.482876 0.492886
vt 0.501813 0.470976
vt 0.501780 0.487027
vt 0.036807 0.852274
vt 0.052344 0.834010
vt 0.052344 0.850744
vt 0.741783 0.707192
vt 0.722842 0.703746
vt 0.858164 0.604907
vt 0.855595 0.631375
vt 0.855595 0.607216
vt 0.328470 0.841059
vt 0.325575 0.865118
vt 0.325575 0.843033
vt 0.890056 0.824190
vt 0.892893 0.846155
vt 0.890056 0.848325
vt 0.781878 0.522103
vt 0.784091 0.548810
vt 0.781878 0.552091
vt 0.861556 0.698905
vt 0.858905 0.725146
vt 0.858905 0.701214
vt 0.808629 0.140485
vt 0.811466 0.162449
vt 0.808629 0.164620
vt 0.893441 0.349891
vt 0.890604 0.327927
vt 0.893441 0.325756
vt 0.851571 0.424313
vt 0.853999 0.451012
vt 0.851571 0.454115
vt 0.436240 0.800425
vt 0.434246 0.804284
vt 0.791988 0.522103
vt 0.789822 0.548763
vt 0.789822 0.524170
vt 0.892250 0.160302
vt 0.889413 0.138338
vt 0.892250 0.136167
vt 0.859707 0.136167
vt 0.862513 0.161490
vt 0.859707 0.164335
vt 0.481541 0.809071
vt 0.490389 0.797767
vt 0.482775 0.357394
vt 0.889981 0.226461
vt 0.892818 0.204496
vt 0.892818 0.224290
vt 0.863844 0.824190
vt 0.861024 0.849396
vt 0.861024 0.826391
vt 0.892829 0.170376
vt 0.889992 0.192341
vt 0.889992 0.172547
vt 0.854271 0.374096
vt 0.851817 0.400770
vt 0.851817 0.376365
vt 0.893707 0.629042
vt 0.890870 0.607078
vt 0.893707 0.604907
vt 0.847676 0.745697
vt 0.849735 0.772240
vt 0.847676 0.775645
vt 0.573887 0.406202
vt 0.892317 0.809343
vt 0.889480 0.787379
vt 0.892317 0.785208
vt 0.855818 0.557824
vt 0.858398 0.584265
vt 0.855818 0.587246
vt 0.462795 0.797668
vt 0.473768 0.805288
vt 0.471729 0.809088
vt 0.443954 0.768174
vt 0.450134 0.791157
vt 0.441970 0.771007
vt 0.471729 0.771835
vt 0.466441 0.795922
vt 0.443954 0.805449
vt 0.453907 0.792742
vt 0.862590 0.785208
vt 0.859890 0.811220
vt 0.859890 0.787509
vt 0.747808 0.028914
vt 0.799962 0.522103
vt 0.797719 0.548829
vt 0.797719 0.524240
vt 0.891006 0.745697
vt 0.893843 0.767661
vt 0.891006 0.769832
vt 0.851237 0.698905
vt 0.853174 0.725223
vt 0.851237 0.728731
vt 0.698882 0.674570
vt 0.713233 0.674570
vt 0.713244 0.695129
vt 0.698893 0.695129
vt 0.698937 0.726162
vt 0.713288 0.726162
vt 0.713332 0.744172
vt 0.695963 0.746801
vt 0.698981 0.744172
vt 0.525626 0.512101
vt 0.508240 0.514780
vt 0.511275 0.512101
vt 0.511342 0.493752
vt 0.525694 0.493752
vt 0.511407 0.462385
vt 0.511421 0.441750
vt 0.525772 0.441750
vt 0.525747 0.409234
vt 0.511396 0.409234
vt 0.511353 0.389456
vt 0.525704 0.389456
vt 0.525594 0.360741
vt 0.511243 0.360741
vt 0.511149 0.344831
vt 0.528511 0.342509
vt 0.525501 0.344831
vt 0.616683 0.509221
vt 0.602332 0.509221
vt 0.602383 0.489578
vt 0.616734 0.489578
vt 0.602415 0.457142
vt 0.602404 0.436473
vt 0.616755 0.436473
vt 0.616688 0.404918
vt 0.602337 0.404918
vt 0.602265 0.386370
vt 0.616616 0.386370
vt 0.616460 0.360501
vt 0.599102 0.362487
vt 0.602109 0.360501
vt 0.601987 0.346898
vt 0.619344 0.344912
vt 0.616338 0.346898
vt 0.390016 0.533554
vt 0.372627 0.536077
vt 0.375665 0.533554
vt 0.375759 0.516270
vt 0.390110 0.516270
vt 0.375861 0.485997
vt 0.375893 0.465657
vt 0.390244 0.465657
vt 0.390243 0.432957
vt 0.375892 0.432957
vt 0.375858 0.412657
vt 0.390209 0.412657
vt 0.390105 0.382508
vt 0.375754 0.382508
vt 0.375658 0.365339
vt 0.390009 0.365339
vt 0.699032 0.576391
vt 0.716416 0.574004
vt 0.713384 0.576391
vt 0.713329 0.592745
vt 0.698978 0.592745
vt 0.713267 0.621978
vt 0.713243 0.641955
vt 0.698892 0.641955
vt 0.698915 0.621978
vt 0.696016 0.574004
vt 0.390212 0.485997
vt 0.598945 0.344912
vt 0.616767 0.457142
vt 0.508111 0.342509
vt 0.525759 0.462385
vt 0.716363 0.746801
vt 0.464220 0.946243
vt 0.462795 0.931887
vt 0.464220 0.931892
vt 0.737238 0.879368
vt 0.735433 0.900087
vt 0.735433 0.879368
vt 0.902180 0.002865
vt 0.903985 0.023584
vt 0.902180 0.023584
vt 0.263191 0.930435
vt 0.264992 0.944785
vt 0.263191 0.944786
vt 0.178214 0.900921
vt 0.180019 0.880202
vt 0.180019 0.900921
vt 0.485521 0.883387
vt 0.483715 0.904105
vt 0.483715 0.883387
vt 0.497861 0.945629
vt 0.496120 0.931275
vt 0.497861 0.931277
vt 0.900977 0.325756
vt 0.899172 0.346475
vt 0.899172 0.325756
vt 0.899438 0.625626
vt 0.901243 0.604907
vt 0.901243 0.625626
vt 0.513268 0.931423
vt 0.514884 0.945768
vt 0.513268 0.945774
vt 0.898549 0.223044
vt 0.900354 0.202326
vt 0.900354 0.223044
vt 0.670749 0.880621
vt 0.668944 0.901340
vt 0.668944 0.880621
vt 0.913741 0.945089
vt 0.911950 0.930739
vt 0.913741 0.930738
vt 0.908915 0.766415
vt 0.907110 0.745697
vt 0.908915 0.745697
vt 0.906096 0.191095
vt 0.907901 0.170376
vt 0.907901 0.191095
vt 0.944850 0.536790
vt 0.946035 0.551130
vt 0.944850 0.551141
vt 0.907189 0.855683
vt 0.908994 0.876402
vt 0.907189 0.876402
vt 0.901379 0.745697
vt 0.899574 0.766415
vt 0.899574 0.745697
vt 0.526651 0.946028
vt 0.525082 0.931680
vt 0.526651 0.931677
vt 0.906159 0.824190
vt 0.907964 0.844909
vt 0.906159 0.844909
vt 0.944408 0.745697
vt 0.945914 0.760056
vt 0.944408 0.760048
vt 0.908513 0.346475
vt 0.906708 0.325756
vt 0.908513 0.325756
vt 0.945933 0.092069
vt 0.944334 0.077712
vt 0.945933 0.077718
vt 0.902520 0.477410
vt 0.904325 0.498128
vt 0.902520 0.498128
vt 0.923764 0.930233
vt 0.925536 0.944587
vt 0.923764 0.944584
vt 0.906256 0.101422
vt 0.904451 0.122141
vt 0.904451 0.101422
vt 0.715440 0.944624
vt 0.713643 0.930272
vt 0.715440 0.930273
vt 0.899653 0.876402
vt 0.901458 0.855683
vt 0.901458 0.876402
vt 0.931266 0.930236
vt 0.933035 0.944584
vt 0.931266 0.944587
vt 0.900132 0.238456
vt 0.898327 0.259175
vt 0.898327 0.238456
vt 0.945409 0.838541
vt 0.943685 0.824194
vt 0.945409 0.824190
vt 0.213696 0.901641
vt 0.215501 0.880923
vt 0.215501 0.901641
vt 0.944439 0.719003
vt 0.945935 0.733346
vt 0.944439 0.733354
vt 0.900365 0.170376
vt 0.898560 0.191095
vt 0.898560 0.170376
vt 0.946197 0.414761
vt 0.944811 0.400417
vt 0.946197 0.400409
vt 0.907698 0.516687
vt 0.909503 0.537405
vt 0.907698 0.537405
vt 0.469951 0.931887
vt 0.471376 0.946243
vt 0.469951 0.946239
vt 0.909795 0.071982
vt 0.907990 0.051263
vt 0.909795 0.051263
vt 0.945353 0.216681
vt 0.943642 0.202326
vt 0.945353 0.202330
vt 0.906921 0.304003
vt 0.905116 0.283284
vt 0.906921 0.283284
vt 0.503592 0.931275
vt 0.505332 0.945629
vt 0.503592 0.945626
vt 0.905564 0.672707
vt 0.907369 0.651988
vt 0.907369 0.672707
vt 0.559965 0.945088
vt 0.558164 0.930738
vt 0.559965 0.930737
vt 0.254550 0.880955
vt 0.252745 0.901674
vt 0.252745 0.880955
vt 0.546350 0.930907
vt 0.548142 0.945258
vt 0.546350 0.945258
vt 0.901240 0.578542
vt 0.903046 0.557824
vt 0.903046 0.578542
vt 0.540297 0.945832
vt 0.538681 0.931487
vt 0.540297 0.931480
vt 0.908779 0.604907
vt 0.906974 0.625626
vt 0.906974 0.604907
vt 0.743542 0.685663
vt 0.743544 0.689586
vt 0.717304 0.686238
vt 0.743622 0.744510
vt 0.743631 0.747947
vt 0.717377 0.736713
vt 0.481043 0.515068
vt 0.481056 0.511566
vt 0.507251 0.502177
vt 0.481171 0.456052
vt 0.481173 0.452114
vt 0.507353 0.450856
vt 0.481130 0.394566
vt 0.481122 0.390791
vt 0.507310 0.397857
vt 0.266044 0.829172
vt 0.288422 0.840579
vt 0.265191 0.842867
vt 0.266044 0.825218
vt 0.288422 0.813811
vt 0.572129 0.504640
vt 0.598299 0.498444
vt 0.598348 0.445458
vt 0.572052 0.383903
vt 0.598235 0.394106
vt 0.752967 0.047301
vt 0.752967 0.051255
vt 0.731441 0.050572
vt 0.345458 0.538901
vt 0.345476 0.535602
vt 0.371656 0.524303
vt 0.345656 0.482024
vt 0.345662 0.478142
vt 0.371818 0.474719
vt 0.345660 0.420269
vt 0.345653 0.416395
vt 0.371812 0.421369
vt 0.345469 0.363037
vt 0.345451 0.359760
vt 0.371638 0.372375
vt 0.738538 0.522148
vt 0.738151 0.526082
vt 0.714763 0.535241
vt 0.716796 0.523292
vt 0.743565 0.624126
vt 0.743560 0.627939
vt 0.717318 0.632987
vt 0.717321 0.630493
vt 0.717050 0.520718
vt 0.737657 0.539795
vt 0.371650 0.374518
vt 0.371816 0.423903
vt 0.371814 0.477259
vt 0.371645 0.526461
vt 0.731441 0.047985
vt 0.598244 0.396422
vt 0.598350 0.448038
vt 0.598293 0.500897
vt 0.265191 0.811523
vt 0.507315 0.400326
vt 0.507352 0.453432
vt 0.507242 0.504468
vt 0.717372 0.734464
vt 0.717302 0.683672
vt 0.878704 0.856548
vt 0.877365 0.880128
vt 0.877365 0.855683
vt 0.994913 0.164376
vt 0.996568 0.165817
vt 0.994476 0.165817
vt 0.870413 0.605681
vt 0.871837 0.630024
vt 0.870413 0.630798
vt 0.878092 0.881392
vt 0.878704 0.880993
vt 0.869224 0.652622
vt 0.867680 0.678126
vt 0.867680 0.651988
vt 0.994889 0.136350
vt 0.996608 0.134911
vt 0.997020 0.136350
vt 0.353618 0.841305
vt 0.355195 0.867272
vt 0.353618 0.867858
vt 0.376605 0.528777
vt 0.375149 0.529222
vt 0.375154 0.528294
vt 0.866443 0.003433
vt 0.864852 0.029558
vt 0.864852 0.002865
vt 0.994555 0.218349
vt 0.996873 0.216911
vt 0.996952 0.218351
vt 0.409205 0.841380
vt 0.410777 0.867242
vt 0.409205 0.867837
vt 0.376778 0.476774
vt 0.375324 0.477699
vt 0.375326 0.476608
vt 0.869806 0.785911
vt 0.868321 0.810869
vt 0.868321 0.785208
vt 0.997038 0.113397
vt 0.994476 0.114836
vt 0.994741 0.113397
vt 0.094903 0.864578
vt 0.096308 0.888672
vt 0.094903 0.889471
vt 0.376776 0.421782
vt 0.375322 0.420867
vt 0.376774 0.420692
vt 0.816427 0.133491
vt 0.808676 0.108183
vt 0.816427 0.101422
vt 0.811358 0.685224
vt 0.803094 0.658215
vt 0.811358 0.651988
vt 0.055354 0.990238
vt 0.052768 0.983717
vt 0.055354 0.983717
vt 0.811372 0.636482
vt 0.818910 0.611880
vt 0.818963 0.638038
vt 0.806787 0.548785
vt 0.814389 0.523547
vt 0.814334 0.550212
vt 0.491117 0.389941
vt 0.491126 0.393716
vt 0.813160 0.203125
vt 0.805224 0.176915
vt 0.813160 0.170376
vt 0.810237 0.816470
vt 0.803101 0.792484
vt 0.810237 0.785208
vt 0.011182 0.983718
vt 0.013769 0.990238
vt 0.011182 0.990238
vt 0.249027 0.805505
vt 0.257444 0.777905
vt 0.257461 0.805807
vt 0.812631 0.588886
vt 0.819917 0.565084
vt 0.819917 0.590815
vt 0.491167 0.456309
vt 0.603013 0.805836
vt 0.594505 0.777766
vt 0.603013 0.771836
vt 0.243296 0.805341
vt 0.235025 0.778043
vt 0.243296 0.771855
vt 0.088623 0.983718
vt 0.086037 0.990238
vt 0.086037 0.983718
vt 0.019500 0.983717
vt 0.022086 0.990238
vt 0.019500 0.990238
vt 0.277346 0.805249
vt 0.285661 0.778021
vt 0.285685 0.805706
vt 0.491050 0.512891
vt 0.491037 0.516393
vt 0.733576 0.623370
vt 0.659812 0.805770
vt 0.651306 0.777776
vt 0.659812 0.771836
vt 0.038720 0.983717
vt 0.036134 0.990238
vt 0.036134 0.983717
vt 0.723285 0.523931
vt 0.608744 0.805801
vt 0.617236 0.777784
vt 0.617225 0.805970
vt 0.733644 0.749357
vt 0.733635 0.745920
vt 0.107026 0.967759
vt 0.110102 0.977369
vt 0.107026 0.977898
vt 0.815814 0.731290
vt 0.807896 0.705504
vt 0.815814 0.698905
vt 0.077720 0.983718
vt 0.080306 0.990238
vt 0.077720 0.990238
vt 0.970194 0.967230
vt 0.967607 0.973751
vt 0.967607 0.967230
vt 0.806566 0.083798
vt 0.814414 0.057894
vt 0.814367 0.084918
vt 0.733556 0.689940
vt 0.733554 0.686017
vt 0.355447 0.358164
vt 0.355465 0.361440
vt 0.376492 0.832973
vt 0.370153 0.811469
vt 0.376398 0.803445
vt 0.061085 0.983718
vt 0.063672 0.990238
vt 0.061085 0.990238
vt 0.295585 0.814812
vt 0.303444 0.789209
vt 0.303487 0.815941
vt 0.355653 0.415825
vt 0.355659 0.419699
vt 0.814422 0.509571
vt 0.806787 0.484239
vt 0.814422 0.477410
vt 0.030403 0.990238
vt 0.027817 0.983718
vt 0.030403 0.983718
vt 0.178450 0.805756
vt 0.186946 0.777808
vt 0.186954 0.805925
vt 0.355655 0.482567
vt 0.631408 0.805701
vt 0.622967 0.777839
vt 0.631408 0.771836
vt 0.094354 0.990238
vt 0.096940 0.983718
vt 0.096940 0.990238
vt 0.220989 0.805412
vt 0.229294 0.778006
vt 0.229266 0.805866
vt 0.355472 0.537175
vt 0.355454 0.540474
vt 0.271615 0.805474
vt 0.263209 0.777918
vt 0.271615 0.771855
vt 0.737962 0.050572
vt 0.809031 0.034269
vt 0.816258 0.010066
vt 0.816195 0.036157
vt 0.082082 0.967230
vt 0.084625 0.977974
vt 0.082082 0.977450
vt 0.819746 0.357261
vt 0.812244 0.332763
vt 0.819746 0.325756
vt 0.732971 0.686725
vt 0.711785 0.684481
vt 0.732973 0.689113
vt 0.711787 0.687047
vt 0.712369 0.686375
vt 0.733054 0.746356
vt 0.711859 0.737687
vt 0.733059 0.748448
vt 0.711864 0.739936
vt 0.712445 0.739531
vt 0.491621 0.515485
vt 0.512772 0.507495
vt 0.491629 0.513354
vt 0.512780 0.505205
vt 0.512196 0.506080
vt 0.491749 0.455495
vt 0.512887 0.454019
vt 0.491751 0.453098
vt 0.512888 0.451444
vt 0.512306 0.452221
vt 0.491706 0.393120
vt 0.512848 0.398383
vt 0.491700 0.390822
vt 0.512843 0.395914
vt 0.512263 0.396475
vt 0.263669 0.828398
vt 0.281048 0.828488
vt 0.263191 0.829172
vt 0.263669 0.825992
vt 0.280570 0.826639
vt 0.582700 0.508410
vt 0.603830 0.502970
vt 0.582706 0.506128
vt 0.603837 0.500518
vt 0.603254 0.501368
vt 0.582766 0.446297
vt 0.603890 0.447588
vt 0.582764 0.443897
vt 0.603888 0.445008
vt 0.603308 0.445710
vt 0.582641 0.385692
vt 0.603779 0.393516
vt 0.582632 0.383537
vt 0.603770 0.391201
vt 0.603191 0.391648
vt 0.755341 0.048075
vt 0.737962 0.047985
vt 0.755819 0.047301
vt 0.755341 0.050482
vt 0.738440 0.049834
vt 0.356039 0.539565
vt 0.377179 0.530056
vt 0.356050 0.537557
vt 0.377190 0.527899
vt 0.356237 0.481716
vt 0.377356 0.478499
vt 0.356241 0.479354
vt 0.377360 0.475960
vt 0.356239 0.419036
vt 0.377358 0.422599
vt 0.356235 0.416678
vt 0.377354 0.420065
vt 0.356043 0.361067
vt 0.377184 0.370868
vt 0.356032 0.359073
vt 0.377172 0.368725
vt 0.376594 0.369068
vt 0.740825 0.523150
vt 0.723539 0.521357
vt 0.741377 0.522427
vt 0.740590 0.525545
vt 0.723833 0.523244
vt 0.732993 0.624243
vt 0.711805 0.628764
vt 0.732990 0.626563
vt 0.711802 0.631258
vt 0.712385 0.630420
vt 0.712387 0.629348
vt 0.733572 0.627183
vt 0.723942 0.522138
vt 0.740989 0.526362
vt 0.376599 0.369990
vt 0.376777 0.477866
vt 0.355662 0.478685
vt 0.376600 0.529705
vt 0.738440 0.048722
vt 0.755819 0.051255
vt 0.603195 0.392643
vt 0.603308 0.446819
vt 0.582183 0.443092
vt 0.603251 0.502423
vt 0.280570 0.827751
vt 0.263191 0.825218
vt 0.512265 0.397537
vt 0.512306 0.453328
vt 0.491170 0.452371
vt 0.512193 0.507064
vt 0.712443 0.738565
vt 0.712368 0.685271
vt 0.734442 0.624475
vt 0.713835 0.630653
vt 0.713836 0.629580
vt 0.179372 0.906652
vt 0.177612 0.923553
vt 0.178260 0.906651
vt 0.354591 0.361557
vt 0.375142 0.369559
vt 0.375147 0.370480
vt 0.354786 0.419211
vt 0.375323 0.421957
vt 0.354785 0.481550
vt 0.354598 0.537074
vt 0.615842 0.906969
vt 0.617601 0.923870
vt 0.616489 0.923870
vt 0.601743 0.393034
vt 0.581181 0.383928
vt 0.601739 0.392038
vt 0.581313 0.446358
vt 0.601855 0.445770
vt 0.601856 0.446880
vt 0.601799 0.502144
vt 0.581254 0.505850
vt 0.601802 0.501090
vt 0.921437 0.283284
vt 0.923196 0.300185
vt 0.922084 0.300185
vt 0.490254 0.393381
vt 0.510812 0.396736
vt 0.510814 0.397798
vt 0.490297 0.455416
vt 0.510855 0.452142
vt 0.510854 0.453249
vt 0.510742 0.506658
vt 0.490178 0.512947
vt 0.510745 0.505673
vt 0.734503 0.745923
vt 0.713894 0.739098
vt 0.713892 0.738131
vt 0.713818 0.685163
vt 0.734422 0.689004
vt 0.713818 0.686266
vt 0.888678 0.374954
vt 0.890030 0.398528
vt 0.888678 0.399386
vt 0.996973 0.194619
vt 0.994476 0.196062
vt 0.994585 0.194620
vt 0.378986 0.842279
vt 0.377438 0.867909
vt 0.377438 0.841655
vt 0.867487 0.283905
vt 0.869042 0.309521
vt 0.867487 0.310141
vt 0.994709 0.122009
vt 0.996797 0.120570
vt 0.997029 0.122012
vt 0.394985 0.841199
vt 0.393395 0.867290
vt 0.393395 0.840629
vt 0.386077 0.841201
vt 0.387664 0.867297
vt 0.386077 0.867868
vt 0.995019 0.248592
vt 0.996376 0.247151
vt 0.996919 0.248592
vt 0.870960 0.171093
vt 0.869482 0.195878
vt 0.869482 0.170376
vt 0.996032 0.603034
vt 0.994780 0.602236
vt 0.996335 0.602236
vt 0.869260 0.239179
vt 0.870727 0.263980
vt 0.869260 0.264702
vt 0.370153 0.842271
vt 0.371707 0.867974
vt 0.370153 0.868590
vt 0.994975 0.209742
vt 0.996471 0.211179
vt 0.994476 0.211179
vt 0.859852 0.208472
vt 0.858685 0.230780
vt 0.858685 0.207451
vt 0.364092 0.841463
vt 0.362522 0.867299
vt 0.362522 0.840865
vt 0.869482 0.203055
vt 0.870949 0.227724
vt 0.869482 0.228453
vt 0.755281 0.527357
vt 0.756635 0.551081
vt 0.755281 0.551929
vt 0.997009 0.142080
vt 0.994476 0.143523
vt 0.994652 0.142084
vt 0.871572 0.326523
vt 0.870141 0.350924
vt 0.870141 0.325756
vt 0.103437 0.864585
vt 0.102039 0.888619
vt 0.102039 0.863780
vt 0.400716 0.841202
vt 0.402303 0.867265
vt 0.400716 0.867837
vt 0.867892 0.424956
vt 0.869428 0.450382
vt 0.867892 0.451025
vt 0.994643 0.158642
vt 0.996839 0.157207
vt 0.997006 0.158645
vt 0.347887 0.841303
vt 0.346308 0.867290
vt 0.346308 0.840719
vt 0.117093 0.864601
vt 0.115715 0.888568
vt 0.115715 0.863780
vt 0.864129 0.558390
vt 0.865721 0.584527
vt 0.864129 0.585093
vt 0.994967 0.188888
vt 0.996484 0.187451
vt 0.996975 0.188888
vt 0.996938 0.239980
vt 0.994476 0.241420
vt 0.994537 0.239982
vt 0.311341 0.841664
vt 0.309779 0.867478
vt 0.309779 0.841059
vt 0.996022 0.608765
vt 0.994779 0.609589
vt 0.994476 0.608765
vt 0.868244 0.136858
vt 0.869739 0.161915
vt 0.868244 0.162605
vt 0.996062 0.587416
vt 0.995148 0.588846
vt 0.994476 0.587416
vt 0.994759 0.107666
vt 0.996758 0.106228
vt 0.997040 0.107666
vt 0.340578 0.841298
vt 0.338994 0.867300
vt 0.338994 0.840719
vt 0.838558 0.140550
vt 0.839771 0.163183
vt 0.838558 0.164165
vt 0.997027 0.127742
vt 0.994476 0.129180
vt 0.994873 0.127742
vt 0.995046 0.254323
vt 0.996324 0.255760
vt 0.994476 0.255760
vt 0.871023 0.824942
vt 0.869574 0.849401
vt 0.869574 0.824190
vt 0.272168 0.497124
vt 0.314987 0.532685
vt 0.267934 0.518412
vt 0.798949 0.277554
vt 0.794549 0.239461
vt 0.798949 0.238456
vt 0.247569 0.556511
vt 0.302992 0.561643
vt 0.285579 0.587704
vt 0.983909 0.304925
vt 0.988403 0.307509
vt 0.983909 0.309362
vt 0.232222 0.571858
vt 0.237354 0.627281
vt 0.214175 0.583916
vt 0.983909 0.431024
vt 0.988089 0.433357
vt 0.983909 0.433802
vt 0.194123 0.592222
vt 0.177655 0.645390
vt 0.172836 0.596457
vt 0.665543 0.805553
vt 0.669710 0.774246
vt 0.669773 0.805577
vt 0.151131 0.596456
vt 0.115570 0.639275
vt 0.129844 0.592222
vt 0.983909 0.299194
vt 0.988403 0.296553
vt 0.988403 0.298300
vt 0.109791 0.583916
vt 0.060552 0.609867
vt 0.091745 0.571858
vt 0.983912 0.405336
vt 0.988091 0.407129
vt 0.983909 0.408192
vt 0.076397 0.556510
vt 0.020975 0.561643
vt 0.064339 0.538464
vt 0.767858 0.518923
vt 0.763531 0.479034
vt 0.767858 0.477410
vt 0.056033 0.518412
vt 0.002865 0.501944
vt 0.051799 0.497124
vt 0.586358 0.988801
vt 0.590851 0.985372
vt 0.590852 0.987350
vt 0.051799 0.475420
vt 0.008980 0.439859
vt 0.056033 0.454132
vt 0.983911 0.482588
vt 0.988089 0.483560
vt 0.983909 0.485086
vt 0.064339 0.434080
vt 0.038388 0.384840
vt 0.076398 0.416033
vt 0.771621 0.091669
vt 0.775901 0.053173
vt 0.775926 0.091004
vt 0.091745 0.400686
vt 0.086613 0.345263
vt 0.109792 0.388627
vt 0.621531 0.988622
vt 0.617037 0.985496
vt 0.621531 0.983717
vt 0.129844 0.380322
vt 0.146312 0.327154
vt 0.151131 0.376087
vt 0.983909 0.476857
vt 0.988090 0.475836
vt 0.988090 0.476820
vt 0.172836 0.376087
vt 0.208397 0.333269
vt 0.194123 0.380322
vt 0.750103 0.803809
vt 0.745866 0.768268
vt 0.750103 0.766097
vt 0.214176 0.388628
vt 0.263415 0.362677
vt 0.232222 0.400686
vt 0.983909 0.334578
vt 0.988403 0.336712
vt 0.983909 0.338556
vt 0.247570 0.416033
vt 0.302992 0.410901
vt 0.259628 0.434080
vt 0.983909 0.388280
vt 0.988093 0.390427
vt 0.983912 0.391143
vt 0.267934 0.454132
vt 0.321102 0.470600
vt 0.272168 0.475420
vt 0.767507 0.739966
vt 0.771867 0.700215
vt 0.771861 0.738900
vt 0.931020 0.493305
vt 0.928348 0.477410
vt 0.931011 0.477476
vt 0.058758 0.918241
vt 0.074254 0.932667
vt 0.058758 0.934193
vt 0.926543 0.028922
vt 0.929198 0.043811
vt 0.926557 0.044422
vt 0.283266 0.915058
vt 0.298762 0.929484
vt 0.283266 0.931011
vt 0.385847 0.904679
vt 0.388528 0.920658
vt 0.385861 0.921172
vt 0.803101 0.918685
vt 0.818597 0.933112
vt 0.803101 0.934638
vt 0.894615 0.585642
vt 0.892038 0.598308
vt 0.892038 0.584824
vt 0.779854 0.919887
vt 0.795350 0.934314
vt 0.779854 0.935840
vt 0.932484 0.102072
vt 0.929853 0.116447
vt 0.929853 0.101422
vt 0.846489 0.934130
vt 0.861985 0.919704
vt 0.861985 0.932604
vt 0.954336 0.710454
vt 0.951666 0.699129
vt 0.954336 0.698905
vt 0.890723 0.927818
vt 0.906219 0.913392
vt 0.906219 0.926292
vt 0.317090 0.926989
vt 0.319735 0.942218
vt 0.317072 0.942371
vt 0.913399 0.277376
vt 0.928895 0.262950
vt 0.928895 0.275850
vt 0.941506 0.886298
vt 0.944104 0.899764
vt 0.941521 0.900543
vt 0.027064 0.918208
vt 0.042560 0.932634
vt 0.027064 0.934160
vt 0.392364 0.927604
vt 0.394982 0.941296
vt 0.392378 0.942025
vt 0.131211 0.919599
vt 0.115715 0.934025
vt 0.115715 0.921125
vt 0.745641 0.908310
vt 0.742969 0.923873
vt 0.742969 0.907794
vt 0.937911 0.202326
vt 0.922415 0.216752
vt 0.922415 0.203852
vt 0.308365 0.874267
vt 0.308698 0.885038
vt 0.305715 0.873813
vt 0.163947 0.919861
vt 0.148451 0.934288
vt 0.148451 0.921388
vt 0.951168 0.002865
vt 0.948506 0.015771
vt 0.948499 0.002902
vt 0.095481 0.934211
vt 0.079985 0.919785
vt 0.095481 0.918259
vt 0.295715 0.937093
vt 0.298378 0.949328
vt 0.295715 0.949686
vt 0.884280 0.929633
vt 0.868784 0.915206
vt 0.884280 0.913680
vt 0.767806 0.216284
vt 0.770482 0.232185
vt 0.767821 0.232717
vt 0.020222 0.934163
vt 0.004726 0.919737
vt 0.020222 0.918211
vt 0.926098 0.558429
vt 0.928742 0.573279
vt 0.926112 0.573916
vt 0.773358 0.935884
vt 0.757862 0.921457
vt 0.773358 0.919931
vt 0.932198 0.305418
vt 0.929574 0.319288
vt 0.929574 0.304735
vt 0.840758 0.934644
vt 0.825262 0.920218
vt 0.840758 0.918691
vt 0.262122 0.516649
vt 0.259628 0.538464
vt 0.254272 0.535601
vt 0.242875 0.552657
vt 0.228369 0.567163
vt 0.211312 0.578560
vt 0.192360 0.586410
vt 0.172240 0.590412
vt 0.151727 0.590412
vt 0.131607 0.586410
vt 0.112654 0.578560
vt 0.095598 0.567163
vt 0.081092 0.552657
vt 0.069695 0.535601
vt 0.061845 0.516648
vt 0.057843 0.496529
vt 0.057843 0.476015
vt 0.061845 0.455895
vt 0.069695 0.436943
vt 0.081092 0.419886
vt 0.095598 0.405381
vt 0.112655 0.393984
vt 0.131607 0.386134
vt 0.151727 0.382131
vt 0.172240 0.382131
vt 0.192360 0.386134
vt 0.211313 0.393984
vt 0.228369 0.405381
vt 0.242875 0.419886
vt 0.254272 0.436943
vt 0.262122 0.455895
vt 0.266124 0.476015
vt 0.266124 0.496529
vt 0.987099 0.917598
vt 0.984307 0.914701
vt 0.987496 0.914701
vt 0.987100 0.958635
vt 0.984278 0.961754
vt 0.983909 0.958635
vt 0.890723 0.933549
vt 0.893905 0.947755
vt 0.890723 0.947623
vt 0.879789 0.456053
vt 0.882965 0.471557
vt 0.879789 0.471679
vt 0.243278 0.924321
vt 0.240102 0.907949
vt 0.243278 0.908033
vt 0.479917 0.932016
vt 0.482625 0.934690
vt 0.479438 0.934642
vt 0.987098 0.888919
vt 0.984322 0.891753
vt 0.983909 0.888919
vt 0.600843 0.943820
vt 0.597662 0.929707
vt 0.600843 0.929579
vt 0.128036 0.941515
vt 0.131211 0.953277
vt 0.128036 0.953510
vt 0.644455 0.907569
vt 0.647615 0.924274
vt 0.644438 0.924312
vt 0.984243 0.857914
vt 0.987193 0.854740
vt 0.987527 0.857914
vt 0.984219 0.810901
vt 0.987274 0.814078
vt 0.983909 0.814078
vt 0.902365 0.368332
vt 0.899172 0.352237
vt 0.902353 0.352206
vt 0.935228 0.551915
vt 0.932053 0.538362
vt 0.935228 0.538562
vt 0.899438 0.631517
vt 0.902614 0.646005
vt 0.899438 0.646166
vt 0.984206 0.769537
vt 0.987329 0.766358
vt 0.987625 0.769537
vt 0.462795 0.672221
vt 0.483288 0.687339
vt 0.466797 0.692341
vt 0.556679 0.557824
vt 0.575503 0.574974
vt 0.558368 0.574974
vt 0.671076 0.672221
vt 0.650583 0.687339
vt 0.653926 0.670532
vt 0.500550 0.742856
vt 0.525730 0.739054
vt 0.517607 0.754252
vt 0.500550 0.581073
vt 0.499366 0.606511
vt 0.486045 0.595579
vt 0.647827 0.595579
vt 0.644026 0.620759
vt 0.634506 0.606511
vt 0.597312 0.762103
vt 0.608141 0.739054
vt 0.616265 0.754252
vt 0.462795 0.651708
vt 0.479945 0.670532
vt 0.597312 0.561826
vt 0.577193 0.557824
vt 0.667074 0.692341
vt 0.644026 0.703170
vt 0.486045 0.728350
vt 0.511482 0.729534
vt 0.517607 0.569676
vt 0.511482 0.594395
vt 0.667074 0.631588
vt 0.659224 0.612635
vt 0.577193 0.766105
vt 0.592310 0.745612
vt 0.483288 0.636590
vt 0.479945 0.653397
vt 0.608141 0.584874
vt 0.592310 0.578317
vt 0.647827 0.728350
vt 0.659224 0.711293
vt 0.474648 0.711293
vt 0.499366 0.717418
vt 0.541561 0.578317
vt 0.525730 0.584874
vt 0.671076 0.651708
vt 0.650583 0.636590
vt 0.556679 0.766105
vt 0.541561 0.745612
vt 0.558368 0.748955
vt 0.575503 0.748955
vt 0.466797 0.631588
vt 0.489846 0.620759
vt 0.633321 0.581073
vt 0.616265 0.569676
vt 0.633321 0.742856
vt 0.634506 0.717418
vt 0.489846 0.703170
vt 0.536559 0.561826
vt 0.653926 0.653397
vt 0.536559 0.762103
vt 0.474648 0.612635
vt 0.622389 0.594395
vt 0.622389 0.729534
vt 0.333086 0.702597
vt 0.327237 0.689235
vt 0.333162 0.689258
vt 0.719422 0.133213
vt 0.713431 0.114300
vt 0.731203 0.215772
vt 0.725278 0.215765
vt 0.333218 0.674075
vt 0.327293 0.674059
vt 0.719516 0.150212
vt 0.713496 0.133213
vt 0.731198 0.232863
vt 0.327327 0.657622
vt 0.333252 0.657630
vt 0.719636 0.164646
vt 0.713591 0.150212
vt 0.333263 0.640556
vt 0.327337 0.640556
vt 0.418111 0.694909
vt 0.423982 0.711101
vt 0.418057 0.711101
vt 0.327325 0.623517
vt 0.333250 0.623509
vt 0.418150 0.676570
vt 0.424036 0.694909
vt 0.327289 0.607159
vt 0.333214 0.607143
vt 0.418173 0.656791
vt 0.424075 0.676570
vt 0.327231 0.592112
vt 0.333156 0.592089
vt 0.418179 0.636330
vt 0.424099 0.656791
vt 0.327154 0.578953
vt 0.333079 0.578924
vt 0.418169 0.615975
vt 0.424105 0.636330
vt 0.392163 0.700874
vt 0.386304 0.685978
vt 0.392229 0.685995
vt 0.418141 0.596507
vt 0.424094 0.615975
vt 0.386347 0.669732
vt 0.392272 0.669741
vt 0.418098 0.578674
vt 0.424066 0.596507
vt 0.392289 0.652736
vt 0.386364 0.652735
vt 0.719442 0.186337
vt 0.713608 0.170376
vt 0.719533 0.170376
vt 0.386354 0.635640
vt 0.392280 0.635633
vt 0.719375 0.204506
vt 0.713517 0.186337
vt 0.386319 0.619105
vt 0.392244 0.619090
vt 0.719335 0.224183
vt 0.713450 0.204506
vt 0.386259 0.603764
vt 0.392185 0.603742
vt 0.719322 0.244614
vt 0.713409 0.224183
vt 0.386178 0.590208
vt 0.713396 0.244614
vt 0.306402 0.543325
vt 0.304445 0.548048
vt 0.273575 0.594248
vt 0.263415 0.609867
vt 0.269960 0.597864
vt 0.223760 0.628734
vt 0.208397 0.639275
vt 0.219037 0.630690
vt 0.159427 0.641530
vt 0.146312 0.645390
vt 0.100207 0.628734
vt 0.086613 0.627280
vt 0.054007 0.597864
vt 0.038388 0.587704
vt 0.050392 0.594248
vt 0.019522 0.548048
vt 0.008980 0.532685
vt 0.017565 0.543325
vt 0.006725 0.483716
vt 0.002865 0.470600
vt 0.019522 0.424495
vt 0.020975 0.410901
vt 0.050392 0.378295
vt 0.060552 0.362677
vt 0.054007 0.374680
vt 0.100207 0.343810
vt 0.115570 0.333269
vt 0.104930 0.341854
vt 0.164540 0.331014
vt 0.177655 0.327154
vt 0.223760 0.343810
vt 0.237354 0.345263
vt 0.269960 0.374680
vt 0.285579 0.384840
vt 0.273575 0.378295
vt 0.304445 0.424495
vt 0.314987 0.439859
vt 0.306402 0.429219
vt 0.317242 0.488828
vt 0.321102 0.501944
vt 0.266796 0.531245
vt 0.267898 0.528585
vt 0.243643 0.565896
vt 0.206956 0.591084
vt 0.160544 0.600316
vt 0.163423 0.600316
vt 0.119670 0.592186
vt 0.080324 0.565896
vt 0.082360 0.567931
vt 0.057171 0.531245
vt 0.047939 0.484832
vt 0.047939 0.487711
vt 0.056069 0.443959
vt 0.080324 0.406648
vt 0.117011 0.381459
vt 0.163423 0.372227
vt 0.160544 0.372227
vt 0.204297 0.380358
vt 0.243643 0.406648
vt 0.241607 0.404612
vt 0.266796 0.441299
vt 0.276028 0.487711
vt 0.276028 0.484832
vt 0.241607 0.567931
vt 0.204297 0.592186
vt 0.164540 0.641530
vt 0.104930 0.630690
vt 0.117011 0.591084
vt 0.056069 0.528585
vt 0.006725 0.488828
vt 0.017565 0.429219
vt 0.057171 0.441299
vt 0.082360 0.404612
vt 0.119670 0.380358
vt 0.159427 0.331014
vt 0.219037 0.341854
vt 0.206956 0.381459
vt 0.267898 0.443959
vt 0.317242 0.483716
vt 0.798810 0.463108
vt 0.803057 0.426404
vt 0.803094 0.462644
vt 0.601076 0.988789
vt 0.596585 0.985389
vt 0.601081 0.983717
vt 0.839158 0.590303
vt 0.843357 0.561689
vt 0.843570 0.589312
vt 0.771864 0.693174
vt 0.767507 0.653333
vt 0.771864 0.651988
vt 0.606812 0.983717
vt 0.611306 0.987406
vt 0.606812 0.988651
vt 0.816440 0.407299
vt 0.812280 0.376528
vt 0.816440 0.374096
vt 0.773507 0.319878
vt 0.769076 0.284591
vt 0.773507 0.283867
vt 0.983909 0.319137
vt 0.988402 0.316943
vt 0.988402 0.318517
vt 0.713643 0.804165
vt 0.718050 0.766989
vt 0.718024 0.803012
vt 0.452524 0.841457
vt 0.456302 0.813693
vt 0.456715 0.841729
vt 0.257461 0.815127
vt 0.252745 0.814029
vt 0.256902 0.811537
vt 0.303487 0.776819
vt 0.299211 0.738564
vt 0.303487 0.736625
vt 0.806459 0.362469
vt 0.802246 0.328002
vt 0.806459 0.325756
vt 0.988642 0.002865
vt 0.985733 0.007359
vt 0.983909 0.002865
vt 0.761550 0.044408
vt 0.765883 0.004386
vt 0.765889 0.043442
vt 0.802472 0.594522
vt 0.806900 0.558606
vt 0.806864 0.593384
vt 0.565900 0.988830
vt 0.570394 0.985284
vt 0.570394 0.987273
vt 0.771831 0.599176
vt 0.767522 0.559532
vt 0.771831 0.557824
vt 0.988623 0.017583
vt 0.985737 0.013090
vt 0.987571 0.013090
vt 0.767507 0.646258
vt 0.771861 0.606308
vt 0.771858 0.645231
vt 0.839409 0.557824
vt 0.838861 0.561379
vt 0.782656 0.413899
vt 0.778271 0.375183
vt 0.782656 0.374096
vt 0.988480 0.284476
vt 0.985746 0.288974
vt 0.983909 0.284476
vt 0.777597 0.738715
vt 0.781871 0.700888
vt 0.781899 0.738126
vt 0.580624 0.983718
vt 0.576124 0.987328
vt 0.576125 0.985344
vt 0.446434 0.843486
vt 0.441970 0.811678
vt 0.446434 0.811180
vt 0.984045 0.373947
vt 0.988177 0.373062
vt 0.988229 0.373947
vt 0.525082 0.845979
vt 0.529552 0.814695
vt 0.529494 0.844938
vt 0.452165 0.843471
vt 0.456576 0.842513
vt 0.705911 0.841207
vt 0.702123 0.813156
vt 0.706263 0.810653
vt 0.983909 0.460213
vt 0.988088 0.457780
vt 0.988088 0.458817
vt 0.792980 0.785244
vt 0.797370 0.746751
vt 0.797352 0.784107
vt 0.983909 0.413923
vt 0.988089 0.415930
vt 0.983909 0.416801
vt 0.802898 0.140362
vt 0.798648 0.103500
vt 0.802898 0.101422
vt 0.983909 0.468598
vt 0.988088 0.467351
vt 0.988088 0.468384
vt 0.763644 0.142851
vt 0.767959 0.103099
vt 0.767972 0.141986
vt 0.706263 0.843201
vt 0.701716 0.841457
vt 0.765890 0.091669
vt 0.761555 0.051643
vt 0.765890 0.050138
vt 0.983909 0.449244
vt 0.988094 0.450349
vt 0.983909 0.451817
vt 0.755833 0.803205
vt 0.760055 0.768316
vt 0.760100 0.802914
vt 0.983910 0.379678
vt 0.988096 0.381564
vt 0.983909 0.382549
vt 0.740094 0.803999
vt 0.735684 0.766973
vt 0.740094 0.766097
vt 0.983913 0.399605
vt 0.988097 0.398182
vt 0.988098 0.399245
vt 0.558235 0.807404
vt 0.562670 0.772526
vt 0.562631 0.806271
vt 0.983909 0.365943
vt 0.988249 0.363708
vt 0.988190 0.364577
vt 0.257158 0.843758
vt 0.252962 0.815426
vt 0.983909 0.425294
vt 0.988091 0.422942
vt 0.988091 0.424017
vt 0.627262 0.983717
vt 0.631765 0.987390
vt 0.627269 0.988569
vt 0.923186 0.620852
vt 0.938644 0.606430
vt 0.938644 0.619330
vt 0.923661 0.532632
vt 0.939119 0.518209
vt 0.939119 0.531109
vt 0.924214 0.801153
vt 0.939671 0.786731
vt 0.939671 0.799631
vt 0.922921 0.348717
vt 0.938378 0.363140
vt 0.922921 0.364662
vt 0.923046 0.341701
vt 0.938504 0.327279
vt 0.938504 0.340179
vt 0.923251 0.721876
vt 0.938709 0.736298
vt 0.923251 0.737821
vt 0.923370 0.855683
vt 0.938828 0.870106
vt 0.923370 0.871628
vt 0.923764 0.908557
vt 0.939221 0.922980
vt 0.923764 0.924502
vt 0.938677 0.761642
vt 0.923219 0.747219
vt 0.938677 0.745697
vt 0.938541 0.643819
vt 0.923084 0.629397
vt 0.938541 0.627874
vt 0.937883 0.186321
vt 0.922426 0.171899
vt 0.937883 0.170376
vt 0.939248 0.390041
vt 0.923790 0.375618
vt 0.939248 0.374096
vt 0.939411 0.067208
vt 0.923953 0.052785
vt 0.939411 0.051263
vt 0.938709 0.714850
vt 0.923251 0.700427
vt 0.938709 0.698905
vt 0.937955 0.840135
vt 0.922497 0.825713
vt 0.937955 0.824190
vt 0.938603 0.093657
vt 0.923146 0.079235
vt 0.938603 0.077712
vt 0.807897 0.232219
vt 0.807521 0.223700
vt 0.810194 0.224066
vt 0.912399 0.028811
vt 0.909716 0.044981
vt 0.909716 0.028342
vt 0.411715 0.927599
vt 0.409108 0.941369
vt 0.409108 0.926879
vt 0.317072 0.904376
vt 0.319758 0.920618
vt 0.317086 0.921113
vt 0.947615 0.922707
vt 0.944952 0.908557
vt 0.947615 0.908839
vt 0.977515 0.821549
vt 0.967028 0.818878
vt 0.977790 0.818878
vt 0.380116 0.904687
vt 0.377438 0.920693
vt 0.377438 0.904200
vt 0.430656 0.908625
vt 0.433311 0.923806
vt 0.430670 0.924407
vt 0.177357 0.929552
vt 0.180019 0.943405
vt 0.177357 0.943680
vt 0.071227 0.939924
vt 0.073877 0.952688
vt 0.071207 0.952588
vt 0.254550 0.907892
vt 0.251870 0.923761
vt 0.251870 0.907405
vt 0.945029 0.284219
vt 0.947557 0.296108
vt 0.945043 0.297067
vt 0.926809 0.018800
vt 0.929481 0.002865
vt 0.929471 0.018746
vt 0.095104 0.939942
vt 0.092455 0.952687
vt 0.092434 0.940047
vt 0.870501 0.457486
vt 0.867892 0.470870
vt 0.867892 0.456756
vt 0.903310 0.726024
vt 0.905891 0.738788
vt 0.903324 0.739621
vt 0.341655 0.942257
vt 0.338994 0.926859
vt 0.341655 0.927029
vt 0.308358 0.895781
vt 0.311341 0.885516
vt 0.861978 0.939861
vt 0.859317 0.952727
vt 0.859310 0.939926
vt 0.540297 0.910077
vt 0.537645 0.925136
vt 0.537645 0.909496
vt 0.653362 0.908044
vt 0.656035 0.923652
vt 0.653377 0.924198
vt 0.145187 0.967230
vt 0.147855 0.977727
vt 0.145187 0.977413
vt 0.900988 0.277530
vt 0.898327 0.264906
vt 0.900988 0.265280
vt 0.893538 0.645987
vt 0.890870 0.635026
vt 0.893539 0.634773
vt 0.761776 0.809241
vt 0.759115 0.823257
vt 0.759115 0.808983
vt 0.362910 0.904375
vt 0.360224 0.920621
vt 0.360224 0.903915
vt 0.918130 0.028813
vt 0.920812 0.044967
vt 0.918144 0.045473
vt 0.400716 0.927061
vt 0.403377 0.941997
vt 0.400716 0.942186
vt 0.815929 0.940369
vt 0.818582 0.952946
vt 0.815915 0.952807
vt 0.967200 0.867272
vt 0.977222 0.869932
vt 0.966753 0.869932
vt 0.951859 0.867108
vt 0.954529 0.855917
vt 0.954529 0.867343
vt 0.927789 0.136733
vt 0.925130 0.151753
vt 0.925130 0.136167
vt 0.048291 0.918887
vt 0.050919 0.933186
vt 0.048305 0.933875
vt 0.766306 0.148616
vt 0.763653 0.164488
vt 0.763644 0.148581
vt 0.923661 0.538685
vt 0.926322 0.551664
vt 0.923661 0.551993
vt 0.138845 0.938941
vt 0.141506 0.951836
vt 0.138837 0.951789
vt 0.807906 0.210181
vt 0.805224 0.209845
vt 0.945141 0.052159
vt 0.947690 0.064121
vt 0.945155 0.065042
vt 0.309243 0.736729
vt 0.311880 0.752279
vt 0.309218 0.752390
vt 0.953467 0.348717
vt 0.950797 0.361182
vt 0.950797 0.348868
vt 0.582933 0.908027
vt 0.580259 0.923855
vt 0.580259 0.907524
vt 0.725456 0.908636
vt 0.728121 0.923852
vt 0.725471 0.924430
vt 0.932537 0.416149
vt 0.929849 0.400409
vt 0.932511 0.400518
vt 0.224959 0.977137
vt 0.222289 0.967551
vt 0.224959 0.967230
vt 0.328171 0.904391
vt 0.325489 0.920429
vt 0.325489 0.903917
vt 0.368640 0.904377
vt 0.371326 0.920616
vt 0.368655 0.921113
vt 0.948062 0.798756
vt 0.945402 0.785208
vt 0.948062 0.785536
vt 0.950922 0.325756
vt 0.953592 0.338147
vt 0.950922 0.337987
vt 0.868841 0.973945
vt 0.862942 0.967230
vt 0.868835 0.967230
vt 0.662872 0.287347
vt 0.210664 0.967264
vt 0.216558 0.977267
vt 0.210664 0.977301
vt 0.692475 0.210250
vt 0.698369 0.210250
vt 0.217220 0.989681
vt 0.211326 0.983718
vt 0.217220 0.983744
vt 0.983909 0.068222
vt 0.988746 0.069976
vt 0.983909 0.069976
vt 0.983909 0.698426
vt 0.987893 0.696943
vt 0.987889 0.698426
vt 0.662936 0.308564
vt 0.148451 0.941557
vt 0.154345 0.953919
vt 0.148451 0.953931
vt 0.944358 0.967245
vt 0.950252 0.973700
vt 0.944358 0.973714
vt 0.355197 0.989611
vt 0.360094 0.983737
vt 0.360094 0.989631
vt 0.988746 0.173008
vt 0.983909 0.174762
vt 0.983909 0.173008
vt 0.693432 0.311249
vt 0.697422 0.310129
vt 0.697411 0.311249
vt 0.668799 0.308522
vt 0.953616 0.274251
vt 0.947712 0.261424
vt 0.953606 0.261424
vt 0.114306 0.983718
vt 0.120189 0.990020
vt 0.114295 0.990020
vt 0.983909 0.232886
vt 0.988746 0.234640
vt 0.983909 0.234640
vt 0.668840 0.286063
vt 0.930107 0.818235
vt 0.924214 0.806884
vt 0.930107 0.806907
vt 0.833955 0.973978
vt 0.828060 0.967230
vt 0.833954 0.967230
vt 0.987890 0.542278
vt 0.983909 0.544024
vt 0.983911 0.542278
vt 0.668810 0.263343
vt 0.966779 0.058567
vt 0.977949 0.052673
vt 0.977975 0.058567
vt 0.179850 0.977471
vt 0.173956 0.967230
vt 0.179850 0.967266
vt 0.166698 0.989896
vt 0.160804 0.983718
vt 0.166698 0.983729
vt 0.988746 0.098161
vt 0.983909 0.099915
vt 0.983909 0.098161
vt 0.668714 0.243820
vt 0.948002 0.028342
vt 0.953883 0.041138
vt 0.947990 0.041138
vt 0.311353 0.967278
vt 0.317246 0.976398
vt 0.311353 0.976446
vt 0.260665 0.989611
vt 0.266308 0.983744
vt 0.266308 0.989637
vt 0.983919 0.712721
vt 0.987889 0.711371
vt 0.987898 0.712721
vt 0.692511 0.298562
vt 0.121609 0.953743
vt 0.115715 0.941282
vt 0.121609 0.941294
vt 0.923219 0.767392
vt 0.929113 0.779315
vt 0.923219 0.779335
vt 0.897844 0.967230
vt 0.903729 0.973861
vt 0.897835 0.973861
vt 0.988746 0.107400
vt 0.983909 0.105646
vt 0.988746 0.105646
vt 0.692600 0.278187
vt 0.952965 0.437213
vt 0.947071 0.424313
vt 0.952965 0.424313
vt 0.915372 0.973840
vt 0.909468 0.967230
vt 0.915362 0.967230
vt 0.983911 0.611048
vt 0.987889 0.609337
vt 0.987891 0.611048
vt 0.692617 0.255245
vt 0.934241 0.510950
vt 0.928348 0.499036
vt 0.934241 0.499056
vt 0.272039 0.989638
vt 0.277621 0.983718
vt 0.277621 0.989611
vt 0.983909 0.182247
vt 0.988746 0.180493
vt 0.988746 0.182247
vt 0.692561 0.233228
vt 0.874731 0.948763
vt 0.868784 0.939672
vt 0.874677 0.939686
vt 0.149180 0.983738
vt 0.155073 0.989877
vt 0.149180 0.989897
vt 0.983917 0.676891
vt 0.987889 0.675405
vt 0.987896 0.676891
vt 0.915254 0.539658
vt 0.917452 0.552084
vt 0.915234 0.552084
vt 0.853812 0.471607
vt 0.851571 0.461542
vt 0.853790 0.461550
vt 0.997098 0.042618
vt 0.994476 0.044840
vt 0.994476 0.042621
vt 0.115833 0.967242
vt 0.118051 0.977789
vt 0.115833 0.977801
vt 0.953883 0.757587
vt 0.951644 0.745697
vt 0.953863 0.745697
vt 0.994477 0.173767
vt 0.996958 0.171552
vt 0.996958 0.173771
vt 0.580663 0.975561
vt 0.578445 0.967230
vt 0.580663 0.967250
vt 0.951630 0.604907
vt 0.953830 0.616821
vt 0.951611 0.616821
vt 0.994480 0.076646
vt 0.997068 0.074428
vt 0.997071 0.076646
vt 0.978092 0.661169
vt 0.966753 0.663388
vt 0.966761 0.661169
vt 0.246968 0.967242
vt 0.249186 0.977354
vt 0.246968 0.977366
vt 0.996695 0.596505
vt 0.994484 0.594577
vt 0.996703 0.594577
vt 0.241237 0.977378
vt 0.238994 0.969397
vt 0.241212 0.969410
vt 0.239019 0.967230
vt 0.241237 0.967243
vt 0.977626 0.883371
vt 0.966753 0.885589
vt 0.966761 0.883371
vt 0.996824 0.516553
vt 0.994476 0.518771
vt 0.994486 0.516553
vt 0.441940 0.989146
vt 0.438576 0.983718
vt 0.441940 0.985024
vt 0.560169 0.988922
vt 0.556810 0.983718
vt 0.560169 0.985802
vt 0.618275 0.880251
vt 0.618275 0.892890
vt 0.705414 0.280750
vt 0.184054 0.988713
vt 0.187414 0.983717
vt 0.187415 0.989830
vt 0.387376 0.985340
vt 0.384013 0.989675
vt 0.384013 0.983718
vt 0.478305 0.989201
vt 0.474958 0.983718
vt 0.478311 0.985185
vt 0.900373 0.802439
vt 0.910087 0.805788
vt 0.898048 0.805788
vt 0.705440 0.257452
vt 0.294590 0.989014
vt 0.297946 0.983718
vt 0.297954 0.989745
vt 0.193146 0.984914
vt 0.196501 0.989828
vt 0.193146 0.989214
vt 0.882341 0.904598
vt 0.869574 0.907932
vt 0.871991 0.904586
vt 0.705314 0.221111
vt 0.705390 0.234743
vt 0.299184 0.693488
vt 0.511331 0.989159
vt 0.514697 0.983717
vt 0.514697 0.988896
vt 0.393107 0.985699
vt 0.396463 0.989302
vt 0.393107 0.989629
vt 0.893215 0.902785
vt 0.906219 0.906127
vt 0.891085 0.906135
vt 0.299262 0.651121
vt 0.302580 0.728331
vt 0.299202 0.716595
vt 0.243484 0.984853
vt 0.241148 0.989830
vt 0.241148 0.983718
vt 0.523792 0.989145
vt 0.520428 0.983717
vt 0.523792 0.985549
vt 0.899507 0.153398
vt 0.911239 0.156747
vt 0.897981 0.156747
vt 0.299205 0.670496
vt 0.650123 0.240371
vt 0.423748 0.985798
vt 0.420382 0.989122
vt 0.420382 0.983718
vt 0.349460 0.989044
vt 0.346106 0.983718
vt 0.349466 0.984818
vt 0.909583 0.441543
vt 0.897670 0.444895
vt 0.900077 0.441543
vt 0.650045 0.278181
vt 0.650055 0.261798
vt 0.226318 0.985065
vt 0.222951 0.989803
vt 0.222955 0.983718
vt 0.365824 0.985303
vt 0.369192 0.989703
vt 0.365831 0.989516
vt 0.475816 0.900624
vt 0.462795 0.903966
vt 0.465126 0.900617
vt 0.650050 0.285289
vt 0.447671 0.989154
vt 0.451036 0.983718
vt 0.451036 0.989558
vt 0.465854 0.985954
vt 0.469218 0.988773
vt 0.465854 0.989511
vt 0.906540 0.716135
vt 0.894399 0.719486
vt 0.896294 0.716135
vt 0.653521 0.317454
vt 0.650108 0.307270
vt 0.547710 0.989017
vt 0.551080 0.983717
vt 0.551080 0.988423
vt 0.496500 0.989203
vt 0.493135 0.983718
vt 0.496500 0.985278
vt 0.900059 0.467883
vt 0.910594 0.471236
vt 0.898882 0.471236
vt 0.907003 0.391326
vt 0.895760 0.394679
vt 0.897394 0.391326
vt 0.681652 0.295523
vt 0.681611 0.311119
vt 0.460123 0.985915
vt 0.456766 0.988887
vt 0.456766 0.983718
vt 0.205595 0.988760
vt 0.202233 0.983718
vt 0.205595 0.984460
vt 0.295862 0.905975
vt 0.283266 0.909327
vt 0.285685 0.905975
vt 0.454820 0.897914
vt 0.447773 0.897940
vt 0.681650 0.272021
vt 0.681659 0.288431
vt 0.318483 0.985232
vt 0.315125 0.989742
vt 0.315129 0.983718
vt 0.411287 0.985600
vt 0.414651 0.989430
vt 0.411287 0.989620
vt 0.497839 0.910991
vt 0.496120 0.925544
vt 0.496120 0.909095
vt 0.481157 0.924389
vt 0.479438 0.909836
vt 0.481157 0.911732
vt 0.923603 0.666542
vt 0.921884 0.651988
vt 0.923603 0.653885
vt 0.420561 0.922610
vt 0.418842 0.908057
vt 0.420561 0.909953
vt 0.715361 0.909988
vt 0.713643 0.924541
vt 0.713643 0.908091
vt 0.548069 0.923279
vt 0.546350 0.908726
vt 0.548069 0.910622
vt 0.923812 0.253010
vt 0.922093 0.238456
vt 0.923812 0.240353
vt 0.464514 0.924260
vt 0.462795 0.909707
vt 0.464514 0.911603
vt 0.267556 0.922807
vt 0.269274 0.908253
vt 0.269274 0.924703
vt 0.916314 0.923111
vt 0.918033 0.908557
vt 0.918033 0.925007
vt 0.232652 0.909845
vt 0.234371 0.924399
vt 0.232652 0.922502
vt 0.572592 0.910738
vt 0.574311 0.925292
vt 0.572592 0.923395
vt 0.517632 0.923790
vt 0.519351 0.909236
vt 0.519351 0.925686
vt 0.926158 0.689505
vt 0.927877 0.674952
vt 0.927877 0.691401
vt 0.681171 0.909813
vt 0.682890 0.924367
vt 0.681171 0.922470
vt 0.529446 0.911393
vt 0.531165 0.925946
vt 0.529446 0.924050
vt 0.500484 0.911251
vt 0.502203 0.924945
vt 0.500484 0.923387
vt 0.483802 0.924128
vt 0.485521 0.910435
vt 0.485521 0.925686
vt 0.926249 0.666281
vt 0.927967 0.652587
vt 0.927967 0.667839
vt 0.423206 0.922350
vt 0.424925 0.908656
vt 0.424925 0.923907
vt 0.718007 0.910248
vt 0.719726 0.923942
vt 0.718007 0.922384
vt 0.550715 0.910883
vt 0.552433 0.924576
vt 0.550715 0.923018
vt 0.926457 0.240613
vt 0.928176 0.254307
vt 0.926457 0.252749
vt 0.467159 0.911864
vt 0.468878 0.925557
vt 0.467159 0.923999
vt 0.264910 0.922546
vt 0.263191 0.908853
vt 0.264910 0.910410
vt 0.913669 0.922850
vt 0.911950 0.909157
vt 0.913669 0.910714
vt 0.230007 0.922242
vt 0.228288 0.908548
vt 0.230007 0.910106
vt 0.569946 0.923135
vt 0.568228 0.909441
vt 0.569946 0.910999
vt 0.514987 0.923529
vt 0.513268 0.909835
vt 0.514987 0.911393
vt 0.923513 0.689245
vt 0.921794 0.675551
vt 0.923513 0.677109
vt 0.678526 0.922210
vt 0.676807 0.908516
vt 0.678526 0.910074
vt 0.526800 0.911653
vt 0.525082 0.925347
vt 0.525082 0.910095
vt 0.502203 0.909694
vt 0.497839 0.923648
vt 0.479438 0.926285
vt 0.483802 0.911993
vt 0.921884 0.668438
vt 0.926249 0.654145
vt 0.418842 0.924507
vt 0.423206 0.910214
vt 0.715361 0.922645
vt 0.719726 0.908691
vt 0.546350 0.925175
vt 0.552433 0.909325
vt 0.922093 0.254906
vt 0.928176 0.239055
vt 0.462795 0.926156
vt 0.468878 0.910306
vt 0.267556 0.910150
vt 0.263191 0.924104
vt 0.916314 0.910454
vt 0.911950 0.924408
vt 0.234371 0.907949
vt 0.228288 0.923800
vt 0.574311 0.908842
vt 0.568228 0.924692
vt 0.517632 0.911133
vt 0.513268 0.925087
vt 0.926158 0.676848
vt 0.921794 0.690802
vt 0.682890 0.907917
vt 0.676807 0.923768
vt 0.531165 0.909496
vt 0.526800 0.923789
vt 0.997134 0.010815
vt 0.994476 0.013034
vt 0.994476 0.010815
vt 0.296886 0.967238
vt 0.299104 0.976810
vt 0.296886 0.976817
vt 0.953296 0.182778
vt 0.951056 0.170376
vt 0.953275 0.170376
vt 0.996739 0.524502
vt 0.994476 0.526721
vt 0.994487 0.524502
vt 0.951680 0.716408
vt 0.953885 0.728110
vt 0.951666 0.728110
vt 0.155805 0.977731
vt 0.153586 0.967230
vt 0.155805 0.967243
vt 0.996909 0.232031
vt 0.994476 0.234250
vt 0.994481 0.232031
vt 0.997022 0.098278
vt 0.994476 0.100497
vt 0.994482 0.098278
vt 0.267952 0.967238
vt 0.270171 0.977221
vt 0.267952 0.977228
vt 0.851594 0.459846
vt 0.853812 0.459853
vt 0.997079 0.066475
vt 0.994476 0.068697
vt 0.994476 0.066478
vt 0.951098 0.220500
vt 0.953303 0.232704
vt 0.951084 0.232704
vt 0.994487 0.542619
vt 0.996698 0.540401
vt 0.996709 0.542619
vt 0.996706 0.550548
vt 0.994476 0.548350
vt 0.996695 0.548350
vt 0.839936 0.952934
vt 0.837711 0.940375
vt 0.839930 0.940375
vt 0.994486 0.510822
vt 0.996827 0.508603
vt 0.996837 0.510822
vt 0.996709 0.566120
vt 0.994476 0.564073
vt 0.996695 0.564073
vt 0.977761 0.835604
vt 0.966753 0.837823
vt 0.966758 0.835604
vt 0.994476 0.060740
vt 0.997088 0.058525
vt 0.997088 0.060744
vt 0.994484 0.226300
vt 0.996902 0.224082
vt 0.996910 0.226300
vt 0.966761 0.796521
vt 0.977963 0.794302
vt 0.977971 0.796521
vt 0.994476 0.028933
vt 0.997123 0.026717
vt 0.997123 0.028935
vt 0.994482 0.534670
vt 0.996725 0.532451
vt 0.996731 0.534670
vt 0.950241 0.477410
vt 0.952451 0.490015
vt 0.950233 0.490015
vt 0.994476 0.020983
vt 0.997133 0.018765
vt 0.997133 0.020984
vt 0.937063 0.779460
vt 0.934844 0.767372
vt 0.937063 0.767377
vt 0.994476 0.052789
vt 0.997096 0.050572
vt 0.997096 0.052791
vt 0.284638 0.976963
vt 0.282419 0.967230
vt 0.284638 0.967243
vt 0.996967 0.149254
vt 0.994477 0.151472
vt 0.994483 0.149254
vt 0.765818 0.941620
vt 0.768037 0.953615
vt 0.765818 0.953620
vt 0.997069 0.082377
vt 0.994476 0.084598
vt 0.994476 0.082380
vt 0.861955 0.471612
vt 0.859729 0.458985
vt 0.861948 0.458985
vt 0.996709 0.581685
vt 0.994477 0.579752
vt 0.996695 0.579752
vt 0.760087 0.953656
vt 0.757862 0.941614
vt 0.760081 0.941614
vt 0.996702 0.574021
vt 0.994476 0.571850
vt 0.996695 0.571850
vt 0.132518 0.977785
vt 0.130299 0.967230
vt 0.132518 0.967236
vt 0.996695 0.558342
vt 0.994490 0.556279
vt 0.996709 0.556279
vt 0.090356 0.967238
vt 0.092574 0.977979
vt 0.090356 0.977987
vt 0.994483 0.181720
vt 0.996940 0.179502
vt 0.996947 0.181720
vt 0.787818 0.941570
vt 0.790028 0.953657
vt 0.787810 0.953657
vt 0.994482 0.092548
vt 0.997024 0.090329
vt 0.997029 0.092548
vt 0.202336 0.961352
vt 0.200118 0.949762
vt 0.202336 0.949767
vt 0.997135 0.002865
vt 0.994476 0.005084
vt 0.994476 0.002866
vt 0.325196 0.976563
vt 0.322977 0.967230
vt 0.325196 0.967243
vt 0.997121 0.034666
vt 0.994476 0.036887
vt 0.994476 0.034668
vt 0.935838 0.806890
vt 0.938057 0.818390
vt 0.935838 0.818396
vt 0.996931 0.201793
vt 0.994476 0.204011
vt 0.994483 0.201793
vt 0.782079 0.953677
vt 0.779854 0.941571
vt 0.782072 0.941571
vt 0.966758 0.558590
vt 0.978031 0.555097
vt 0.978036 0.558590
vt 0.858834 0.988498
vt 0.855154 0.983718
vt 0.858834 0.983718
vt 0.600653 0.899065
vt 0.611967 0.896513
vt 0.611931 0.899127
vt 0.943530 0.988498
vt 0.939850 0.983718
vt 0.943530 0.983718
vt 0.978031 0.702136
vt 0.966770 0.705047
vt 0.966753 0.702136
vt 0.689442 0.988498
vt 0.685762 0.983717
vt 0.689442 0.983717
vt 0.978047 0.710778
vt 0.966753 0.713641
vt 0.966769 0.710778
vt 0.717674 0.988498
vt 0.713994 0.983718
vt 0.717674 0.983718
vt 0.966753 0.333847
vt 0.978032 0.330177
vt 0.978031 0.333847
vt 0.868245 0.988498
vt 0.864565 0.983718
vt 0.868245 0.983718
vt 0.966770 0.696405
vt 0.978031 0.693494
vt 0.978048 0.696405
vt 0.962352 0.988498
vt 0.958672 0.983718
vt 0.962352 0.983718
vt 0.978030 0.314068
vt 0.966760 0.317618
vt 0.966753 0.314068
vt 0.698853 0.988498
vt 0.695173 0.983718
vt 0.698853 0.983718
vt 0.978031 0.564320
vt 0.966758 0.567813
vt 0.966753 0.564320
vt 0.755317 0.988498
vt 0.751637 0.983717
vt 0.755317 0.983717
vt 0.966753 0.900919
vt 0.977486 0.897848
vt 0.977486 0.900919
vt 0.918059 0.391327
vt 0.915145 0.374100
vt 0.918059 0.374096
vt 0.917978 0.557824
vt 0.920367 0.575068
vt 0.917978 0.575054
vt 0.241318 0.654133
vt 0.252445 0.653215
vt 0.251846 0.656227
vt 0.014738 0.977964
vt 0.011667 0.967230
vt 0.014738 0.967230
vt 0.046875 0.967230
vt 0.049946 0.977964
vt 0.046875 0.977964
vt 0.916908 0.424328
vt 0.919338 0.441543
vt 0.916908 0.441558
vt 0.917353 0.645114
vt 0.914510 0.627874
vt 0.917353 0.627884
vt 0.261762 0.660334
vt 0.272393 0.663744
vt 0.270687 0.666298
vt 0.038073 0.967230
vt 0.041144 0.977964
vt 0.038073 0.977964
vt 0.897771 0.450626
vt 0.900160 0.450653
vt 0.914510 0.604907
vt 0.917456 0.622144
vt 0.914510 0.622137
vt 0.278276 0.673887
vt 0.286793 0.681106
vt 0.284240 0.682812
vt 0.020469 0.967230
vt 0.023540 0.977964
vt 0.020469 0.977964
vt 0.918222 0.068493
vt 0.915526 0.051273
vt 0.918222 0.051263
vt 0.913695 0.824190
vt 0.916766 0.841420
vt 0.913695 0.841420
vt 0.290441 0.703256
vt 0.291359 0.692129
vt 0.293453 0.702657
vt 0.977486 0.918523
vt 0.966753 0.915452
vt 0.977486 0.915452
vt 0.917978 0.580799
vt 0.920160 0.598047
vt 0.917978 0.598029
vt 0.917315 0.342986
vt 0.914244 0.325756
vt 0.917315 0.325756
vt 0.288347 0.724516
vt 0.293453 0.714588
vt 0.291359 0.725116
vt 0.251846 0.761018
vt 0.241917 0.766124
vt 0.241318 0.763112
vt 0.064478 0.967230
vt 0.067550 0.977964
vt 0.064478 0.977964
vt 0.914689 0.721885
vt 0.917520 0.739106
vt 0.914689 0.739115
vt 0.917190 0.365954
vt 0.914244 0.348717
vt 0.917190 0.348723
vt 0.284240 0.734433
vt 0.280830 0.745064
vt 0.278276 0.743357
vt 0.230585 0.763112
vt 0.219458 0.764030
vt 0.220057 0.761018
vt 0.966753 0.953731
vt 0.977486 0.950660
vt 0.977486 0.953731
vt 0.912652 0.283287
vt 0.915706 0.300515
vt 0.912652 0.300517
vt 0.445199 0.880684
vt 0.447864 0.880710
vt 0.261762 0.756910
vt 0.272393 0.753501
vt 0.263468 0.759464
vt 0.210141 0.756910
vt 0.199510 0.753501
vt 0.201216 0.750947
vt 0.032342 0.967230
vt 0.029271 0.977964
vt 0.029271 0.967230
vt 0.914645 0.745697
vt 0.917489 0.762936
vt 0.914645 0.762927
vt 0.915817 0.785208
vt 0.918483 0.802450
vt 0.915817 0.802438
vt 0.917520 0.716135
vt 0.914689 0.698915
vt 0.917520 0.698905
vt 0.921078 0.020096
vt 0.918917 0.002883
vt 0.921078 0.002865
vt 0.187663 0.734433
vt 0.191073 0.745064
vt 0.185110 0.736139
vt 0.966753 0.924254
vt 0.977486 0.927325
vt 0.966753 0.927325
vt 0.206333 0.891426
vt 0.189133 0.893680
vt 0.916362 0.255686
vt 0.913399 0.238463
vt 0.916362 0.238456
vt 0.916154 0.669219
vt 0.913100 0.651991
vt 0.916154 0.651988
vt 0.916325 0.450626
vt 0.919070 0.467862
vt 0.916325 0.467856
vt 0.181462 0.713989
vt 0.180544 0.725116
vt 0.178450 0.714588
vt 0.058748 0.977964
vt 0.055677 0.967230
vt 0.058748 0.967230
vt 0.915234 0.516697
vt 0.917931 0.533917
vt 0.915234 0.533927
vt 0.308460 0.918749
vt 0.305715 0.901512
vt 0.308460 0.901518
vt 0.915211 0.417643
vt 0.912164 0.400409
vt 0.915211 0.400412
vt 0.086122 0.909514
vt 0.079985 0.912528
vt 0.082340 0.909537
vt 0.192094 0.899176
vt 0.192103 0.895779
vt 0.067073 0.909509
vt 0.074254 0.912510
vt 0.064318 0.912476
vt 0.039584 0.909500
vt 0.031827 0.912477
vt 0.034803 0.909500
vt 0.787006 0.911155
vt 0.779854 0.914156
vt 0.782598 0.911171
vt 0.611922 0.895764
vt 0.614913 0.901238
vt 0.345928 0.918146
vt 0.338994 0.921108
vt 0.341654 0.918137
vt 0.012485 0.909501
vt 0.020222 0.912480
vt 0.009517 0.912477
vt 0.765997 0.911220
vt 0.773358 0.914186
vt 0.763172 0.914200
vt 0.917985 0.899837
vt 0.911950 0.902779
vt 0.914266 0.899816
vt 0.051146 0.909506
vt 0.058587 0.912498
vt 0.048291 0.912476
vt 0.903474 0.414666
vt 0.895760 0.417648
vt 0.898720 0.414669
vt 0.914801 0.091976
vt 0.907990 0.094979
vt 0.910603 0.091992
vt 0.407448 0.918160
vt 0.400716 0.921106
vt 0.403299 0.918142
vt 0.798800 0.160835
vt 0.791106 0.163803
vt 0.794058 0.160830
vt 0.102388 0.909462
vt 0.094903 0.912454
vt 0.097775 0.909471
vt 0.086122 0.898237
vt 0.079985 0.895297
vt 0.088476 0.895246
vt 0.203381 0.895718
vt 0.206342 0.901214
vt 0.203371 0.899115
vt 0.067073 0.898232
vt 0.074254 0.895280
vt 0.071499 0.898247
vt 0.034803 0.898223
vt 0.042560 0.895246
vt 0.039584 0.898223
vt 0.782598 0.899893
vt 0.789750 0.896892
vt 0.787006 0.899878
vt 0.600644 0.895701
vt 0.597683 0.901142
vt 0.341654 0.906859
vt 0.348589 0.903897
vt 0.345928 0.906868
vt 0.012485 0.898224
vt 0.020222 0.895250
vt 0.017254 0.898225
vt 0.765997 0.899942
vt 0.773358 0.896955
vt 0.770534 0.899936
vt 0.917985 0.888559
vt 0.911950 0.885549
vt 0.920301 0.885596
vt 0.051146 0.898228
vt 0.058587 0.895268
vt 0.055732 0.898238
vt 0.898720 0.403391
vt 0.906434 0.400409
vt 0.903474 0.403388
vt 0.914801 0.080699
vt 0.907990 0.077748
vt 0.917415 0.077712
vt 0.403299 0.906864
vt 0.410031 0.903918
vt 0.407448 0.906882
vt 0.798800 0.149557
vt 0.791106 0.146573
vt 0.801753 0.146584
vt 0.097775 0.898194
vt 0.105260 0.895202
vt 0.102388 0.898184
vt 0.914266 0.888538
vt 0.920301 0.902827
vt 0.042560 0.912476
vt 0.064318 0.895246
vt 0.055732 0.909516
vt 0.031827 0.895247
vt 0.048291 0.895246
vt 0.789750 0.914122
vt 0.906434 0.417640
vt 0.779854 0.896926
vt 0.895760 0.400417
vt 0.614892 0.893686
vt 0.917415 0.094943
vt 0.910603 0.080715
vt 0.348589 0.921128
vt 0.410031 0.921148
vt 0.338994 0.903877
vt 0.088476 0.912476
vt 0.094903 0.895224
vt 0.400716 0.903876
vt 0.017254 0.909503
vt 0.082340 0.898260
vt 0.801753 0.163814
vt 0.009517 0.895246
vt 0.189112 0.901308
vt 0.794058 0.149552
vt 0.770534 0.911214
vt 0.206362 0.893586
vt 0.105260 0.912432
vt 0.763172 0.896970
vt 0.071499 0.909524
vt 0.523534 0.976109
vt 0.521959 0.967240
vt 0.523534 0.967230
vt 0.996859 0.300102
vt 0.994477 0.302094
vt 0.994477 0.300102
vt 0.538121 0.976118
vt 0.536571 0.967230
vt 0.538121 0.967239
vt 0.994476 0.323269
vt 0.996859 0.325261
vt 0.994476 0.325261
vt 0.393092 0.967230
vt 0.395078 0.976110
vt 0.393092 0.976109
vt 0.996859 0.408214
vt 0.994477 0.410206
vt 0.994477 0.408214
vt 0.529265 0.967240
vt 0.530840 0.976109
vt 0.529265 0.976119
vt 0.996859 0.469992
vt 0.994476 0.471984
vt 0.994476 0.469992
vt 0.379644 0.976109
vt 0.377722 0.967234
vt 0.379644 0.967230
vt 0.994476 0.261491
vt 0.996858 0.263483
vt 0.994476 0.263483
vt 0.463708 0.976110
vt 0.461818 0.967233
vt 0.463708 0.967230
vt 0.996859 0.369603
vt 0.994477 0.371594
vt 0.994477 0.369603
vt 0.506937 0.967230
vt 0.508717 0.976113
vt 0.506937 0.976109
vt 0.996859 0.415936
vt 0.994477 0.417928
vt 0.994477 0.415936
vt 0.370069 0.967234
vt 0.371991 0.976109
vt 0.370069 0.976113
vt 0.516228 0.976113
vt 0.514448 0.967230
vt 0.516228 0.967234
vt 0.840013 0.988498
vt 0.836333 0.983718
vt 0.840013 0.983718
vt 0.978038 0.407724
vt 0.966753 0.411254
vt 0.966760 0.407724
vt 0.764727 0.988498
vt 0.761048 0.983717
vt 0.764727 0.983717
vt 0.978052 0.771493
vt 0.966753 0.774108
vt 0.966774 0.771493
vt 0.821191 0.988498
vt 0.817512 0.983717
vt 0.821191 0.983717
vt 0.966753 0.495757
vt 0.978042 0.492350
vt 0.978031 0.495757
vt 0.792959 0.988498
vt 0.789280 0.983718
vt 0.792959 0.983718
vt 0.978030 0.517229
vt 0.966765 0.520621
vt 0.966753 0.517229
vt 0.911618 0.988498
vt 0.915298 0.983718
vt 0.915298 0.988498
vt 0.966756 0.252636
vt 0.978031 0.248977
vt 0.978033 0.252636
vt 0.770458 0.983718
vt 0.774138 0.988498
vt 0.770458 0.988498
vt 0.966753 0.722235
vt 0.978047 0.719372
vt 0.978031 0.722235
vt 0.949261 0.983718
vt 0.952941 0.988498
vt 0.949261 0.988498
vt 0.723405 0.983717
vt 0.727085 0.988498
vt 0.723405 0.988498
vt 0.978031 0.239587
vt 0.966756 0.243246
vt 0.966753 0.239587
vt 0.798690 0.988498
vt 0.802370 0.983718
vt 0.802370 0.988498
vt 0.676351 0.988498
vt 0.680031 0.983717
vt 0.680031 0.988498
vt 0.966765 0.628627
vt 0.978031 0.625396
vt 0.978043 0.628627
vt 0.732816 0.983718
vt 0.736495 0.988498
vt 0.732816 0.988498
vt 0.921029 0.988498
vt 0.924709 0.983718
vt 0.924709 0.988498
vt 0.978042 0.501488
vt 0.966753 0.504895
vt 0.966764 0.501488
vt 0.704583 0.983718
vt 0.708263 0.988498
vt 0.704583 0.988498
vt 0.873976 0.983718
vt 0.877656 0.988498
vt 0.873976 0.988498
vt 0.966753 0.401993
vt 0.978031 0.398313
vt 0.978031 0.401993
vt 0.968082 0.988498
vt 0.971762 0.983718
vt 0.971762 0.988498
vt 0.845744 0.983717
vt 0.849423 0.988498
vt 0.845744 0.988498
vt 0.203336 0.896526
vt 0.883386 0.983718
vt 0.887066 0.988498
vt 0.883386 0.988498
vt 0.742226 0.983718
vt 0.745906 0.988498
vt 0.742226 0.988498
vt 0.966753 0.420514
vt 0.978038 0.416984
vt 0.978031 0.420514
vt 0.966774 0.788572
vt 0.978031 0.785982
vt 0.978052 0.788572
vt 0.826922 0.988498
vt 0.830602 0.983718
vt 0.830602 0.988498
vt 0.978031 0.634358
vt 0.966765 0.637589
vt 0.966753 0.634358
vt 0.978045 0.652245
vt 0.966753 0.655438
vt 0.966767 0.652245
vt 0.808101 0.983718
vt 0.811781 0.988498
vt 0.808101 0.988498
vt 0.966753 0.646514
vt 0.978045 0.643320
vt 0.978030 0.646514
vt 0.978032 0.339578
vt 0.966753 0.343248
vt 0.966754 0.339578
vt 0.905888 0.988498
vt 0.902208 0.983718
vt 0.905888 0.983718
vt 0.978031 0.388902
vt 0.966753 0.392582
vt 0.966753 0.388902
vt 0.966753 0.233856
vt 0.978034 0.230206
vt 0.978031 0.233856
vt 0.783549 0.988498
vt 0.779869 0.983717
vt 0.783549 0.983717
vt 0.966765 0.529745
vt 0.978030 0.526352
vt 0.978042 0.529745
vt 0.978034 0.220825
vt 0.966753 0.224475
vt 0.966756 0.220825
vt 0.934120 0.983718
vt 0.930440 0.988498
vt 0.930440 0.983718
vt 0.978038 0.669118
vt 0.966753 0.672408
vt 0.966760 0.669118
vt 0.966760 0.308337
vt 0.978030 0.304786
vt 0.978038 0.308337
vt 0.896477 0.988498
vt 0.892797 0.983718
vt 0.896477 0.983718
vt 0.966753 0.681429
vt 0.978038 0.678139
vt 0.978031 0.681429
vt 0.976837 0.181331
vt 0.978053 0.184164
vt 0.976848 0.183216
vt 0.193260 0.895729
vt 0.192067 0.893190
vt 0.193264 0.894036
vt 0.976835 0.085825
vt 0.978045 0.082510
vt 0.978030 0.086936
vt 0.976831 0.043361
vt 0.978031 0.046943
vt 0.976831 0.045743
vt 0.976835 0.093772
vt 0.978046 0.097074
vt 0.976843 0.095968
vt 0.610765 0.895662
vt 0.611957 0.893149
vt 0.976838 0.141750
vt 0.978031 0.144952
vt 0.976834 0.143879
vt 0.976833 0.032859
vt 0.978031 0.036431
vt 0.976832 0.035235
vt 0.976833 0.103943
vt 0.978037 0.107342
vt 0.976836 0.106204
vt 0.976837 0.200039
vt 0.978052 0.197253
vt 0.978031 0.200973
vt 0.976834 0.067733
vt 0.978040 0.064298
vt 0.978031 0.068884
vt 0.976832 0.004058
vt 0.978034 0.007619
vt 0.976834 0.006427
vt 0.976835 0.121922
vt 0.978047 0.125067
vt 0.976843 0.124014
vt 0.976845 0.131839
vt 0.978031 0.134947
vt 0.976836 0.133906
vt 0.217249 0.960179
vt 0.213696 0.961375
vt 0.214886 0.960176
vt 0.976834 0.022476
vt 0.978040 0.025932
vt 0.976839 0.024774
vt 0.967969 0.183216
vt 0.966753 0.180382
vt 0.967958 0.181331
vt 0.202143 0.893988
vt 0.202139 0.895680
vt 0.967956 0.085825
vt 0.966768 0.082510
vt 0.967963 0.083620
vt 0.967952 0.045743
vt 0.966753 0.042162
vt 0.967952 0.043361
vt 0.967964 0.095968
vt 0.966753 0.092666
vt 0.967956 0.093772
vt 0.601886 0.895613
vt 0.600680 0.893086
vt 0.601882 0.893937
vt 0.967954 0.143879
vt 0.966762 0.140678
vt 0.967959 0.141750
vt 0.967953 0.032859
vt 0.966753 0.036431
vt 0.966754 0.031663
vt 0.967954 0.103943
vt 0.966759 0.107342
vt 0.966753 0.102805
vt 0.967957 0.200039
vt 0.966774 0.197253
vt 0.967968 0.198186
vt 0.967955 0.067733
vt 0.966762 0.064298
vt 0.967959 0.065448
vt 0.967953 0.004058
vt 0.966756 0.007619
vt 0.966753 0.002865
vt 0.967964 0.124014
vt 0.966753 0.120869
vt 0.967956 0.121922
vt 0.967957 0.133906
vt 0.966771 0.130798
vt 0.967966 0.131839
vt 0.214886 0.951297
vt 0.218438 0.950102
vt 0.217249 0.951300
vt 0.967959 0.024774
vt 0.966753 0.021319
vt 0.967955 0.022476
vt 0.966753 0.200973
vt 0.976847 0.198186
vt 0.978030 0.042162
vt 0.966753 0.086936
vt 0.976838 0.065448
vt 0.966753 0.046943
vt 0.966753 0.068884
vt 0.978030 0.092666
vt 0.978031 0.002865
vt 0.966768 0.097074
vt 0.967955 0.006427
vt 0.610760 0.893986
vt 0.978031 0.120869
vt 0.600689 0.896450
vt 0.966769 0.125067
vt 0.978040 0.140678
vt 0.978049 0.130798
vt 0.966753 0.144952
vt 0.978031 0.180382
vt 0.966763 0.025932
vt 0.966753 0.134947
vt 0.978032 0.031663
vt 0.966776 0.184164
vt 0.218438 0.961379
vt 0.967953 0.035235
vt 0.192058 0.896588
vt 0.213696 0.950097
vt 0.978031 0.102805
vt 0.203345 0.893129
vt 0.978031 0.021319
vt 0.967957 0.106204
vt 0.976842 0.083620
vt 0.996859 0.477714
vt 0.994476 0.479706
vt 0.994476 0.477714
vt 0.610784 0.894247
vt 0.996859 0.423659
vt 0.994476 0.425650
vt 0.994476 0.423659
vt 0.469438 0.967233
vt 0.471328 0.976110
vt 0.469438 0.976112
vt 0.994476 0.377325
vt 0.996859 0.379317
vt 0.994476 0.379317
vt 0.418163 0.976113
vt 0.416253 0.967230
vt 0.418163 0.967234
vt 0.994476 0.338714
vt 0.996859 0.340705
vt 0.994476 0.340705
vt 0.552547 0.976121
vt 0.551132 0.967230
vt 0.552547 0.967242
vt 0.994476 0.346436
vt 0.996859 0.348427
vt 0.994476 0.348427
vt 0.439110 0.967230
vt 0.440953 0.976116
vt 0.439110 0.976109
vt 0.996859 0.361881
vt 0.994476 0.363872
vt 0.994476 0.361881
vt 0.456087 0.976109
vt 0.454251 0.967237
vt 0.456087 0.967230
vt 0.996858 0.464261
vt 0.994476 0.462270
vt 0.996858 0.462270
vt 0.362358 0.967232
vt 0.364339 0.976109
vt 0.362358 0.976111
vt 0.996859 0.278927
vt 0.994476 0.276936
vt 0.996859 0.276936
vt 0.543851 0.967230
vt 0.545401 0.976118
vt 0.543851 0.976109
vt 0.994476 0.502873
vt 0.996858 0.500881
vt 0.996858 0.502873
vt 0.994477 0.294372
vt 0.996859 0.292380
vt 0.996859 0.294372
vt 0.356628 0.976109
vt 0.354647 0.967232
vt 0.356628 0.967230
vt 0.994477 0.433372
vt 0.996859 0.431381
vt 0.996859 0.433372
vt 0.996858 0.309816
vt 0.994476 0.307825
vt 0.996858 0.307825
vt 0.484539 0.967237
vt 0.486288 0.976109
vt 0.484539 0.976116
vt 0.996859 0.317538
vt 0.994476 0.315547
vt 0.996859 0.315547
vt 0.994476 0.402483
vt 0.996859 0.400492
vt 0.996859 0.402483
vt 0.433379 0.976115
vt 0.431535 0.967230
vt 0.433379 0.967236
vt 0.994476 0.271205
vt 0.996859 0.269213
vt 0.996859 0.271205
vt 0.994476 0.441095
vt 0.996859 0.439103
vt 0.996859 0.441095
vt 0.400809 0.967230
vt 0.402800 0.976109
vt 0.400809 0.976109
vt 0.996859 0.487428
vt 0.994476 0.485436
vt 0.996859 0.485436
vt 0.994476 0.387039
vt 0.996859 0.385047
vt 0.996859 0.387039
vt 0.202119 0.894279
vt 0.994477 0.448817
vt 0.996859 0.446825
vt 0.996859 0.448817
vt 0.994476 0.286649
vt 0.996859 0.284658
vt 0.996859 0.286649
vt 0.423894 0.967230
vt 0.425804 0.976113
vt 0.423894 0.976109
vt 0.558278 0.967242
vt 0.559679 0.976109
vt 0.558278 0.976121
vt 0.994476 0.332983
vt 0.996859 0.330992
vt 0.996859 0.332983
vt 0.478808 0.976109
vt 0.477059 0.967237
vt 0.478808 0.967230
vt 0.501206 0.976117
vt 0.499477 0.967230
vt 0.501206 0.967238
vt 0.994477 0.394761
vt 0.996859 0.392769
vt 0.996859 0.394761
vt 0.492018 0.967230
vt 0.493747 0.976117
vt 0.492018 0.976109
vt 0.387361 0.976110
vt 0.385374 0.967230
vt 0.387361 0.967231
vt 0.996859 0.493159
vt 0.994477 0.495150
vt 0.994477 0.493159
vt 0.410522 0.976109
vt 0.408531 0.967230
vt 0.410522 0.967230
vt 0.339235 0.967230
vt 0.341210 0.976111
vt 0.339235 0.976109
vt 0.996859 0.354158
vt 0.994476 0.356150
vt 0.994476 0.354158
vt 0.446684 0.967237
vt 0.448520 0.976109
vt 0.446684 0.976116
vt 0.348917 0.976111
vt 0.346941 0.967230
vt 0.348917 0.967232
vt 0.996859 0.454548
vt 0.994476 0.456539
vt 0.994476 0.454548
vt 0.905734 0.389902
vt 0.898675 0.389902
vt 0.453893 0.896493
vt 0.448716 0.896512
vt 0.190527 0.890324
vt 0.190527 0.883745
vt 0.557879 0.898213
vt 0.550138 0.898201
vt 0.499549 0.898582
vt 0.613498 0.890316
vt 0.614922 0.882609
vt 0.907717 0.801015
vt 0.901492 0.801015
vt 0.880968 0.903173
vt 0.873364 0.903164
vt 0.902453 0.901356
vt 0.894628 0.901360
vt 0.907604 0.151974
vt 0.900749 0.151974
vt 0.908316 0.440119
vt 0.901332 0.440119
vt 0.474398 0.899199
vt 0.466544 0.899194
vt 0.905184 0.714711
vt 0.897657 0.714711
vt 0.901161 0.466460
vt 0.908302 0.467883
vt 0.294508 0.904551
vt 0.287032 0.904551
vt 0.536560 0.898984
vt 0.528694 0.898988
vt 0.898731 0.375520
vt 0.907070 0.374096
vt 0.905790 0.375520
vt 0.448792 0.882130
vt 0.454912 0.880684
vt 0.453969 0.882111
vt 0.204909 0.883667
vt 0.204909 0.890246
vt 0.550138 0.883819
vt 0.559277 0.882409
vt 0.557879 0.883831
vt 0.499549 0.884200
vt 0.508670 0.882760
vt 0.507275 0.884187
vt 0.599116 0.890236
vt 0.597692 0.882513
vt 0.599116 0.883701
vt 0.901445 0.786632
vt 0.908788 0.785208
vt 0.907669 0.786632
vt 0.873364 0.888781
vt 0.882341 0.887368
vt 0.880968 0.888790
vt 0.894628 0.886978
vt 0.903866 0.885549
vt 0.902453 0.886974
vt 0.900784 0.137591
vt 0.908880 0.136167
vt 0.907638 0.137591
vt 0.901279 0.425737
vt 0.909519 0.424313
vt 0.908263 0.425737
vt 0.474398 0.884816
vt 0.465126 0.883386
vt 0.475816 0.883393
vt 0.897688 0.700329
vt 0.906578 0.698905
vt 0.905216 0.700329
vt 0.901245 0.452077
vt 0.908403 0.450653
vt 0.907301 0.452077
vt 0.286994 0.890169
vt 0.295817 0.888745
vt 0.294470 0.890169
vt 0.528694 0.884606
vt 0.537981 0.883177
vt 0.536560 0.884601
vt 0.899549 0.136167
vt 0.548740 0.882392
vt 0.900013 0.424313
vt 0.507275 0.898569
vt 0.498153 0.882778
vt 0.466544 0.884811
vt 0.613498 0.883781
vt 0.896332 0.698905
vt 0.908845 0.802439
vt 0.907217 0.466460
vt 0.900316 0.785208
vt 0.897461 0.374096
vt 0.871991 0.887356
vt 0.285640 0.888745
vt 0.903866 0.902779
vt 0.893215 0.885554
vt 0.527273 0.883182
vt 0.908838 0.153398
vt 0.206333 0.882472
vt 0.944502 0.491792
vt 0.943294 0.477416
vt 0.944502 0.477410
vt 0.633103 0.929871
vt 0.634486 0.944257
vt 0.633103 0.944253
vt 0.587852 0.975116
vt 0.586394 0.967230
vt 0.587852 0.967230
vt 0.749851 0.930155
vt 0.751002 0.944541
vt 0.749851 0.944537
vt 0.253175 0.944395
vt 0.251870 0.930018
vt 0.253175 0.930013
vt 0.774760 0.975116
vt 0.773302 0.967230
vt 0.774760 0.967230
vt 0.222239 0.944366
vt 0.220833 0.929982
vt 0.222239 0.929983
vt 0.731628 0.967230
vt 0.730170 0.975116
vt 0.730170 0.967230
vt 0.667390 0.929681
vt 0.668837 0.944063
vt 0.667390 0.944064
vt 0.789138 0.975116
vt 0.787680 0.967230
vt 0.789138 0.967230
vt 0.192932 0.929649
vt 0.194387 0.944031
vt 0.192932 0.944031
vt 0.595041 0.967230
vt 0.593583 0.975116
vt 0.593583 0.967230
vt 0.945192 0.340139
vt 0.944234 0.325765
vt 0.945192 0.325756
vt 0.695684 0.975116
vt 0.694226 0.967230
vt 0.695684 0.967230
vt 0.276452 0.944078
vt 0.275005 0.929696
vt 0.276452 0.929695
vt 0.702873 0.975116
vt 0.701415 0.967230
vt 0.702873 0.967230
vt 0.580259 0.930127
vt 0.581527 0.944507
vt 0.580259 0.944510
vt 0.803516 0.967230
vt 0.802058 0.975116
vt 0.802058 0.967230
vt 0.694780 0.930004
vt 0.696085 0.944381
vt 0.694780 0.944386
vt 0.652551 0.975116
vt 0.651093 0.967230
vt 0.652551 0.967230
vt 0.591853 0.944459
vt 0.590637 0.930070
vt 0.591853 0.930076
vt 0.738816 0.975116
vt 0.737358 0.967230
vt 0.738816 0.967230
vt 0.229556 0.944512
vt 0.228288 0.930133
vt 0.229556 0.930130
vt 0.746005 0.975116
vt 0.744547 0.967230
vt 0.746005 0.967230
vt 0.240102 0.930052
vt 0.241393 0.944439
vt 0.240102 0.944434
vt 0.659740 0.975116
vt 0.658282 0.967230
vt 0.659740 0.967230
vt 0.944109 0.348726
vt 0.945066 0.363100
vt 0.944109 0.363108
vt 0.767572 0.967230
vt 0.766114 0.975116
vt 0.766114 0.967230
vt 0.608006 0.943963
vt 0.606574 0.929579
vt 0.608006 0.929581
vt 0.710061 0.975116
vt 0.708603 0.967230
vt 0.710061 0.967230
vt 0.615842 0.929603
vt 0.617270 0.943983
vt 0.615842 0.943985
vt 0.629527 0.967230
vt 0.630985 0.975116
vt 0.629527 0.975116
vt 0.654754 0.944312
vt 0.653362 0.929932
vt 0.654754 0.929929
vt 0.636715 0.967230
vt 0.638173 0.975116
vt 0.636715 0.975116
vt 0.645729 0.944429
vt 0.644438 0.930042
vt 0.645729 0.930047
vt 0.607960 0.975116
vt 0.609418 0.967230
vt 0.609418 0.975116
vt 0.715792 0.967230
vt 0.717250 0.975116
vt 0.715792 0.975116
vt 0.185749 0.929648
vt 0.187202 0.944032
vt 0.185749 0.944031
vt 0.780491 0.967230
vt 0.781949 0.975116
vt 0.780491 0.975116
vt 0.809246 0.975116
vt 0.810704 0.967230
vt 0.810704 0.975116
vt 0.661604 0.944312
vt 0.660485 0.929936
vt 0.661604 0.929929
vt 0.751736 0.975116
vt 0.753194 0.967230
vt 0.753194 0.975116
vt 0.665470 0.967230
vt 0.666928 0.975116
vt 0.665470 0.975116
vt 0.676807 0.930097
vt 0.678023 0.944486
vt 0.676807 0.944480
vt 0.794869 0.967230
vt 0.796327 0.975116
vt 0.794869 0.975116
vt 0.722981 0.967230
vt 0.724439 0.975116
vt 0.722981 0.975116
vt 0.443399 0.944021
vt 0.441970 0.929641
vt 0.443399 0.929639
vt 0.600771 0.967230
vt 0.602229 0.975116
vt 0.600771 0.975116
vt 0.142492 0.984613
vt 0.143449 0.989951
vt 0.142492 0.989067
vt 0.288074 0.988680
vt 0.283352 0.989611
vt 0.284132 0.988659
vt 0.922060 0.968172
vt 0.921103 0.973821
vt 0.921103 0.967241
vt 0.879510 0.968174
vt 0.880474 0.973886
vt 0.879516 0.972943
vt 0.254123 0.988658
vt 0.249215 0.989639
vt 0.250026 0.988678
vt 0.873766 0.935986
vt 0.873728 0.939073
vt 0.173386 0.984585
vt 0.172429 0.989712
vt 0.172429 0.983743
vt 0.852270 0.972998
vt 0.851317 0.967230
vt 0.852273 0.968183
vt 0.960919 0.968157
vt 0.961877 0.973695
vt 0.960919 0.972778
vt 0.697386 0.307525
vt 0.698373 0.311986
vt 0.308585 0.988667
vt 0.303685 0.989611
vt 0.304495 0.988656
vt 0.887163 0.972940
vt 0.886210 0.967230
vt 0.887167 0.968174
vt 0.937665 0.968164
vt 0.938627 0.973814
vt 0.937669 0.972881
vt 0.324995 0.988669
vt 0.329727 0.989611
vt 0.324214 0.989628
vt 0.126888 0.989102
vt 0.125931 0.983734
vt 0.126888 0.984619
vt 0.821372 0.968187
vt 0.822329 0.973981
vt 0.821372 0.973024
vt 0.138512 0.989055
vt 0.137555 0.983717
vt 0.138512 0.984602
vt 0.288074 0.984701
vt 0.283352 0.983718
vt 0.288854 0.983748
vt 0.926039 0.968165
vt 0.926996 0.973810
vt 0.926039 0.972879
vt 0.875536 0.972943
vt 0.874572 0.967230
vt 0.875530 0.968174
vt 0.250026 0.984699
vt 0.254934 0.983718
vt 0.254123 0.984679
vt 0.869748 0.939063
vt 0.868837 0.935363
vt 0.869787 0.935977
vt 0.177366 0.988845
vt 0.178323 0.983717
vt 0.178323 0.989687
vt 0.856253 0.968183
vt 0.857206 0.973951
vt 0.856249 0.972998
vt 0.956940 0.972768
vt 0.955983 0.967230
vt 0.956940 0.968147
vt 0.692444 0.306789
vt 0.693406 0.307525
vt 0.304495 0.984677
vt 0.309394 0.983733
vt 0.308585 0.984688
vt 0.891146 0.968174
vt 0.892099 0.973883
vt 0.891143 0.972940
vt 0.933690 0.972881
vt 0.932727 0.967230
vt 0.933685 0.968164
vt 0.324995 0.984689
vt 0.329727 0.983717
vt 0.328945 0.984677
vt 0.130867 0.989090
vt 0.131824 0.983717
vt 0.131824 0.989975
vt 0.817393 0.973024
vt 0.816435 0.967230
vt 0.817392 0.968187
vt 0.328945 0.988657
vt 0.143449 0.983735
vt 0.177366 0.984568
vt 0.892104 0.967230
vt 0.886205 0.973883
vt 0.125931 0.989991
vt 0.288854 0.989642
vt 0.857211 0.967230
vt 0.932734 0.973814
vt 0.938621 0.967230
vt 0.822329 0.967230
vt 0.922060 0.972886
vt 0.955983 0.973680
vt 0.137555 0.989933
vt 0.324214 0.983734
vt 0.880466 0.967230
vt 0.692479 0.311986
vt 0.130867 0.984607
vt 0.284132 0.984679
vt 0.254934 0.989611
vt 0.303685 0.983717
vt 0.816436 0.973981
vt 0.926996 0.967230
vt 0.874731 0.935378
vt 0.874581 0.973886
vt 0.173386 0.988862
vt 0.249215 0.983746
vt 0.851312 0.973951
vt 0.961877 0.967245
vt 0.309394 0.989627
vt 0.987901 0.514150
vt 0.983909 0.510200
vt 0.987889 0.510200
vt 0.988375 0.344287
vt 0.983909 0.348267
vt 0.983921 0.344287
vt 0.988627 0.265051
vt 0.983909 0.269035
vt 0.983909 0.265055
vt 0.666641 0.983718
vt 0.670617 0.988484
vt 0.666637 0.988484
vt 0.983921 0.328848
vt 0.988392 0.324868
vt 0.988403 0.328848
vt 0.987889 0.504469
vt 0.983931 0.500528
vt 0.987911 0.500528
vt 0.641476 0.988554
vt 0.637496 0.983717
vt 0.641476 0.983717
vt 0.983916 0.259320
vt 0.988623 0.255340
vt 0.988631 0.259320
vt 0.660907 0.988486
vt 0.656921 0.983717
vt 0.660900 0.983717
vt 0.988026 0.439533
vt 0.983909 0.443513
vt 0.983929 0.439533
vt 0.873734 0.940423
vt 0.869792 0.937327
vt 0.873772 0.937337
vt 0.983927 0.357977
vt 0.988186 0.353998
vt 0.988203 0.357977
vt 0.647210 0.983718
vt 0.651186 0.988533
vt 0.647207 0.988533
vt 0.988540 0.274766
vt 0.983909 0.278745
vt 0.983919 0.274766
vt 0.693417 0.306406
vt 0.697397 0.306406
vt 0.983920 0.494797
vt 0.988000 0.490817
vt 0.988010 0.494797
vt 0.983909 0.655176
vt 0.987896 0.653625
vt 0.987889 0.655176
vt 0.988746 0.187978
vt 0.983909 0.189732
vt 0.983909 0.187978
vt 0.983909 0.023314
vt 0.988746 0.025068
vt 0.983909 0.025068
vt 0.983909 0.603607
vt 0.987890 0.601878
vt 0.987889 0.603607
vt 0.983909 0.060737
vt 0.988746 0.062491
vt 0.983909 0.062491
vt 0.988746 0.128100
vt 0.983909 0.129854
vt 0.983909 0.128100
vt 0.983909 0.633203
vt 0.987894 0.631577
vt 0.987889 0.633203
vt 0.983909 0.114884
vt 0.988746 0.113130
vt 0.988746 0.114884
vt 0.983909 0.195463
vt 0.988746 0.197216
vt 0.983909 0.197216
vt 0.988746 0.204701
vt 0.983909 0.202947
vt 0.988746 0.202947
vt 0.988746 0.075707
vt 0.983909 0.077461
vt 0.983909 0.075707
vt 0.983909 0.581203
vt 0.987889 0.579449
vt 0.987889 0.581203
vt 0.983909 0.137339
vt 0.988746 0.135585
vt 0.988746 0.137339
vt 0.988746 0.159793
vt 0.983909 0.158039
vt 0.988746 0.158039
vt 0.987893 0.704157
vt 0.983909 0.705640
vt 0.983913 0.704157
vt 0.988746 0.032552
vt 0.983909 0.030798
vt 0.988746 0.030798
vt 0.983909 0.242125
vt 0.988746 0.240371
vt 0.988746 0.242125
vt 0.983914 0.647894
vt 0.987889 0.646279
vt 0.987894 0.647894
vt 0.987897 0.689782
vt 0.983909 0.691212
vt 0.983917 0.689782
vt 0.988746 0.212186
vt 0.983909 0.210432
vt 0.988746 0.210432
vt 0.987890 0.594419
vt 0.983909 0.596147
vt 0.983911 0.594419
vt 0.987889 0.668188
vt 0.983917 0.669675
vt 0.983909 0.668188
vt 0.983909 0.122369
vt 0.988746 0.120615
vt 0.988746 0.122369
vt 0.983909 0.684051
vt 0.987897 0.682622
vt 0.987889 0.684051
vt 0.983909 0.551465
vt 0.987892 0.549755
vt 0.987889 0.551465
vt 0.988746 0.040037
vt 0.983909 0.038283
vt 0.988746 0.038283
vt 0.987889 0.616779
vt 0.983911 0.618490
vt 0.983909 0.616779
vt 0.983909 0.536547
vt 0.987890 0.534801
vt 0.987889 0.536547
vt 0.983909 0.219671
vt 0.988746 0.217917
vt 0.988746 0.219671
vt 0.987889 0.718452
vt 0.983914 0.719884
vt 0.983909 0.718452
vt 0.987889 0.586934
vt 0.983909 0.588688
vt 0.983909 0.586934
vt 0.988746 0.249609
vt 0.983909 0.247856
vt 0.988746 0.247856
vt 0.987894 0.624220
vt 0.983909 0.625846
vt 0.983914 0.624220
vt 0.987892 0.557195
vt 0.983909 0.558905
vt 0.983912 0.557195
vt 0.983909 0.084945
vt 0.988746 0.083191
vt 0.988746 0.084945
vt 0.987900 0.732778
vt 0.983909 0.733897
vt 0.983920 0.732778
vt 0.983909 0.165524
vt 0.988746 0.167278
vt 0.983909 0.167278
vt 0.983912 0.521610
vt 0.987889 0.519880
vt 0.987891 0.521610
vt 0.988746 0.143069
vt 0.983909 0.144823
vt 0.983909 0.143069
vt 0.983914 0.573718
vt 0.987889 0.572043
vt 0.987893 0.573718
vt 0.988746 0.150554
vt 0.983909 0.152308
vt 0.983909 0.150554
vt 0.987889 0.638933
vt 0.983914 0.640548
vt 0.983909 0.638933
vt 0.977678 0.972067
vt 0.975924 0.967230
vt 0.977678 0.967230
vt 0.987889 0.527341
vt 0.983912 0.529070
vt 0.983909 0.527341
vt 0.983909 0.047522
vt 0.988746 0.045768
vt 0.988746 0.047522
vt 0.987896 0.660907
vt 0.983909 0.662458
vt 0.983916 0.660907
vt 0.988746 0.055007
vt 0.983909 0.053253
vt 0.988746 0.053253
vt 0.748495 0.361278
vt 0.729591 0.384922
vt 0.729591 0.359416
vt 0.864980 0.521467
vt 0.846076 0.519605
vt 0.863529 0.243237
vt 0.844624 0.266881
vt 0.844624 0.241375
vt 0.091080 0.829624
vt 0.109984 0.853268
vt 0.091080 0.855130
vt 0.361030 0.642932
vt 0.344004 0.667963
vt 0.342038 0.642533
vt 0.371624 0.590213
vt 0.346315 0.606823
vt 0.354231 0.582576
vt 0.865006 0.056043
vt 0.846102 0.079688
vt 0.846102 0.054182
vt 0.063617 0.829624
vt 0.082521 0.853268
vt 0.063616 0.855130
vt 0.739902 0.199573
vt 0.758887 0.198926
vt 0.842019 0.196939
vt 0.860923 0.173295
vt 0.860923 0.198801
vt 0.840217 0.678551
vt 0.859121 0.654907
vt 0.859121 0.680413
vt 0.628125 0.840135
vt 0.609221 0.816491
vt 0.725367 0.156167
vt 0.747223 0.135222
vt 0.743860 0.160505
vt 0.143178 0.853268
vt 0.162083 0.829624
vt 0.162083 0.855130
vt 0.763172 0.855816
vt 0.134619 0.855130
vt 0.115715 0.831486
vt 0.134619 0.829624
vt 0.352448 0.578924
vt 0.676807 0.733027
vt 0.692486 0.721639
vt 0.137448 0.858049
vt 0.137448 0.826705
vt 0.364864 0.610920
vt 0.861983 0.773194
vt 0.864688 0.747838
vt 0.864688 0.770215
vt 0.841796 0.269800
vt 0.692456 0.700967
vt 0.396425 0.360014
vt 0.676853 0.582676
vt 0.676987 0.586553
vt 0.746279 0.163771
vt 0.638902 0.399322
vt 0.547647 0.551980
vt 0.547516 0.547932
vt 0.532202 0.414441
vt 0.532218 0.436101
vt 0.863751 0.201720
vt 0.863751 0.170376
vt 0.547776 0.349941
vt 0.532061 0.364536
vt 0.623191 0.484428
vt 0.859122 0.032257
vt 0.856796 0.005431
vt 0.859122 0.002865
vt 0.790635 0.859114
vt 0.792976 0.832320
vt 0.792976 0.856197
vt 0.843274 0.082606
vt 0.125772 0.889287
vt 0.122824 0.865739
vt 0.125772 0.863779
vt 0.396306 0.554381
vt 0.362709 0.664650
vt 0.638752 0.548846
vt 0.623026 0.533900
vt 0.638615 0.544908
vt 0.088252 0.826705
vt 0.088252 0.858049
vt 0.396643 0.406815
vt 0.164911 0.858049
vt 0.164911 0.826705
vt 0.638643 0.346467
vt 0.622934 0.363542
vt 0.547888 0.499833
vt 0.532154 0.489105
vt 0.547746 0.496234
vt 0.692439 0.668975
vt 0.692446 0.647249
vt 0.853620 0.355430
vt 0.855839 0.328440
vt 0.855839 0.352587
vt 0.861950 0.651988
vt 0.766255 0.551956
vt 0.763523 0.526767
vt 0.766255 0.524653
vt 0.412002 0.573069
vt 0.411874 0.569005
vt 0.060788 0.826705
vt 0.060788 0.858049
vt 0.862161 0.453254
vt 0.859729 0.426733
vt 0.862161 0.424313
vt 0.748495 0.383061
vt 0.623038 0.380774
vt 0.412320 0.373909
vt 0.396573 0.386733
vt 0.638952 0.491927
vt 0.638804 0.488673
vt 0.396696 0.438405
vt 0.396697 0.460187
vt 0.249201 0.752301
vt 0.240425 0.754047
vt 0.231478 0.754047
vt 0.222702 0.752301
vt 0.214435 0.748877
vt 0.206995 0.743906
vt 0.193627 0.743357
vt 0.200668 0.737579
vt 0.195697 0.730139
vt 0.183556 0.724516
vt 0.192273 0.721872
vt 0.190527 0.713096
vt 0.190527 0.704148
vt 0.192273 0.695373
vt 0.187663 0.682812
vt 0.195697 0.687106
vt 0.200668 0.679666
vt 0.206995 0.673339
vt 0.214435 0.668368
vt 0.222702 0.664944
vt 0.231478 0.663198
vt 0.240425 0.663198
vt 0.249201 0.664944
vt 0.257468 0.668368
vt 0.264908 0.673339
vt 0.271235 0.679666
vt 0.276206 0.687106
vt 0.279630 0.695373
vt 0.288347 0.692728
vt 0.281376 0.704148
vt 0.281376 0.713096
vt 0.290441 0.713989
vt 0.279630 0.721872
vt 0.276206 0.730139
vt 0.271235 0.737579
vt 0.264908 0.743906
vt 0.270687 0.750947
vt 0.257468 0.748877
vt 0.203929 0.907039
vt 0.207288 0.923587
vt 0.203929 0.923918
vt 0.624014 0.907261
vt 0.627373 0.923809
vt 0.624014 0.924140
vt 0.441970 0.907029
vt 0.445329 0.923577
vt 0.441970 0.923908
vt 0.667390 0.907071
vt 0.670749 0.923619
vt 0.667390 0.923950
vt 0.733879 0.905818
vt 0.737238 0.922366
vt 0.733879 0.922697
vt 0.451060 0.923908
vt 0.454419 0.907360
vt 0.454419 0.923577
vt 0.597662 0.923848
vt 0.601021 0.907300
vt 0.601021 0.923517
vt 0.606752 0.923848
vt 0.610111 0.907300
vt 0.610111 0.923517
vt 0.922617 0.477410
vt 0.919258 0.493958
vt 0.919258 0.477740
vt 0.636462 0.907261
vt 0.633103 0.923809
vt 0.633103 0.907592
vt 0.217055 0.924251
vt 0.213696 0.907703
vt 0.217055 0.907372
vt 0.189109 0.923917
vt 0.185750 0.907369
vt 0.189109 0.907039
vt 0.779572 0.215788
vt 0.776213 0.232336
vt 0.776213 0.216118
vt 0.924123 0.101422
vt 0.920764 0.117970
vt 0.920764 0.101753
vt 0.698139 0.924268
vt 0.694780 0.907720
vt 0.698139 0.907389
vt 0.198198 0.923918
vt 0.194839 0.907369
vt 0.198198 0.907039
vt 0.924118 0.417290
vt 0.920941 0.400409
vt 0.924118 0.400411
vt 0.925907 0.580799
vt 0.929072 0.596922
vt 0.925891 0.596885
vt 0.984203 0.748538
vt 0.987341 0.751717
vt 0.983909 0.751717
vt 0.984212 0.796263
vt 0.987295 0.793085
vt 0.987598 0.796263
vt 0.896151 0.045507
vt 0.892975 0.029820
vt 0.896151 0.029945
vt 0.932755 0.298934
vt 0.929574 0.283355
vt 0.932755 0.283284
vt 0.984260 0.932230
vt 0.987127 0.935401
vt 0.983909 0.935401
vt 0.984227 0.822985
vt 0.987260 0.819809
vt 0.987578 0.822985
vt 0.899635 0.933549
vt 0.903382 0.945496
vt 0.900199 0.945412
vt 0.883643 0.948193
vt 0.880462 0.935524
vt 0.883643 0.935363
vt 0.987095 0.863645
vt 0.984374 0.866140
vt 0.983909 0.863645
vt 0.984207 0.775267
vt 0.987325 0.778446
vt 0.983909 0.778446
vt 0.987097 0.874664
vt 0.984334 0.871871
vt 0.987522 0.871871
vt 0.987100 0.970632
vt 0.984274 0.967484
vt 0.987464 0.967484
vt 0.937928 0.304873
vt 0.941106 0.319824
vt 0.937928 0.319963
vt 0.483104 0.946205
vt 0.479917 0.946157
vt 0.948166 0.374096
vt 0.945456 0.376792
vt 0.944978 0.374145
vt 0.987099 0.941132
vt 0.984295 0.944144
vt 0.983909 0.941132
vt 0.984266 0.988392
vt 0.987102 0.985221
vt 0.987459 0.988392
vt 0.987097 0.883188
vt 0.984330 0.880395
vt 0.987518 0.880395
vt 0.703875 0.907410
vt 0.707048 0.924224
vt 0.703870 0.924245
vt 0.891324 0.080577
vt 0.894505 0.095691
vt 0.891324 0.095590
vt 0.984240 0.837623
vt 0.987203 0.840797
vt 0.983909 0.840797
vt 0.987095 0.846528
vt 0.984378 0.849009
vt 0.983909 0.846528
vt 0.984203 0.742807
vt 0.987342 0.739628
vt 0.987636 0.742807
vt 0.984224 0.831892
vt 0.987260 0.828716
vt 0.987574 0.831892
vt 0.929232 0.901660
vt 0.926032 0.885549
vt 0.929210 0.885642
vt 0.927983 0.466843
vt 0.924801 0.450627
vt 0.927982 0.450626
vt 0.984267 0.923329
vt 0.987121 0.926499
vt 0.983909 0.926499
vt 0.984215 0.787354
vt 0.987295 0.784177
vt 0.987601 0.787354
vt 0.943294 0.497732
vt 0.946470 0.510662
vt 0.943294 0.510865
vt 0.911958 0.599069
vt 0.908776 0.584220
vt 0.911958 0.584117
vt 0.984203 0.757448
vt 0.987341 0.760627
vt 0.983909 0.760627
vt 0.987098 0.908970
vt 0.984312 0.906073
vt 0.987501 0.906073
vt 0.558164 0.908815
vt 0.561341 0.924917
vt 0.558164 0.925006
vt 0.948166 0.388144
vt 0.948643 0.376743
vt 0.363426 0.942238
vt 0.360224 0.926940
vt 0.363404 0.926847
vt 0.987100 0.976363
vt 0.984270 0.979490
vt 0.983909 0.976363
vt 0.902818 0.947674
vt 0.899635 0.947590
vt 0.591853 0.924339
vt 0.588664 0.907524
vt 0.591840 0.907555
vt 0.894399 0.725217
vt 0.897579 0.739840
vt 0.894399 0.739715
vt 0.017175 0.939894
vt 0.020357 0.952679
vt 0.017175 0.952512
vt 0.987098 0.897484
vt 0.984320 0.900342
vt 0.983909 0.897484
vt 0.987099 0.952904
vt 0.984293 0.949875
vt 0.987482 0.949875
vt 0.737238 0.928580
vt 0.734062 0.943250
vt 0.734062 0.928428
vt 0.925074 0.424313
vt 0.928249 0.440510
vt 0.925069 0.440488
vt 0.102079 0.918185
vt 0.105260 0.933817
vt 0.102079 0.933741
vt 0.984219 0.801994
vt 0.987283 0.805171
vt 0.983909 0.805171
vt 0.632243 0.222131
vt 0.425048 0.307954
vt 0.339225 0.100759
vt 0.695867 0.165900
vt 0.707561 0.179862
vt 0.695837 0.179862
vt 0.686203 0.121740
vt 0.682880 0.106159
vt 0.686195 0.106159
vt 0.456732 0.374013
vt 0.453488 0.360984
vt 0.456803 0.360984
vt 0.665224 0.190506
vt 0.661857 0.176791
vt 0.665172 0.176791
vt 0.686267 0.151883
vt 0.682920 0.136812
vt 0.686235 0.136812
vt 0.456635 0.402932
vt 0.453368 0.388472
vt 0.456683 0.388472
vt 0.665347 0.216215
vt 0.661962 0.204221
vt 0.665277 0.204221
vt 0.686322 0.165866
vt 0.682952 0.151883
vt 0.456586 0.433599
vt 0.453295 0.418266
vt 0.456610 0.418266
vt 0.686356 0.016420
vt 0.683101 0.002865
vt 0.686416 0.002865
vt 0.686451 0.192204
vt 0.683061 0.179848
vt 0.686376 0.179848
vt 0.456587 0.464836
vt 0.453271 0.449218
vt 0.456586 0.449218
vt 0.686256 0.044784
vt 0.682980 0.029975
vt 0.686295 0.029975
vt 0.686617 0.214815
vt 0.683210 0.204560
vt 0.686525 0.204560
vt 0.456638 0.495443
vt 0.453298 0.480140
vt 0.456613 0.480140
vt 0.686218 0.059592
vt 0.682887 0.075085
vt 0.682903 0.059592
vt 0.456964 0.336855
vt 0.453739 0.325756
vt 0.457054 0.325756
vt 0.456738 0.524243
vt 0.453373 0.509843
vt 0.456688 0.509843
vt 0.682872 0.090577
vt 0.686187 0.090577
vt 0.456873 0.347954
vt 0.453558 0.347954
vt 0.456882 0.550129
vt 0.453495 0.537186
vt 0.456810 0.537186
vt 0.682888 0.121740
vt 0.453417 0.374013
vt 0.457064 0.572107
vt 0.453658 0.561118
vt 0.456973 0.561118
vt 0.453320 0.402932
vt 0.692522 0.179862
vt 0.695796 0.192191
vt 0.692481 0.192191
vt 0.453271 0.433599
vt 0.692582 0.151937
vt 0.692552 0.165900
vt 0.453272 0.464836
vt 0.692617 0.121818
vt 0.695915 0.136877
vt 0.692600 0.136877
vt 0.453323 0.495443
vt 0.692627 0.090661
vt 0.695937 0.106239
vt 0.692622 0.106239
vt 0.453423 0.524243
vt 0.692610 0.059665
vt 0.695934 0.075163
vt 0.692619 0.075163
vt 0.453567 0.550129
vt 0.692568 0.030020
vt 0.695904 0.044842
vt 0.692589 0.044842
vt 0.695755 0.204519
vt 0.692440 0.204519
vt 0.692502 0.002865
vt 0.695850 0.016443
vt 0.692535 0.016443
vt 0.665267 0.027170
vt 0.662021 0.015018
vt 0.665336 0.015018
vt 0.695897 0.151937
vt 0.665165 0.054836
vt 0.661901 0.041003
vt 0.665216 0.041003
vt 0.695932 0.121818
vt 0.665103 0.084800
vt 0.661819 0.069818
vt 0.665134 0.069818
vt 0.695942 0.090661
vt 0.665083 0.115910
vt 0.661778 0.100355
vt 0.665093 0.100355
vt 0.695926 0.059665
vt 0.665106 0.146972
vt 0.661780 0.131441
vt 0.665095 0.131441
vt 0.695883 0.030020
vt 0.661824 0.161881
vt 0.665139 0.161881
vt 0.662090 0.002865
vt 0.665405 0.002865
vt 0.661909 0.190506
vt 0.661952 0.027170
vt 0.665418 0.228209
vt 0.662032 0.216215
vt 0.683007 0.165866
vt 0.661850 0.054836
vt 0.683041 0.016420
vt 0.683136 0.192204
vt 0.661788 0.084800
vt 0.682941 0.044784
vt 0.686710 0.225069
vt 0.683303 0.214815
vt 0.661768 0.115910
vt 0.686202 0.075085
vt 0.453649 0.336855
vt 0.661791 0.146972
vt 0.650298 0.015018
vt 0.707620 0.151937
vt 0.650178 0.041003
vt 0.707656 0.121818
vt 0.650096 0.069818
vt 0.707665 0.090661
vt 0.650055 0.100355
vt 0.707649 0.059665
vt 0.650056 0.131441
vt 0.707607 0.030020
vt 0.650101 0.161881
vt 0.650367 0.002865
vt 0.650186 0.190506
vt 0.650229 0.027170
vt 0.662103 0.228209
vt 0.650309 0.216215
vt 0.671338 0.179848
vt 0.671284 0.165866
vt 0.650127 0.054836
vt 0.671318 0.016420
vt 0.671413 0.192204
vt 0.650064 0.084800
vt 0.671218 0.044784
vt 0.683395 0.225069
vt 0.671579 0.214815
vt 0.650045 0.115910
vt 0.671164 0.075085
vt 0.441926 0.336855
vt 0.650068 0.146972
vt 0.671157 0.106159
vt 0.441765 0.360984
vt 0.650133 0.176791
vt 0.671197 0.136812
vt 0.441645 0.388472
vt 0.650239 0.204221
vt 0.671229 0.151883
vt 0.441572 0.418266
vt 0.671378 0.002865
vt 0.441548 0.449218
vt 0.671257 0.029975
vt 0.671487 0.204560
vt 0.441575 0.480140
vt 0.671179 0.059592
vt 0.442016 0.325756
vt 0.441650 0.509843
vt 0.671148 0.090577
vt 0.441835 0.347954
vt 0.441844 0.550129
vt 0.441772 0.537186
vt 0.671165 0.121740
vt 0.441694 0.374013
vt 0.453749 0.572107
vt 0.441935 0.561118
vt 0.441597 0.402932
vt 0.707520 0.192191
vt 0.441548 0.433599
vt 0.707591 0.165900
vt 0.441549 0.464836
vt 0.707638 0.136877
vt 0.441600 0.495443
vt 0.707661 0.106239
vt 0.441700 0.524243
vt 0.707657 0.075163
vt 0.707628 0.044842
vt 0.707479 0.204519
vt 0.695818 0.002865
vt 0.707574 0.016443
vt 0.375000 0.000000
vt 0.625000 0.250000
vt 0.375000 0.250000
vt 0.625000 0.500000
vt 0.375000 0.500000
vt 0.625000 0.750000
vt 0.375000 0.750000
vt 0.625000 1.000000
vt 0.375000 1.000000
vt 0.125000 0.500000
vt 0.125000 0.750000
vt 0.875000 0.750000
vt 0.370283 0.972178
vt 0.348468 0.927822
vt 0.370282 0.927822
vt 0.432783 0.972178
vt 0.410968 0.927822
vt 0.432782 0.927822
vt 0.495283 0.972178
vt 0.473468 0.927822
vt 0.495282 0.927822
vt 0.307782 0.927822
vt 0.285967 0.972178
vt 0.285968 0.927822
vt 0.245283 0.972178
vt 0.223468 0.927822
vt 0.245282 0.927822
vt 0.995283 0.972178
vt 0.973468 0.927822
vt 0.995282 0.927822
vt 0.182783 0.972178
vt 0.160968 0.927822
vt 0.182782 0.927822
vt 0.932783 0.972178
vt 0.910968 0.927822
vt 0.932782 0.927822
vt 0.120283 0.972178
vt 0.098468 0.927822
vt 0.120282 0.927822
vt 0.870283 0.972178
vt 0.848468 0.927822
vt 0.870282 0.927822
vt 0.057783 0.972178
vt 0.035968 0.927822
vt 0.057782 0.927822
vt 0.807783 0.972178
vt 0.785968 0.927822
vt 0.807782 0.927822
vt 0.745283 0.972178
vt 0.723468 0.927822
vt 0.745282 0.927822
vt 0.682783 0.972178
vt 0.660968 0.927822
vt 0.682782 0.927822
vt 0.620283 0.972178
vt 0.598468 0.927822
vt 0.620282 0.927822
vt 0.557783 0.972178
vt 0.535968 0.927822
vt 0.557782 0.927822
vt 0.058969 0.785174
vt 0.034781 0.714825
vt 0.058969 0.714826
vt 0.121469 0.785174
vt 0.097281 0.714826
vt 0.121469 0.714825
vt 0.183969 0.785174
vt 0.159781 0.714825
vt 0.183969 0.714825
vt 0.246469 0.785175
vt 0.222281 0.714825
vt 0.246469 0.714825
vt 0.308969 0.785174
vt 0.284781 0.714825
vt 0.308969 0.714826
vt 0.371469 0.785174
vt 0.347281 0.714826
vt 0.371469 0.714825
vt 0.433969 0.785174
vt 0.409781 0.714825
vt 0.433969 0.714825
vt 0.496469 0.785175
vt 0.472281 0.714825
vt 0.496469 0.714825
vt 0.558969 0.785174
vt 0.534781 0.714825
vt 0.558969 0.714826
vt 0.621469 0.785174
vt 0.597281 0.714826
vt 0.621469 0.714825
vt 0.683969 0.785174
vt 0.659781 0.714825
vt 0.683969 0.714825
vt 0.746469 0.785175
vt 0.722281 0.714825
vt 0.746469 0.714825
vt 0.808969 0.785174
vt 0.784781 0.714825
vt 0.808969 0.714826
vt 0.871469 0.785174
vt 0.847281 0.714826
vt 0.871469 0.714825
vt 0.933969 0.785174
vt 0.909781 0.714825
vt 0.933969 0.714825
vt 0.996469 0.785175
vt 0.972281 0.714825
vt 0.996469 0.714825
vt 0.307780 0.572604
vt 0.285970 0.527396
vt 0.307780 0.527396
vt 0.245280 0.572604
vt 0.223470 0.527396
vt 0.245280 0.527396
vt 0.995280 0.572604
vt 0.973470 0.527396
vt 0.995280 0.527396
vt 0.182780 0.572604
vt 0.160970 0.527396
vt 0.182780 0.527396
vt 0.932780 0.572604
vt 0.910970 0.527396
vt 0.932780 0.527396
vt 0.120280 0.572604
vt 0.098470 0.527396
vt 0.120280 0.527396
vt 0.870280 0.572604
vt 0.848470 0.527396
vt 0.870280 0.527396
vt 0.057780 0.572604
vt 0.035970 0.527396
vt 0.057780 0.527396
vt 0.807780 0.572604
vt 0.785970 0.527396
vt 0.807780 0.527396
vt 0.745280 0.572604
vt 0.723470 0.527396
vt 0.745280 0.527396
vt 0.682780 0.572604
vt 0.660970 0.527396
vt 0.682780 0.527396
vt 0.620280 0.572604
vt 0.598470 0.527396
vt 0.620280 0.527396
vt 0.495280 0.572604
vt 0.473470 0.527396
vt 0.495280 0.527396
vt 0.557780 0.572604
vt 0.535970 0.527396
vt 0.557780 0.527396
vt 0.432780 0.572604
vt 0.410970 0.527396
vt 0.432780 0.527396
vt 0.370280 0.572604
vt 0.348470 0.527396
vt 0.370280 0.527396
vt 0.959231 0.500000
vt 0.945025 0.500000
vt 0.947021 0.500000
vt 0.896731 0.500000
vt 0.882524 0.500000
vt 0.884521 0.500000
vt 0.834231 0.500000
vt 0.820024 0.500000
vt 0.822021 0.500000
vt 0.759521 0.500000
vt 0.773726 0.500000
vt 0.757525 0.500000
vt 0.697021 0.500000
vt 0.711226 0.500000
vt 0.695024 0.500000
vt 0.646731 0.500000
vt 0.632524 0.500000
vt 0.634521 0.500000
vt 0.572021 0.500000
vt 0.586226 0.500000
vt 0.570024 0.500000
vt 0.521731 0.500000
vt 0.507524 0.500000
vt 0.509521 0.500000
vt 0.447021 0.500000
vt 0.461226 0.500000
vt 0.445024 0.500000
vt 0.396731 0.500000
vt 0.382524 0.500000
vt 0.384521 0.500000
vt 0.334231 0.500000
vt 0.320024 0.500000
vt 0.322021 0.500000
vt 0.259521 0.500000
vt 0.273726 0.500000
vt 0.257525 0.500000
vt 0.197021 0.500000
vt 0.211226 0.500000
vt 0.195024 0.500000
vt 0.146731 0.500000
vt 0.132525 0.500000
vt 0.134521 0.500000
vt 0.072021 0.500000
vt 0.086226 0.500000
vt 0.070025 0.500000
vt 0.021731 0.500000
vt 0.007524 0.500000
vt 0.009519 0.500000
vt 0.968749 0.500000
vt 0.999998 0.500000
vt 0.999999 0.500000
vt 0.937499 0.500000
vt 0.906248 0.500000
vt 0.937498 0.500000
vt 0.843749 0.500000
vt 0.874998 0.500000
vt 0.874999 0.500000
vt 0.781249 0.500000
vt 0.812498 0.500000
vt 0.812499 0.500000
vt 0.718749 0.500000
vt 0.749998 0.500000
vt 0.749999 0.500000
vt 0.656249 0.500000
vt 0.687498 0.500000
vt 0.687499 0.500000
vt 0.593749 0.500000
vt 0.624998 0.500000
vt 0.624999 0.500000
vt 0.531249 0.500000
vt 0.562498 0.500000
vt 0.562499 0.500000
vt 0.468749 0.500000
vt 0.499998 0.500000
vt 0.499999 0.500000
vt 0.406249 0.500000
vt 0.437498 0.500000
vt 0.437499 0.500000
vt 0.374999 0.500000
vt 0.343748 0.500000
vt 0.374998 0.500000
vt 0.281249 0.500000
vt 0.312498 0.500000
vt 0.312499 0.500000
vt 0.218749 0.500000
vt 0.249998 0.500000
vt 0.249999 0.500000
vt 0.156249 0.500000
vt 0.187498 0.500000
vt 0.187499 0.500000
vt 0.093749 0.500000
vt 0.124998 0.500000
vt 0.124999 0.500000
vt 0.062499 0.500000
vt 0.031248 0.500000
vt 0.062498 0.500000
vt 0.968748 0.500000
vt 0.999998 0.500000
vt 0.937498 0.500000
vt 0.843748 0.500000
vt 0.843748 0.500000
vt 0.781248 0.500000
vt 0.812498 0.500000
vt 0.718748 0.500000
vt 0.656248 0.500000
vt 0.593748 0.500000
vt 0.624998 0.500000
vt 0.531248 0.500000
vt 0.468748 0.500000
vt 0.499998 0.500000
vt 0.468748 0.500000
vt 0.406248 0.500000
vt 0.437498 0.500000
vt 0.406248 0.500000
vt 0.374998 0.500000
vt 0.343748 0.500000
vt 0.281248 0.500000
vt 0.312498 0.500000
vt 0.281248 0.500000
vt 0.218748 0.500000
vt 0.249998 0.500000
vt 0.187498 0.500000
vt 0.218748 0.500000
vt 0.156248 0.500000
vt 0.124998 0.500000
vt 0.156248 0.500000
vt 0.093748 0.500000
vt 0.093748 0.500000
vt 0.062498 0.500000
vt 0.000002 0.500000
vt 0.031248 0.500000
vt 0.968749 0.500000
vt 0.906249 0.500000
vt 0.906249 0.500000
vt 0.874999 0.500000
vt 0.843749 0.500000
vt 0.718749 0.500000
vt 0.687499 0.500000
vt 0.593749 0.500000
vt 0.562499 0.500000
vt 0.499999 0.500000
vt 0.468749 0.500000
vt 0.437499 0.500000
vt 0.406249 0.500000
vt 0.374999 0.500000
vt 0.343749 0.500000
vt 0.312499 0.500000
vt 0.281249 0.500000
vt 0.249999 0.500000
vt 0.218749 0.500000
vt 0.187499 0.500000
vt 0.156249 0.500000
vt 0.124999 0.500000
vt 0.093749 0.500000
vt 0.062499 0.500000
vt 0.031249 0.500000
vt 0.031249 0.500000
vt 0.000001 0.500000
vt 0.000001 0.500000
vt 0.785411 0.450636
vt 0.754412 0.460512
vt 0.786742 0.457328
vt 0.859496 0.421813
vt 0.834635 0.442800
vt 0.863286 0.427486
vt 0.916911 0.366832
vt 0.901974 0.395735
vt 0.922583 0.370622
vt 0.948915 0.294065
vt 0.946176 0.326484
vt 0.955607 0.295396
vt 0.950636 0.214589
vt 0.960512 0.245588
vt 0.957328 0.213258
vt 0.936496 0.167976
vt 0.927485 0.136714
vt 0.921813 0.140504
vt 0.890911 0.102850
vt 0.870623 0.077416
vt 0.866832 0.083089
vt 0.823873 0.060127
vt 0.795396 0.044393
vt 0.794065 0.051085
vt 0.714589 0.049364
vt 0.745588 0.039488
vt 0.713258 0.042672
vt 0.667975 0.063504
vt 0.636714 0.072514
vt 0.640504 0.078187
vt 0.602850 0.109089
vt 0.577416 0.129377
vt 0.583089 0.133168
vt 0.551085 0.205935
vt 0.553824 0.173516
vt 0.544393 0.204604
vt 0.549364 0.285411
vt 0.539488 0.254412
vt 0.542672 0.286742
vt 0.563504 0.332024
vt 0.572514 0.363286
vt 0.578187 0.359496
vt 0.633168 0.416911
vt 0.604265 0.401974
vt 0.629377 0.422584
vt 0.705935 0.448915
vt 0.673516 0.446176
vt 0.704604 0.455607
vt 0.717523 0.413271
vt 0.913271 0.282477
vt 0.782477 0.086729
vt 0.620569 0.099136
vt 0.627285 0.093624
vt 0.948198 0.265156
vt 0.947347 0.273802
vt 0.947347 0.273802
vt 0.572689 0.160150
vt 0.576784 0.152489
vt 0.576784 0.152489
vt 0.938911 0.188155
vt 0.941433 0.196469
vt 0.941433 0.196469
vt 0.551802 0.234844
vt 0.552653 0.226198
vt 0.552653 0.226198
vt 0.900864 0.120569
vt 0.906376 0.127285
vt 0.561089 0.311845
vt 0.558567 0.303531
vt 0.558567 0.303531
vt 0.839849 0.072689
vt 0.847511 0.076784
vt 0.847511 0.076784
vt 0.599136 0.379430
vt 0.593624 0.372715
vt 0.593624 0.372715
vt 0.811845 0.438911
vt 0.803531 0.441433
vt 0.803531 0.441433
vt 0.765156 0.051802
vt 0.773802 0.052653
vt 0.773802 0.052653
vt 0.660150 0.427311
vt 0.652489 0.423216
vt 0.652489 0.423216
vt 0.879430 0.400864
vt 0.872715 0.406376
vt 0.872715 0.406376
vt 0.688155 0.061089
vt 0.696469 0.058567
vt 0.696469 0.058567
vt 0.734844 0.448198
vt 0.726198 0.447347
vt 0.726198 0.447347
vt 0.927311 0.339850
vt 0.923216 0.347511
vt 0.944346 0.293928
vt 0.935998 0.321449
vt 0.935998 0.321449
vt 0.587258 0.135043
vt 0.605502 0.112812
vt 0.946363 0.216211
vt 0.949182 0.244832
vt 0.949182 0.244832
vt 0.555653 0.206072
vt 0.564002 0.178551
vt 0.564002 0.178551
vt 0.918485 0.143638
vt 0.932042 0.169001
vt 0.932042 0.169001
vt 0.553637 0.283789
vt 0.550818 0.255168
vt 0.864957 0.087258
vt 0.887188 0.105502
vt 0.887188 0.105502
vt 0.581515 0.356362
vt 0.567958 0.330999
vt 0.567958 0.330999
vt 0.783789 0.446363
vt 0.755168 0.449182
vt 0.755169 0.449182
vt 0.793928 0.055654
vt 0.821449 0.064002
vt 0.635043 0.412742
vt 0.612812 0.394498
vt 0.856362 0.418485
vt 0.830999 0.432042
vt 0.830999 0.432042
vt 0.716211 0.053637
vt 0.744832 0.050818
vt 0.744832 0.050818
vt 0.706072 0.444346
vt 0.678551 0.435998
vt 0.912742 0.364957
vt 0.894497 0.387188
vt 0.894497 0.387188
vt 0.643638 0.081515
vt 0.669001 0.067958
vt 0.792019 0.461241
vt 0.841844 0.471731
vt 0.832422 0.448985
vt 0.869659 0.429082
vt 0.919706 0.419706
vt 0.902296 0.402296
vt 0.948985 0.332422
vt 0.949553 0.383337
vt 0.971731 0.341844
vt 0.961241 0.292019
vt 0.990000 0.250000
vt 0.965380 0.250000
vt 0.961241 0.207981
vt 0.971731 0.158156
vt 0.948985 0.167578
vt 0.902296 0.097703
vt 0.949553 0.116663
vt 0.919706 0.080294
vt 0.832422 0.051015
vt 0.883337 0.050447
vt 0.841844 0.028269
vt 0.750000 0.034620
vt 0.796822 0.014612
vt 0.750000 0.010000
vt 0.667578 0.051015
vt 0.703178 0.014612
vt 0.658156 0.028269
vt 0.597703 0.097703
vt 0.616663 0.050447
vt 0.580294 0.080294
vt 0.551015 0.167578
vt 0.550447 0.116663
vt 0.528269 0.158156
vt 0.538759 0.207981
vt 0.510000 0.250000
vt 0.534620 0.250000
vt 0.538759 0.292019
vt 0.528269 0.341844
vt 0.551015 0.332422
vt 0.570918 0.369659
vt 0.580294 0.419706
vt 0.597703 0.402297
vt 0.630341 0.429082
vt 0.658156 0.471731
vt 0.667578 0.448985
vt 0.707981 0.461241
vt 0.750000 0.490000
vt 0.750000 0.465380
vt 0.324498 0.280858
vt 0.280858 0.324498
vt 0.219142 0.175502
vt 0.398919 0.666667
vt 0.295019 0.333333
vt 0.369847 0.333333
vt 0.531892 1.000000
vt 0.427992 0.666667
vt 0.502820 0.666667
vt 0.466307 0.000000
vt 0.799640 0.103901
vt 0.466307 0.132973
vt 0.000000 0.000000
vt 0.103901 0.333333
vt 0.029073 0.333333
vt 0.466307 0.265946
vt 0.132973 0.162046
vt 0.466307 0.132973
vt 0.799640 0.398919
vt 0.466307 0.502820
vt 0.466307 0.427992
vt 0.398919 1.000000
vt 0.295019 0.666667
vt 0.369847 0.666667
vt 0.132973 0.666667
vt 0.236874 0.333333
vt 0.265946 0.666667
vt 0.799640 0.398919
vt 0.466307 0.295019
vt 0.799640 0.265946
vt 0.799640 0.531892
vt 0.466307 0.635793
vt 0.466307 0.560965
vt 0.799640 0.265946
vt 0.466307 0.162046
vt 0.799640 0.132973
vt 0.466307 0.000000
vt 0.132973 0.103901
vt 0.132973 0.029073
vt 0.132973 0.666667
vt 0.029072 1.000000
vt -0.000000 0.666667
vt 0.664865 1.000000
vt 0.560965 0.666667
vt 0.635793 0.666667
vt 0.265946 0.666667
vt 0.162045 1.000000
vt 0.132973 0.666667
vt -0.000000 0.333333
vt 0.103900 0.666667
vt 0.029072 0.666667
vt 0.637193 1.974276
vt 0.537536 1.586414
vt 0.672656 1.645650
vt 2.013307 1.001106
vt 1.631682 0.812650
vt 2.013307 0.778994
vt 0.003837 1.424147
vt 0.175297 1.119252
vt 0.231266 1.262267
vt 1.627067 1.765869
vt 1.465927 1.390969
vt 1.775463 1.608821
vt 0.003837 0.355947
vt 0.175297 0.660834
vt -0.076472 0.561149
vt 0.637195 -0.194180
vt 0.537537 0.193677
vt 0.443311 -0.109185
vt 1.452587 -0.109185
vt 1.105790 0.134441
vt 1.258701 -0.194180
vt 0.843019 2.017612
vt 0.962347 1.675844
vt 1.052872 2.017612
vt 1.972368 0.561151
vt 1.547173 0.517829
vt 1.892060 0.355949
vt 0.268820 1.765869
vt 0.312517 1.390969
vt 0.415933 1.500427
vt 1.892060 1.424147
vt 1.603146 1.119261
vt 1.972368 1.218940
vt -0.117411 0.778990
vt 0.146766 0.967441
vt -0.117411 1.001097
vt 1.258701 1.974276
vt 1.240909 1.586414
vt 1.452587 1.889280
vt 0.268822 0.014217
vt 0.312519 0.389125
vt 0.120429 0.171270
vt 1.052881 -0.237507
vt 0.816097 0.104242
vt 0.843019 -0.237507
vt 1.775463 0.171270
vt 1.362517 0.279674
vt 1.627067 0.014217
vt 1.460464 1.845259
vt 1.845478 1.437757
vt 1.766450 1.562943
vt 1.974820 1.030525
vt 1.947059 1.178191
vt 1.947059 0.601900
vt 1.974820 0.749570
vt 1.845478 0.342334
vt 1.460464 -0.065163
vt 1.578737 0.018480
vt 1.215212 -0.172684
vt 0.670707 -0.172684
vt 0.810233 -0.202058
vt 0.425460 -0.065163
vt 0.040440 0.342334
vt 0.119473 0.217143
vt -0.088901 0.749570
vt -0.061150 0.601899
vt -0.061150 1.178191
vt -0.088901 1.030525
vt 0.119473 1.562943
vt 0.040440 1.437757
vt 0.425459 1.845259
vt 0.307176 1.761615
vt 0.670707 1.952770
vt 1.215212 1.952770
vt 1.075685 1.982154
vt 1.359137 1.541257
vt 1.362508 1.500427
vt 1.509497 1.382109
vt 1.547173 1.262267
vt 1.559197 1.303386
vt 1.640587 1.095448
vt 1.631682 0.967441
vt 1.658037 1.002584
vt 1.658037 0.777512
vt 1.603146 0.660836
vt 1.640587 0.684647
vt 1.509497 0.397982
vt 1.465927 0.389126
vt 1.284750 0.186232
vt 1.240909 0.193677
vt 1.088286 0.100101
vt 0.962347 0.104242
vt 1.000541 0.081628
vt 0.700144 0.100101
vt 0.672656 0.134441
vt 0.429291 0.238834
vt 0.415933 0.279671
vt 0.278922 0.397982
vt 0.231266 0.517828
vt 0.229220 0.476708
vt 0.130389 0.777512
vt 0.146766 0.812650
vt 0.130389 1.002584
vt 0.147838 1.095448
vt 0.278922 1.382109
vt 0.429291 1.541257
vt 0.503674 1.593859
vt 0.700142 1.679991
vt 0.816097 1.675844
vt 0.787884 1.698468
vt 1.000541 1.698468
vt 1.105790 1.645650
vt 1.088277 1.679991
vt 0.443310 1.889280
vt 0.787884 0.081628
vt -0.076472 1.218940
vt 0.229220 1.303386
vt 1.578737 1.761615
vt 1.359137 0.238834
vt 0.147838 0.684647
vt 0.810229 1.982154
vt 0.503675 0.186228
vt 0.120429 1.608821
vt 1.559197 0.476709
vt 0.307176 0.018480
vt 1.075685 -0.202058
vt 1.284750 1.593859
vt 1.766450 0.217148
vt 1.037451 1.491251
vt 1.144961 1.444129
vt 1.324003 1.288613
vt 1.241720 1.375700
vt 1.433181 1.072419
vt 1.388655 1.186203
vt 1.455886 0.951627
vt 1.433181 0.707672
vt 1.455886 0.828464
vt 1.324003 0.491481
vt 1.388655 0.593886
vt 1.241720 0.404393
vt 1.144961 0.335969
vt 1.037451 0.288838
vt 0.923324 0.264810
vt 0.806957 0.264810
vt 0.692825 0.288838
vt 0.585317 0.335969
vt 0.406277 0.491481
vt 0.488560 0.404393
vt 0.297095 0.707672
vt 0.341627 0.593885
vt 0.274392 0.828464
vt 0.274392 0.951627
vt 0.297095 1.072419
vt 0.406276 1.288613
vt 0.341625 1.186203
vt 0.488560 1.375700
vt 0.585315 1.444129
vt 0.806957 1.515281
vt 0.692825 1.491251
vt 0.923324 1.515281
vt -0.932162 -0.379846
vt -0.950892 -0.456441
vt -0.932162 -0.457271
vt -0.318633 0.269552
vt -0.348846 -0.012201
vt -0.272386 -0.006604
vt -0.197710 0.013523
vt -0.294505 0.276055
vt 0.745529 0.965894
vt 0.739265 0.928697
vt 0.745529 0.928552
vt -0.271872 0.287001
vt -0.127668 0.047395
vt -0.437853 -0.524150
vt -0.437853 -0.770719
vt -0.394156 -0.675520
vt 0.118841 0.931591
vt 0.125088 0.962782
vt 0.118841 0.962390
vt -0.217495 2.006652
vt -0.384332 1.778001
vt -0.314289 1.744129
vt -0.151517 0.797229
vt -0.127668 0.524149
vt -0.127668 0.796701
vt -0.239605 1.723993
vt -0.193357 2.000162
vt -0.686062 0.285787
vt -0.629477 0.112336
vt -0.661582 0.287001
vt 0.195254 0.927772
vt 0.201511 0.966388
vt 0.195254 0.966238
vt -0.163153 1.718405
vt -0.168661 1.998342
vt -0.499198 0.323273
vt -0.421088 0.574090
vt -0.521443 0.331935
vt -0.963835 -0.474180
vt -0.944871 -0.535488
vt -0.944871 -0.470628
vt -0.545112 0.335901
vt -0.494367 0.586359
vt 0.908557 0.321978
vt 0.914584 0.362296
vt 0.908325 0.362296
vt -0.196944 0.812759
vt -0.273864 0.542565
vt -0.174907 0.802650
vt -0.569340 0.583624
vt -0.569340 0.335018
vt -0.201478 0.525784
vt 0.897679 0.509581
vt 0.905547 0.475055
vt 0.891125 0.509047
vt 0.788823 0.805409
vt 0.782568 0.769575
vt 0.788823 0.769342
vt -0.553746 1.566927
vt -0.394589 1.757740
vt -0.465866 1.785969
vt -0.541849 1.800337
vt -0.578299 1.571578
vt 0.808403 0.189925
vt 0.815217 0.219539
vt 0.809018 0.218931
vt -0.222975 0.297258
vt 0.134919 0.925834
vt 0.133105 0.853109
vt 0.134919 0.853174
vt -0.901175 1.730123
vt -0.790689 1.507241
vt -0.825336 1.730123
vt 0.828622 0.214932
vt 0.826805 0.156031
vt 0.828622 0.156164
vt -0.266347 1.504879
vt -0.992822 2.017612
vt -0.892269 1.800787
vt -0.914875 2.017612
vt -0.958247 0.793118
vt -0.952713 0.865725
vt -0.958247 0.865455
vt -0.127668 -0.193937
vt -0.882697 1.042161
vt -0.797521 0.819293
vt -0.806859 1.042161
vt -0.268231 1.051544
vt -0.132382 0.849528
vt -0.195845 1.068327
vt 1.229056 -0.564547
vt 1.134046 -0.794027
vt 1.250409 -0.794009
vt -0.427262 1.112123
vt -0.568366 1.319132
vt -0.500550 1.099847
vt -0.939860 0.287001
vt -0.945322 0.209045
vt -0.939788 0.209045
vt -0.803290 0.064133
vt -0.913757 0.287001
vt -0.879128 0.064133
vt -0.958031 -0.018456
vt -0.952497 0.053876
vt -0.958031 0.053668
vt -0.471959 0.069739
vt -0.619219 0.264290
vt -0.547960 0.055363
vt -0.675445 -0.977196
vt -0.775997 -0.760389
vt -0.753410 -0.977196
vt -0.514647 2.017612
vt 0.298518 0.923537
vt 0.296694 0.849553
vt 0.298518 0.849582
vt -0.828581 -0.168997
vt -0.913757 0.053876
vt -0.904437 -0.168997
vt -0.943393 -0.029002
vt -0.948927 -0.100613
vt -0.943393 -0.100892
vt -0.469057 0.812759
vt 1.355684 -0.794027
vt 1.260666 -0.564547
vt 1.282018 -0.794027
vt 0.596233 0.965426
vt 0.598031 0.929267
vt 0.598031 0.965499
vt -0.294802 1.328407
vt -0.127668 1.099612
vt -0.272774 1.338520
vt -0.342041 1.322458
vt -0.318192 1.322990
vt 1.238998 -0.804284
vt 1.203918 -0.981072
vt 1.262189 -0.981072
vt 0.669330 0.929911
vt 0.671164 0.965542
vt 0.669330 0.965438
vt -0.422431 0.849033
vt -0.569340 1.073041
vt 0.539064 0.937999
vt 0.545290 0.967317
vt 0.539064 0.966760
vt -0.376526 0.861660
vt -0.400204 0.857694
vt 0.183613 0.930032
vt 0.185485 0.964914
vt 0.183613 0.964839
vt -0.352298 1.109383
vt 0.905195 0.554706
vt 0.898952 0.514266
vt 0.905202 0.514266
vt 0.786909 0.726963
vt 0.782111 0.689776
vt 0.788340 0.689696
vt -0.792564 1.338520
vt -0.792564 1.095592
vt -0.748615 1.188096
vt 0.704688 0.965128
vt 0.706577 0.930623
vt 0.706577 0.965128
vt -0.460062 -0.163679
vt -0.619219 0.027138
vt -0.483100 -0.172801
vt 0.729651 0.928552
vt 0.735897 0.966198
vt 0.729651 0.965967
vt 0.788823 0.650083
vt 0.782111 0.609726
vt 0.788340 0.609646
vt -0.435509 -0.159028
vt -0.394156 0.069717
vt 0.168441 0.928343
vt 0.174663 0.966171
vt 0.168441 0.965865
vt -0.064268 -0.526890
vt -0.088207 -0.420911
vt -0.044312 -0.525249
vt -0.603446 1.571560
vt -0.619652 1.800318
vt 0.711895 0.932374
vt 0.709945 0.964347
vt 0.709945 0.930623
vt 0.107819 0.933378
vt 0.109759 0.965160
vt 0.107819 0.963693
vt 0.786853 0.652028
vt 0.786417 0.687800
vt 0.785033 0.571890
vt 0.786324 0.607746
vt 0.810925 0.157864
vt 0.809018 0.156031
vt 0.786837 0.807024
vt 0.788174 0.837226
vt 0.786252 0.835756
vt 0.786252 0.732372
vt 0.786837 0.767527
vt 0.910298 0.364243
vt 0.908675 0.402454
vt 0.084195 0.931711
vt 0.082242 0.965224
vt 0.082242 0.929920
vt 0.091869 0.933293
vt 0.093825 0.965197
vt 0.091869 0.963640
vt 0.633521 0.928537
vt 0.635473 0.966235
vt 0.633521 0.964347
vt 0.486061 0.928415
vt 0.484109 0.966140
vt 0.484109 0.926456
vt 0.087564 0.965430
vt 0.089520 0.963728
vt 0.912646 0.364243
vt 0.784491 0.767615
vt 0.784491 0.807112
vt 0.781920 0.837459
vt 0.783906 0.835843
vt 0.812696 0.188699
vt 0.810370 0.188471
vt 0.097194 0.933109
vt 0.099143 0.965316
vt 0.097194 0.963564
vt 0.104451 0.933059
vt 0.102511 0.965160
vt 0.102511 0.931591
vt 0.784081 0.687830
vt 0.782594 0.650163
vt 0.784517 0.652058
vt 0.783988 0.607776
vt 0.780681 0.570020
vt 0.782696 0.571920
vt 0.813251 0.158092
vt 0.814603 0.190532
vt 0.782568 0.805642
vt 0.781920 0.730645
vt 0.783906 0.732459
vt 0.914934 0.402454
vt 0.912961 0.400507
vt 0.178291 0.931663
vt 0.180245 0.965337
vt 0.178291 0.963545
vt 0.089520 0.933381
vt 0.087564 0.931825
vt 0.646720 0.964277
vt 0.644768 0.926579
vt 0.646720 0.928466
vt 0.478788 0.928380
vt 0.480740 0.966174
vt 0.478788 0.964216
vt 0.003556 0.965080
vt 0.001684 0.930348
vt 0.003556 0.930273
vt 0.718094 0.930623
vt 0.716205 0.965128
vt 0.716205 0.930623
vt 0.011748 0.965201
vt 0.009876 0.930319
vt 0.011748 0.930394
vt 0.676367 0.930016
vt 0.674533 0.965438
vt 0.674533 0.929911
vt 0.603198 0.929267
vt 0.601399 0.965426
vt 0.601399 0.929195
vt 0.392464 0.965102
vt 0.390680 0.928583
vt 0.392464 0.928583
vt 0.606567 0.929267
vt 0.608365 0.965426
vt 0.606567 0.965499
vt 0.679735 0.930016
vt 0.681570 0.965438
vt 0.679735 0.965542
vt 0.190014 0.964914
vt 0.191886 0.930032
vt 0.191886 0.964839
vt -0.705657 1.842934
vt -0.629909 1.740380
vt -0.645737 1.839959
vt -0.699727 1.557120
vt -0.629909 1.453701
vt -0.638057 1.557120
vt 1.874411 -0.920556
vt 1.796987 -1.004579
vt 1.874411 -1.003695
vt -0.689415 0.109362
vt -0.629477 0.013532
vt -0.777764 1.474612
vt -0.736573 1.349219
vt -0.736573 1.448924
vt 0.750686 -0.827539
vt 0.811026 -0.907631
vt 0.811026 -0.822906
vt -0.844300 1.474612
vt -0.798891 1.351202
vt -0.798891 1.450962
vt -0.690389 1.439605
vt -0.629909 1.356420
vt -0.629909 1.443444
vt -0.759323 2.017612
vt -0.759323 1.749014
vt -0.715914 1.851965
vt -0.538550 1.370752
vt -0.573630 1.547548
vt -0.562345 1.370752
vt -0.749480 -0.470628
vt -0.749480 -0.743859
vt -0.706000 -0.639791
vt -0.964070 -0.617167
vt -0.944871 -0.549297
vt -0.964070 -0.552452
vt 0.639631 0.922330
vt 0.646720 0.891433
vt 0.633521 0.923210
vt -0.633388 -0.167870
vt -0.689487 -0.000484
vt -0.657905 -0.167870
vt -0.146533 -0.798822
vt -0.168498 -0.705714
vt -0.127668 -0.801184
vt 1.456373 -0.797326
vt 1.434055 -0.705552
vt 1.475463 -0.799399
vt -0.936579 1.640656
vt -0.955435 1.565449
vt -0.936579 1.564151
vt 0.901134 0.815342
vt 0.908973 0.780873
vt 0.894585 0.814782
vt -0.681484 1.730123
vt -0.656300 1.730123
vt -0.714328 1.060819
vt -0.738358 1.166212
vt -0.694372 1.062378
vt -0.955273 1.485122
vt -0.936579 1.553894
vt -0.955273 1.549892
vt -0.793267 0.748223
vt -0.793267 0.512250
vt -0.749642 0.604088
vt -0.780432 1.730123
vt -0.780432 1.485086
vt -0.736591 1.579005
vt -0.695743 -0.478758
vt -0.695743 -0.749357
vt -0.652839 -0.645271
vt -0.939788 0.197648
vt -0.958860 0.122192
vt -0.939788 0.121052
vt 1.579044 -0.965605
vt 1.535618 -0.804501
vt 1.553861 -0.965605
vt -0.673570 2.017612
vt -0.649090 2.016387
vt -0.936579 1.728698
vt -0.955201 1.653617
vt -0.936579 1.652193
vt 0.029274 0.924955
vt 0.036392 0.895607
vt 0.023145 0.925993
vt -0.758638 0.287001
vt -0.758638 0.017534
vt -0.715482 0.121066
vt -0.968865 1.334392
vt -0.949991 1.277175
vt -0.949991 1.338520
vt 1.162078 -0.971662
vt 1.133659 -0.804284
vt 1.137571 -0.971662
vt 0.784064 0.840925
vt 0.783135 0.899224
vt 0.781322 0.899321
vt 0.001684 0.854568
vt 0.003498 0.926836
vt 0.001684 0.926905
vt 0.920098 0.645365
vt 0.918283 0.569940
vt 0.920098 0.569960
vt 0.892532 0.664466
vt 0.894351 0.719076
vt 0.892532 0.719204
vt 0.917198 0.799983
vt 0.915262 0.724286
vt 0.917086 0.724286
vt -0.361050 -0.716116
vt -0.376175 -0.770917
vt -0.370658 -0.771223
vt 1.553266 -0.575868
vt 1.486513 -0.794243
vt 1.585443 -0.786312
vt 0.817390 0.895483
vt 0.812852 0.836287
vt 0.814665 0.836380
vt -0.943627 0.665643
vt -0.949180 0.596321
vt -0.943627 0.596115
vt 0.933851 -0.781318
vt 0.835250 -0.575346
vt 0.874453 -0.785464
vt 0.484109 0.847792
vt 0.485924 0.923065
vt 0.484109 0.923088
vt 0.800254 0.156116
vt 0.802076 0.219886
vt 0.800254 0.219971
vt -0.933118 0.772298
vt -0.927584 0.828239
vt -0.933118 0.827743
vt -0.510194 -0.803113
vt -0.598254 -1.004615
vt -0.493663 -1.004615
vt -0.940220 -0.700937
vt -0.945773 -0.778632
vt -0.940220 -0.778668
vt 1.891717 -0.794424
vt 1.796518 -0.587027
vt 1.831237 -0.795451
vt 0.347357 0.849541
vt 0.349180 0.924063
vt 0.347357 0.924087
vt -0.822759 1.332833
vt -0.915920 1.128329
vt -0.812880 1.128329
vt -0.954714 -0.951436
vt -0.949162 -0.877148
vt -0.954714 -0.877274
vt -0.810068 0.539758
vt -0.906564 0.742711
vt -0.871881 0.538749
vt -0.213881 -0.575490
vt -0.314622 -0.780237
vt -0.213881 -0.784689
vt 1.297747 -1.005769
vt 1.377037 -0.804284
vt 1.272446 -0.804284
vt 0.474842 -1.006706
vt 0.404501 -0.801923
vt 0.412152 -1.003948
vt -0.849186 0.308582
vt -0.917561 0.514226
vt -0.910999 0.309591
vt -0.815891 1.802788
vt -0.882012 2.012925
vt -0.876388 1.803816
vt 1.643562 -0.584755
vt 1.744313 -0.789502
vt 1.704005 -0.582087
vt 1.069430 -0.787195
vt 0.970833 -0.584810
vt 1.010275 -0.794009
vt -0.850592 -0.185302
vt -0.912351 -0.393033
vt -0.809419 -0.388057
vt 0.452288 -0.573128
vt 0.519042 -0.791503
vt 0.511643 -0.577887
vt -0.447876 -0.803113
vt -0.359824 -1.004615
vt -0.385125 -0.803113
vt 0.087564 0.926510
vt 0.123092 0.924873
vt 0.126438 0.928223
vt 0.925760 0.794851
vt 0.962343 0.793233
vt 0.965479 0.796771
vt 0.778020 0.997516
vt 0.815261 0.994051
vt 0.818378 0.997516
vt 0.821747 0.997516
vt 0.859206 0.994051
vt 0.862105 0.997516
vt 0.966142 0.297066
vt 0.929680 0.293684
vt 0.963519 0.293684
vt 0.729651 0.925183
vt 0.766076 0.920376
vt 0.768525 0.923470
vt 0.947311 0.179981
vt 0.950272 0.217412
vt 0.947305 0.220421
vt 0.726282 0.965379
vt 0.723298 0.931684
vt 0.726282 0.927964
vt 0.969511 0.256830
vt 0.972670 0.284866
vt 0.969511 0.285425
vt 0.748897 0.928552
vt 0.751964 0.963975
vt 0.748897 0.965846
vt 0.784434 0.173410
vt 0.787443 0.210856
vt 0.784397 0.213850
vt 0.350422 0.964977
vt 0.347357 0.931129
vt 0.350422 0.927455
vt 0.458977 0.963397
vt 0.455824 0.938101
vt 0.458977 0.934384
vt 0.622091 0.929195
vt 0.625038 0.963704
vt 0.622091 0.965262
vt 0.697850 0.925487
vt 0.700775 0.962996
vt 0.697850 0.965805
vt 0.298518 0.965371
vt 0.295583 0.930547
vt 0.298518 0.926905
vt -0.455808 -0.703010
vt -0.455844 -0.758443
vt -0.448110 -0.746797
vt -0.958265 -0.096422
vt -0.948927 -0.028714
vt -0.958265 -0.038439
vt -0.954606 0.216522
vt -0.945394 0.287001
vt -0.954660 0.279399
vt -0.943393 0.856059
vt -0.952713 0.793393
vt -0.943393 0.797715
vt -0.383899 -0.759290
vt -0.366576 -0.715827
vt -0.376157 -0.714836
vt -0.958157 0.599605
vt -0.949180 0.665850
vt -0.958157 0.655683
vt -0.954696 -0.709031
vt -0.945773 -0.700901
vt -0.940220 -0.886684
vt -0.949162 -0.951292
vt -0.940220 -0.946479
vt 1.897341 -0.804068
vt -0.803524 0.529566
vt 1.367690 -1.016332
vt 1.360498 -1.005769
vt 0.482226 -1.017612
vt -0.840911 0.298146
vt -0.807003 1.792892
vt -0.949252 -0.859356
vt -0.940238 -0.788926
vt -0.949270 -0.796479
vt -0.943393 0.044060
vt -0.952497 -0.018249
vt -0.943393 -0.014112
vt 0.420113 -0.783572
vt 0.442952 -0.564601
vt 0.408261 -0.791503
vt -0.448110 -0.536065
vt -0.465380 -0.704146
vt 1.633376 -0.578590
vt 1.643562 -0.793937
vt -0.433274 1.356754
vt -0.424261 1.547548
vt -0.433274 1.537129
vt -0.921905 -0.183058
vt -0.912351 -0.188295
vt 0.946105 -0.783770
vt 0.955019 -0.564439
vt 0.946105 -0.573218
vt -0.787264 1.042161
vt -0.778215 0.821060
vt -0.778215 1.033932
vt 1.123780 -0.575165
vt 1.114866 -0.789773
vt 1.123780 -0.784058
vt -0.933136 0.053876
vt -0.924014 -0.145265
vt -0.924014 0.043731
vt -0.813475 1.338520
vt -0.383899 -0.549892
vt -0.203695 -0.569343
vt 2.007791 -0.799922
vt 1.998471 -0.590506
vt 1.998471 -0.794838
vt 1.562604 -0.567342
vt -0.778161 0.287001
vt -0.768895 0.065850
vt -0.768895 0.278840
vt 0.865467 -0.794983
vt -0.759016 0.501992
vt -0.749642 0.302286
vt -0.749642 0.492023
vt 1.822350 -0.805348
vt -0.705279 -0.167185
vt -0.714400 -0.012255
vt -0.714400 -0.166870
vt -0.880174 0.528314
vt -0.768895 -0.167807
vt -0.777836 0.035714
vt -0.777836 -0.163553
vt -0.788868 -0.691672
vt -0.779819 -0.470628
vt -0.788868 -0.478867
vt -0.768967 -0.183058
vt -0.760386 -0.404579
vt -0.760062 -0.190764
vt -0.184371 -0.583187
vt -0.193429 -0.793090
vt -0.184371 -0.788024
vt 0.508988 -0.806519
vt -0.490347 1.535813
vt -0.499576 1.368571
vt -0.490347 1.369823
vt -0.814520 0.512545
vt -0.642582 -0.928380
vt -0.633208 -0.730123
vt -0.642582 -0.740127
vt -0.781189 2.011213
vt 0.529300 -0.780057
vt 0.538572 -0.559122
vt 0.529300 -0.567378
vt 1.080003 -0.794910
vt 1.069430 -0.573453
vt 1.622380 -0.586215
vt 1.613060 -0.796659
vt 1.622380 -0.791449
vt 0.405715 0.862859
vt 0.410845 0.856775
vt 0.411193 0.857061
vt 0.667970 0.746242
vt 0.669191 0.840483
vt 0.667970 0.840938
vt 1.794085 -0.249108
vt 1.766702 -0.310894
vt 1.770596 -0.311958
vt 0.107291 0.745886
vt 0.098258 0.766239
vt 0.106018 0.745535
vt 0.116416 0.766802
vt 0.111936 0.849988
vt 0.110660 0.850338
vt 0.571678 0.966752
vt 0.570377 0.938096
vt 0.571678 0.937999
vt 1.869580 -0.249108
vt 1.865650 -0.569397
vt 1.869580 -0.570334
vt 1.851679 -0.815605
vt 1.847732 -0.910299
vt 1.851697 -0.910299
vt -0.251042 1.354789
vt -0.247257 1.494622
vt -0.251042 1.494099
vt -0.932162 -0.183058
vt -0.936128 -0.270785
vt -0.932162 -0.270487
vt 0.774407 0.173568
vt 0.775668 0.219061
vt 0.774407 0.219219
vt 1.387294 -0.249360
vt 1.419219 -0.314599
vt 1.391125 -0.248188
vt 1.790208 -0.566963
vt 1.794085 -0.568027
vt 0.642585 -0.912967
vt 0.646560 -0.823122
vt 0.642585 -0.822906
vt -0.590070 1.052419
vt -0.680961 1.156676
vt -0.684115 1.154576
vt 1.797275 -0.815605
vt 1.793309 -0.910065
vt 1.797275 -0.910011
vt 1.447251 -0.249378
vt 1.443321 -0.561843
vt 1.447251 -0.562781
vt 0.442177 -0.249757
vt 0.445906 -0.549333
vt 0.445906 -0.248459
vt 0.497761 0.746088
vt 0.496471 0.845896
vt 0.496471 0.745781
vt 1.828191 -0.249099
vt 1.832121 -0.569162
vt 1.832121 -0.248170
vt 0.639489 0.746172
vt 0.638254 0.843711
vt 0.638254 0.745752
vt -0.348287 -0.237480
vt -0.344565 -0.495956
vt -0.344565 -0.235984
vt 0.384282 0.746106
vt 0.382994 0.846535
vt 0.382994 0.745788
vt -0.306411 -0.237327
vt -0.302482 -0.557950
vt -0.302482 -0.236417
vt 1.415389 -0.315770
vt 1.391125 -0.558346
vt 0.772540 0.742107
vt 0.771258 0.847363
vt 0.771258 0.741804
vt 0.018438 -0.249621
vt 0.022233 -0.544484
vt 0.022233 -0.248378
vt 1.628780 -0.313553
vt 1.611438 -0.564097
vt 1.632673 -0.312525
vt 0.898064 -0.249567
vt 0.901971 -0.556868
vt 0.901971 -0.248567
vt 1.879837 -0.249108
vt 1.883749 -0.569451
vt 1.883749 -0.248179
vt 0.507060 0.746095
vt 0.505805 0.845721
vt 0.505805 0.745711
vt 1.715307 -0.311895
vt 1.695569 -0.566296
vt 1.719201 -0.310822
vt 0.419057 -0.249757
vt 0.422955 -0.549243
vt 0.422955 -0.248711
vt 0.748568 0.173585
vt 0.749813 0.219084
vt 0.748568 0.219259
vt -0.932162 -0.368516
vt -0.936146 -0.281285
vt -0.936146 -0.368760
vt -0.718132 1.726896
vt -0.721863 1.467780
vt -0.718132 1.466302
vt 1.874393 -0.815605
vt 1.870427 -0.910299
vt 1.874411 -0.910299
vt 0.312134 -0.921512
vt 0.316124 -0.834154
vt 0.312134 -0.833920
vt 0.408798 -0.249802
vt 0.405081 -0.547927
vt 0.408798 -0.549243
vt -0.188003 1.351003
vt -0.184182 1.494622
vt -0.188003 1.494207
vt 1.751758 -0.249135
vt 1.747864 -0.567378
vt 1.751758 -0.568333
vt 0.693133 0.965322
vt 0.691879 0.929938
vt 0.693133 0.930243
vt 0.821747 0.803497
vt 0.842772 0.832135
vt 0.841560 0.832543
vt 0.355998 0.746124
vt 0.357282 0.847128
vt 0.355998 0.847457
vt -0.684187 0.456453
vt -0.688009 0.306448
vt -0.684187 0.306346
vt 0.371251 0.746104
vt 0.372538 0.846630
vt 0.371251 0.846948
vt 0.766735 0.219289
vt 0.765474 0.173410
vt 0.766735 0.173566
vt -0.724657 -0.001088
vt -0.728479 -0.134764
vt -0.724657 -0.135368
vt 1.817934 -0.249099
vt 1.814004 -0.569108
vt 1.817934 -0.570028
vt 2.013307 -0.474252
vt 1.945581 -0.567991
vt 1.949240 -0.569360
vt 0.792191 0.804749
vt 0.814935 0.832486
vt 0.813744 0.832918
vt 0.877434 0.514266
vt 0.878692 0.563704
vt 0.877429 0.563705
vt 0.837859 -0.249423
vt 0.833929 -0.554723
vt 0.837859 -0.555642
vt 0.865891 0.514266
vt 0.867131 0.563704
vt 0.865883 0.563705
vt -0.933406 1.474612
vt -0.937427 1.387102
vt -0.933406 1.387291
vt 0.008181 -0.249630
vt 0.004387 -0.544069
vt 0.008181 -0.545331
vt -0.098465 -0.250577
vt -0.102268 -0.519949
vt -0.098465 -0.521265
vt 1.897269 -0.815605
vt 1.893339 -0.910299
vt 1.897341 -0.910281
vt 0.060634 -0.249720
vt 0.056880 -0.546413
vt 0.060634 -0.547692
vt -0.579723 0.456546
vt -0.583346 0.305995
vt -0.579597 0.305988
vt 0.334872 -0.921764
vt 0.338881 -0.834100
vt 0.334872 -0.833920
vt 0.853082 0.477355
vt 0.885397 0.510195
vt 0.884371 0.510898
vt 1.607544 -0.249026
vt 1.611438 -0.247999
vt 1.925283 -0.249117
vt 1.921371 -0.569541
vt 1.925283 -0.570478
vt -0.934181 1.058782
vt -0.938147 1.142913
vt -0.938147 1.058467
vt 2.009666 -0.472882
vt 1.941182 -0.565070
vt 1.998885 -0.469349
vt 1.937721 -0.560113
vt 1.935540 -0.553605
vt 0.665035 -0.545223
vt 0.540204 -0.541347
vt 0.534398 -0.545602
vt 0.661211 -0.540987
vt 0.546147 -0.536516
vt 0.777413 0.173563
vt 0.777413 0.218681
vt -0.349153 1.494153
vt -0.354777 1.358881
vt -0.349153 1.356745
vt -0.354777 1.491576
vt -0.360158 1.361792
vt 1.095064 -0.550757
vt 1.224324 -0.549621
vt 1.100706 -0.546359
vt 1.106619 -0.541509
vt 0.880443 0.514554
vt 0.880438 0.563415
vt -0.662916 0.455677
vt -0.668522 0.309417
vt -0.662916 0.306871
vt -0.668541 0.453126
vt -0.673912 0.313383
vt 1.080003 -0.554182
vt 0.949701 -0.549477
vt 0.944514 -0.554182
vt 1.069772 -0.544394
vt 0.955339 -0.544394
vt 0.765474 0.219133
vt 0.763730 0.173564
vt -0.307475 1.494153
vt -0.301851 1.358665
vt -0.301851 1.491576
vt -0.296470 1.361594
vt -0.296470 1.487159
vt 1.592943 -0.553335
vt 1.462177 -0.552253
vt 1.457508 -0.557084
vt 1.581856 -0.543853
vt 1.467459 -0.547026
vt 0.691879 0.965017
vt 0.690141 0.929911
vt -0.193429 -0.475207
vt -0.129957 -0.557175
vt -0.187832 -0.473369
vt -0.182343 -0.471620
vt 1.372233 -0.550757
vt 1.242972 -0.549621
vt 1.238781 -0.554290
vt 1.366600 -0.546359
vt 1.247957 -0.544484
vt 0.751546 0.173538
vt 0.751546 0.218679
vt -0.270367 1.494226
vt -0.276009 1.358971
vt -0.270367 1.356754
vt -0.276009 1.491738
vt -0.281471 1.361964
vt -0.286204 1.481607
vt -0.286204 1.365425
vt 0.800120 -0.541347
vt 0.683844 -0.536192
vt 0.679114 -0.540987
vt 0.867139 0.514266
vt 0.868866 0.563415
vt -0.627674 0.306871
vt -0.633334 0.453126
vt -0.633298 0.309417
vt -0.638742 0.313383
vt -0.643483 0.444143
vt -0.643465 0.318381
vt 0.365659 -0.536480
vt 0.251366 -0.525177
vt 0.246773 -0.529414
vt -0.247257 1.355321
vt -0.241975 1.494226
vt -0.241975 1.356547
vt -0.236333 1.491738
vt -0.230880 1.361775
vt -0.230880 1.487375
vt -0.226148 1.481607
vt -0.566509 -0.204005
vt -0.678906 -0.194352
vt -0.571106 -0.207538
vt 0.822959 0.803090
vt 0.844241 0.831235
vt -0.552665 -0.508773
vt -0.498657 -0.419550
vt -0.556252 -0.503978
vt -0.206481 -0.559085
vt -0.262616 -0.476415
vt -0.268168 -0.478326
vt -0.204335 -0.552704
vt -0.257676 -0.474721
vt 0.256873 -0.559176
vt 0.372005 -0.578807
vt 0.376734 -0.575796
vt -0.583274 1.058295
vt -0.676220 1.159263
vt -0.670523 1.161399
vt -0.580750 1.063902
vt -0.664394 1.162895
vt -0.579597 1.070779
vt -0.658463 1.163589
vt -0.581670 1.085615
vt -0.653290 1.163418
vt -0.583490 0.456554
vt -0.588592 0.306878
vt -0.594379 0.453124
vt -0.594252 0.309420
vt -0.599751 0.313372
vt -0.604672 0.444108
vt -0.604564 0.318350
vt -0.608223 0.323864
vt -0.582715 0.571103
vt -0.681610 0.472770
vt -0.678004 0.468951
vt -0.593135 0.575900
vt -0.684079 0.478399
vt -0.599264 0.577400
vt -0.685197 0.485286
vt -0.684837 0.492759
vt -0.610476 0.577884
vt -0.683052 0.500084
vt -0.397780 -0.426787
vt -0.467777 -0.509746
vt -0.463415 -0.512577
vt -0.402908 -0.424958
vt -0.471184 -0.504879
vt -0.408532 -0.423002
vt -0.473293 -0.498480
vt -0.414103 -0.421118
vt -0.473906 -0.491143
vt 0.026550 -0.558617
vt -0.091614 -0.572822
vt 0.020656 -0.562438
vt -0.733761 -0.000808
vt -0.733761 -0.133521
vt -0.739403 -0.131447
vt -0.739403 -0.003278
vt -0.744829 -0.128743
vt -0.744829 -0.007658
vt -0.749516 -0.125679
vt -0.495052 -0.528386
vt -0.610188 -0.547999
vt -0.500892 -0.532839
vt -0.688009 0.456554
vt -0.693309 0.307399
vt -0.698933 0.453175
vt -0.698933 0.309902
vt -0.704341 0.313712
vt -0.709010 0.443837
vt -0.709010 0.318456
vt -0.709100 1.022963
vt -0.596578 1.031093
vt -0.590701 1.035825
vt -0.184182 1.351409
vt -0.178882 1.494081
vt -0.173248 1.354825
vt -0.173248 1.491522
vt -0.167831 1.358025
vt -0.167831 1.487159
vt -0.163153 1.481445
vt 0.110402 -0.536480
vt 0.224695 -0.525177
vt 0.116292 -0.531613
vt 0.654156 -0.260978
vt 0.587748 -0.256255
vt 0.592068 -0.261167
vt 0.658802 -0.256048
vt 0.583408 -0.251730
vt 0.662552 -0.251496
vt 0.579471 -0.248017
vt 1.651457 -0.309272
vt 1.676370 -0.247773
vt 1.671575 -0.249694
vt 1.660002 -0.311471
vt 1.681418 -0.248044
vt 1.212670 -0.262637
vt 1.144826 -0.255886
vt 1.149243 -0.260960
vt 1.221403 -0.253479
vt 1.140554 -0.251334
vt 1.224234 -0.250081
vt 1.136832 -0.247773
vt -0.946061 1.470160
vt -0.942257 1.387246
vt -0.942257 1.473207
vt -0.937427 1.474414
vt 1.047599 -0.260410
vt 0.978548 -0.255453
vt 0.983199 -0.260410
vt 1.052250 -0.255453
vt 0.974249 -0.251091
vt 1.059470 -0.247773
vt 0.970725 -0.247773
vt 1.884668 -0.818543
vt 1.888526 -0.909578
vt 1.888436 -0.816362
vt 1.893267 -0.815623
vt 1.546146 -0.260753
vt 1.476995 -0.257706
vt 1.481772 -0.262538
vt 1.550670 -0.255660
vt 1.472795 -0.253461
vt 1.554834 -0.251190
vt 1.469568 -0.250225
vt 0.347518 -0.920827
vt 0.343714 -0.835308
vt 0.343714 -0.921782
vt 0.338881 -0.921944
vt 1.318054 -0.260960
vt 1.249877 -0.257806
vt 1.254627 -0.262637
vt 1.326743 -0.251334
vt 1.245893 -0.253479
vt 1.243063 -0.250081
vt 1.621263 -0.249739
vt 1.637396 -0.311291
vt 1.641200 -0.310344
vt 0.686169 -0.260978
vt 0.752579 -0.256255
vt 0.681522 -0.256048
vt 0.677775 -0.251496
vt 0.760854 -0.248017
vt 0.675292 -0.247773
vt -0.946584 1.058971
vt -0.942906 1.141515
vt -0.946584 1.138271
vt -0.942906 1.058394
vt 0.314452 -0.265476
vt 0.248932 -0.256778
vt 0.253452 -0.261852
vt 0.318740 -0.260924
vt 0.245385 -0.251920
vt 0.327222 -0.252767
vt 0.243159 -0.247773
vt 1.784927 -0.907559
vt 1.788568 -0.816524
vt 1.784927 -0.818904
vt 1.793309 -0.815659
vt -0.637120 -0.446256
vt -0.572044 -0.458839
vt -0.576478 -0.453665
vt -0.641464 -0.450348
vt -0.568618 -0.463941
vt -0.645935 -0.454495
vt -0.566509 -0.468501
vt 0.654960 -0.911867
vt 0.651312 -0.824330
vt 0.651312 -0.912985
vt 0.646560 -0.913183
vt 0.304098 -0.796226
vt 0.370103 -0.809746
vt 0.365598 -0.804771
vt 0.299720 -0.799994
vt 0.373672 -0.814902
vt 0.295279 -0.804014
vt 0.375956 -0.819679
vt 0.291204 -0.807926
vt 0.376734 -0.823645
vt 1.423798 -0.313147
vt 0.159925 -0.772575
vt 0.227800 -0.782977
vt 0.223109 -0.778434
vt 0.151173 -0.780417
vt 0.231707 -0.787862
vt 0.147370 -0.784581
vt 0.234439 -0.792657
vt 0.144472 -0.788385
vt 0.235732 -0.796839
vt -0.940833 -0.270767
vt -0.936128 -0.183355
vt -0.940833 -0.184698
vt -0.885131 -0.673537
vt -0.815891 -0.677503
vt -0.820740 -0.673537
vt -0.889583 -0.677503
vt -0.811618 -0.681955
vt -0.893694 -0.681955
vt -0.808301 -0.686480
vt -0.897047 -0.686480
vt -0.806318 -0.690644
vt 1.843009 -0.816344
vt 1.847714 -0.815605
vt -0.915344 -0.902494
vt -0.846536 -0.907253
vt -0.850952 -0.903251
vt -0.920229 -0.906387
vt -0.842480 -0.911759
vt -0.927926 -0.915293
vt -0.839181 -0.916320
vt -0.929963 -0.919439
vt -0.836964 -0.920520
vt 0.286094 -0.835542
vt 0.281371 -0.921782
vt 0.286094 -0.921746
vt -0.083962 -0.780615
vt -0.016353 -0.778452
vt -0.020779 -0.774756
vt -0.092561 -0.790043
vt -0.012027 -0.782598
vt -0.008223 -0.786762
vt -0.095292 -0.794838
vt -0.005321 -0.790584
vt 1.785143 -0.247773
vt 1.790208 -0.248035
vt -0.603770 -0.773963
vt -0.537901 -0.769204
vt -0.542282 -0.765437
vt -0.608277 -0.778957
vt -0.533448 -0.773224
vt -0.614136 -0.788890
vt -0.529374 -0.777136
vt -0.526076 -0.780543
vt -0.940924 -0.282556
vt -0.702503 0.773181
vt -0.637480 0.775632
vt -0.641753 0.779783
vt -0.706991 0.768075
vt -0.633064 0.771428
vt -0.712670 0.758480
vt -0.628954 0.767579
vt 1.861955 -0.907415
vt 1.865632 -0.816344
vt 1.861955 -0.818507
vt 1.870409 -0.815605
vt 0.222608 -0.261852
vt 0.157320 -0.260924
vt 0.161611 -0.265485
vt 0.227129 -0.256778
vt 0.152922 -0.256544
vt 0.232902 -0.247773
vt 0.148839 -0.252767
vt 0.324615 -0.920773
vt 0.320906 -0.835416
vt 0.320906 -0.921656
vt 0.316124 -0.921746
vt -0.489283 -0.524997
vt -0.484163 -0.523014
vt 0.911025 -0.550270
vt 0.906847 -0.247773
vt 0.906847 -0.554525
vt -0.704540 1.019358
vt -0.710506 0.763009
vt 1.907598 -0.559284
vt 1.911564 -0.248927
vt 1.907598 -0.251541
vt 1.911564 -0.563971
vt 1.916323 -0.247773
vt 1.916305 -0.567504
vt 1.921371 -0.248188
vt 1.897341 -0.559248
vt 1.893484 -0.248946
vt 1.893484 -0.563899
vt 1.888797 -0.247773
vt 1.888797 -0.567414
vt 1.587625 -0.548792
vt 1.558277 -0.247773
vt 1.434055 -0.555516
vt 1.438382 -0.247773
vt 1.434055 -0.248251
vt 1.438382 -0.559608
vt 1.443321 -0.248432
vt 0.357282 0.745795
vt 0.358883 0.846359
vt 0.925469 -0.247773
vt 0.921282 -0.550577
vt 0.925469 -0.554831
vt -0.650081 -0.458280
vt -0.690515 -0.185645
vt -0.695743 -0.183058
vt -0.684710 -0.189538
vt 0.450901 -0.547134
vt 0.450901 -0.247773
vt 0.455890 -0.544051
vt 0.455890 -0.249072
vt 0.460384 -0.540374
vt 0.460384 -0.252226
vt 0.463945 -0.536480
vt 0.463945 -0.256949
vt -0.810320 -0.705696
vt -0.804461 -0.702704
vt -0.799126 -0.700901
vt 0.492262 -0.544105
vt 0.487976 -0.249189
vt 0.487976 -0.547783
vt 0.483069 -0.247765
vt 0.483069 -0.550811
vt 0.478023 -0.248305
vt 0.478023 -0.552884
vt -0.088658 -0.785158
vt -0.419078 -0.419487
vt -0.470626 -0.188295
vt -0.473906 -0.193621
vt -0.466389 -0.184653
vt -0.461630 -0.183058
vt 1.785395 -0.564421
vt 1.762015 -0.309650
vt 0.529300 -0.548864
vt -0.637552 -0.716945
vt -0.642582 -0.478758
vt -0.642582 -0.719865
vt 1.700364 -0.563754
vt 1.219340 -0.544484
vt 1.217420 -0.257806
vt -0.034055 -0.528530
vt -0.029549 -0.249081
vt -0.034055 -0.252334
vt -0.029549 -0.531811
vt -0.024555 -0.247773
vt -0.024555 -0.534713
vt -0.019562 -0.248540
vt 0.004387 -0.248378
vt -0.000643 -0.541978
vt -0.000643 -0.247773
vt -0.005582 -0.539076
vt 0.805929 -0.545602
vt 0.811026 -0.548864
vt 0.756919 -0.251730
vt 0.794180 -0.536516
vt 0.506449 -0.248522
vt 0.511395 -0.551136
vt 0.511396 -0.247773
vt 0.515734 -0.546899
vt 0.515734 -0.247981
vt 0.519042 -0.541131
vt 0.519042 -0.249135
vt 0.230766 -0.570641
vt 0.235732 -0.567846
vt -0.583094 1.335906
vt -0.587294 1.338520
vt 0.431920 -0.542411
vt 0.427799 -0.247792
vt 0.427799 -0.546809
vt -0.923456 -0.475532
vt -0.929278 -0.472485
vt 1.852040 -0.559212
vt 1.855916 -0.248946
vt 1.852040 -0.251595
vt 1.855916 -0.563862
vt 1.860603 -0.247773
vt 1.860603 -0.567378
vt 1.865650 -0.248179
vt 1.837168 -0.567161
vt 1.837168 -0.247773
vt 1.841783 -0.563682
vt 1.841783 -0.248981
vt -0.584842 1.039638
vt 0.074655 -0.248432
vt 0.079666 -0.544610
vt 0.079666 -0.247773
vt 0.084637 -0.541599
vt 0.084637 -0.249126
vt 0.089071 -0.538048
vt 0.089071 -0.252352
vt 0.262716 -0.563646
vt 0.251109 -0.555787
vt -0.551493 -0.183058
vt -0.556252 -0.184752
vt -0.726316 1.470845
vt -0.721863 1.728374
vt -0.726316 1.730123
vt -0.737582 1.040810
vt -0.732806 0.787079
vt -0.732806 1.042161
vt -0.727758 0.790000
vt -0.727758 1.041341
vt -0.722927 0.792911
vt -0.722927 1.038430
vt 0.852037 -0.248540
vt 0.856954 -0.553046
vt 0.856954 -0.247773
vt 0.861222 -0.548810
vt 0.861222 -0.247999
vt 0.359769 -0.531613
vt 0.323141 -0.256544
vt 0.371504 -0.540590
vt 1.804342 -0.563628
vt 1.808974 -0.247773
vt 1.804342 -0.248981
vt 1.808974 -0.567089
vt 1.814004 -0.248170
vt -0.297452 -0.555895
vt -0.297452 -0.235984
vt -0.292864 -0.552253
vt -0.292864 -0.237039
vt -0.289169 -0.547404
vt -0.289169 -0.239490
vt -0.803777 -0.472485
vt -0.809022 -0.475532
vt 0.229287 -0.529414
vt 0.230676 -0.251920
vt 0.821284 -0.542519
vt 0.824618 -0.248026
vt 0.821284 -0.249252
vt 0.824618 -0.548251
vt 0.828976 -0.247773
vt 0.828976 -0.552452
vt 0.833929 -0.248495
vt 1.360678 -0.541509
vt 1.322471 -0.255886
vt 1.330465 -0.247773
vt -0.349603 -0.745301
vt -0.344565 -0.507709
vt -0.349603 -0.508322
vt -0.106883 -0.517101
vt -0.102268 -0.249252
vt -0.106883 -0.247765
vt -0.220803 -0.236561
vt -0.273783 -0.480291
vt -0.215963 -0.235984
vt -0.211194 -0.237607
vt -0.206967 -0.241266
vt -0.203695 -0.246611
vt 0.386992 -0.535146
vt 0.390583 -0.252217
vt 0.386992 -0.256949
vt 0.390583 -0.538986
vt 0.395098 -0.249053
vt 0.395098 -0.542627
vt 0.400094 -0.247773
vt 0.400094 -0.545709
vt 0.405081 -0.248486
vt 1.075207 -0.549477
vt 1.056333 -0.251091
vt 1.734128 -0.557625
vt 1.738075 -0.249072
vt 1.734128 -0.251938
vt 1.738075 -0.562006
vt 1.742799 -0.247773
vt 1.742799 -0.565359
vt 1.747864 -0.248170
vt -0.330405 -0.236408
vt -0.325348 -0.555841
vt -0.325348 -0.235984
vt -0.320616 -0.552289
vt -0.320616 -0.237120
vt -0.316669 -0.547566
vt -0.316669 -0.239698
vt -0.924754 -0.704362
vt -0.605249 0.578084
vt -0.681682 0.748223
vt -0.685197 0.743802
vt 0.871483 -0.543366
vt 0.874692 -0.248017
vt 0.871483 -0.249243
vt 0.874692 -0.549117
vt 0.878964 -0.247773
vt 0.374153 0.845872
vt 0.372538 0.745786
vt 0.374153 0.745535
vt 0.104556 -0.540590
vt 0.099329 -0.543546
vt 0.032202 -0.539490
vt 0.027262 -0.247773
vt 0.027262 -0.542393
vt 0.656484 -0.536192
vt 1.993315 -0.467852
vt 1.939740 -0.249306
vt 1.935540 -0.252911
vt 1.944481 -0.247773
vt 1.672711 -0.563340
vt 1.655279 -0.310209
vt 1.616287 -0.561591
vt -0.136627 -0.235984
vt -0.131859 -0.237661
vt -0.127668 -0.241374
vt 0.118491 -0.560257
vt 0.155500 -0.776271
vt 0.112596 -0.556435
vt 0.042459 -0.537706
vt 0.046898 -0.249117
vt 0.042459 -0.252352
vt 0.046898 -0.541257
vt 0.051864 -0.247765
vt 0.051864 -0.544249
vt 0.056880 -0.248432
vt 0.705600 0.041320
vt 0.711183 0.081860
vt 0.704919 0.081755
vt 0.686772 0.929911
vt 0.684938 0.965542
vt 0.684938 0.930015
vt 0.766637 0.928552
vt 0.768525 0.965071
vt 0.766637 0.965071
vt 0.613532 0.965426
vt 0.611733 0.929267
vt 0.613532 0.929195
vt 0.342100 0.965078
vt 0.343988 0.928559
vt 0.343988 0.965078
vt 0.585364 0.965714
vt 0.587148 0.929195
vt 0.587148 0.965714
vt 0.355998 0.928583
vt 0.357887 0.965102
vt 0.355998 0.965102
vt 0.967421 0.418548
vt 0.969246 0.485227
vt 0.967421 0.485282
vt 0.616901 0.929263
vt 0.618723 0.965262
vt 0.616901 0.965330
vt 0.303707 0.922119
vt 0.301886 0.849553
vt 0.303707 0.849602
vt -0.480090 1.357917
vt -0.474537 1.547548
vt -0.480090 1.547260
vt 0.030673 0.958590
vt 0.028871 0.929361
vt 0.030673 0.929577
vt 0.478919 0.847785
vt 0.480740 0.923106
vt 0.478919 0.923123
vt -0.943393 0.953943
vt -0.948927 0.875983
vt -0.943393 0.875983
vt 0.535683 0.964221
vt 0.533870 0.926609
vt 0.535683 0.926698
vt 0.704688 0.121435
vt 0.711183 0.158941
vt 0.704919 0.158836
vt 0.361255 0.928583
vt 0.363144 0.965102
vt 0.361255 0.965102
vt 0.705600 0.192520
vt 0.712972 0.221298
vt 0.706707 0.221193
vt 0.308141 0.928559
vt 0.310029 0.965078
vt 0.308141 0.965078
vt 0.201901 0.890458
vt 0.195254 0.853400
vt 0.201497 0.853099
vt 0.794834 0.391105
vt 0.793262 0.388855
vt 0.794834 0.388761
vt 0.760590 0.965071
vt 0.762478 0.928552
vt 0.762478 0.965071
vt 0.695100 0.838727
vt 0.696975 0.841058
vt 0.695100 0.841075
vt 0.334426 0.928559
vt 0.336314 0.965078
vt 0.334426 0.965078
vt 0.707611 0.039431
vt 0.706707 0.001684
vt 0.708611 0.003639
vt 0.706657 0.119544
vt 0.706865 0.083711
vt 0.707525 0.190920
vt 0.706909 0.160502
vt 0.199931 0.892183
vt 0.201497 0.924102
vt 0.199566 0.922565
vt 0.709961 0.039470
vt 0.712972 0.001789
vt 0.710961 0.003678
vt 0.860982 0.825752
vt 0.859353 0.821383
vt 0.860982 0.823402
vt 0.907715 0.716229
vt 0.906005 0.711996
vt 0.907715 0.713881
vt 0.908325 0.410195
vt 0.910036 0.405822
vt 0.910036 0.412081
vt 0.850729 0.825669
vt 0.848782 0.821383
vt 0.850729 0.823322
vt 0.855985 0.825725
vt 0.854098 0.821383
vt 0.855985 0.823378
vt 0.711865 0.041425
vt 0.709007 0.119583
vt 0.710953 0.121540
vt 0.709875 0.190959
vt 0.711865 0.192625
vt 0.197224 0.922678
vt 0.195658 0.890759
vt 0.197589 0.892296
vt 0.709215 0.083751
vt 0.709259 0.160541
vt 0.195254 0.924404
vt 0.908579 0.310005
vt 0.910211 0.314205
vt 0.908579 0.312349
vt 0.913866 0.902907
vt 0.912233 0.898707
vt 0.913866 0.900562
vt 0.199488 0.851271
vt 0.197147 0.851384
vt 0.917234 0.900520
vt 0.918856 0.904936
vt 0.917234 0.902856
vt 0.902636 0.716328
vt 0.900714 0.711996
vt 0.902636 0.713984
vt 0.915202 0.312371
vt 0.913580 0.307954
vt 0.915202 0.310034
vt 0.898945 0.560062
vt 0.900869 0.564325
vt 0.898945 0.562406
vt 0.866274 0.825646
vt 0.864350 0.821383
vt 0.866274 0.823302
vt 0.914267 0.807589
vt 0.912341 0.803351
vt 0.914267 0.805253
vt 0.913404 0.407928
vt 0.915042 0.412081
vt 0.913404 0.410265
vt 0.660257 0.965717
vt 0.657907 0.929937
vt 0.660257 0.929911
vt 0.472890 0.964731
vt 0.470541 0.934472
vt 0.472890 0.934384
vt 0.113127 0.931591
vt 0.115473 0.963569
vt 0.113127 0.963472
vt 0.590516 0.929195
vt 0.592864 0.965481
vt 0.590516 0.965460
vt 0.900918 0.221237
vt 0.898571 0.186125
vt 0.900919 0.186077
vt 0.577391 0.966737
vt 0.575047 0.938134
vt 0.577391 0.937999
vt 0.034041 0.929361
vt 0.036392 0.965220
vt 0.034041 0.965195
vt 0.436292 0.934384
vt 0.438641 0.964895
vt 0.436292 0.964808
vt 0.432924 0.964768
vt 0.430584 0.934525
vt 0.432924 0.934384
vt 0.424875 0.934384
vt 0.427215 0.964978
vt 0.424875 0.964838
vt 0.654539 0.965722
vt 0.652194 0.929954
vt 0.654539 0.929911
vt 0.444338 0.964698
vt 0.442009 0.934576
vt 0.444338 0.934384
vt 0.023145 0.929362
vt 0.025489 0.965239
vt 0.023145 0.965197
vt 0.665962 0.965686
vt 0.663626 0.929970
vt 0.665962 0.929911
vt 0.130050 0.929203
vt 0.132386 0.965136
vt 0.130050 0.965082
vt 0.066920 0.931989
vt 0.069249 0.962787
vt 0.066920 0.962601
vt 0.828267 0.564128
vt 0.830119 0.566506
vt 0.828267 0.566473
vt 0.819681 0.566506
vt 0.817863 0.564121
vt 0.819681 0.564158
vt 0.784397 0.217218
vt 0.785966 0.219657
vt 0.784397 0.219563
vt 0.841316 0.220656
vt 0.839440 0.218324
vt 0.841316 0.218308
vt 0.799601 0.566547
vt 0.798118 0.564114
vt 0.799601 0.564200
vt 0.833487 0.564161
vt 0.835340 0.566473
vt 0.833487 0.566505
vt 0.808155 0.388819
vt 0.809727 0.391112
vt 0.808155 0.391170
vt -0.431994 0.297592
vt -0.426983 0.304537
vt -0.431994 0.304742
vt 0.784957 0.391097
vt 0.783378 0.388886
vt 0.784957 0.388761
vt 0.788325 0.564203
vt 0.789897 0.566453
vt 0.788325 0.566547
vt 0.838708 0.564155
vt 0.840561 0.566485
vt 0.838708 0.566505
vt 0.809554 0.566530
vt 0.807985 0.564121
vt 0.809554 0.564179
vt 0.825355 0.391098
vt 0.823500 0.388804
vt 0.825355 0.388761
vt 0.778448 0.388761
vt 0.780010 0.391226
vt 0.778448 0.391097
vt 0.833943 0.388768
vt 0.835795 0.391139
vt 0.833943 0.391118
vt 0.814494 0.566471
vt 0.812922 0.564179
vt 0.814494 0.564121
vt 0.820131 0.391144
vt 0.818282 0.388761
vt 0.820131 0.388808
vt 0.783378 0.564232
vt 0.784957 0.566443
vt 0.783378 0.566568
vt 0.803218 0.388761
vt 0.804786 0.391170
vt 0.803218 0.391112
vt 0.373658 0.965102
vt 0.371769 0.928583
vt 0.373658 0.928583
vt 0.836072 0.220672
vt 0.834220 0.218301
vt 0.836072 0.218321
vt 0.780010 0.566571
vt 0.778448 0.564106
vt 0.780010 0.564235
vt 0.331057 0.965078
vt 0.329169 0.928559
vt 0.331057 0.928559
vt 0.789893 0.391200
vt 0.788325 0.388761
vt 0.789893 0.388855
vt 0.798202 0.388829
vt 0.799850 0.391109
vt 0.798202 0.391177
vt 0.315286 0.965078
vt 0.313398 0.928559
vt 0.315286 0.928559
vt 0.823049 0.564121
vt 0.824899 0.566504
vt 0.823049 0.566458
vt 0.757221 0.965071
vt 0.755333 0.928552
vt 0.757221 0.928552
vt 0.793265 0.564114
vt 0.794749 0.566547
vt 0.793265 0.566462
vt 0.368401 0.965102
vt 0.366512 0.928583
vt 0.368401 0.928583
vt 0.841016 0.391118
vt 0.839163 0.388788
vt 0.841016 0.388768
vt 0.384172 0.965102
vt 0.382283 0.928583
vt 0.384172 0.928583
vt 0.830575 0.391139
vt 0.828723 0.388761
vt 0.830575 0.388795
vt 0.320543 0.965078
vt 0.318655 0.928559
vt 0.320543 0.928559
vt 0.823776 0.218344
vt 0.825631 0.220637
vt 0.823776 0.220680
vt 0.325800 0.965078
vt 0.323912 0.928559
vt 0.325800 0.928559
vt 0.813095 0.388761
vt 0.814913 0.391147
vt 0.813095 0.391109
vt 0.377026 0.928583
vt 0.378915 0.965102
vt 0.377026 0.965102
vt 0.830852 0.220645
vt 0.828999 0.218334
vt 0.830852 0.218301
vt -0.599696 1.547134
vt -0.605230 1.369075
vt -0.599696 1.368670
vt 0.082375 0.854111
vt 0.084195 0.926501
vt 0.082375 0.926551
vt 0.699671 0.922119
vt 0.697850 0.846740
vt 0.699671 0.846756
vt 0.917182 0.566344
vt 0.915363 0.499346
vt 0.917182 0.499433
vt 0.967988 0.637227
vt 0.966176 0.569940
vt 0.967988 0.570055
vt 0.015117 0.854552
vt 0.016940 0.925045
vt 0.015117 0.925098
vt 0.966930 0.165529
vt 0.965107 0.096083
vt 0.966930 0.096141
vt -0.764010 -0.470737
vt -0.765308 -0.648714
vt -0.759737 -0.648840
vt 0.009923 0.854531
vt 0.011748 0.926920
vt 0.009923 0.926951
vt -0.790671 -0.412601
vt -0.785119 -0.183058
vt -0.790671 -0.183085
vt 0.922376 0.566269
vt 0.920551 0.499346
vt 0.922376 0.499400
vt 0.301886 0.925497
vt 0.303710 0.965805
vt 0.301886 0.965815
vt 0.015117 0.928508
vt 0.016942 0.965809
vt 0.015117 0.965851
vt 0.967421 0.494191
vt 0.969232 0.560719
vt 0.967421 0.560838
vt 0.641400 0.965088
vt 0.639576 0.926579
vt 0.641400 0.926622
vt 0.958870 0.179981
vt 0.960692 0.220421
vt 0.958866 0.220421
vt 0.774652 0.965330
vt 0.772827 0.927886
vt 0.774652 0.927928
vt -0.948945 -0.170872
vt -0.943393 -0.111149
vt -0.948945 -0.111501
vt 0.971334 0.253462
vt 0.969510 0.224666
vt 0.971334 0.224767
vt 0.964071 0.179981
vt 0.965885 0.220421
vt 0.964064 0.220421
vt -0.943627 0.748097
vt -0.949180 0.676235
vt -0.943627 0.676107
vt 0.865473 0.927955
vt 0.867293 0.965248
vt 0.865473 0.965316
vt 0.207235 0.964656
vt 0.205415 0.927174
vt 0.207235 0.927241
vt -0.943393 1.042161
vt -0.948945 0.964201
vt -0.943393 0.964201
vt 0.533870 0.847907
vt 0.535696 0.923231
vt 0.533870 0.923241
vt 0.565458 0.966922
vt 0.563644 0.937999
vt 0.565458 0.938161
vt -0.949144 0.363340
vt -0.943592 0.435567
vt -0.949144 0.435439
vt 1.387294 -0.790692
vt 1.392856 -0.569793
vt 1.387294 -0.569883
vt 0.161907 0.928436
vt 0.163720 0.965637
vt 0.161907 0.965730
vt -0.769562 -0.703876
vt -0.764010 -0.703984
vt 0.856316 0.214792
vt 0.854492 0.156031
vt 0.856316 0.156114
vt 0.953682 0.179981
vt 0.955461 0.220420
vt 0.953646 0.220420
vt -0.943592 0.517848
vt -0.949126 0.446033
vt -0.943592 0.445825
vt 0.967347 0.322066
vt 0.969166 0.388765
vt 0.967347 0.388852
vt 0.062791 0.962902
vt 0.060971 0.931989
vt 0.062791 0.932103
vt 0.401411 0.869676
vt 0.405319 0.862624
vt 0.417634 0.852506
vt 0.424564 0.849014
vt 0.424791 0.849369
vt 0.398447 0.877251
vt 0.400977 0.869502
vt 0.396935 0.885293
vt 0.397986 0.877144
vt 0.396935 0.893492
vt 0.396461 0.885257
vt 0.398447 0.901533
vt 0.396461 0.893528
vt 0.401411 0.909108
vt 0.397986 0.901641
vt 0.405319 0.916161
vt 0.400977 0.909283
vt 0.411193 0.921723
vt 0.405715 0.915926
vt 0.417634 0.926279
vt 0.410845 0.922010
vt 0.864869 0.194952
vt 0.865571 0.186962
vt 0.865281 0.195068
vt 0.865303 0.178719
vt 0.865157 0.186917
vt 0.865303 0.170674
vt 0.865719 0.178691
vt 0.865157 0.163090
vt 0.865719 0.170574
vt 0.864869 0.156258
vt 0.865571 0.162923
vt -0.400267 1.349787
vt -0.403873 1.366552
vt -0.401502 1.348894
vt 0.795602 0.208444
vt 0.795382 0.215462
vt 0.794969 0.215221
vt 0.796072 0.200898
vt 0.796021 0.208626
vt 0.796362 0.192871
vt 0.796495 0.201012
vt 0.796460 0.184673
vt 0.796787 0.192915
vt 0.796362 0.176618
vt 0.796886 0.184644
vt 0.796072 0.169016
vt 0.796787 0.176518
vt 0.795602 0.162159
vt 0.796495 0.168848
vt 0.794969 0.156311
vt 0.796021 0.161931
vt 0.770751 0.180107
vt 0.770633 0.173410
vt 0.771039 0.173662
vt 0.770164 0.187288
vt 0.770343 0.179913
vt 0.770574 0.187417
vt 0.770104 0.195251
vt 0.770514 0.195311
vt 0.770164 0.203498
vt 0.770751 0.211625
vt 0.770574 0.203485
vt 0.771039 0.219419
vt 0.770343 0.211710
vt 0.420312 0.855929
vt 0.428873 0.857873
vt 0.423237 0.860344
vt 0.428800 0.862456
vt 0.423983 0.864568
vt 0.414469 0.860062
vt 0.418164 0.863931
vt 0.419648 0.867633
vt 0.409499 0.865321
vt 0.413850 0.868497
vt 0.729040 0.173410
vt 0.733229 0.181088
vt 0.728542 0.178747
vt 0.405595 0.871506
vt 0.410461 0.873866
vt 0.732912 0.186167
vt 0.728172 0.184690
vt 0.402905 0.878378
vt 0.408126 0.879831
vt 0.727944 0.191011
vt 0.732718 0.191569
vt 0.401534 0.885673
vt 0.406936 0.886164
vt 0.727867 0.197467
vt 0.732652 0.197086
vt 0.401534 0.893112
vt 0.406936 0.892621
vt 0.732718 0.202507
vt 0.727944 0.203811
vt 0.402905 0.900407
vt 0.408126 0.898954
vt 0.732912 0.207623
vt 0.728172 0.209797
vt 0.405595 0.907279
vt 0.410461 0.904919
vt 0.733229 0.212238
vt 0.728542 0.215197
vt 0.409499 0.913464
vt 0.413850 0.910288
vt 0.729040 0.219803
vt 0.733655 0.216174
vt 0.414469 0.918723
vt 0.418164 0.914854
vt 0.466889 0.964282
vt 0.462507 0.956718
vt 0.467077 0.959204
vt 0.420312 0.922856
vt 0.423237 0.918441
vt 0.467173 0.953447
vt 0.462589 0.951797
vt 0.426805 0.925702
vt 0.424791 0.929416
vt 0.428873 0.920912
vt 0.462589 0.946485
vt 0.467173 0.947230
vt 0.433698 0.927153
vt 0.432389 0.931016
vt 0.434857 0.922172
vt 0.462507 0.940984
vt 0.467077 0.940793
vt 0.440726 0.927153
vt 0.440136 0.931016
vt 0.440958 0.922172
vt 0.462346 0.935507
vt 0.466889 0.934384
vt 0.447619 0.925702
vt 0.447734 0.929416
vt 0.446941 0.920912
vt 0.444241 0.916329
vt 0.454112 0.922856
vt 0.454891 0.926279
vt 0.452577 0.918441
vt 0.449058 0.914217
vt 0.461332 0.921723
vt 0.459956 0.918723
vt 0.457650 0.914854
vt 0.453393 0.911152
vt 0.466810 0.915926
vt 0.464925 0.913464
vt 0.461964 0.910288
vt 0.457079 0.907250
vt 0.792759 0.199707
vt 0.468830 0.907279
vt 0.465353 0.904919
vt 0.459976 0.902662
vt 0.793022 0.192425
vt 0.471519 0.900407
vt 0.467688 0.898954
vt 0.461971 0.897564
vt 0.793111 0.184987
vt 0.468878 0.892621
vt 0.472890 0.893112
vt 0.462988 0.892151
vt 0.793022 0.177680
vt 0.468878 0.886164
vt 0.472890 0.885673
vt 0.462988 0.886633
vt 0.792759 0.170783
vt 0.471519 0.878378
vt 0.467688 0.879831
vt 0.461971 0.881221
vt 0.792333 0.164563
vt 0.465353 0.873866
vt 0.468830 0.871506
vt 0.459976 0.876123
vt 0.471114 0.869676
vt 0.464925 0.865321
vt 0.466810 0.862859
vt 0.461964 0.868497
vt 0.457079 0.871535
vt 0.461332 0.857061
vt 0.459956 0.860062
vt 0.457650 0.863931
vt 0.453393 0.867633
vt 0.454891 0.852506
vt 0.454112 0.855929
vt 0.452577 0.860344
vt 0.449058 0.864568
vt 0.447619 0.853083
vt 0.447734 0.849369
vt 0.446941 0.857873
vt 0.444241 0.862456
vt 0.440136 0.847769
vt 0.440726 0.851631
vt 0.440958 0.856613
vt 0.439127 0.861379
vt 0.433698 0.851631
vt 0.432389 0.847769
vt 0.434857 0.856613
vt 0.915526 0.079175
vt 0.920131 0.084255
vt 0.915466 0.085511
vt 0.426805 0.853083
vt 0.920181 0.089360
vt 0.915526 0.091485
vt 0.417344 0.852179
vt 0.039398 0.863780
vt 0.966753 0.432791
vt 0.959249 0.462299
vt 0.885355 0.855683
vt 0.885567 0.516687
vt 0.966753 0.368890
vt 0.883341 0.196118
vt 0.966753 0.599509
vt 0.966753 0.586629
vt 0.959580 0.616579
vt 0.960114 0.348718
vt 0.068360 0.863780
vt 0.327154 0.325756
vt 0.966753 0.465667
vt 0.411864 0.329945
vt 0.436240 0.769837
vt 0.960992 0.534093
vt 0.749993 0.358786
vt 0.725456 0.944512
vt 0.101295 0.967759
vt 0.966753 0.459174
vt 0.026096 0.855761
vt 0.568228 0.882392
vt 0.637138 0.771836
vt 0.418057 0.325756
vt 0.372463 0.343999
vt 0.889759 0.238456
vt 0.966753 0.284929
vt 0.826332 0.853246
vt 0.945325 0.170381
vt 0.790636 0.791108
vt 0.751372 0.919470
vt 0.371624 0.692792
vt 0.420640 0.930238
vt 0.598462 0.949679
vt 0.362331 0.640332
vt 0.517546 0.903505
vt 0.192685 0.805900
vt 0.884219 0.604907
vt 0.603490 0.840766
vt 0.944439 0.713264
vt 0.860002 0.374096
vt 0.862388 0.103728
vt 0.879657 0.583586
vt 0.569581 0.842907
vt 0.944375 0.619258
vt 0.803101 0.745697
vt 0.851804 0.128431
vt 0.864410 0.327922
vt 0.201680 0.840711
vt 0.907668 0.238456
vt 0.044451 0.983718
vt 0.893922 0.857854
vt 0.960199 0.304735
vt 0.738746 0.202241
vt 0.946145 0.101422
vt 0.206925 0.805893
vt 0.317072 0.841059
vt 0.849864 0.634845
vt 0.966753 0.265001
vt 0.496120 0.816507
vt 0.945871 0.627880
vt 0.692482 0.616162
vt 0.518431 0.877056
vt 0.832062 0.826478
vt 0.906085 0.223044
vt 0.580259 0.771836
vt 0.532049 0.517660
vt 0.959347 0.273098
vt 0.725367 0.105194
vt 0.938766 0.944587
vt 0.002865 0.990238
vt 0.855239 0.285567
vt 0.220989 0.813885
vt 0.944850 0.531048
vt 0.808885 0.457658
vt 0.295585 0.821672
vt 0.891939 0.426484
vt 0.887244 0.002865
vt 0.462795 0.817107
vt 0.898623 0.824190
vt 0.773589 0.549087
vt 0.878488 0.630670
vt 0.637138 0.813959
vt 0.569951 0.931022
vt 0.804680 0.238456
vt 0.784905 0.860597
vt 0.878022 0.051263
vt 0.755215 0.411806
vt 0.946128 0.855683
vt 0.069402 0.990238
vt 0.731300 0.170405
vt 0.715106 0.471679
vt 0.719541 0.318361
vt 0.450250 0.713009
vt 0.853207 0.952100
vt 0.988746 0.225401
vt 0.953555 0.316973
vt 0.987893 0.566312
vt 0.946785 0.664889
vt 0.335458 0.983754
vt 0.881877 0.417921
vt 0.160093 0.953787
vt 0.953518 0.462864
vt 0.662894 0.253201
vt 0.027064 0.952791
vt 0.312004 0.684247
vt 0.946993 0.251356
vt 0.988746 0.092430
vt 0.102079 0.952448
vt 0.102671 0.990027
vt 0.046231 0.939891
vt 0.953457 0.557824
vt 0.011444 0.939894
vt 0.662983 0.233940
vt 0.065476 0.939924
vt 0.312039 0.662735
vt 0.086703 0.939942
vt 0.983909 0.725615
vt 0.825262 0.941036
vt 0.845581 0.967230
vt 0.809819 0.940369
vt 0.894792 0.681524
vt 0.870737 0.083418
vt 0.312007 0.707281
vt 0.289984 0.936741
vt 0.692508 0.223635
vt 0.073280 0.977964
vt 0.701907 0.215490
vt 0.951876 0.130307
vt 0.405556 0.989625
vt 0.951928 0.411986
vt 0.954130 0.686529
vt 0.511064 0.903339
vt 0.953288 0.294861
vt 0.432845 0.983718
vt 0.952825 0.816063
vt 0.538610 0.988462
vt 0.951876 0.112999
vt 0.235412 0.983718
vt 0.305715 0.957498
vt 0.529523 0.985607
vt 0.957627 0.919712
vt 0.681447 0.233940
vt 0.954859 0.581220
vt 0.561323 0.902995
vt 0.953689 0.947962
vt 0.484042 0.985240
vt 0.958319 0.136167
vt 0.505600 0.983717
vt 0.957702 0.051263
vt 0.374923 0.984892
vt 0.956482 0.497529
vt 0.958074 0.785208
vt 0.185749 0.892925
vt 0.958655 0.374096
vt 0.540297 0.903757
vt 0.957970 0.930233
vt 0.615149 0.975116
vt 0.203929 0.944031
vt 0.219458 0.653215
vt 0.906995 0.678440
vt 0.622338 0.975116
vt 0.916063 0.674952
vt 0.966753 0.906650
vt 0.215102 0.929983
vt 0.624014 0.944253
vt 0.977486 0.944929
vt 0.199510 0.663744
vt 0.674117 0.967230
vt 0.431775 0.930138
vt 0.917639 0.855683
vt 0.705262 0.929976
vt 0.913621 0.219556
vt 0.760383 0.967230
vt 0.977486 0.936127
vt 0.742969 0.944537
vt 0.451060 0.944021
vt 0.916970 0.153412
vt 0.643904 0.967230
vt 0.915033 0.101425
vt 0.681306 0.967230
vt 0.002865 0.977964
vt 0.684962 0.930097
vt 0.178450 0.702657
vt 0.688495 0.967230
vt 0.916695 0.170377
vt 0.978169 0.446043
vt 0.978169 0.612465
vt 0.978175 0.541913
vt 0.978171 0.348979
vt 0.978169 0.355597
vt 0.978170 0.573543
vt 0.978174 0.426245
vt 0.978170 0.271633
vt 0.978169 0.478973
vt 0.978170 0.618958
vt 0.978172 0.291573
vt 0.978169 0.362241
vt 0.978168 0.580074
vt 0.978170 0.687159
vt 0.978175 0.452676
vt 0.978171 0.258367
vt 0.884673 0.076999
vt 0.052700 0.889515
vt 0.885387 0.583560
vt 0.886654 0.503146
vt 0.170642 0.886977
vt 0.075011 0.889515
vt 0.887748 0.724641
vt 0.803101 0.887000
vt 0.810672 0.861264
vt 0.060788 0.863780
vt 0.817324 0.861264
vt 0.889500 0.101422
vt 0.823975 0.861264
vt 0.080742 0.863780
vt 0.003786 0.863779
vt 0.960321 0.238456
vt 0.882017 0.698905
vt 0.832062 0.861264
vt 0.736414 0.960809
vt 0.297726 0.857273
vt 0.010437 0.863780
vt 0.469446 0.877656
vt 0.883167 0.651988
vt 0.960517 0.716409
vt 0.451908 0.961430
vt 0.882451 0.450054
vt 0.883682 0.136167
vt 0.477017 0.851893
vt 0.608006 0.949696
vt 0.877704 0.771459
vt 0.882849 0.101422
vt 0.960259 0.867360
vt 0.180019 0.949411
vt 0.355300 0.959733
vt 0.884325 0.824190
vt 0.877996 0.516687
vt 0.959928 0.170376
vt 0.876690 0.196139
vt 0.884251 0.202326
vt 0.616544 0.961389
vt 0.838714 0.887000
vt 0.325489 0.959745
vt 0.861944 0.857970
vt 0.877378 0.238456
vt 0.045129 0.889515
vt 0.483668 0.877656
vt 0.882028 0.399837
vt 0.959048 0.232173
vt 0.959627 0.040015
vt 0.846285 0.887000
vt 0.966753 0.298177
vt 0.882829 0.810949
vt 0.960486 0.745699
vt 0.490319 0.851893
vt 0.016168 0.889516
vt 0.966753 0.535476
vt 0.869574 0.881625
vt 0.960152 0.651988
vt 0.959323 0.337429
vt 0.854373 0.887000
vt 0.966753 0.510625
vt 0.883108 0.264197
vt 0.960891 0.698905
vt 0.877674 0.824190
vt 0.088252 0.889516
vt 0.966753 0.278281
vt 0.882065 0.309026
vt 0.442575 0.949754
vt 0.172725 0.961086
vt 0.885275 0.771433
vt 0.966753 0.382348
vt 0.883954 0.351497
vt 0.960988 0.516687
vt 0.876680 0.202326
vt 0.394985 0.896012
vt 0.966753 0.593174
vt 0.023739 0.863780
vt 0.317975 0.948103
vt 0.946265 0.960987
vt 0.966753 0.605967
vt 0.463715 0.851893
vt 0.966753 0.439409
vt 0.959188 0.569496
vt 0.877303 0.351519
vt 0.594844 0.849580
vt 0.595809 0.848879
vt 0.779867 0.891159
vt 0.873522 0.503078
vt 0.966753 0.486620
vt 0.957895 0.776661
vt 0.239772 0.902218
vt 0.193945 0.961434
vt 0.876334 0.283284
vt 0.872291 0.076229
vt 0.870737 0.077025
vt 0.377438 0.958165
vt 0.958627 0.013744
vt 0.957435 0.014445
vt 0.496120 0.852089
vt 0.497682 0.851294
vt 0.714207 0.902361
vt 0.736815 0.873269
vt 0.735685 0.873638
vt 0.845502 0.151143
vt 0.369609 0.959671
vt 0.764729 0.889598
vt 0.603698 0.848785
vt 0.729043 0.873456
vt 0.385476 0.959216
vt 0.902259 0.074846
vt 0.959181 0.089290
vt 0.901783 0.051263
vt 0.609429 0.849580
vt 0.610394 0.848879
vt 0.872769 0.028533
vt 0.400716 0.958253
vt 0.159935 0.914131
vt 0.532382 0.960752
vt 0.158593 0.894671
vt 0.876516 0.651988
vt 0.871973 0.770663
vt 0.871015 0.771364
vt 0.951766 0.526430
vt 0.410860 0.958726
vt 0.409680 0.959428
vt 0.875159 0.425109
vt 0.876720 0.424313
vt 0.819505 0.232409
vt 0.744100 0.873269
vt 0.742969 0.873638
vt 0.835839 0.220096
vt 0.361799 0.959734
vt 0.843573 0.230887
vt 0.618283 0.848785
vt 0.652431 0.874139
vt 0.651300 0.874508
vt 0.051962 0.951190
vt 0.430325 0.902326
vt 0.303998 0.833248
vt 0.429544 0.879653
vt 0.625575 0.873725
vt 0.624610 0.874426
vt 0.419800 0.848255
vt 0.338994 0.958319
vt 0.785375 0.164126
vt 0.783907 0.146720
vt 0.560935 0.876662
vt 0.871452 0.558620
vt 0.873006 0.557824
vt 0.951766 0.543828
vt 0.349120 0.958858
vt 0.347982 0.959562
vt 0.504974 0.876234
vt 0.503413 0.877030
vt 0.624533 0.901530
vt 0.871134 0.517056
vt 0.872265 0.516687
vt 0.908096 0.363782
vt 0.958190 0.489082
vt 0.378995 0.896784
vt 0.704702 0.874668
vt 0.411424 0.873568
vt 0.659292 0.848746
vt 0.332265 0.959291
vt 0.338994 0.873609
vt 0.303949 0.850650
vt 0.670506 0.874095
vt 0.669541 0.874796
vt 0.644974 0.848840
vt 0.958077 0.835064
vt 0.591931 0.901793
vt 0.452165 0.874938
vt 0.751528 0.848672
vt 0.753082 0.847875
vt 0.957258 0.895886
vt 0.394105 0.958634
vt 0.392914 0.959336
vt 0.512267 0.876234
vt 0.510705 0.877030
vt 0.803656 0.912955
vt 0.426549 0.848529
vt 0.427680 0.848160
vt 0.532382 0.943252
vt 0.958022 0.213998
vt 0.890458 0.674077
vt 0.441970 0.874953
vt 0.434686 0.848957
vt 0.436240 0.848160
vt 0.958538 0.639175
vt 0.958696 0.424313
vt 0.959734 0.424677
vt 0.977377 0.152410
vt 0.978071 0.765321
vt 0.652490 0.960140
vt 0.678744 0.901368
vt 0.188017 0.959856
vt 0.978070 0.734773
vt 0.723045 0.882131
vt 0.977378 0.158141
vt 0.977800 0.215094
vt 0.149993 0.887075
vt 0.977801 0.375537
vt 0.976840 0.015588
vt 0.978072 0.752942
vt 0.667390 0.959295
vt 0.706115 0.960181
vt 0.978071 0.759590
vt 0.828299 0.210686
vt 0.977375 0.189895
vt 0.977799 0.473242
vt 0.978071 0.727966
vt 0.976835 0.115138
vt 0.273772 0.959299
vt 0.976837 0.074615
vt 0.978073 0.780252
vt 0.633412 0.882518
vt 0.977373 0.206703
vt 0.977802 0.549367
vt 0.978070 0.740504
vt 0.977377 0.174651
vt 0.624014 0.960078
vt 0.646522 0.901054
vt 0.635370 0.960078
vt 0.978071 0.747211
vt 0.812497 0.894999
vt 0.977375 0.165588
vt 0.977800 0.324446
vt 0.215258 0.875192
vt 0.692003 0.874264
vt 0.536844 0.876960
vt 0.535282 0.876164
vt 0.186887 0.874103
vt 0.547316 0.876567
vt 0.645405 0.901786
vt 0.272060 0.873544
vt 0.270491 0.874339
vt 0.252745 0.874429
vt 0.277791 0.874339
vt 0.875366 0.724641
vt 0.179588 0.874103
vt 0.178450 0.874471
vt 0.877032 0.161903
vt 0.875470 0.161107
vt 0.194187 0.874103
vt 0.569193 0.876567
vt 0.774902 0.146720
vt 0.693699 0.550916
vt 0.222557 0.873617
vt 0.220989 0.874412
vt 0.874636 0.126362
vt 0.743808 0.902047
vt 0.285090 0.874339
vt 0.879459 0.002865
vt 0.229260 0.848766
vt 0.875537 0.785208
vt 0.877098 0.786004
vt 0.200780 0.849098
vt 0.554239 0.851020
vt 0.149588 0.894671
vt 0.848501 0.911800
vt 0.847384 0.912433
vt 0.263191 0.849393
vt 0.264760 0.848598
vt 0.876297 0.374892
vt 0.891811 0.540276
vt 0.678376 0.848618
vt 0.879789 0.477410
vt 0.235588 0.849466
vt 0.237157 0.848671
vt 0.525082 0.851710
vt 0.526643 0.852506
vt 0.637569 0.849114
vt 0.580856 0.848879
vt 0.242888 0.849466
vt 0.244456 0.848671
vt 0.589113 0.849580
vt 0.685675 0.848618
vt 0.031827 0.889516
vt 0.741762 0.666778
vt 0.741814 0.607765
vt 0.735207 0.503343
vt 0.347378 0.499094
vt 0.743946 0.089056
vt 0.573949 0.465933
vt 0.573828 0.524181
vt 0.482927 0.413654
vt 0.482916 0.473899
vt 0.036807 0.832480
vt 0.858164 0.634365
vt 0.328470 0.867987
vt 0.892893 0.826361
vt 0.784091 0.524215
vt 0.861556 0.728085
vt 0.811466 0.142655
vt 0.890604 0.347721
vt 0.853999 0.426570
vt 0.791988 0.552090
vt 0.889413 0.158132
vt 0.862513 0.138388
vt 0.479498 0.805277
vt 0.889981 0.202326
vt 0.863844 0.852240
vt 0.892829 0.194511
vt 0.854271 0.403853
vt 0.890870 0.626872
vt 0.849735 0.747678
vt 0.889480 0.807173
vt 0.858398 0.560135
vt 0.473768 0.774735
vt 0.441970 0.801578
vt 0.862590 0.814119
vt 0.799962 0.552084
vt 0.893843 0.747867
vt 0.853174 0.700761
vt 0.462795 0.946239
vt 0.737238 0.900087
vt 0.903985 0.002865
vt 0.264992 0.930434
vt 0.178214 0.880202
vt 0.485521 0.904105
vt 0.496120 0.945626
vt 0.900977 0.346475
vt 0.899438 0.604907
vt 0.514884 0.931417
vt 0.898549 0.202326
vt 0.670749 0.901340
vt 0.911950 0.945090
vt 0.907110 0.766415
vt 0.906096 0.170376
vt 0.946035 0.536779
vt 0.908994 0.855683
vt 0.901379 0.766415
vt 0.525082 0.946032
vt 0.907964 0.824190
vt 0.945914 0.745705
vt 0.906708 0.346475
vt 0.944334 0.092064
vt 0.904325 0.477410
vt 0.925536 0.930236
vt 0.906256 0.122141
vt 0.713643 0.944623
vt 0.899653 0.855683
vt 0.933035 0.930233
vt 0.900132 0.259175
vt 0.943685 0.838545
vt 0.213696 0.880923
vt 0.945935 0.718995
vt 0.900365 0.191095
vt 0.944811 0.414769
vt 0.909503 0.516687
vt 0.471376 0.931892
vt 0.907990 0.071982
vt 0.943642 0.216677
vt 0.905116 0.304003
vt 0.505332 0.931277
vt 0.905564 0.651988
vt 0.558164 0.945089
vt 0.254550 0.901674
vt 0.548142 0.930906
vt 0.901240 0.557824
vt 0.538681 0.945838
vt 0.908779 0.625626
vt 0.997005 0.164376
vt 0.871837 0.604907
vt 0.876754 0.880527
vt 0.869224 0.678760
vt 0.994476 0.134911
vt 0.355195 0.840719
vt 0.866443 0.030125
vt 0.994476 0.216910
vt 0.410777 0.840785
vt 0.869806 0.811571
vt 0.996774 0.114836
vt 0.096308 0.863780
vt 0.808629 0.134754
vt 0.803067 0.685765
vt 0.052768 0.990238
vt 0.811372 0.604907
vt 0.806787 0.516687
vt 0.805268 0.204115
vt 0.803166 0.818459
vt 0.013769 0.983718
vt 0.249027 0.771855
vt 0.812704 0.557824
vt 0.594514 0.805979
vt 0.235055 0.805844
vt 0.088623 0.990238
vt 0.022086 0.983717
vt 0.277346 0.771855
vt 0.651300 0.805922
vt 0.038720 0.990238
vt 0.608744 0.771836
vt 0.110102 0.967230
vt 0.807854 0.732340
vt 0.080306 0.983718
vt 0.970194 0.973751
vt 0.806566 0.051263
vt 0.370153 0.835924
vt 0.063672 0.983718
vt 0.295585 0.782550
vt 0.806840 0.510956
vt 0.027817 0.990238
vt 0.178450 0.771855
vt 0.622985 0.805947
vt 0.094354 0.983718
vt 0.220989 0.771855
vt 0.263191 0.805793
vt 0.809031 0.002865
vt 0.084625 0.967754
vt 0.812190 0.358862
vt 0.734439 0.626795
vt 0.180019 0.923553
vt 0.354580 0.359563
vt 0.354782 0.416854
vt 0.354789 0.479187
vt 0.354587 0.539082
vt 0.618248 0.906969
vt 0.581189 0.386082
vt 0.581312 0.443957
vt 0.581248 0.508131
vt 0.923843 0.283284
vt 0.490249 0.391083
vt 0.490299 0.453019
vt 0.490170 0.515079
vt 0.734508 0.748015
vt 0.734421 0.686617
vt 0.890030 0.374096
vt 0.996864 0.196061
vt 0.378986 0.868534
vt 0.869042 0.283284
vt 0.994476 0.120567
vt 0.394985 0.867860
vt 0.387664 0.840629
vt 0.994477 0.247151
vt 0.870960 0.196595
vt 0.994477 0.603034
vt 0.870727 0.238456
vt 0.371707 0.841654
vt 0.996969 0.209742
vt 0.859852 0.231801
vt 0.364092 0.867897
vt 0.870949 0.202326
vt 0.756635 0.526508
vt 0.996834 0.143519
vt 0.871572 0.351691
vt 0.103437 0.889425
vt 0.402303 0.840629
vt 0.869428 0.424313
vt 0.994476 0.157203
vt 0.347887 0.867873
vt 0.117093 0.889390
vt 0.865721 0.557824
vt 0.994476 0.187451
vt 0.996877 0.241419
vt 0.311341 0.868083
vt 0.996324 0.609589
vt 0.869739 0.136167
vt 0.996733 0.588846
vt 0.994476 0.106228
vt 0.340578 0.867878
vt 0.839771 0.139568
vt 0.996631 0.129180
vt 0.996894 0.254323
vt 0.871023 0.850153
vt 0.794572 0.276414
vt 0.988403 0.305782
vt 0.988089 0.432276
vt 0.665543 0.771836
vt 0.983909 0.294704
vt 0.988092 0.406018
vt 0.763523 0.518022
vt 0.586354 0.983717
vt 0.988089 0.482588
vt 0.771621 0.051263
vt 0.617037 0.987405
vt 0.983909 0.474329
vt 0.745825 0.803453
vt 0.988403 0.335164
vt 0.988092 0.389314
vt 0.767507 0.698905
vt 0.928356 0.493232
vt 0.074254 0.919767
vt 0.929198 0.028342
vt 0.298762 0.916584
vt 0.388528 0.904200
vt 0.818597 0.920212
vt 0.894602 0.599153
vt 0.795350 0.921413
vt 0.932470 0.117128
vt 0.846489 0.918178
vt 0.951666 0.710677
vt 0.890723 0.911866
vt 0.319753 0.926844
vt 0.913399 0.261424
vt 0.944104 0.885549
vt 0.042560 0.919734
vt 0.394982 0.926903
vt 0.131211 0.935551
vt 0.745627 0.924424
vt 0.937911 0.218278
vt 0.163947 0.935814
vt 0.951175 0.015735
vt 0.079985 0.932685
vt 0.298378 0.936741
vt 0.868784 0.928106
vt 0.770482 0.215788
vt 0.004726 0.932637
vt 0.928742 0.557824
vt 0.757862 0.934357
vt 0.932184 0.320001
vt 0.825262 0.933118
vt 0.983909 0.917598
vt 0.987468 0.961754
vt 0.893905 0.933681
vt 0.882965 0.455931
vt 0.240102 0.924237
vt 0.483104 0.932065
vt 0.987510 0.891753
vt 0.597662 0.943948
vt 0.131211 0.941282
vt 0.647631 0.907532
vt 0.983909 0.854740
vt 0.987584 0.810901
vt 0.899184 0.368363
vt 0.932053 0.551716
vt 0.902614 0.631356
vt 0.983909 0.766358
vt 0.327161 0.702568
vt 0.713711 0.164646
vt 0.386237 0.700850
vt 0.424023 0.578674
vt 0.798810 0.424313
vt 0.596583 0.987362
vt 0.767511 0.692122
vt 0.611306 0.985486
vt 0.812215 0.407365
vt 0.769113 0.318741
vt 0.983909 0.315093
vt 0.713643 0.766097
vt 0.452165 0.811180
vt 0.299184 0.776184
vt 0.802197 0.362218
vt 0.987575 0.007359
vt 0.761550 0.002865
vt 0.802472 0.557824
vt 0.565900 0.983718
vt 0.767507 0.598336
vt 0.983909 0.017583
vt 0.767507 0.604907
vt 0.843570 0.560306
vt 0.778287 0.412768
vt 0.987524 0.288974
vt 0.777597 0.698905
vt 0.580622 0.988817
vt 0.442025 0.842426
vt 0.983909 0.371674
vt 0.525082 0.814219
vt 0.983909 0.457548
vt 0.792980 0.745697
vt 0.988089 0.414809
vt 0.798612 0.139882
vt 0.983909 0.465944
vt 0.763644 0.101422
vt 0.701853 0.842233
vt 0.761550 0.090695
vt 0.988094 0.449347
vt 0.755833 0.766097
vt 0.988096 0.380447
vt 0.735712 0.802846
vt 0.983909 0.396873
vt 0.558235 0.771836
vt 0.984061 0.363708
vt 0.252745 0.842777
vt 0.983909 0.422532
vt 0.631762 0.985503
vt 0.923186 0.604907
vt 0.923661 0.516687
vt 0.924214 0.785208
vt 0.938378 0.350240
vt 0.923046 0.325756
vt 0.938709 0.723398
vt 0.938828 0.857206
vt 0.939221 0.910080
vt 0.923219 0.760119
vt 0.923084 0.642297
vt 0.922426 0.184799
vt 0.923790 0.388519
vt 0.923953 0.065686
vt 0.923251 0.713327
vt 0.922497 0.838613
vt 0.923146 0.092135
vt 0.805224 0.231853
vt 0.912384 0.045485
vt 0.411701 0.942118
vt 0.319758 0.903917
vt 0.944952 0.922418
vt 0.966753 0.821549
vt 0.380101 0.921215
vt 0.433311 0.908057
vt 0.180019 0.929283
vt 0.073897 0.940024
vt 0.254536 0.924282
vt 0.947557 0.283284
vt 0.926819 0.002912
vt 0.095125 0.952581
vt 0.870487 0.471628
vt 0.905891 0.725217
vt 0.338994 0.942080
vt 0.305715 0.895304
vt 0.861985 0.952662
vt 0.540282 0.925750
vt 0.656035 0.907531
vt 0.147855 0.967544
vt 0.898327 0.277150
vt 0.890870 0.646240
vt 0.761776 0.823522
vt 0.362895 0.921116
vt 0.920812 0.028342
vt 0.403377 0.926879
vt 0.818597 0.940508
vt 0.977674 0.867272
vt 0.951859 0.855683
vt 0.927775 0.152351
vt 0.050919 0.918229
vt 0.766314 0.164531
vt 0.926322 0.538362
vt 0.141515 0.938988
vt 0.947690 0.051263
vt 0.311904 0.736625
vt 0.953467 0.361032
vt 0.582919 0.924393
vt 0.728121 0.908091
vt 0.929876 0.416032
vt 0.222289 0.977458
vt 0.328157 0.920939
vt 0.371326 0.903915
vt 0.945402 0.798422
vt 0.953592 0.325916
vt 0.862947 0.973945
vt 0.662864 0.275835
vt 0.216558 0.967230
vt 0.211326 0.989655
vt 0.988746 0.068222
vt 0.983913 0.696943
vt 0.662897 0.298398
vt 0.154345 0.941545
vt 0.950252 0.967230
vt 0.355197 0.983717
vt 0.988746 0.174762
vt 0.693443 0.310129
vt 0.668754 0.318569
vt 0.947722 0.274251
vt 0.120200 0.983718
vt 0.988746 0.232886
vt 0.668828 0.297546
vt 0.924214 0.818212
vt 0.828061 0.973978
vt 0.987889 0.544024
vt 0.668833 0.274514
vt 0.966753 0.052673
vt 0.173956 0.977436
vt 0.160804 0.989885
vt 0.988746 0.099915
vt 0.668769 0.252979
vt 0.953896 0.028342
vt 0.317246 0.967230
vt 0.260665 0.983718
vt 0.983909 0.711371
vt 0.115715 0.953730
vt 0.929113 0.767372
vt 0.903738 0.967230
vt 0.983909 0.107400
vt 0.692564 0.288904
vt 0.947072 0.437213
vt 0.909478 0.973840
vt 0.983909 0.609337
vt 0.692618 0.266821
vt 0.928348 0.510930
vt 0.272039 0.983744
vt 0.983909 0.180493
vt 0.692598 0.243902
vt 0.868837 0.948748
vt 0.155073 0.983718
vt 0.983909 0.675405
vt 0.917472 0.539658
vt 0.851594 0.471599
vt 0.997098 0.044836
vt 0.118051 0.967230
vt 0.951664 0.757587
vt 0.994477 0.171548
vt 0.578445 0.975541
vt 0.953849 0.604907
vt 0.994477 0.074428
vt 0.978084 0.663388
vt 0.249186 0.967230
vt 0.994476 0.596505
vt 0.239019 0.977365
vt 0.977617 0.885589
vt 0.996815 0.518771
vt 0.438576 0.989576
vt 0.556810 0.988151
vt 0.705440 0.264601
vt 0.184053 0.984411
vt 0.387376 0.989533
vt 0.474949 0.989424
vt 0.705413 0.241334
vt 0.294585 0.984772
vt 0.196500 0.983718
vt 0.884280 0.907949
vt 0.299193 0.709810
vt 0.511331 0.985514
vt 0.396463 0.983718
vt 0.299218 0.664105
vt 0.299237 0.730894
vt 0.243484 0.989155
vt 0.520428 0.988827
vt 0.299186 0.686357
vt 0.650069 0.254940
vt 0.423748 0.989602
vt 0.346098 0.989722
vt 0.911178 0.444895
vt 0.226315 0.989348
vt 0.369183 0.983718
vt 0.477985 0.903976
vt 0.650084 0.300992
vt 0.447671 0.985043
vt 0.469218 0.983718
vt 0.908958 0.719486
vt 0.650183 0.319902
vt 0.547710 0.985705
vt 0.493135 0.989294
vt 0.909414 0.394679
vt 0.460123 0.989554
vt 0.202231 0.989827
vt 0.297726 0.909327
vt 0.456966 0.901261
vt 0.318480 0.989472
vt 0.414651 0.983718
vt 0.997134 0.013034
vt 0.299104 0.967230
vt 0.951077 0.182778
vt 0.996729 0.526721
vt 0.953898 0.716408
vt 0.153586 0.977719
vt 0.996905 0.234250
vt 0.997016 0.100497
vt 0.270171 0.967230
vt 0.997079 0.068693
vt 0.953317 0.220500
vt 0.994476 0.540401
vt 0.994487 0.550548
vt 0.837718 0.952934
vt 0.994476 0.508603
vt 0.994491 0.566120
vt 0.977755 0.837823
vt 0.994476 0.058522
vt 0.994476 0.224082
vt 0.966753 0.794302
vt 0.994476 0.026715
vt 0.994476 0.532451
vt 0.952459 0.477410
vt 0.994476 0.018765
vt 0.934844 0.779455
vt 0.994476 0.050570
vt 0.282419 0.976950
vt 0.996961 0.151472
vt 0.768037 0.941614
vt 0.997069 0.084596
vt 0.859736 0.471612
vt 0.994491 0.581685
vt 0.757869 0.953656
vt 0.994483 0.574021
vt 0.130299 0.977780
vt 0.994476 0.558342
vt 0.092574 0.967230
vt 0.994476 0.179502
vt 0.790036 0.941570
vt 0.994476 0.090329
vt 0.200118 0.961347
vt 0.997135 0.005084
vt 0.322977 0.976550
vt 0.997121 0.036885
vt 0.938057 0.806884
vt 0.996924 0.204011
vt 0.779860 0.953677
vt 0.966753 0.555097
vt 0.855154 0.988498
vt 0.939850 0.988498
vt 0.978048 0.705047
vt 0.685762 0.988498
vt 0.978031 0.713641
vt 0.713994 0.988498
vt 0.966754 0.330177
vt 0.864565 0.988498
vt 0.966753 0.693494
vt 0.958672 0.988498
vt 0.978038 0.317618
vt 0.695173 0.988498
vt 0.978036 0.567813
vt 0.751637 0.988498
vt 0.966753 0.897848
vt 0.915145 0.391331
vt 0.920367 0.557838
vt 0.241917 0.651121
vt 0.011667 0.977964
vt 0.049946 0.967230
vt 0.919338 0.424313
vt 0.914510 0.645105
vt 0.263468 0.657781
vt 0.041144 0.967230
vt 0.897670 0.467856
vt 0.917456 0.604913
vt 0.280830 0.672181
vt 0.023540 0.967230
vt 0.915526 0.068504
vt 0.916766 0.824190
vt 0.966753 0.918523
vt 0.920160 0.580816
vt 0.914244 0.342987
vt 0.252445 0.764030
vt 0.067550 0.967230
vt 0.917520 0.721875
vt 0.914244 0.365948
vt 0.286793 0.736139
vt 0.229986 0.766124
vt 0.966753 0.950660
vt 0.915706 0.283284
vt 0.445108 0.897914
vt 0.208435 0.759464
vt 0.032342 0.977964
vt 0.917489 0.745706
vt 0.918483 0.785220
vt 0.914689 0.716145
vt 0.918917 0.020114
vt 0.977486 0.924254
vt 0.913399 0.255693
vt 0.913100 0.669221
vt 0.919070 0.450632
vt 0.055677 0.977964
vt 0.917931 0.516687
vt 0.305715 0.918743
vt 0.912164 0.417639
vt 0.521959 0.976119
vt 0.996859 0.302094
vt 0.536571 0.976109
vt 0.996859 0.323269
vt 0.395078 0.967231
vt 0.996859 0.410206
vt 0.530840 0.967230
vt 0.996859 0.471984
vt 0.377722 0.976113
vt 0.996858 0.261491
vt 0.461818 0.976112
vt 0.996859 0.371594
vt 0.508717 0.967234
vt 0.996859 0.417928
vt 0.371991 0.967230
vt 0.514448 0.976109
vt 0.836333 0.988498
vt 0.978031 0.411254
vt 0.761048 0.988498
vt 0.978031 0.774108
vt 0.817512 0.988498
vt 0.966764 0.492350
vt 0.789280 0.988498
vt 0.978042 0.520621
vt 0.911618 0.983718
vt 0.966753 0.248977
vt 0.774138 0.983718
vt 0.966769 0.719372
vt 0.952941 0.983718
vt 0.727085 0.983717
vt 0.978033 0.243246
vt 0.798690 0.983718
vt 0.676351 0.983717
vt 0.966753 0.625396
vt 0.736495 0.983718
vt 0.921029 0.983718
vt 0.978031 0.504895
vt 0.708263 0.983718
vt 0.877656 0.983718
vt 0.966753 0.398313
vt 0.968082 0.983718
vt 0.849423 0.983717
vt 0.887066 0.983718
vt 0.745906 0.983718
vt 0.966760 0.416984
vt 0.966753 0.785982
vt 0.826922 0.983718
vt 0.978043 0.637589
vt 0.978031 0.655438
vt 0.811781 0.983718
vt 0.966767 0.643320
vt 0.978031 0.343248
vt 0.902208 0.988498
vt 0.978031 0.392582
vt 0.966757 0.230206
vt 0.779869 0.988498
vt 0.966753 0.526352
vt 0.978031 0.224475
vt 0.934120 0.988498
vt 0.978031 0.672408
vt 0.966753 0.304786
vt 0.892797 0.988498
vt 0.966760 0.678139
vt 0.996859 0.479706
vt 0.601906 0.894198
vt 0.996859 0.425650
vt 0.471328 0.967230
vt 0.996859 0.377325
vt 0.416253 0.976109
vt 0.996859 0.338714
vt 0.551132 0.976109
vt 0.996859 0.346436
vt 0.440953 0.967236
vt 0.996859 0.363872
vt 0.454251 0.976116
vt 0.994476 0.464261
vt 0.364339 0.967230
vt 0.994476 0.278927
vt 0.545401 0.967239
vt 0.994476 0.500881
vt 0.994477 0.292380
vt 0.354647 0.976111
vt 0.994477 0.431381
vt 0.994476 0.309816
vt 0.486288 0.967230
vt 0.994476 0.317538
vt 0.994476 0.400492
vt 0.431535 0.976109
vt 0.994476 0.269213
vt 0.994476 0.439103
vt 0.402800 0.967230
vt 0.994476 0.487428
vt 0.994476 0.385047
vt 0.193241 0.894328
vt 0.994477 0.446825
vt 0.994476 0.284658
vt 0.425804 0.967234
vt 0.559679 0.967230
vt 0.994476 0.330992
vt 0.477059 0.976116
vt 0.499477 0.976109
vt 0.994477 0.392769
vt 0.493747 0.967238
vt 0.385374 0.976109
vt 0.996859 0.495150
vt 0.408531 0.976109
vt 0.341210 0.967232
vt 0.996859 0.356150
vt 0.448520 0.967230
vt 0.346941 0.976109
vt 0.996859 0.456539
vt 0.943294 0.491799
vt 0.634486 0.929875
vt 0.586394 0.975116
vt 0.751002 0.930158
vt 0.251870 0.944400
vt 0.773302 0.975116
vt 0.220833 0.944364
vt 0.731628 0.975116
vt 0.668837 0.929681
vt 0.787680 0.975116
vt 0.194387 0.929648
vt 0.595041 0.975116
vt 0.944234 0.340147
vt 0.694226 0.975116
vt 0.275005 0.944078
vt 0.701415 0.975116
vt 0.581527 0.930124
vt 0.803516 0.975116
vt 0.696085 0.929999
vt 0.651093 0.975116
vt 0.590637 0.944452
vt 0.737358 0.975116
vt 0.228288 0.944515
vt 0.744547 0.975116
vt 0.241393 0.930056
vt 0.658282 0.975116
vt 0.945066 0.348717
vt 0.767572 0.975116
vt 0.606574 0.943961
vt 0.708603 0.975116
vt 0.617270 0.929601
vt 0.630985 0.967230
vt 0.653362 0.944315
vt 0.638173 0.967230
vt 0.644438 0.944425
vt 0.607960 0.967230
vt 0.717250 0.967230
vt 0.187202 0.929649
vt 0.781949 0.967230
vt 0.809246 0.967230
vt 0.660485 0.944318
vt 0.751736 0.967230
vt 0.666928 0.967230
vt 0.678023 0.930104
vt 0.796327 0.967230
vt 0.724439 0.967230
vt 0.441970 0.944023
vt 0.602229 0.967230
vt 0.983921 0.514150
vt 0.988363 0.348267
vt 0.988627 0.269030
vt 0.670621 0.983718
vt 0.983909 0.324868
vt 0.983909 0.504469
vt 0.637496 0.988554
vt 0.983909 0.255340
vt 0.656927 0.988486
vt 0.988007 0.443513
vt 0.869754 0.940413
vt 0.983909 0.353998
vt 0.651190 0.983718
vt 0.988530 0.278745
vt 0.983909 0.490817
vt 0.983916 0.653625
vt 0.988746 0.189732
vt 0.988746 0.023314
vt 0.983911 0.601878
vt 0.988746 0.060737
vt 0.988746 0.129854
vt 0.983914 0.631577
vt 0.983909 0.113130
vt 0.988746 0.195463
vt 0.983909 0.204701
vt 0.988746 0.077461
vt 0.983909 0.579449
vt 0.983909 0.135585
vt 0.983909 0.159793
vt 0.987889 0.705640
vt 0.983909 0.032552
vt 0.983909 0.240371
vt 0.983909 0.646279
vt 0.987889 0.691212
vt 0.983909 0.212186
vt 0.987889 0.596147
vt 0.987896 0.669675
vt 0.983909 0.120615
vt 0.983917 0.682622
vt 0.983912 0.549755
vt 0.983909 0.040037
vt 0.987891 0.618490
vt 0.983911 0.534801
vt 0.983909 0.217917
vt 0.987893 0.719884
vt 0.987889 0.588688
vt 0.983909 0.249609
vt 0.987889 0.625846
vt 0.987889 0.558905
vt 0.983909 0.083191
vt 0.987889 0.733897
vt 0.988746 0.165524
vt 0.983909 0.519880
vt 0.988746 0.144823
vt 0.983909 0.572043
vt 0.988746 0.152308
vt 0.987894 0.640548
vt 0.975924 0.972067
vt 0.987891 0.529070
vt 0.983909 0.045768
vt 0.987889 0.662458
vt 0.983909 0.055007
vt 0.864980 0.543250
vt 0.863529 0.265019
vt 0.109984 0.831486
vt 0.865006 0.077826
vt 0.082521 0.831486
vt 0.737031 0.177980
vt 0.842019 0.175157
vt 0.840217 0.656769
vt 0.609221 0.838273
vt 0.143178 0.831486
vt 0.763172 0.834034
vt 0.115715 0.853268
vt 0.676943 0.729365
vt 0.396646 0.491840
vt 0.861983 0.745697
vt 0.841796 0.238456
vt 0.638757 0.402881
vt 0.547639 0.353857
vt 0.623213 0.462821
vt 0.856796 0.029349
vt 0.790635 0.829772
vt 0.843274 0.051263
vt 0.122824 0.886496
vt 0.396432 0.538902
vt 0.638510 0.350506
vt 0.532197 0.468211
vt 0.853620 0.325756
vt 0.861950 0.683332
vt 0.763523 0.548986
vt 0.623111 0.514996
vt 0.859729 0.450284
vt 0.412179 0.377695
vt 0.207288 0.907369
vt 0.627373 0.907592
vt 0.445329 0.907359
vt 0.670749 0.907402
vt 0.737238 0.906149
vt 0.451060 0.907029
vt 0.597662 0.906969
vt 0.606752 0.906969
vt 0.922617 0.494289
vt 0.636462 0.924140
vt 0.213696 0.923920
vt 0.185750 0.923587
vt 0.779572 0.232667
vt 0.924123 0.118301
vt 0.694780 0.923937
vt 0.194839 0.923587
vt 0.920942 0.417288
vt 0.929088 0.580836
vt 0.987634 0.748538
vt 0.983909 0.793085
vt 0.892975 0.045382
vt 0.929574 0.299004
vt 0.987478 0.932230
vt 0.983909 0.819809
vt 0.902818 0.933633
vt 0.880462 0.948354
vt 0.987560 0.866140
vt 0.987623 0.775267
vt 0.983909 0.874664
vt 0.983909 0.970632
vt 0.941106 0.304735
vt 0.987485 0.944144
vt 0.983909 0.985221
vt 0.983909 0.883188
vt 0.707053 0.907389
vt 0.894505 0.080677
vt 0.987534 0.837623
vt 0.987563 0.849009
vt 0.983909 0.739628
vt 0.983909 0.828716
vt 0.926055 0.901567
vt 0.924802 0.466844
vt 0.987479 0.923329
vt 0.983909 0.784177
vt 0.946470 0.497529
vt 0.908776 0.599172
vt 0.987635 0.757448
vt 0.983909 0.908970
vt 0.561341 0.908726
vt 0.944978 0.388193
vt 0.360246 0.942330
vt 0.987461 0.979490
vt 0.588676 0.924308
vt 0.897579 0.725342
vt 0.020357 0.940061
vt 0.987508 0.900342
vt 0.983909 0.952904
vt 0.737238 0.943403
vt 0.928254 0.424334
vt 0.105260 0.918261
vt 0.987593 0.801994
vt 0.626266 0.236561
vt 0.617588 0.249548
vt 0.608911 0.262534
vt 0.597867 0.273578
vt 0.586823 0.284623
vt 0.573836 0.293300
vt 0.560850 0.301977
vt 0.546420 0.307954
vt 0.531990 0.313931
vt 0.516671 0.316978
vt 0.501353 0.320025
vt 0.485734 0.320025
vt 0.470115 0.320025
vt 0.454796 0.316978
vt 0.439478 0.313931
vt 0.410618 0.301977
vt 0.397631 0.293300
vt 0.384645 0.284623
vt 0.373601 0.273578
vt 0.362557 0.262534
vt 0.353879 0.249548
vt 0.345202 0.236561
vt 0.339225 0.222131
vt 0.333248 0.207702
vt 0.330201 0.192383
vt 0.327154 0.177064
vt 0.327154 0.161445
vt 0.327154 0.145827
vt 0.330201 0.130508
vt 0.333248 0.115189
vt 0.345202 0.086330
vt 0.353879 0.073343
vt 0.362557 0.060357
vt 0.373601 0.049312
vt 0.384645 0.038268
vt 0.397631 0.029591
vt 0.410618 0.020914
vt 0.425048 0.014937
vt 0.439478 0.008960
vt 0.454796 0.005912
vt 0.470115 0.002865
vt 0.485734 0.002865
vt 0.501353 0.002865
vt 0.516671 0.005912
vt 0.531990 0.008960
vt 0.546420 0.014937
vt 0.560850 0.020914
vt 0.573836 0.029591
vt 0.586823 0.038268
vt 0.597867 0.049312
vt 0.608911 0.060357
vt 0.617588 0.073343
vt 0.626266 0.086330
vt 0.632243 0.100759
vt 0.638220 0.115189
vt 0.641267 0.130508
vt 0.644314 0.145827
vt 0.644314 0.161445
vt 0.644314 0.177064
vt 0.641267 0.192383
vt 0.638220 0.207702
vt 0.650379 0.228209
vt 0.671671 0.225069
vt 0.442026 0.572107
vt 0.707541 0.002865
vt 0.625000 0.000000
vt 0.875000 0.500000
vt 0.348467 0.972178
vt 0.410967 0.972178
vt 0.473467 0.972178
vt 0.307783 0.972178
vt 0.223467 0.972178
vt 0.973467 0.972178
vt 0.160967 0.972178
vt 0.910967 0.972178
vt 0.098467 0.972178
vt 0.848467 0.972178
vt 0.035967 0.972178
vt 0.785967 0.972178
vt 0.723467 0.972178
vt 0.660967 0.972178
vt 0.598467 0.972178
vt 0.535967 0.972178
vt 0.034781 0.785174
vt 0.097281 0.785174
vt 0.159781 0.785174
vt 0.222281 0.785175
vt 0.284781 0.785174
vt 0.347281 0.785174
vt 0.409781 0.785174
vt 0.472281 0.785175
vt 0.534781 0.785174
vt 0.597281 0.785174
vt 0.659781 0.785174
vt 0.722281 0.785175
vt 0.784781 0.785174
vt 0.847281 0.785174
vt 0.909781 0.785174
vt 0.972281 0.785175
vt 0.285970 0.572604
vt 0.223470 0.572604
vt 0.973470 0.572604
vt 0.160970 0.572604
vt 0.910970 0.572604
vt 0.098470 0.572604
vt 0.848470 0.572604
vt 0.035970 0.572604
vt 0.785970 0.572604
vt 0.723470 0.572604
vt 0.660970 0.572604
vt 0.598470 0.572604
vt 0.473470 0.572604
vt 0.535970 0.572604
vt 0.410970 0.572604
vt 0.348470 0.572604
vt 0.961226 0.500000
vt 0.898726 0.500000
vt 0.836226 0.500000
vt 0.771731 0.500000
vt 0.709231 0.500000
vt 0.648726 0.500000
vt 0.584231 0.500000
vt 0.523726 0.500000
vt 0.459231 0.500000
vt 0.398726 0.500000
vt 0.336226 0.500000
vt 0.271731 0.500000
vt 0.209231 0.500000
vt 0.148726 0.500000
vt 0.084231 0.500000
vt 0.023726 0.500000
vt 0.000002 0.500000
vt 0.999999 0.500000
vt 0.754412 0.453689
vt 0.832024 0.436496
vt 0.897150 0.390911
vt 0.939873 0.323873
vt 0.953689 0.245588
vt 0.942800 0.165365
vt 0.895735 0.098026
vt 0.826484 0.053824
vt 0.745588 0.046310
vt 0.665365 0.057200
vt 0.598026 0.104265
vt 0.560127 0.176127
vt 0.546310 0.254412
vt 0.557200 0.334635
vt 0.609089 0.397150
vt 0.676127 0.439873
vt 0.750000 0.416470
vt 0.782476 0.413271
vt 0.813705 0.403798
vt 0.842485 0.388415
vt 0.867712 0.367712
vt 0.888414 0.342486
vt 0.903798 0.313705
vt 0.916470 0.250000
vt 0.913271 0.217523
vt 0.903798 0.186295
vt 0.888415 0.157514
vt 0.867712 0.132288
vt 0.842486 0.111585
vt 0.813705 0.096202
vt 0.750000 0.083530
vt 0.717523 0.086729
vt 0.686295 0.096202
vt 0.657514 0.111585
vt 0.632288 0.132288
vt 0.611585 0.157514
vt 0.596202 0.186295
vt 0.586729 0.217523
vt 0.583530 0.250000
vt 0.586729 0.282477
vt 0.596202 0.313705
vt 0.611585 0.342486
vt 0.632288 0.367712
vt 0.657514 0.388415
vt 0.686295 0.403798
vt 0.620569 0.099136
vt 0.938911 0.188155
vt 0.551802 0.234844
vt 0.900864 0.120569
vt 0.839849 0.072689
vt 0.811845 0.438911
vt 0.660151 0.427311
vt 0.879430 0.400864
vt 0.688155 0.061089
vt 0.734844 0.448198
vt 0.927311 0.339850
vt 0.944346 0.293928
vt 0.946363 0.216211
vt 0.918485 0.143638
vt 0.783789 0.446363
vt 0.856362 0.418485
vt 0.716211 0.053637
vt 0.643638 0.081515
vt 0.796822 0.485388
vt 0.883337 0.449553
vt 0.929082 0.369659
vt 0.985388 0.296822
vt 0.985388 0.203178
vt 0.929082 0.130341
vt 0.869659 0.070918
vt 0.792018 0.038759
vt 0.707981 0.038759
vt 0.630341 0.070918
vt 0.570918 0.130341
vt 0.514612 0.203178
vt 0.514612 0.296822
vt 0.550447 0.383337
vt 0.616663 0.449553
vt 0.703178 0.485388
vt 0.265731 0.329087
vt 0.219142 0.324498
vt 0.250000 0.330636
vt 0.234269 0.329087
vt 0.205201 0.317047
vt 0.175502 0.280858
vt 0.192982 0.307018
vt 0.182953 0.294799
vt 0.170913 0.265731
vt 0.175502 0.219142
vt 0.169364 0.250000
vt 0.170913 0.234269
vt 0.182953 0.205201
vt 0.192981 0.192982
vt 0.205201 0.182953
vt 0.234269 0.170913
vt 0.250000 0.169364
vt 0.265731 0.170913
vt 0.280858 0.175502
vt 0.294799 0.182953
vt 0.307018 0.192981
vt 0.317047 0.205201
vt 0.324498 0.219142
vt 0.329087 0.234269
vt 0.330636 0.250000
vt 0.329087 0.265731
vt 0.317047 0.294799
vt 0.307018 0.307018
vt 0.294799 0.317047
vt 0.398919 1.000000
vt 0.799640 0.029073
vt 0.132973 0.000000
vt 0.132973 0.236874
vt 0.799640 0.531892
vt 0.265946 1.000000
vt 0.162046 0.333333
vt 0.466307 0.369847
vt 0.799640 0.664865
vt 0.466307 0.236874
vt 0.466307 0.132973
vt 0.103901 1.000000
vt 0.531892 1.000000
vt 0.236873 1.000000
vt 0.132973 0.333333
vt -0.950892 -0.379017
vt -0.343339 0.267742
vt 0.739265 0.966039
vt -0.418168 -0.770647
vt 0.125088 0.931982
vt -0.240127 2.017612
vt 0.201511 0.927921
vt -0.352298 0.547284
vt -0.963835 -0.539040
vt 0.914815 0.321978
vt -0.342041 0.573849
vt 0.891125 0.418494
vt -0.530708 1.557806
vt -0.337327 0.323771
vt 0.133105 0.925770
vt -0.910513 1.507241
vt 0.826805 0.214799
vt -0.384332 1.536660
vt -1.015428 1.800787
vt -0.245652 -0.225727
vt -0.917327 0.819293
vt -0.246734 0.823020
vt 1.155399 -0.564547
vt -0.452581 1.338520
vt -0.793952 0.287001
vt -0.499162 0.287001
vt -0.652839 -0.760389
vt -0.394589 1.994899
vt 0.296694 0.923507
vt -0.793952 0.053876
vt -0.353272 0.793375
vt 1.377037 -0.564547
vt 0.596233 0.929195
vt -0.342041 1.049904
vt 1.215202 -0.804284
vt 0.671164 0.930015
vt 0.545290 0.938557
vt 0.185485 0.930107
vt -0.352298 0.860777
vt 0.898945 0.554706
vt 0.780681 0.727043
vt -0.772699 1.095124
vt 0.704688 0.930623
vt 0.735897 0.928783
vt -0.410371 -0.159037
vt 0.174663 0.928648
vt -0.044312 -0.247773
vt 0.711895 0.962829
vt 0.109759 0.931591
vt 0.786909 0.569940
vt 0.788174 0.730411
vt 0.910614 0.400507
vt 0.084195 0.963593
vt 0.093825 0.931591
vt 0.635473 0.926579
vt 0.486061 0.964251
vt 0.099143 0.931591
vt 0.104451 0.963373
vt 0.815217 0.156638
vt 0.180245 0.930032
vt 0.644768 0.966235
vt 0.480740 0.926491
vt 0.001684 0.965155
vt 0.718094 0.965128
vt 0.009876 0.965126
vt 0.676367 0.965542
vt 0.603198 0.965499
vt 0.390680 0.965102
vt 0.608365 0.929195
vt 0.681570 0.929911
vt 0.190014 0.930107
vt -0.705657 1.744129
vt -0.707875 1.453701
vt 1.813175 -0.921259
vt -0.705225 0.009774
vt -0.788634 1.381685
vt 0.734751 -0.913508
vt -0.856288 1.381090
vt -0.706360 1.351571
vt -0.739493 1.748041
vt -0.515368 1.547548
vt -0.729633 -0.745085
vt -0.944871 -0.614013
vt 0.633521 0.847500
vt -0.629477 -0.000484
vt -0.127668 -0.572245
vt 1.475463 -0.573038
vt -0.955435 1.641936
vt 0.894585 0.724286
vt -0.694372 1.338520
vt -0.936579 1.489106
vt -0.773618 0.512743
vt -0.760639 1.484869
vt -0.676094 -0.750132
vt -0.958860 0.198783
vt 1.597287 -0.804501
vt -0.955201 1.730123
vt 0.023145 0.854865
vt -0.738898 0.016678
vt -0.968865 1.273047
vt 1.193661 -0.804284
vt 0.785876 0.840827
vt 0.003498 0.854499
vt 0.918283 0.645345
vt 0.894351 0.664338
vt 0.915374 0.799983
vt 1.493904 -0.580627
vt 0.815577 0.895389
vt 0.934257 -0.568423
vt 0.485924 0.847769
vt 0.802076 0.156031
vt -0.927584 0.772793
vt -0.572945 -0.803113
vt 1.897341 -0.585296
vt 0.349180 0.849518
vt -0.884590 1.332833
vt -0.803524 0.744397
vt -0.274324 -0.572822
vt -0.464424 -1.004615
vt 0.090013 0.923416
vt 0.928544 0.791600
vt 0.780919 0.994050
vt 0.824864 0.994050
vt 0.926377 0.297066
vt 0.732997 0.921834
vt 0.950277 0.183000
vt 0.723298 0.963522
vt 0.972670 0.260533
vt 0.751964 0.932240
vt 0.787474 0.176445
vt 0.347357 0.963058
vt 0.455824 0.962789
vt 0.625038 0.933013
vt 0.700775 0.928688
vt 0.295583 0.963280
vt -0.954696 -0.771710
vt 1.289887 -1.016332
vt 0.404501 -1.014169
vt -0.917561 0.299397
vt -0.882012 1.794171
vt -0.940220 -0.866891
vt -0.457087 -0.524150
vt 1.633376 -0.804140
vt -0.424261 1.353076
vt -0.921905 -0.403803
vt 0.955019 -0.791467
vt -0.787264 0.812646
vt 1.114866 -0.564547
vt -0.933136 -0.149898
vt -0.802821 1.118027
vt -0.374922 -0.537976
vt -0.203695 -0.794874
vt 2.007791 -0.579618
vt 1.597287 -0.794243
vt -0.778161 0.057359
vt 0.823199 -0.568423
vt -0.759016 0.297421
vt 1.784927 -0.580627
vt -0.705279 -0.000484
vt -0.917561 0.748223
vt -0.768895 0.047039
vt -0.779819 -0.700054
vt -0.769309 -0.413592
vt -0.193429 -0.572245
vt 0.519042 -0.801760
vt -0.499576 1.547548
vt -0.803524 0.518056
vt -0.633208 -0.933103
vt -0.769580 2.017612
vt 0.538572 -0.788421
vt 1.080003 -0.564439
vt 1.613060 -0.575382
vt 0.669191 0.745787
vt 0.099532 0.766590
vt 0.117693 0.766452
vt 0.570377 0.966850
vt 0.775668 0.173410
vt -0.586916 1.054518
vt 0.442177 -0.550631
vt 0.497761 0.846203
vt 1.828191 -0.570100
vt 0.639489 0.844131
vt -0.348287 -0.497452
vt 0.384282 0.846853
vt -0.306411 -0.558851
vt 1.387294 -0.559518
vt 0.772540 0.847667
vt 0.018438 -0.545728
vt 1.607544 -0.565124
vt 0.898064 -0.557878
vt 1.879837 -0.570370
vt 0.507060 0.846104
vt 1.691693 -0.567360
vt 0.419057 -0.550288
vt 0.749813 0.173410
vt -0.932162 -0.281042
vt -0.728479 -0.000484
vt 0.793382 0.804317
vt 0.878697 0.514266
vt 0.854107 0.476653
vt -0.934181 1.143219
vt 2.004510 -0.471079
vt -0.360158 1.487159
vt 1.228515 -0.554290
vt -0.673930 0.449151
vt 0.763730 0.218754
vt -0.307475 1.356529
vt 0.690141 0.964581
vt -0.133509 -0.561988
vt -0.127668 -0.550811
vt -0.281471 1.487393
vt 0.868874 0.514554
vt -0.627692 0.455676
vt -0.638778 0.449151
vt -0.236333 1.358773
vt -0.226148 1.365254
vt 0.824660 0.802529
vt -0.493032 -0.421343
vt -0.203695 -0.545385
vt -0.579903 1.078260
vt -0.588736 0.455680
vt -0.599877 0.449137
vt -0.608331 0.438530
vt -0.587420 0.573730
vt -0.096581 -0.570028
vt -0.749516 -0.013517
vt -0.614911 -0.545007
vt -0.693309 0.455754
vt -0.704341 0.449068
vt -0.178882 1.352545
vt -0.163153 1.361819
vt 0.665035 -0.247773
vt -0.946061 1.388157
vt 1.884741 -0.907451
vt 0.347518 -0.838319
vt 1.616503 -0.247773
vt 0.748258 -0.261167
vt 1.788568 -0.909452
vt 0.654960 -0.827286
vt 0.287899 -0.811333
vt 1.396145 -0.247773
vt -0.899336 -0.690644
vt 1.843027 -0.909560
vt -0.924573 -0.910804
vt 0.281371 -0.834209
vt -0.096581 -0.799020
vt -0.611847 -0.784094
vt -0.614911 -0.792855
vt -0.940924 -0.368670
vt 1.865650 -0.909560
vt 0.324615 -0.838499
vt 0.911025 -0.248008
vt -0.712670 1.025748
vt 1.897341 -0.251586
vt 1.597287 -0.557084
vt 0.358883 0.745535
vt 0.921282 -0.248026
vt 0.492262 -0.252416
vt -0.637552 -0.479371
vt 1.723871 -0.309569
vt -0.019562 -0.536931
vt -0.005582 -0.249189
vt 0.506449 -0.553407
vt 0.675292 -0.545223
vt -0.579597 1.331427
vt 0.431920 -0.247773
vt -0.934614 -0.470628
vt -0.579597 1.042161
vt 0.074655 -0.546755
vt 0.245989 -0.553804
vt -0.737582 0.784438
vt 0.032202 -0.555985
vt 0.852037 -0.555354
vt 1.090260 -0.554290
vt 0.376734 -0.543546
vt -0.799126 -0.470628
vt 0.232902 -0.532965
vt 1.377037 -0.554290
vt -0.344565 -0.748221
vt -0.278912 -0.482112
vt -0.330405 -0.557878
vt 0.243159 -0.532965
vt -0.929963 -0.701244
vt 0.878964 -0.553335
vt 0.032202 -0.249189
vt 1.677542 -0.565882
vt 0.106945 -0.553804
vt 0.686772 0.965438
vt 0.768525 0.928552
vt 0.611733 0.965499
vt 0.342100 0.928559
vt 0.585364 0.929195
vt 0.357887 0.928583
vt 0.969246 0.418494
vt 0.618723 0.929195
vt 0.301886 0.922069
vt -0.474537 1.358196
vt 0.028871 0.958375
vt 0.480740 0.847769
vt -0.948945 0.953943
vt 0.533870 0.964131
vt 0.363144 0.928583
vt 0.310029 0.928559
vt 0.793262 0.391199
vt 0.760590 0.928552
vt 0.696975 0.838711
vt 0.336314 0.928559
vt 0.859353 0.827649
vt 0.906005 0.718255
vt 0.908325 0.407848
vt 0.848782 0.827642
vt 0.854098 0.827642
vt 0.910211 0.307954
vt 0.912233 0.904957
vt 0.918856 0.898707
vt 0.900714 0.718246
vt 0.913580 0.314184
vt 0.900869 0.558075
vt 0.864350 0.827633
vt 0.912341 0.809580
vt 0.915042 0.405851
vt 0.657907 0.965744
vt 0.470541 0.964819
vt 0.115473 0.931687
vt 0.592864 0.929215
vt 0.898571 0.221286
vt 0.575047 0.966872
vt 0.036392 0.929387
vt 0.438641 0.934471
vt 0.430584 0.964909
vt 0.427215 0.934524
vt 0.652195 0.965765
vt 0.442009 0.964890
vt 0.025489 0.929403
vt 0.663626 0.965744
vt 0.132386 0.929257
vt 0.069249 0.932175
vt 0.830119 0.564162
vt 0.817863 0.566469
vt 0.785966 0.217313
vt 0.839440 0.220672
vt 0.798118 0.566462
vt 0.835340 0.564128
vt 0.809727 0.388761
vt -0.426983 0.297387
vt 0.783378 0.391223
vt 0.789897 0.564109
vt 0.840561 0.564135
vt 0.807985 0.566471
vt 0.823500 0.391141
vt 0.780010 0.388889
vt 0.835795 0.388789
vt 0.812922 0.566529
vt 0.818282 0.391098
vt 0.784957 0.564106
vt 0.804786 0.388820
vt 0.371769 0.965102
vt 0.834220 0.220651
vt 0.778448 0.566443
vt 0.329169 0.965078
vt 0.788325 0.391105
vt 0.799850 0.388761
vt 0.313398 0.965078
vt 0.824899 0.564167
vt 0.755333 0.965071
vt 0.794749 0.564200
vt 0.366512 0.965102
vt 0.839163 0.391139
vt 0.382283 0.965102
vt 0.828723 0.391106
vt 0.318655 0.965078
vt 0.825631 0.218301
vt 0.323912 0.965078
vt 0.814913 0.388799
vt 0.378915 0.928583
vt 0.828999 0.220678
vt -0.605230 1.547548
vt 0.084195 0.854061
vt 0.697850 0.922103
vt 0.915363 0.566257
vt 0.966176 0.637112
vt 0.016940 0.854499
vt 0.965107 0.165470
vt -0.769562 -0.470628
vt 0.011748 0.854500
vt -0.785119 -0.412573
vt 0.920551 0.566215
vt 0.303710 0.925487
vt 0.016942 0.928466
vt 0.969232 0.494071
vt 0.639576 0.965045
vt 0.960696 0.179981
vt 0.772827 0.965288
vt -0.943393 -0.170529
vt 0.969510 0.253361
vt 0.965892 0.179981
vt -0.949180 0.748223
vt 0.867293 0.927887
vt 0.205415 0.964589
vt -0.948945 1.042161
vt 0.535696 0.847897
vt 0.563644 0.966760
vt -0.943592 0.363466
vt 1.392856 -0.790584
vt 0.163720 0.928343
vt 0.854492 0.214709
vt 0.955497 0.179981
vt -0.949126 0.518056
vt 0.969166 0.321978
vt 0.060971 0.962788
vt 0.417344 0.926605
vt 0.865281 0.156031
vt -0.402620 1.367291
vt 0.795382 0.156031
vt 0.770633 0.219573
vt 0.733655 0.176527
vt 0.462346 0.961057
vt 0.439127 0.917405
vt 0.792333 0.206553
vt 0.920181 0.078840
s 1
usemtl Material.001
f 57/1/1 966/2/1 59/3/1
f 3202/4/2 1733/5/2 1731/6/2
f 46/7/3 1158/8/3 153/9/3
f 3204/10/4 1737/11/4 1735/12/4
f 3206/13/5 1741/14/5 1739/15/5
f 47/16/6 876/17/6 160/18/6
f 3208/19/7 1745/20/7 1743/21/7
f 61/22/1 1002/23/1 63/24/1
f 1747/25/8 3209/26/8 1749/27/8
f 45/28/1 858/29/1 47/30/1
f 3212/31/9 1753/32/9 1751/33/9
f 62/34/10 1206/35/10 185/36/10
f 3214/37/11 1757/38/11 1755/39/11
f 3216/40/12 1761/41/12 1759/42/12
f 73/43/13 1415/44/13 77/45/13
f 3218/46/14 1765/47/14 1763/48/14
f 42/49/15 1146/50/15 145/51/15
f 3220/52/16 1769/53/16 1767/54/16
f 58/55/17 1194/56/17 177/57/17
f 3222/58/18 1773/59/18 1771/60/18
f 43/61/19 840/62/19 152/63/19
f 3224/64/20 1777/65/20 1775/66/20
f 188/67/21 996/68/21 61/69/21
f 3226/70/22 1781/71/22 1779/72/22
f 41/73/1 822/74/1 43/75/1
f 3228/76/23 1785/77/23 1783/78/23
f 54/79/24 1182/80/24 169/81/24
f 3230/82/25 1789/83/25 1787/84/25
f 3232/85/26 1730/86/26 1791/87/26
f 3391/88/27 2139/89/27 2138/90/27
f 416/91/28 2208/92/28 2207/93/28
f 409/94/29 3289/95/29 1658/96/29
f 1792/97/28 1601/98/28 1664/99/28
f 420/100/30 1544/101/30 78/102/30
f 180/103/31 960/104/31 57/105/31
f 1662/106/32 416/107/32 413/108/32
f 191/109/33 1727/110/33 1536/111/33
f 1493/112/34 1879/113/34 1877/114/34
f 412/115/35 2206/116/35 2205/117/35
f 1632/118/36 3265/119/36 3263/120/36
f 1788/121/35 1662/122/35 1660/123/35
f 446/124/37 1596/125/37 182/126/37
f 38/127/38 1134/128/38 137/129/38
f 1658/130/39 412/131/39 409/132/39
f 1486/133/40 1679/134/40 1677/135/40
f 1602/136/41 1858/137/41 1857/138/41
f 408/139/42 2204/140/42 2203/141/42
f 369/142/43 3249/143/43 1618/144/43
f 1784/145/42 1658/96/42 1656/146/42
f 426/147/44 1557/148/44 1555/149/44
f 50/150/45 1170/151/45 161/152/45
f 1654/153/46 408/154/46 405/155/46
f 1482/156/19 1674/157/19 83/158/19
f 1653/159/47 1909/160/47 1910/161/47
f 404/162/48 2202/163/48 2201/164/48
f 384/165/49 3266/166/49 385/167/49
f 1780/168/48 1654/169/48 1652/170/48
f 419/171/50 1542/172/50 1541/173/50
f 39/174/51 804/175/51 144/176/51
f 1650/177/52 404/178/52 401/179/52
f 1534/180/21 1726/181/21 187/182/21
f 1621/183/53 1880/184/53 1623/185/53
f 400/186/54 2200/187/54 2199/188/54
f 396/189/55 3275/190/55 3276/191/55
f 1776/192/54 1650/193/54 1648/194/54
f 445/195/56 1594/196/56 1593/197/56
f 172/198/57 924/199/57 53/200/57
f 1646/201/58 400/202/58 397/203/58
f 91/204/1 1680/205/1 95/206/1
f 1651/207/59 1907/208/59 1523/209/59
f 396/210/60 2198/211/60 2197/212/60
f 1622/213/61 3251/214/61 1620/215/61
f 1772/216/60 1646/217/60 1644/218/60
f 102/219/62 1558/220/62 106/221/62
f 39/222/1 780/223/1 786/224/1
f 1642/225/63 396/226/63 393/227/63
f 79/228/64 1671/229/64 1480/230/64
f 1497/231/65 1883/232/65 1881/233/65
f 392/234/66 2196/235/66 2195/236/66
f 356/237/67 3235/238/67 3236/239/67
f 1768/240/66 1642/241/66 1640/242/66
f 418/243/68 1540/244/68 70/245/68
f 46/246/69 863/247/69 870/248/69
f 1638/249/70 392/250/70 389/251/70
f 183/252/71 1723/253/71 1532/254/71
f 1649/255/72 1905/256/72 1906/257/72
f 388/258/73 2194/259/73 2193/260/73
f 381/261/74 3261/262/74 1630/263/74
f 1764/264/73 1638/265/73 1636/266/73
f 444/267/75 1592/268/75 174/269/75
f 1634/270/76 388/271/76 385/272/76
f 1492/273/40 1681/274/40 1490/275/40
f 1625/276/77 1884/277/77 1627/278/77
f 384/279/78 2192/280/78 2191/281/78
f 372/282/79 3254/283/79 373/284/79
f 1760/285/78 1634/286/78 1632/118/78
f 429/287/80 1559/288/80 428/289/80
f 164/290/81 888/291/81 49/292/81
f 1630/293/82 384/165/82 381/294/82
f 1478/295/51 1670/296/51 75/297/51
f 1647/298/83 1903/299/83 1519/300/83
f 380/301/84 2190/302/84 2189/303/84
f 408/304/85 3287/305/85 3288/306/85
f 1756/307/84 1630/308/84 1628/309/84
f 355/310/86 1537/311/86 1538/312/86
f 34/313/87 1122/314/87 129/315/87
f 1626/316/88 380/317/88 377/318/88
f 1530/319/31 1722/320/31 179/321/31
f 1503/322/89 1885/323/89 1501/324/89
f 376/325/90 2188/326/90 2187/327/90
f 1662/122/91 3291/328/91 1660/123/91
f 1752/329/90 1626/330/90 1624/331/90
f 443/332/92 1590/333/92 1589/334/92
f 44/335/93 834/336/93 42/337/93
f 1622/338/94 376/339/94 373/340/94
f 99/341/1 1684/342/1 103/343/1
f 1645/344/95 1901/345/95 1902/346/95
f 372/347/96 2186/348/96 2185/349/96
f 1610/350/97 3239/351/97 1608/352/97
f 1748/353/96 1622/213/96 1620/215/96
f 110/354/98 1562/355/98 114/356/98
f 35/357/99 768/358/99 136/359/99
f 1618/144/100 372/360/100 369/142/100
f 71/361/101 1667/362/101 1476/363/101
f 1631/364/102 1886/365/102 1888/366/102
f 368/367/103 2184/368/103 2183/369/103
f 412/370/104 3294/371/104 413/372/104
f 1744/373/103 1618/374/103 1616/375/103
f 442/376/105 1588/377/105 166/378/105
f 1614/379/106 368/380/106 365/381/106
f 175/382/107 1719/383/107 1528/384/107
f 1643/385/108 1899/386/108 1515/387/108
f 364/388/109 2182/389/109 2181/390/109
f 368/391/110 3247/392/110 3248/393/110
f 1740/394/109 1614/395/109 1612/396/109
f 431/397/111 1563/398/111 430/399/111
f 33/400/1 750/401/1 35/402/1
f 1610/403/112 364/404/112 361/405/112
f 1494/406/40 1687/407/40 1685/408/40
f 1505/409/113 1891/410/113 1889/411/113
f 360/412/114 2180/413/114 2179/414/114
f 393/415/115 3273/416/115 1642/417/115
f 1736/418/114 1610/350/114 1608/352/114
f 441/419/116 1586/420/116 1585/421/116
f 38/422/117 791/423/117 798/424/117
f 1606/425/118 360/426/118 357/427/118
f 1473/428/99 1665/429/99 66/430/99
f 1641/431/119 1897/432/119 1898/433/119
f 356/434/120 2178/435/120 2177/436/120
f 361/437/121 3240/438/121 3242/439/121
f 1732/440/120 1606/441/120 1604/442/120
f 122/443/122 1564/444/122 1566/445/122
f 30/446/123 719/447/123 726/448/123
f 1601/449/124 356/450/124 417/451/124
f 1526/452/57 1718/453/57 171/454/57
f 1635/455/125 1890/456/125 1892/457/125
f 223/458/35 318/459/35 3102/460/35
f 2058/461/101 2141/462/101 2057/463/101
f 3363/464/126 2126/465/126 3364/466/126
f 3389/467/127 2139/89/127 3390/468/127
f 2057/463/54 2113/469/54 2056/470/54
f 3362/471/128 2127/472/128 3363/464/128
f 3388/473/129 2176/474/129 3389/475/129
f 2056/470/33 2116/476/33 2055/477/33
f 3361/478/130 2168/479/130 3362/471/130
f 3387/480/131 2160/481/131 3388/473/131
f 2055/477/60 2161/482/60 2054/483/60
f 2049/484/78 2153/485/78 2080/486/78
f 3386/487/132 2146/488/132 3387/480/132
f 2054/483/71 2147/489/71 2053/490/71
f 2080/486/6 2137/491/6 2079/492/6
f 3385/493/133 2122/494/133 3386/487/133
f 2053/490/66 2125/495/66 2052/496/66
f 2079/492/84 2140/497/84 2078/498/84
f 3384/499/134 2123/500/134 3385/493/134
f 2052/501/107 2128/502/107 2051/503/107
f 2078/498/19 2175/504/19 2077/505/19
f 3384/499/135 2152/506/135 2166/507/135
f 2051/503/73 2167/508/73 2050/509/73
f 2077/505/90 2159/510/90 2076/511/90
f 3383/512/136 2134/513/136 2152/506/136
f 2050/509/137 2170/514/137 2049/484/137
f 2075/515/51 2159/516/51 2145/517/51
f 3382/518/138 2135/519/138 2134/513/138
f 2075/515/96 2121/520/96 2074/521/96
f 3380/522/139 2135/519/139 3381/523/139
f 2074/521/99 2124/524/99 2073/525/99
f 3379/526/140 2174/527/140 3380/528/140
f 3074/529/40 2017/530/40 3073/531/40
f 2387/532/1 3188/533/1 3187/534/1
f 3076/535/40 2019/536/40 3075/537/40
f 202/538/141 3178/539/141 2409/540/141
f 197/541/40 3077/542/40 3078/543/40
f 219/544/142 2394/545/142 2043/546/142
f 3080/547/40 2023/548/40 3079/549/40
f 2035/550/120 3121/551/120 3089/552/120
f 3082/553/40 2025/554/40 3081/555/40
f 3078/556/109 2406/557/109 199/558/109
f 203/559/40 3083/560/40 3084/561/40
f 3104/562/28 2432/563/28 193/564/28
f 205/565/40 3085/566/40 3086/567/40
f 2417/568/1 3185/569/1 2385/570/1
f 207/571/40 3087/572/40 3088/573/40
f 217/574/143 2392/575/143 2041/576/143
f 209/577/40 3089/578/40 3090/579/40
f 2033/580/28 3119/581/28 3087/582/28
f 211/583/40 3091/584/40 3092/585/40
f 3076/586/114 2404/587/114 197/588/114
f 213/589/40 3093/590/40 3094/591/40
f 3102/460/35 2430/592/35 223/458/35
f 215/593/40 3095/594/40 3096/595/40
f 2371/596/144 3139/597/144 2020/598/144
f 3098/599/40 2041/600/40 3097/601/40
f 215/602/145 2390/603/145 2039/604/145
f 219/605/40 3099/606/40 3100/607/40
f 2031/608/35 3117/609/35 3085/610/35
f 3102/611/40 2045/612/40 3101/613/40
f 3074/614/120 2402/615/120 195/616/120
f 223/617/40 3103/618/40 3104/619/40
f 3100/620/42 2428/621/42 221/622/42
f 2975/623/1 2717/624/1 2974/625/1
f 3090/626/137 305/627/137 209/628/137
f 197/588/114 292/629/114 3076/586/114
f 3104/562/146 319/630/146 223/458/146
f 211/631/73 306/632/73 3090/626/73
f 3078/556/31 293/633/31 197/588/31
f 193/564/28 320/634/28 3104/562/28
f 3092/635/107 307/636/107 211/631/107
f 199/558/109 294/637/109 3078/556/109
f 213/638/66 308/639/66 3092/640/66
f 3080/641/21 295/642/21 199/558/21
f 3094/643/71 309/644/71 213/638/71
f 201/645/103 296/646/103 3080/641/103
f 215/647/60 310/648/60 3094/643/60
f 3082/649/99 297/650/99 201/645/99
f 3096/651/33 311/652/33 215/647/33
f 203/653/96 298/654/96 3082/649/96
f 217/655/54 312/656/54 3096/651/54
f 3084/657/51 299/658/51 203/653/51
f 3098/659/101 313/660/101 217/655/101
f 205/661/90 300/662/90 3084/663/90
f 219/664/48 314/665/48 3098/659/48
f 3086/666/19 301/667/19 205/661/19
f 3100/620/64 315/668/64 219/664/64
f 207/669/84 302/670/84 3086/666/84
f 3074/614/81 289/671/81 193/564/81
f 221/622/42 316/672/42 3100/620/42
f 3088/673/6 303/674/6 207/669/6
f 195/616/120 290/675/120 3074/614/120
f 3102/460/147 317/676/147 221/677/147
f 209/628/78 304/678/78 3088/673/78
f 3076/679/57 291/680/57 195/616/57
f 292/681/148 2532/682/148 2500/683/148
f 2946/684/40 291/685/40 2947/686/40
f 318/687/149 2558/688/149 2526/689/149
f 2948/690/40 293/691/40 2949/692/40
f 309/644/150 2518/693/150 2517/694/150
f 2950/695/40 295/696/40 2951/697/40
f 2953/698/151 2538/699/151 2954/700/151
f 2952/701/40 297/702/40 2953/703/40
f 291/704/152 2531/705/152 2947/706/152
f 2954/707/40 299/708/40 2955/709/40
f 317/710/153 2557/711/153 2973/712/153
f 2956/713/40 301/714/40 2957/715/40
f 289/716/154 2529/717/154 2945/718/154
f 2958/719/40 303/720/40 2959/721/40
f 316/722/155 2556/723/155 2524/724/155
f 2961/725/40 304/726/40 305/727/40
f 308/728/156 2515/729/156 307/636/156
f 2963/730/40 306/731/40 307/732/40
f 2951/733/157 2536/734/157 2952/735/157
f 2965/736/40 308/737/40 309/738/40
f 290/739/158 2530/740/158 2498/741/158
f 2966/742/40 311/743/40 2967/744/40
f 315/745/159 2555/746/159 2971/747/159
f 2968/748/40 313/749/40 2969/750/40
f 314/751/160 2554/752/160 2522/753/160
f 2970/754/40 315/755/40 2971/756/40
f 305/627/161 2514/757/161 2513/758/161
f 2972/759/40 317/760/40 2973/761/40
f 2949/762/150 2534/763/150 2950/764/150
f 2974/765/40 319/766/40 2975/767/40
f 2975/768/162 2560/769/162 2976/770/162
f 2976/771/40 289/772/40 2945/773/40
f 276/774/1 3027/775/1 275/776/1
f 263/777/6 3047/778/6 327/779/6
f 3314/780/40 2738/781/40 3315/782/40
f 2956/783/66 2731/784/66 3308/785/66
f 352/786/33 3040/787/33 288/788/33
f 274/789/1 3025/790/1 273/791/1
f 3321/792/78 2712/793/78 2969/794/78
f 2947/795/1 2689/796/1 2946/797/1
f 328/798/146 3016/799/146 264/800/146
f 261/801/19 3045/802/19 325/803/19
f 2973/804/1 2715/805/1 2972/806/1
f 3312/807/40 2736/808/40 3313/809/40
f 272/810/1 3023/811/1 271/812/1
f 340/813/51 3028/814/51 276/815/51
f 3307/816/120 2698/817/120 2955/818/120
f 338/819/99 3026/820/99 274/821/99
f 2968/822/28 2743/823/28 3320/824/28
f 270/825/1 3021/826/1 269/827/1
f 2971/828/1 2713/829/1 2970/830/1
f 277/831/147 3061/832/147 341/833/147
f 3311/834/40 2733/835/40 2734/836/40
f 287/837/21 3071/838/21 351/839/21
f 2954/840/73 2729/841/73 3306/842/73
f 267/843/1 3020/844/1 3019/845/1
f 3319/846/84 2710/847/84 2967/848/84
f 351/849/40 3072/850/40 352/851/40
f 2969/852/1 2711/853/1 2968/854/1
f 324/855/64 3012/856/64 260/857/64
f 3308/858/40 2732/859/40 3309/860/40
f 266/861/1 3017/862/1 265/863/1
f 3305/864/28 2696/865/28 2953/866/28
f 3/867/81 2208/92/81 1/868/81
f 2/869/163 3202/4/163 4/870/163
f 2/869/163 1730/86/163 3231/871/163
f 72/872/81 2177/436/81 3/867/81
f 5/873/57 357/874/57 76/875/57
f 7/876/57 2178/435/57 5/873/57
f 6/877/164 3204/878/164 8/879/164
f 7/876/57 360/880/57 2179/881/57
f 9/882/31 361/883/31 84/884/31
f 11/885/31 2180/413/31 9/882/31
f 10/886/165 3206/13/165 12/887/165
f 88/888/31 2181/390/31 11/885/31
f 13/889/21 365/890/21 92/891/21
f 15/892/21 2182/389/21 13/889/21
f 14/893/166 3208/19/166 16/894/166
f 96/895/21 2183/369/21 15/892/21
f 17/896/99 369/897/99 100/898/99
f 19/899/99 2184/368/99 17/896/99
f 18/900/167 3210/901/167 20/902/167
f 104/903/99 2185/349/99 19/899/99
f 21/904/51 373/905/51 108/906/51
f 23/907/51 2186/348/51 21/904/51
f 22/908/168 3212/909/169 24/910/169
f 23/907/51 376/911/51 2187/912/51
f 25/913/19 377/914/19 116/915/19
f 27/916/19 2188/326/19 25/913/19
f 26/917/170 3214/37/170 28/918/170
f 120/919/19 2189/303/19 27/916/19
f 29/920/6 381/921/6 124/922/6
f 31/923/6 2190/302/6 29/920/6
f 30/924/171 3216/40/171 32/925/171
f 128/926/6 2191/281/6 31/923/6
f 33/927/137 385/928/137 132/929/137
f 35/930/137 2192/280/137 33/927/137
f 34/931/172 3218/46/172 36/932/172
f 136/933/137 2193/260/137 35/930/137
f 37/934/107 389/935/107 140/936/107
f 39/937/107 2194/259/107 37/934/107
f 38/938/173 3220/939/173 40/940/173
f 39/937/107 392/941/107 2195/942/107
f 41/943/71 393/944/71 148/945/71
f 43/946/71 2196/235/71 41/943/71
f 42/947/174 3222/58/174 44/948/174
f 152/949/71 2197/212/71 43/946/71
f 45/950/33 397/951/33 156/952/33
f 47/953/33 2198/211/33 45/950/33
f 46/954/175 3224/64/175 48/955/175
f 160/956/33 2199/188/33 47/953/33
f 49/957/101 401/958/101 164/959/101
f 51/960/101 2200/187/101 49/957/101
f 50/961/176 3226/70/176 52/962/176
f 168/963/101 2201/164/101 51/960/101
f 53/964/64 405/965/64 172/966/64
f 55/967/64 2202/163/64 53/964/64
f 54/968/177 3228/76/177 56/969/177
f 55/967/64 408/139/64 2203/141/64
f 57/970/147 409/971/147 180/972/147
f 59/973/147 2204/974/147 57/970/147
f 58/975/178 3230/82/178 60/976/178
f 184/977/147 2205/117/147 59/973/147
f 61/978/146 413/979/146 188/980/146
f 63/981/146 2206/116/146 61/978/146
f 62/982/179 3232/85/179 64/983/179
f 192/984/146 2207/93/146 63/981/146
f 1/868/81 417/985/81 65/986/81
f 4/870/163 1731/6/163 69/987/163
f 6/877/164 1733/5/164 3201/988/164
f 8/879/164 1735/989/164 77/990/164
f 10/886/165 1737/11/165 3203/991/165
f 12/887/165 1739/15/165 85/992/165
f 14/893/166 1741/14/166 3205/993/166
f 16/894/166 1743/21/180 93/994/180
f 18/900/167 1745/20/167 3207/995/167
f 20/902/167 1747/25/167 101/996/167
f 22/908/169 1749/27/169 3209/26/169
f 24/910/169 1751/997/169 109/998/169
f 26/917/170 1753/32/170 3211/999/170
f 28/918/170 1755/39/170 117/1000/170
f 30/924/171 1757/38/171 3213/1001/171
f 32/925/171 1759/42/171 125/1002/171
f 34/931/172 1761/41/172 3215/1003/172
f 36/932/172 1763/48/172 133/1004/172
f 38/938/173 1765/47/173 3217/1005/173
f 40/940/173 1767/1006/173 141/1007/173
f 42/947/174 1769/53/174 3219/1008/174
f 44/948/174 1771/60/174 149/1009/174
f 46/954/175 1773/59/175 3221/1010/175
f 48/955/175 1775/66/175 157/1011/175
f 50/961/176 1777/65/176 3223/1012/176
f 52/962/176 1779/72/176 165/1013/176
f 54/968/177 1781/71/177 3225/1014/177
f 56/969/177 1783/78/177 173/1015/177
f 58/975/178 1785/1016/178 3227/1017/178
f 60/976/178 1787/84/178 181/1018/178
f 62/982/179 1789/83/179 3229/1019/179
f 64/983/179 1791/87/179 189/1020/179
f 188/980/146 416/91/146 192/984/146
f 189/1020/179 1789/83/179 185/1021/179
f 180/972/147 412/115/147 184/977/147
f 181/1018/178 1785/1016/178 177/1022/178
f 172/966/64 408/139/64 176/1023/64
f 173/1015/177 1781/71/177 169/1024/177
f 164/959/101 404/162/101 168/963/101
f 165/1013/176 1777/65/176 161/1025/176
f 156/952/33 400/186/33 160/956/33
f 157/1011/175 1773/59/175 153/1026/175
f 148/945/71 396/210/71 152/949/71
f 149/1009/174 1769/53/174 145/1027/174
f 140/936/107 392/941/107 144/1028/107
f 141/1007/173 1765/47/173 137/1029/173
f 132/929/137 388/258/137 136/933/137
f 133/1004/172 1761/41/172 129/1030/172
f 124/922/6 384/279/6 128/926/6
f 125/1002/171 1757/38/171 121/1031/171
f 116/915/19 380/301/19 120/919/19
f 117/1000/170 1753/32/170 113/1032/170
f 108/906/51 376/911/51 112/1033/51
f 109/998/169 1749/27/169 105/1034/169
f 100/898/99 372/347/99 104/903/99
f 101/996/167 1745/20/167 97/1035/167
f 92/891/21 368/367/21 96/895/21
f 93/994/180 1741/14/166 89/1036/166
f 84/884/31 364/388/31 88/888/31
f 85/992/165 1737/11/165 81/1037/165
f 76/875/57 360/880/57 80/1038/57
f 77/990/164 1733/5/164 73/1039/164
f 65/986/81 356/434/81 72/872/81
f 69/987/163 1730/86/163 68/1040/163
f 4/1041/87 1411/1042/87 461/1043/87
f 8/1044/38 1415/1045/38 503/1046/38
f 12/1047/15 1419/1048/15 539/1049/15
f 16/1050/3 1423/1051/3 575/1052/3
f 20/1053/45 1427/1054/45 611/1055/45
f 24/1056/24 1431/1057/24 647/1058/24
f 28/1059/17 1435/1060/17 683/1061/17
f 32/1062/10 1439/1063/10 719/1064/10
f 36/1065/181 1443/1066/181 755/1067/181
f 40/1068/182 1447/1069/182 791/1070/182
f 44/1071/183 1451/1072/183 827/1073/183
f 48/1074/184 1455/1075/184 863/1076/184
f 52/1077/185 1459/1078/185 899/1079/185
f 56/1080/186 1463/1081/186 935/1082/186
f 60/1083/187 1467/1084/187 971/1085/187
f 64/1086/188 1471/1087/188 1007/1088/188
f 192/1089/40 989/1090/40 188/1091/40
f 180/1092/40 984/1093/40 953/1094/40
f 176/1095/40 917/1096/40 172/1097/40
f 168/1098/40 881/1099/40 164/1100/40
f 160/1101/40 845/1102/40 156/1103/40
f 148/1104/40 840/1105/40 809/1106/40
f 144/1107/40 773/1108/40 140/1109/40
f 136/1110/40 737/1111/40 132/1112/40
f 128/1113/40 701/1114/40 124/1115/40
f 116/1116/40 696/1117/40 665/1118/40
f 112/1119/40 629/1120/40 108/1121/40
f 104/1122/40 593/1123/40 100/1124/40
f 96/1125/40 557/1126/40 92/1127/40
f 84/1128/40 552/1129/40 521/1130/40
f 80/1131/40 485/1132/40 76/1133/40
f 65/1134/99 449/1135/99 1/1136/99
f 185/1137/189 1471/1138/189 189/1139/189
f 55/1140/1 924/1141/1 930/1142/1
f 51/1143/137 912/1144/137 168/1145/137
f 177/1146/190 1467/1147/190 181/1148/190
f 49/1149/1 894/1150/1 51/1151/1
f 52/1152/191 906/1153/191 50/1154/191
f 169/1155/192 1463/1156/192 173/1157/192
f 156/1158/146 852/1159/146 45/1160/146
f 55/1161/107 948/1162/107 176/1163/107
f 68/1164/193 1411/1165/193 69/1166/193
f 161/1167/194 1459/1168/194 165/1169/194
f 4/1170/195 468/1171/195 2/1172/195
f 148/1173/147 816/1174/147 41/1175/147
f 56/1176/196 942/1177/196 54/1178/196
f 153/1179/197 1455/1180/197 157/1181/197
f 7/1182/64 516/1183/64 80/1184/64
f 140/1185/64 780/1186/64 37/1187/64
f 59/1188/71 984/1189/71 184/1190/71
f 145/1191/198 1451/1192/198 149/1193/198
f 6/1194/199 503/1195/199 510/1196/199
f 132/1197/101 744/1198/101 33/1199/101
f 60/1200/200 978/1201/200 58/1202/200
f 137/1203/201 1447/1204/201 141/1205/201
f 11/1206/147 552/1207/147 88/1208/147
f 29/1209/1 714/1210/1 31/1211/1
f 63/1212/33 1020/1213/33 192/1214/33
f 129/1215/202 1443/1216/202 133/1217/202
f 12/1218/203 546/1219/203 10/1220/203
f 25/1221/1 678/1222/1 27/1223/1
f 62/1224/204 1007/1225/204 1014/1226/204
f 121/1227/205 1439/1228/205 125/1229/205
f 3/1230/101 480/1231/101 72/1232/101
f 15/1233/146 588/1234/146 96/1235/146
f 23/1236/1 636/1237/1 642/1238/1
f 2/1239/181 474/1240/181 68/1241/181
f 113/1242/206 1435/1243/206 117/1244/206
f 84/1245/19 528/1246/19 9/1247/19
f 16/1248/207 582/1249/207 14/1250/207
f 17/1251/1 606/1252/208 19/1253/1
f 6/1254/182 1038/1255/182 73/1256/182
f 105/1257/209 1431/1258/209 109/1259/209
f 92/1260/6 564/1261/6 13/1262/6
f 19/1263/81 624/1264/81 104/1265/81
f 13/1266/1 570/1267/1 15/1268/1
f 10/1269/183 1050/1270/183 81/1271/183
f 97/1272/210 1427/1273/210 101/1274/210
f 100/1275/137 600/1276/137 17/1277/137
f 20/1278/211 618/1279/211 18/1280/211
f 9/1281/1 534/1282/1 11/1283/1
f 14/1284/184 1062/1285/184 89/1286/184
f 89/1287/212 1423/1288/212 93/1289/212
f 108/1290/107 636/1291/107 21/1292/107
f 23/1293/57 660/1294/57 112/1295/57
f 7/1296/1 492/1297/1 498/1298/1
f 18/1299/185 1074/1300/185 97/1301/185
f 81/1302/213 1419/1303/213 85/1304/213
f 116/1305/71 672/1306/71 25/1307/71
f 22/1308/214 647/1309/214 654/1310/214
f 76/1311/51 492/1312/51 5/1313/51
f 22/1314/186 1086/1315/186 105/1316/186
f 72/1317/40 1409/1318/40 65/1319/40
f 124/1320/33 708/1321/33 29/1322/33
f 27/1323/31 696/1324/31 120/1325/31
f 26/1326/187 1098/1327/187 113/1328/187
f 28/1329/215 690/1330/215 26/1331/215
f 30/1332/188 1110/1333/188 121/1334/188
f 31/1335/21 732/1336/21 128/1337/21
f 36/1338/216 762/1339/216 34/1340/216
f 455/1341/217 454/1342/217 1217/1343/217
f 457/1344/218 453/1345/218 454/1342/218
f 453/1346/219 459/1347/219 452/1348/219
f 459/1347/220 451/1349/220 452/1348/220
f 451/1349/221 1219/1350/221 1220/1351/221
f 1221/1352/222 469/1353/223 466/1354/222
f 469/1353/224 465/1355/224 466/1354/224
f 470/1356/225 464/1357/225 465/1355/225
f 471/1358/226 463/1359/226 464/1360/226
f 463/1359/227 1223/1361/227 1224/1362/227
f 1225/1363/228 472/1364/228 478/1365/228
f 478/1365/229 471/1366/229 477/1367/229
f 477/1368/230 470/1356/231 476/1369/230
f 476/1369/232 469/1353/233 475/1370/232
f 475/1370/234 467/1371/235 1226/1372/234
f 1219/1373/236 484/1374/236 1227/1375/236
f 460/1376/237 483/1377/237 484/1374/237
f 459/1378/31 482/1379/31 483/1377/31
f 458/1380/238 481/1381/238 482/1382/238
f 457/1344/239 1228/1383/240 481/1381/240
f 491/1384/241 490/1385/242 1229/1386/242
f 493/1387/243 489/1388/243 490/1385/243
f 494/1389/146 488/1390/146 489/1388/146
f 495/1391/244 487/1392/245 488/1390/245
f 496/1393/246 1232/1394/247 487/1395/247
f 497/1396/248 493/1387/248 491/1384/248
f 493/1387/249 500/1397/249 494/1389/249
f 500/1398/250 495/1399/250 494/1400/250
f 501/1401/251 496/1402/251 495/1399/251
f 502/1403/252 1231/1404/253 496/1402/253
f 1235/1405/254 511/1406/255 508/1407/254
f 511/1406/256 507/1408/256 508/1407/256
f 507/1409/257 513/1410/257 506/1411/257
f 513/1410/258 505/1412/258 506/1411/258
f 514/1413/259 1238/1414/259 505/1412/259
f 1234/1415/260 520/1416/260 1239/1417/260
f 502/1418/261 519/1419/261 520/1416/261
f 501/1420/21 518/1421/21 519/1419/21
f 500/1422/262 517/1423/262 518/1421/262
f 499/1424/263 1240/1425/263 517/1426/263
f 527/1427/264 526/1428/265 1241/1429/265
f 529/1430/266 525/1431/266 526/1432/266
f 525/1431/81 531/1433/81 524/1434/81
f 531/1433/267 523/1435/267 524/1434/267
f 523/1435/268 1243/1436/269 1244/1437/268
f 533/1438/270 529/1439/271 527/1427/271
f 535/1440/272 530/1441/273 529/1439/273
f 530/1442/274 537/1443/274 531/1444/274
f 531/1444/275 538/1445/275 532/1446/275
f 538/1445/276 1243/1447/277 532/1446/277
f 1247/1448/278 547/1449/279 544/1450/278
f 547/1449/280 543/1451/280 544/1450/280
f 548/1452/281 542/1453/281 543/1454/281
f 542/1453/282 550/1455/282 541/1456/282
f 550/1455/283 1250/1457/283 541/1456/283
f 1246/1458/284 556/1459/285 1251/1460/285
f 538/1461/286 555/1462/286 556/1463/286
f 537/1464/99 554/1465/99 555/1462/99
f 536/1466/287 553/1467/287 554/1465/287
f 535/1440/288 1252/1468/288 553/1467/288
f 563/1469/289 562/1470/289 1253/1471/289
f 565/1472/290 561/1473/290 562/1470/290
f 566/1474/57 560/1475/57 561/1476/57
f 567/1477/291 559/1478/291 560/1475/291
f 568/1479/292 1256/1480/292 559/1478/292
f 563/1469/293 571/1481/293 565/1472/293
f 571/1481/294 566/1482/295 565/1472/295
f 572/1483/296 567/1484/296 566/1485/296
f 573/1486/297 568/1487/298 567/1484/298
f 574/1488/299 1255/1489/299 568/1487/299
f 581/1490/300 580/1491/300 1259/1492/300
f 580/1491/301 584/1493/302 579/1494/301
f 579/1494/303 585/1495/303 578/1496/303
f 585/1497/304 577/1498/304 578/1499/304
f 577/1498/305 1261/1500/305 1262/1501/305
f 1258/1502/306 592/1503/306 1263/1504/306
f 574/1505/307 591/1506/308 592/1503/308
f 573/1507/51 590/1508/51 591/1509/51
f 572/1510/309 589/1511/309 590/1508/309
f 571/1481/310 1264/1512/310 589/1511/310
f 599/1513/236 598/1514/236 1265/1515/236
f 598/1514/237 602/1516/237 597/1517/237
f 602/1516/31 596/1518/31 597/1517/31
f 603/1519/311 595/1520/311 596/1521/311
f 595/1520/239 1267/1522/239 1268/1523/239
f 605/1524/312 601/1525/312 599/1513/312
f 607/1526/313 602/1516/313 601/1525/313
f 602/1527/314 609/1528/314 603/1529/314
f 609/1528/315 604/1530/315 603/1529/315
f 604/1530/316 1270/1531/316 1267/1532/316
f 1271/1533/317 619/1534/318 616/1535/317
f 619/1534/319 615/1536/319 616/1535/319
f 620/1537/320 614/1538/321 615/1539/321
f 621/1540/322 613/1541/322 614/1538/322
f 613/1541/323 1273/1542/324 1274/1543/323
f 1270/1544/325 628/1545/325 1275/1546/325
f 610/1547/326 627/1548/326 628/1545/326
f 609/1549/19 626/1550/19 627/1548/19
f 608/1551/327 625/1552/328 626/1550/328
f 607/1526/329 1276/1553/329 625/1554/329
f 635/1555/260 634/1556/260 1277/1557/260
f 637/1558/261 633/1559/261 634/1556/261
f 638/1560/21 632/1561/21 633/1559/21
f 639/1562/262 631/1563/262 632/1561/262
f 640/1564/330 1280/1565/263 631/1566/263
f 641/1567/331 637/1558/331 635/1555/331
f 637/1558/332 644/1568/332 638/1560/332
f 644/1569/333 639/1570/333 638/1571/333
f 645/1572/334 640/1573/334 639/1570/334
f 646/1574/335 1279/1575/335 640/1573/335
f 1283/1576/336 655/1577/337 652/1578/336
f 655/1577/338 651/1579/338 652/1578/338
f 651/1580/339 657/1581/339 650/1582/339
f 657/1581/340 649/1583/340 650/1582/340
f 649/1583/341 1285/1584/341 1286/1585/341
f 1282/1586/342 664/1587/342 1287/1588/342
f 646/1589/343 663/1590/343 664/1587/343
f 645/1591/6 662/1592/6 663/1590/6
f 644/1593/344 661/1594/344 662/1592/344
f 643/1595/345 1288/1596/346 661/1594/346
f 671/1597/285 670/1598/284 1289/1599/284
f 673/1600/347 669/1601/347 670/1602/347
f 669/1601/99 675/1603/99 668/1604/99
f 675/1603/287 667/1605/287 668/1604/287
f 667/1605/348 1291/1606/348 1292/1607/348
f 677/1608/349 673/1609/350 671/1597/350
f 679/1610/351 674/1611/352 673/1609/352
f 674/1612/353 681/1613/353 675/1614/353
f 675/1614/354 682/1615/354 676/1616/354
f 682/1615/355 1291/1617/355 676/1616/355
f 1295/1618/356 691/1619/357 688/1620/356
f 691/1619/358 687/1621/358 688/1620/358
f 692/1622/359 686/1623/360 687/1624/360
f 686/1623/361 694/1625/361 685/1626/361
f 694/1625/362 1298/1627/362 685/1626/362
f 1294/1628/363 700/1629/363 1299/1630/363
f 682/1631/364 699/1632/365 700/1633/365
f 681/1634/137 698/1635/366 699/1632/366
f 680/1636/367 697/1637/367 698/1635/367
f 679/1610/368 1300/1638/369 697/1637/369
f 707/1639/306 706/1640/306 1301/1641/306
f 709/1642/308 705/1643/370 706/1640/370
f 710/1644/51 704/1645/51 705/1646/51
f 711/1647/309 703/1648/309 704/1645/309
f 712/1649/310 1304/1650/310 703/1648/310
f 707/1639/371 715/1651/372 709/1642/371
f 715/1651/373 710/1652/374 709/1642/374
f 716/1653/375 711/1654/376 710/1655/376
f 717/1656/377 712/1657/378 711/1654/378
f 718/1658/379 1303/1659/379 712/1657/379
f 725/1660/380 724/1661/380 1307/1662/380
f 724/1661/381 728/1663/381 723/1664/381
f 723/1664/382 729/1665/382 722/1666/382
f 722/1667/383 730/1668/383 721/1669/383
f 730/1668/384 1310/1670/385 721/1669/385
f 1306/1671/386 736/1672/387 1311/1673/387
f 718/1674/388 735/1675/388 736/1672/388
f 717/1676/107 734/1677/107 735/1678/107
f 716/1679/389 733/1680/389 734/1677/389
f 715/1651/390 1312/1681/390 733/1680/390
f 743/1682/325 742/1683/325 1313/1684/325
f 742/1683/326 746/1685/326 741/1686/326
f 746/1685/19 740/1687/19 741/1686/19
f 747/1688/327 739/1689/327 740/1687/327
f 739/1690/329 1315/1691/329 1316/1692/329
f 749/1693/391 745/1694/391 743/1682/391
f 751/1695/392 746/1685/392 745/1694/392
f 746/1696/393 753/1697/393 747/1698/393
f 753/1697/394 748/1699/394 747/1698/394
f 748/1699/395 1318/1700/395 1315/1701/395
f 1319/1702/396 763/1703/397 760/1704/396
f 763/1703/398 759/1705/398 760/1704/398
f 764/1706/399 758/1707/399 759/1708/399
f 765/1709/400 757/1710/400 758/1707/400
f 757/1710/401 1321/1711/402 1322/1712/401
f 1318/1713/403 772/1714/403 1323/1715/403
f 754/1716/404 771/1717/404 772/1714/404
f 753/1718/71 770/1719/71 771/1717/71
f 752/1720/405 769/1721/406 770/1719/406
f 751/1695/407 1324/1722/408 769/1723/408
f 779/1724/342 778/1725/342 1325/1726/342
f 781/1727/343 777/1728/409 778/1725/409
f 782/1729/6 776/1730/6 777/1728/6
f 783/1731/344 775/1732/344 776/1730/344
f 784/1733/346 1328/1734/346 775/1732/346
f 785/1735/410 781/1727/410 779/1724/410
f 781/1727/411 788/1736/411 782/1729/411
f 788/1737/412 783/1738/412 782/1739/412
f 789/1740/413 784/1741/413 783/1738/413
f 790/1742/414 1327/1743/415 784/1741/415
f 1331/1744/416 799/1745/417 796/1746/416
f 799/1745/418 795/1747/418 796/1746/418
f 795/1748/419 801/1749/419 794/1750/419
f 801/1749/420 793/1751/420 794/1750/420
f 802/1752/421 1334/1753/421 793/1751/421
f 1330/1754/422 808/1755/422 1335/1756/422
f 790/1757/423 807/1758/423 808/1755/423
f 789/1759/33 806/1760/33 807/1758/33
f 788/1761/424 805/1762/424 806/1760/424
f 787/1763/425 1336/1764/425 805/1762/425
f 815/1765/363 814/1766/426 1337/1767/426
f 817/1768/364 813/1769/364 814/1770/364
f 813/1769/137 819/1771/137 812/1772/137
f 819/1771/367 811/1773/367 812/1772/367
f 811/1773/368 1339/1774/368 1340/1775/368
f 821/1776/427 817/1777/428 815/1765/428
f 823/1778/429 818/1779/430 817/1777/430
f 818/1780/431 825/1781/431 819/1782/431
f 819/1782/432 826/1783/432 820/1784/432
f 826/1783/433 1339/1785/434 820/1784/434
f 1343/1786/435 835/1787/435 832/1788/435
f 835/1787/436 831/1789/436 832/1788/436
f 836/1790/437 830/1791/437 831/1792/437
f 830/1791/438 838/1793/438 829/1794/438
f 838/1793/439 1346/1795/439 829/1794/439
f 1342/1796/440 844/1797/440 1347/1798/440
f 826/1799/441 843/1800/441 844/1801/441
f 825/1802/101 842/1803/101 843/1800/101
f 824/1804/442 841/1805/442 842/1803/442
f 823/1778/443 1348/1806/443 841/1805/443
f 851/1807/387 850/1808/387 1349/1809/387
f 853/1810/388 849/1811/388 850/1808/388
f 854/1812/107 848/1813/107 849/1814/107
f 855/1815/389 847/1816/389 848/1813/389
f 856/1817/444 1352/1818/390 847/1816/390
f 851/1807/445 859/1819/445 853/1810/445
f 859/1819/446 854/1820/446 853/1810/446
f 860/1821/447 855/1822/447 854/1823/447
f 861/1824/448 856/1825/448 855/1822/448
f 862/1826/449 1351/1827/449 856/1825/449
f 869/1828/450 868/1829/450 1355/1830/450
f 871/1831/451 867/1832/452 868/1829/452
f 872/1833/453 866/1834/454 867/1832/454
f 873/1835/455 865/1836/455 866/1837/455
f 874/1838/456 1358/1839/456 865/1836/456
f 1354/1840/457 880/1841/457 1359/1842/457
f 862/1843/458 879/1844/459 880/1841/459
f 861/1845/64 878/1846/64 879/1847/64
f 860/1848/460 877/1849/460 878/1846/460
f 859/1819/461 1360/1850/461 877/1849/461
f 887/1851/403 886/1852/403 1361/1853/403
f 886/1852/404 890/1854/404 885/1855/404
f 890/1854/71 884/1856/71 885/1855/71
f 891/1857/406 883/1858/406 884/1856/406
f 883/1859/407 1363/1860/407 1364/1861/407
f 893/1862/462 889/1863/462 887/1851/462
f 895/1864/463 890/1854/463 889/1863/463
f 890/1865/464 897/1866/464 891/1867/464
f 897/1866/465 892/1868/465 891/1867/465
f 892/1868/466 1366/1869/466 1363/1870/466
f 1367/1871/467 907/1872/468 904/1873/467
f 907/1872/469 903/1874/469 904/1873/469
f 908/1875/470 902/1876/471 903/1874/471
f 909/1877/472 901/1878/472 902/1879/472
f 901/1878/473 1369/1880/474 1370/1881/473
f 1366/1882/475 916/1883/475 1371/1884/475
f 898/1885/476 915/1886/476 916/1883/476
f 897/1887/147 914/1888/147 915/1886/147
f 896/1889/477 913/1890/478 914/1891/478
f 895/1864/479 1372/1892/479 913/1890/479
f 923/1893/422 922/1894/422 1373/1895/422
f 925/1896/423 921/1897/423 922/1894/423
f 926/1898/33 920/1899/33 921/1897/33
f 927/1900/424 919/1901/424 920/1899/424
f 928/1902/425 1376/1903/425 919/1901/425
f 929/1904/480 925/1896/480 923/1893/480
f 925/1896/481 932/1905/481 926/1898/481
f 932/1906/482 927/1907/482 926/1908/482
f 933/1909/483 928/1910/483 927/1907/483
f 934/1911/484 1375/1912/485 928/1910/485
f 1379/1913/486 943/1914/487 940/1915/486
f 943/1914/488 939/1916/488 940/1915/488
f 939/1917/489 945/1918/489 938/1919/489
f 945/1918/490 937/1920/490 938/1919/490
f 946/1921/491 1382/1922/491 937/1920/491
f 1378/1923/242 952/1924/242 1383/1925/242
f 934/1926/243 951/1927/243 952/1924/243
f 933/1928/146 950/1929/146 951/1927/146
f 932/1930/244 949/1931/244 950/1929/244
f 931/1932/247 1384/1933/246 949/1934/246
f 959/1935/492 958/1936/440 1385/1937/440
f 961/1938/493 957/1939/493 958/1940/493
f 957/1939/101 963/1941/101 956/1942/101
f 963/1941/442 955/1943/442 956/1942/442
f 955/1943/494 1387/1944/494 1388/1945/494
f 965/1946/495 961/1947/496 959/1935/496
f 967/1948/497 962/1949/498 961/1947/498
f 962/1950/499 969/1951/499 963/1952/499
f 963/1952/500 970/1953/501 964/1954/500
f 970/1953/502 1387/1955/502 964/1954/502
f 1391/1956/503 979/1957/503 976/1958/503
f 979/1957/504 975/1959/504 976/1958/504
f 980/1960/505 974/1961/505 975/1962/505
f 974/1961/506 982/1963/507 973/1964/506
f 982/1963/508 1394/1965/508 973/1964/508
f 1390/1966/264 988/1967/264 1395/1968/264
f 970/1969/509 987/1970/266 988/1971/266
f 969/1972/510 986/1973/81 987/1970/81
f 968/1974/267 985/1975/267 986/1973/267
f 967/1948/269 1396/1976/511 985/1975/511
f 995/1977/512 994/1978/457 1397/1979/457
f 997/1980/459 993/1981/459 994/1978/459
f 998/1982/64 992/1983/64 993/1984/64
f 999/1985/460 991/1986/460 992/1983/460
f 1000/1987/461 1400/1988/461 991/1986/461
f 995/1977/513 1003/1989/514 997/1980/513
f 1003/1989/515 998/1990/516 997/1980/516
f 1004/1991/517 999/1992/517 998/1993/517
f 1005/1994/518 1000/1995/519 999/1992/519
f 1006/1996/520 1399/1997/520 1000/1995/520
f 1013/1998/521 1012/1999/521 1403/2000/521
f 1012/1999/522 1016/2001/522 1011/2002/522
f 1011/2003/523 1017/2004/523 1010/2005/523
f 1010/2005/524 1018/2006/524 1009/2007/524
f 1018/2006/525 1406/2008/526 1009/2007/526
f 1402/2009/289 1024/2010/289 1407/2011/289
f 1006/2012/527 1023/2013/290 1024/2010/290
f 1005/2014/57 1022/2015/57 1023/2016/57
f 1004/2017/291 1021/2018/291 1022/2015/291
f 1003/1989/292 1408/2019/292 1021/2018/292
f 1220/2020/479 1027/2021/479 451/2022/479
f 1027/2021/477 452/2023/477 451/2022/477
f 1028/2024/147 453/1345/147 452/2025/147
f 453/1345/528 1030/2026/476 454/1342/528
f 1030/2026/529 1217/1343/475 454/1342/475
f 1031/2027/530 463/2028/530 1224/2029/530
f 1033/2030/531 464/2031/532 463/2028/532
f 1034/2032/533 465/2033/533 464/2031/533
f 1035/2034/534 466/1354/535 465/1355/535
f 1036/2035/536 1221/1352/537 466/1354/537
f 509/2036/538 1039/2037/539 511/1406/538
f 511/1406/540 1040/2038/540 512/2039/540
f 512/2039/541 1041/2040/541 513/2041/541
f 513/2041/542 1042/2042/542 514/2043/542
f 514/2044/543 1414/2045/543 1237/2046/543
f 1043/2047/544 505/2048/545 1238/2049/545
f 1045/2050/546 506/2051/546 505/2048/546
f 1046/2052/547 507/2053/547 506/2051/547
f 1047/2054/548 508/2055/549 507/2053/549
f 1048/2056/550 1235/1405/550 508/1407/550
f 545/2057/551 1051/2058/552 547/1449/551
f 547/2059/553 1052/2060/553 548/2061/553
f 548/2061/554 1053/2062/554 549/2063/554
f 549/2063/555 1054/2064/556 550/2065/555
f 550/2065/557 1418/2066/557 1249/2067/557
f 1055/2068/558 541/2069/558 1250/2070/558
f 1057/2071/559 542/2072/560 541/2073/560
f 1058/2074/561 543/1451/561 542/2072/561
f 1059/2075/562 544/1450/562 543/1451/562
f 1060/2076/563 1247/1448/563 544/1450/563
f 581/1490/564 1063/2077/564 583/2078/564
f 583/2078/565 1064/2079/565 584/1493/565
f 584/2080/566 1065/2081/566 585/2082/566
f 585/2082/567 1066/2083/567 586/2084/567
f 586/2084/568 1422/2085/568 1261/2086/568
f 1067/2087/569 577/2088/569 1262/2089/569
f 1069/2090/570 578/2091/570 577/2088/570
f 1070/2092/571 579/1494/571 578/1496/571
f 1071/2093/572 580/1491/572 579/1494/572
f 1072/2094/573 1259/1492/573 580/1491/573
f 617/2095/574 1075/2096/575 619/1534/574
f 619/1534/576 1076/2097/576 620/2098/576
f 620/2098/533 1077/2099/533 621/2100/533
f 621/2101/577 1078/2102/577 622/2103/577
f 622/2103/578 1426/2104/578 1273/2105/578
f 1079/2106/579 613/2107/579 1274/2108/579
f 1081/2109/580 614/2110/581 613/2107/581
f 1082/2111/582 615/2112/582 614/2110/582
f 1083/2113/583 616/2114/583 615/2112/583
f 1084/2115/584 1271/1533/584 616/1535/584
f 653/2116/585 1087/2117/585 655/1577/585
f 655/1577/586 1088/2118/586 656/2119/586
f 656/2119/547 1089/2120/547 657/2121/547
f 657/2121/587 1090/2122/587 658/2123/587
f 658/2124/588 1430/2125/589 1285/2126/588
f 1091/2127/590 649/2128/590 1286/2129/590
f 1093/2130/591 650/2131/592 649/2128/592
f 1094/2132/593 651/2133/593 650/2131/593
f 1095/2134/594 652/2135/595 651/2133/595
f 1096/2136/596 1283/2137/596 652/2135/596
f 689/2138/597 1099/2139/597 691/1619/597
f 691/2140/598 1100/2141/599 692/2142/598
f 692/2142/561 1101/2143/561 693/2144/561
f 693/2144/600 1102/2145/601 694/2146/600
f 694/2146/602 1434/2147/603 1297/2148/602
f 1103/2149/604 685/2150/605 1298/2151/605
f 1105/2152/606 686/2153/607 685/2154/607
f 1106/2155/608 687/1621/608 686/2153/608
f 1107/2156/609 688/1620/609 687/1621/609
f 1108/2157/610 1295/1618/610 688/1620/610
f 725/1660/611 1111/2158/611 727/2159/611
f 727/2159/612 1112/2160/612 728/1663/612
f 728/2161/571 1113/2162/571 729/2163/571
f 729/2163/613 1114/2164/613 730/2165/613
f 730/2165/614 1438/2166/614 1309/2167/614
f 1115/2168/615 721/2169/615 1310/2170/615
f 1117/2171/616 722/2172/616 721/2169/616
f 1118/2173/617 723/1664/617 722/1666/617
f 1119/2174/618 724/1661/618 723/1664/618
f 1120/2175/619 1307/1662/619 724/1661/619
f 761/2176/620 1123/2177/620 763/1703/620
f 763/1703/621 1124/2178/621 764/2179/621
f 764/2179/582 1125/2180/582 765/2181/582
f 765/2181/622 1126/2182/622 766/2183/622
f 766/2184/623 1442/2185/623 1321/2186/623
f 1127/2187/624 757/2188/625 1322/2189/625
f 1129/2190/626 758/2191/627 757/2188/627
f 1130/2192/628 759/2193/628 758/2191/628
f 1131/2194/629 760/2195/629 759/2193/629
f 1132/2196/630 1319/1702/631 760/1704/631
f 797/2197/632 1135/2198/633 799/1745/632
f 799/1745/634 1136/2199/635 800/2200/634
f 800/2200/593 1137/2201/593 801/2202/593
f 801/2202/636 1138/2203/636 802/2204/636
f 802/2204/637 1446/2205/638 1333/2206/637
f 1139/2207/639 793/2208/640 1334/2209/640
f 1141/2210/641 794/2211/641 793/2208/641
f 1142/2212/642 795/2213/642 794/2211/642
f 1143/2214/643 796/2215/643 795/2213/643
f 1144/2216/644 1331/2217/644 796/2215/644
f 833/2218/645 1147/2219/646 835/1787/645
f 835/2220/647 1148/2221/648 836/2222/647
f 836/2222/608 1149/2223/608 837/2224/608
f 837/2224/649 1150/2225/649 838/2226/649
f 838/2226/650 1450/2227/650 1345/2228/650
f 1151/2229/651 829/2230/651 1346/2231/651
f 1153/2232/652 830/2233/652 829/2234/652
f 1154/2235/653 831/1789/653 830/2233/653
f 1155/2236/654 832/1788/654 831/1789/654
f 1156/2237/655 1343/1786/655 832/1788/655
f 869/1828/656 1159/2238/656 871/1831/656
f 871/1831/657 1160/2239/657 872/1833/657
f 872/2240/617 1161/2241/617 873/2242/617
f 873/2242/658 1162/2243/658 874/2244/658
f 874/2244/659 1454/2245/660 1357/2246/659
f 1163/2247/661 865/2248/661 1358/2249/661
f 1165/2250/662 866/2251/662 865/2248/662
f 1166/2252/663 867/1832/663 866/1834/663
f 1167/2253/664 868/1829/664 867/1832/664
f 1168/2254/665 1355/1830/665 868/1829/665
f 905/2255/666 1171/2256/667 907/1872/666
f 907/1872/668 1172/2257/668 908/1875/668
f 908/1875/628 1173/2258/628 909/2259/628
f 909/2259/669 1174/2260/669 910/2261/669
f 910/2262/670 1458/2263/670 1369/2264/670
f 1175/2265/671 901/2266/671 1370/2267/671
f 1177/2268/672 902/2269/673 901/2266/673
f 1178/2270/231 903/2271/231 902/2269/231
f 1179/2272/674 904/1873/674 903/1874/674
f 1180/2273/675 1367/1871/675 904/1873/675
f 941/2274/676 1183/2275/676 943/1914/676
f 943/1914/677 1184/2276/677 944/2277/677
f 944/2277/642 1185/2278/642 945/2279/642
f 945/2279/678 1186/2280/678 946/2281/678
f 946/2281/679 1462/2282/679 1381/2283/679
f 1187/2284/680 937/2285/680 1382/2286/680
f 1189/2287/681 938/2288/681 937/2285/681
f 1190/2289/541 939/2290/541 938/2288/541
f 1191/2291/682 940/2292/683 939/2290/683
f 1192/2293/684 1379/1913/684 940/1915/684
f 977/2294/685 1195/2295/685 979/1957/685
f 979/2296/686 1196/2297/687 980/2298/686
f 980/2298/653 1197/2299/653 981/2300/653
f 981/2300/688 1198/2301/689 982/2302/688
f 982/2302/690 1466/2303/691 1393/2304/690
f 1199/2305/692 973/2306/693 1394/2307/693
f 1201/2308/694 974/2309/694 973/2310/694
f 1202/2311/554 975/1959/554 974/2309/554
f 1203/2312/695 976/1958/695 975/1959/695
f 1204/2313/696 1391/1956/697 976/1958/697
f 1013/1998/698 1207/2314/698 1015/2315/698
f 1015/2315/699 1208/2316/699 1016/2001/699
f 1016/2317/700 1209/2318/663 1017/2319/700
f 1017/2319/701 1210/2320/701 1018/2321/701
f 1018/2321/702 1470/2322/702 1405/2323/702
f 1211/2324/703 1009/2325/704 1406/2326/704
f 1213/2327/705 1010/2328/705 1009/2325/705
f 1214/2329/566 1011/2002/566 1010/2330/566
f 1215/2331/706 1012/1999/706 1011/2002/706
f 1216/2332/707 1403/2000/707 1012/1999/707
f 1400/2333/708 1024/2334/708 991/2335/708
f 991/2335/709 1023/2336/709 992/2337/709
f 992/2337/710 1022/2338/710 993/2339/710
f 993/1981/711 1021/2018/712 994/1978/711
f 1021/2018/713 1397/1979/714 994/1978/714
f 1472/2340/715 1207/2314/715 1205/2341/715
f 1207/2314/716 1215/2331/717 1208/2316/716
f 1215/2342/718 1209/2343/718 1208/2344/718
f 1214/2345/719 1210/2346/719 1209/2343/719
f 1210/2346/720 1211/2347/720 1470/2348/720
f 1388/2349/721 988/2350/721 955/2351/721
f 988/2350/722 956/2352/722 955/2351/722
f 987/2353/723 957/2354/723 956/2352/723
f 957/2355/724 985/1975/725 958/1936/724
f 958/1936/726 1396/1976/727 1385/1937/726
f 1193/2356/728 1204/2313/728 1195/2295/728
f 1204/2313/729 1196/2357/729 1195/2295/729
f 1203/2358/730 1197/2359/731 1196/2360/731
f 1197/2359/732 1201/2361/732 1198/2362/732
f 1198/2362/733 1199/2363/733 1466/2364/733
f 1383/2365/734 919/2366/734 1376/2367/734
f 919/2366/735 951/2368/735 920/2369/735
f 920/2369/736 950/2370/736 921/2371/736
f 950/2372/737 922/1894/737 921/1897/737
f 922/1894/738 1384/1933/738 1373/1895/738
f 1181/2373/739 1192/2293/739 1183/2275/739
f 1192/2293/740 1184/2276/741 1183/2275/741
f 1184/2374/742 1190/2375/743 1185/2376/742
f 1190/2375/744 1186/2377/744 1185/2376/744
f 1189/2378/745 1462/2379/745 1186/2377/745
f 1371/2380/746 883/2381/746 1364/2382/746
f 916/2383/747 884/2384/747 883/2381/747
f 915/2385/748 885/2386/748 884/2384/748
f 914/1891/749 886/1852/749 885/1855/749
f 913/1890/750 1361/1853/750 886/1852/750
f 1460/2387/751 1171/2256/751 1169/2388/751
f 1180/2273/752 1172/2257/752 1171/2256/752
f 1179/2389/753 1173/2390/753 1172/2391/753
f 1178/2392/754 1174/2393/754 1173/2390/754
f 1177/2394/755 1458/2395/755 1174/2393/755
f 1352/2396/756 880/2397/756 847/2398/756
f 847/2398/757 879/2399/757 848/2400/757
f 848/2400/758 878/2401/758 849/2402/758
f 849/1811/759 877/1849/760 850/1808/759
f 877/1849/761 1349/1809/761 850/1808/761
f 1456/2403/762 1159/2238/762 1157/2404/762
f 1159/2238/763 1167/2253/764 1160/2239/763
f 1167/2405/765 1161/2406/766 1160/2407/766
f 1161/2406/767 1165/2408/768 1162/2409/767
f 1165/2408/769 1454/2410/769 1162/2409/769
f 1340/2411/770 844/2412/770 811/2413/770
f 844/2412/771 812/2414/771 811/2413/771
f 843/2415/772 813/2416/772 812/2414/772
f 813/2417/773 841/1805/773 814/1766/773
f 814/1766/774 1348/1806/774 1337/1767/774
f 1145/2418/775 1156/2237/775 1147/2219/775
f 1156/2237/776 1148/2419/776 1147/2219/776
f 1155/2420/777 1149/2421/778 1148/2422/778
f 1149/2421/779 1153/2423/779 1150/2424/779
f 1150/2424/780 1151/2425/780 1450/2426/780
f 1335/2427/781 775/2428/781 1328/2429/781
f 775/2428/782 807/2430/782 776/2431/782
f 776/2431/783 806/2432/783 777/2433/783
f 806/2434/784 778/1725/784 777/1728/784
f 778/1725/785 1336/2435/785 1325/1726/785
f 1133/2436/786 1144/2437/786 1135/2198/786
f 1135/2198/787 1143/2438/788 1136/2199/787
f 1136/2439/789 1142/2440/790 1137/2441/789
f 1137/2441/791 1141/2442/791 1138/2443/791
f 1141/2442/792 1446/2444/792 1138/2443/792
f 1323/2445/793 739/2446/793 1316/2447/793
f 772/2448/794 740/2449/794 739/2446/794
f 771/2450/795 741/2451/795 740/2449/795
f 770/2452/796 742/1683/796 741/1686/796
f 769/1723/797 1313/1684/797 742/1683/797
f 1444/2453/798 1123/2177/798 1121/2454/798
f 1132/2196/799 1124/2178/800 1123/2177/800
f 1131/2455/801 1125/2456/801 1124/2457/801
f 1130/2458/802 1126/2459/802 1125/2456/802
f 1129/2460/803 1442/2461/803 1126/2459/803
f 1304/2462/804 736/2463/804 703/2464/804
f 703/2464/805 735/2465/805 704/2466/805
f 704/2467/806 734/1677/806 705/1643/806
f 705/1643/807 733/1680/808 706/1640/807
f 733/1680/809 1301/1641/810 706/1640/810
f 1440/2468/811 1111/2158/811 1109/2469/811
f 1111/2158/812 1119/2174/813 1112/2160/812
f 1119/2470/814 1113/2471/814 1112/2472/814
f 1118/2473/815 1114/2474/815 1113/2471/815
f 1114/2474/816 1115/2475/816 1438/2476/816
f 1292/2477/817 700/2478/817 667/2479/817
f 700/2478/818 668/2480/818 667/2479/818
f 699/2481/819 669/2482/819 668/2480/819
f 669/2483/820 697/1637/820 670/1598/820
f 670/1598/821 1300/1638/822 1289/1599/821
f 1097/2484/823 1108/2157/823 1099/2139/823
f 1108/2157/824 1100/2485/824 1099/2139/824
f 1107/2486/825 1101/2487/826 1100/2488/826
f 1101/2487/827 1105/2489/827 1102/2490/827
f 1102/2490/828 1103/2491/828 1434/2492/828
f 1287/2493/829 631/2494/829 1280/2495/829
f 631/2494/830 663/2496/830 632/2497/830
f 632/2497/831 662/2498/831 633/2499/831
f 662/2500/832 634/1556/832 633/1559/832
f 634/1556/833 1288/2501/834 1277/1557/833
f 1085/2502/835 1096/2503/835 1087/2117/835
f 1096/2503/836 1088/2118/836 1087/2117/836
f 1088/2504/837 1094/2505/837 1089/2506/837
f 1094/2505/838 1090/2507/838 1089/2506/838
f 1093/2508/839 1430/2509/839 1090/2507/839
f 1275/2510/840 595/2511/840 1268/2512/840
f 628/2513/841 596/2514/841 595/2511/841
f 627/2515/842 597/2516/842 596/2514/842
f 626/2517/843 598/1514/843 597/1517/843
f 625/1554/844 1265/1515/844 598/1514/844
f 1428/2518/845 1075/2096/846 1073/2519/846
f 1084/2115/847 1076/2097/848 1075/2096/848
f 1083/2520/849 1077/2521/849 1076/2522/849
f 1082/2523/850 1078/2524/850 1077/2521/850
f 1081/2525/851 1426/2526/851 1078/2524/851
f 1256/2527/852 592/2528/852 559/2529/852
f 559/2529/853 591/2530/854 560/2531/853
f 560/2532/855 590/1508/855 561/1473/855
f 561/1473/856 589/1511/857 562/1470/856
f 589/1511/858 1253/1471/858 562/1470/858
f 1061/2533/859 1072/2094/859 1063/2077/859
f 1063/2077/860 1071/2093/861 1064/2079/860
f 1064/2534/862 1070/2535/863 1065/2536/862
f 1065/2536/864 1069/2537/864 1066/2538/864
f 1069/2537/865 1422/2539/865 1066/2538/865
f 1244/2540/866 556/2541/866 523/2542/866
f 556/2541/867 524/2543/867 523/2542/867
f 555/2544/868 525/2545/868 524/2543/868
f 525/2546/869 553/1467/869 526/1428/869
f 526/1428/870 1252/1468/871 1241/1429/870
f 1049/2547/872 1060/2076/872 1051/2058/872
f 1060/2076/873 1052/2548/873 1051/2058/873
f 1059/2549/874 1053/2550/874 1052/2551/874
f 1053/2550/875 1057/2552/875 1054/2553/875
f 1054/2553/876 1055/2554/876 1418/2555/876
f 1239/2556/877 487/2557/877 1232/2558/877
f 487/2557/878 519/2559/878 488/2560/878
f 488/2560/879 518/2561/879 489/2562/879
f 518/2563/880 490/1385/880 489/1388/880
f 490/1385/881 1240/1425/881 1229/1386/881
f 1037/2564/882 1048/2056/882 1039/2037/882
f 1039/2037/883 1047/2565/884 1040/2038/883
f 1040/2566/885 1046/2567/886 1041/2568/885
f 1041/2568/887 1045/2569/887 1042/2570/887
f 1045/2569/888 1414/2571/888 1042/2570/888
f 1227/2572/889 1027/2573/889 1025/2574/889
f 484/2575/890 1028/2576/890 1027/2573/890
f 483/2577/891 1029/2578/891 1028/2576/891
f 482/1382/892 1030/2026/892 1029/2579/892
f 481/1381/893 1410/2580/893 1030/2026/893
f 1412/2581/894 475/1370/894 1226/1372/894
f 1036/2035/895 476/1369/896 475/1370/896
f 1035/2582/897 477/2583/897 476/2584/897
f 1034/2585/898 478/2586/898 477/2583/898
f 1033/2587/899 1225/2588/900 478/2586/900
f 1/2589/1 456/2590/1 3/2591/1
f 455/2592/1 450/2592/1 1218/2592/1
f 1220/2593/1 456/2593/1 449/2593/208
f 467/2594/1 462/2594/1 1222/2594/1
f 1224/2595/1 468/2595/1 461/2595/1
f 1223/2595/1 474/2595/1 468/2595/1
f 1226/2594/1 1222/2594/1 473/2594/901
f 1219/2593/1 480/2593/1 456/2593/1
f 1228/2592/1 1218/2592/1 479/2592/1
f 491/2596/1 486/2596/1 1230/2596/1
f 1232/2597/1 492/2597/1 485/2597/1
f 497/2596/1 1230/2596/1 1233/2596/1
f 1231/2597/1 498/2597/1 492/2597/1
f 509/2598/1 504/2598/1 1236/2598/901
f 1238/2599/1 510/2599/1 503/2599/1
f 1234/2597/1 516/2597/1 498/2597/1
f 1240/2596/1 1233/2596/1 515/2596/1
f 527/2600/1 522/2600/1 1242/2600/208
f 1244/2601/1 528/2601/1 521/2601/208
f 533/2600/1 1242/2600/208 1245/2600/1
f 1243/2601/208 534/2601/1 528/2601/1
f 545/2602/1 540/2602/1 1248/2602/208
f 1250/2603/1 546/2603/1 539/2603/1
f 1246/2601/1 552/2601/1 534/2601/1
f 1252/2600/1 1245/2600/1 551/2600/1
f 563/2604/1 558/2604/1 1254/2604/1
f 1256/2605/1 564/2605/1 557/2605/1
f 569/2604/1 1254/2604/1 1257/2604/1
f 1255/2605/1 570/2605/1 564/2605/1
f 581/2606/1 576/2606/1 1260/2606/1
f 1262/2607/1 582/2607/1 575/2607/1
f 1258/2605/1 588/2605/1 570/2605/1
f 1264/2604/1 1257/2604/1 587/2604/1
f 599/2608/208 594/2608/208 1266/2608/1
f 1268/2609/208 600/2609/1 593/2609/1
f 605/2608/1 1266/2608/1 1269/2608/1
f 1267/2609/1 606/2609/208 600/2609/1
f 617/2610/902 612/2610/1 1272/2610/208
f 1274/2611/1 618/2611/902 611/2611/1
f 1270/2609/1 624/2609/1 606/2609/208
f 1276/2608/1 1269/2608/1 623/2608/1
f 635/2612/901 630/2612/901 1278/2612/901
f 1280/2613/901 636/2613/1 629/2613/901
f 641/2612/1 1278/2612/901 1281/2612/1
f 1279/2613/901 642/2613/1 636/2613/1
f 653/2614/901 648/2614/902 1284/2614/1
f 1286/2615/902 654/2615/901 647/2615/1
f 1282/2613/1 660/2613/1 642/2613/1
f 1288/2612/1 1281/2612/1 659/2612/1
f 671/2616/901 666/2616/901 1290/2616/1
f 1292/2617/901 672/2617/1 665/2617/1
f 677/2616/1 1290/2616/1 1293/2616/1
f 1291/2617/1 678/2617/1 672/2617/1
f 689/2618/901 684/2618/902 1296/2618/1
f 1298/2619/902 690/2619/901 683/2619/902
f 1294/2617/1 696/2617/1 678/2617/1
f 1300/2616/1 1293/2616/1 695/2616/1
f 707/2620/1 702/2620/1 1302/2620/1
f 1304/2621/1 708/2621/1 701/2621/1
f 713/2620/1 1302/2620/1 1305/2620/1
f 1303/2621/1 714/2621/1 708/2621/1
f 725/2622/1 720/2622/902 1308/2622/901
f 1310/2623/902 726/2623/1 719/2623/903
f 1306/2621/1 732/2621/1 714/2621/1
f 1312/2620/1 1305/2620/1 731/2620/1
f 743/2624/1 738/2624/1 1314/2624/1
f 1316/2625/1 744/2625/1 737/2625/1
f 749/2624/1 1314/2624/1 1317/2624/1
f 1315/2625/1 750/2625/1 744/2625/1
f 761/2626/1 756/2626/1 1320/2626/1
f 1322/2627/1 762/2627/1 755/2627/1
f 1318/2625/1 768/2625/1 750/2625/1
f 1324/2624/1 1317/2624/1 767/2624/1
f 779/2628/1 774/2628/1 1326/2628/1
f 1328/2629/1 780/2629/1 773/2629/1
f 785/2628/1 1326/2628/1 1329/2628/1
f 1327/2629/1 786/2629/1 780/2629/1
f 797/2630/1 792/2630/1 1332/2630/1
f 1334/2631/1 798/2631/1 791/2631/901
f 1330/2629/1 804/2629/1 786/2629/1
f 1336/2628/1 1329/2628/1 803/2628/1
f 815/2632/1 810/2632/1 1338/2632/1
f 1340/2633/1 816/2633/1 809/2633/1
f 821/2632/208 1338/2632/1 1341/2632/1
f 1339/2633/1 822/2633/1 816/2633/1
f 833/2634/1 828/2634/1 1344/2634/1
f 1346/2635/1 834/2635/1 827/2635/208
f 1342/2633/1 840/2633/1 822/2633/1
f 1348/2632/1 1341/2632/1 839/2632/208
f 851/2636/1 846/2636/1 1350/2636/1
f 1352/2637/1 852/2637/1 845/2637/1
f 857/2636/1 1350/2636/1 1353/2636/1
f 1351/2637/1 858/2637/1 852/2637/1
f 869/2638/1 864/2638/901 1356/2638/1
f 1358/2639/901 870/2639/1 863/2639/208
f 1354/2637/1 876/2637/1 858/2637/1
f 1360/2636/1 1353/2636/1 875/2636/1
f 887/2640/1 882/2640/1 1362/2640/1
f 1364/2641/1 888/2641/1 881/2641/1
f 893/2640/1 1362/2640/1 1365/2640/208
f 1363/2641/1 894/2641/1 888/2641/1
f 905/2642/903 900/2642/208 1368/2642/1
f 1370/2643/208 906/2643/903 899/2643/1
f 1366/2641/208 912/2641/208 894/2641/1
f 1372/2640/208 1365/2640/208 911/2640/1
f 923/2644/1 918/2644/1 1374/2644/1
f 1376/2645/1 924/2645/1 917/2645/1
f 929/2644/901 1374/2644/1 1377/2644/901
f 1375/2645/1 930/2645/1 924/2645/1
f 941/2646/1 936/2646/903 1380/2646/1
f 1382/2647/903 942/2647/1 935/2647/1
f 1378/2645/901 948/2645/901 930/2645/1
f 1384/2644/901 1377/2644/901 947/2644/901
f 959/2648/1 954/2648/1 1386/2648/1
f 1388/2649/1 960/2649/1 953/2649/1
f 965/2648/1 1386/2648/1 1389/2648/901
f 1387/2649/1 966/2649/1 960/2649/1
f 977/2650/1 972/2650/903 1392/2650/1
f 1394/2651/903 978/2651/1 971/2651/903
f 1390/2649/901 984/2649/901 966/2649/1
f 1396/2648/901 1389/2648/901 983/2648/1
f 995/2652/1 990/2652/1 1398/2652/1
f 1400/2653/1 996/2653/208 989/2653/1
f 1001/2652/1 1398/2652/1 1401/2652/1
f 1399/2653/1 1002/2653/1 996/2653/208
f 1013/2654/1 1008/2654/903 1404/2654/1
f 1406/2655/903 1014/2655/1 1007/2655/904
f 1402/2653/1 1020/2653/1 1002/2653/1
f 1408/2652/1 1401/2652/1 1019/2652/1
f 1025/2593/1 449/2593/208 1409/2593/1
f 1217/2592/1 1026/2592/1 450/2592/1
f 1031/2595/905 461/2595/1 1411/2595/1
f 1221/2594/1 1032/2594/905 462/2594/1
f 1037/2598/906 1236/2598/901 1413/2598/208
f 1237/2599/901 1038/2599/906 510/2599/1
f 1043/2599/907 503/2599/1 1415/2599/1
f 1235/2598/1 1044/2598/907 504/2598/1
f 1049/2602/908 1248/2602/208 1417/2602/902
f 1249/2603/208 1050/2603/908 546/2603/1
f 1055/2603/909 539/2603/1 1419/2603/1
f 1247/2602/1 1056/2602/909 540/2602/1
f 1061/2606/910 1260/2606/1 1421/2606/1
f 1261/2607/1 1062/2607/910 582/2607/1
f 1067/2607/911 575/2607/1 1423/2607/1
f 1259/2606/1 1068/2606/911 576/2606/1
f 1073/2610/912 1272/2610/208 1425/2610/1
f 1273/2611/208 1074/2611/912 618/2611/902
f 1079/2611/911 611/2611/1 1427/2611/902
f 1271/2610/1 1080/2610/911 612/2610/1
f 1085/2614/910 1284/2614/1 1429/2614/901
f 1285/2615/1 1086/2615/910 654/2615/901
f 1091/2615/909 647/2615/1 1431/2615/1
f 1283/2614/1 1092/2614/909 648/2614/902
f 1097/2618/908 1296/2618/1 1433/2618/1
f 1297/2619/1 1098/2619/908 690/2619/901
f 1103/2619/907 683/2619/902 1435/2619/902
f 1295/2618/902 1104/2618/907 684/2618/902
f 1109/2622/913 1308/2622/901 1437/2622/208
f 1309/2623/901 1110/2623/913 726/2623/1
f 1115/2623/905 719/2623/903 1439/2623/1
f 1307/2622/902 1116/2622/905 720/2622/902
f 1121/2626/1 1320/2626/1 1441/2626/1
f 1321/2627/1 1122/2627/1 762/2627/1
f 1127/2627/914 755/2627/1 1443/2627/208
f 1319/2626/1 1128/2626/915 756/2626/1
f 1133/2630/916 1332/2630/1 1445/2630/1
f 1333/2631/1 1134/2631/916 798/2631/1
f 1139/2631/917 791/2631/901 1447/2631/901
f 1331/2630/901 1140/2630/917 792/2630/1
f 1145/2634/918 1344/2634/1 1449/2634/903
f 1345/2635/1 1146/2635/918 834/2635/1
f 1151/2635/919 827/2635/208 1451/2635/1
f 1343/2634/208 1152/2634/919 828/2634/1
f 1157/2638/920 1356/2638/1 1453/2638/1
f 1357/2639/1 1158/2639/920 870/2639/1
f 1163/2639/921 863/2639/208 1455/2639/901
f 1355/2638/208 1164/2638/921 864/2638/901
f 1169/2642/922 1368/2642/1 1457/2642/1
f 1369/2643/1 1170/2643/922 906/2643/903
f 1175/2643/923 899/2643/1 1459/2643/924
f 1367/2642/1 1176/2642/923 900/2642/208
f 1181/2646/920 1380/2646/1 1461/2646/1
f 1381/2647/1 1182/2647/920 942/2647/1
f 1187/2647/919 935/2647/1 1463/2647/1
f 1379/2646/1 1188/2646/919 936/2646/903
f 1193/2650/918 1392/2650/1 1465/2650/1
f 1393/2651/1 1194/2651/918 978/2651/1
f 1199/2651/917 971/2651/903 1467/2651/903
f 1391/2650/903 1200/2650/917 972/2650/903
f 1205/2654/916 1404/2654/1 1469/2654/1
f 1405/2655/1 1206/2655/916 1014/2655/1
f 1211/2655/914 1007/2655/904 1471/2655/1
f 1403/2654/925 1212/2654/914 1008/2654/903
f 1407/2653/1 989/2653/1 1020/2653/1
f 1397/2652/1 1019/2652/1 990/2652/1
f 1472/2654/1 1469/2654/1 1212/2654/914
f 1470/2655/1 1471/2655/1 1206/2655/916
f 1395/2649/1 953/2649/1 984/2649/901
f 1385/2648/1 983/2648/1 954/2648/1
f 1468/2650/903 1465/2650/1 1200/2650/917
f 1466/2651/1 1467/2651/903 1194/2651/918
f 1383/2645/901 917/2645/1 948/2645/901
f 1373/2644/1 947/2644/901 918/2644/1
f 1464/2646/1 1461/2646/1 1188/2646/919
f 1462/2647/1 1463/2647/1 1182/2647/920
f 1371/2641/1 881/2641/1 912/2641/208
f 1361/2640/1 911/2640/1 882/2640/1
f 1460/2642/924 1457/2642/1 1176/2642/923
f 1458/2643/1 1459/2643/924 1170/2643/922
f 1359/2637/1 845/2637/1 876/2637/1
f 1349/2636/1 875/2636/1 846/2636/1
f 1456/2638/901 1453/2638/1 1164/2638/921
f 1454/2639/1 1455/2639/901 1158/2639/920
f 1347/2633/208 809/2633/1 840/2633/1
f 1337/2632/1 839/2632/208 810/2632/1
f 1452/2634/1 1449/2634/903 1152/2634/919
f 1450/2635/903 1451/2635/1 1146/2635/918
f 1335/2629/1 773/2629/1 804/2629/1
f 1325/2628/1 803/2628/1 774/2628/1
f 1448/2630/901 1445/2630/1 1140/2630/917
f 1446/2631/1 1447/2631/901 1134/2631/916
f 1323/2625/1 737/2625/1 768/2625/1
f 1313/2624/1 767/2624/1 738/2624/1
f 1444/2626/208 1441/2626/1 1128/2626/915
f 1442/2627/1 1443/2627/208 1122/2627/1
f 1311/2621/1 701/2621/1 732/2621/1
f 1301/2620/1 731/2620/1 702/2620/1
f 1440/2622/1 1437/2622/208 1116/2622/905
f 1438/2623/208 1439/2623/1 1110/2623/913
f 1299/2617/1 665/2617/1 696/2617/1
f 1289/2616/1 695/2616/1 666/2616/901
f 1436/2618/902 1433/2618/1 1104/2618/907
f 1434/2619/1 1435/2619/902 1098/2619/908
f 1287/2613/1 629/2613/901 660/2613/1
f 1277/2612/901 659/2612/1 630/2612/901
f 1432/2614/1 1429/2614/901 1092/2614/909
f 1430/2615/901 1431/2615/1 1086/2615/910
f 1275/2609/1 593/2609/1 624/2609/1
f 1265/2608/1 623/2608/1 594/2608/208
f 1428/2610/902 1425/2610/1 1080/2610/911
f 1426/2611/1 1427/2611/902 1074/2611/912
f 1263/2605/1 557/2605/1 588/2605/1
f 1253/2604/1 587/2604/1 558/2604/1
f 1424/2606/1 1421/2606/1 1068/2606/911
f 1422/2607/1 1423/2607/1 1062/2607/910
f 1251/2601/1 521/2601/208 552/2601/1
f 1241/2600/208 551/2600/1 522/2600/1
f 1420/2602/1 1417/2602/902 1056/2602/909
f 1418/2603/902 1419/2603/1 1050/2603/908
f 1239/2597/1 485/2597/1 516/2597/1
f 1229/2596/1 515/2596/1 486/2596/1
f 1416/2598/1 1413/2598/208 1044/2598/907
f 1414/2599/208 1415/2599/1 1038/2599/906
f 1227/2593/1 1409/2593/1 480/2593/1
f 1410/2592/1 479/2592/1 1026/2592/1
f 1412/2594/1 473/2594/901 1032/2594/905
f 1225/2595/901 1411/2595/1 474/2595/1
f 355/2656/926 1729/2657/926 67/2658/926
f 418/2659/927 1732/440/928 1731/6/927
f 419/171/928 1734/2660/927 74/2661/927
f 420/2662/929 1736/2663/929 1735/2664/929
f 421/2665/929 1738/2666/929 82/2667/929
f 422/2668/930 1740/394/930 1739/15/930
f 423/2669/930 1742/2670/930 90/2671/930
f 424/2672/931 1744/373/931 1743/21/931
f 425/2673/931 1746/2674/931 98/2675/931
f 426/2676/932 1748/353/932 1747/25/932
f 427/2677/932 1750/2678/932 106/221/932
f 428/2679/933 1752/329/933 1751/33/933
f 429/2680/933 1754/2681/933 114/356/933
f 430/2682/934 1756/307/934 1755/39/934
f 431/2683/934 1758/2684/934 122/443/934
f 432/2685/935 1760/285/935 1759/42/935
f 433/2686/935 1762/2687/935 130/2688/935
f 434/2689/936 1764/2690/937 1763/2691/936
f 435/2692/937 1766/2693/936 138/2694/936
f 436/2695/938 1768/2696/938 1767/2697/938
f 437/2698/938 1770/2699/938 146/2700/938
f 438/2701/939 1772/216/939 1771/60/939
f 439/2702/939 1774/2703/939 154/2704/939
f 440/2705/940 1776/192/940 1775/66/940
f 441/419/940 1778/2706/940 162/2707/940
f 442/2708/941 1780/168/941 1779/72/941
f 443/332/941 1782/2709/941 170/2710/941
f 444/2711/942 1784/2712/942 1783/2713/942
f 445/2714/942 1786/2715/942 178/2716/942
f 446/124/943 1788/121/943 1787/84/943
f 447/2717/943 1790/2718/943 186/2719/943
f 448/2720/926 1792/97/926 1791/87/926
f 67/2658/926 1792/97/926 190/2721/926
f 448/2720/926 1730/86/926 355/2656/926
f 186/2719/943 1788/121/943 182/126/943
f 446/124/943 1789/83/943 447/2717/943
f 174/2722/942 1786/2715/942 1784/2712/942
f 445/2714/942 1783/2713/942 1785/2723/942
f 170/2710/941 1780/168/941 166/2724/941
f 443/332/941 1779/72/941 1781/71/941
f 162/2707/940 1776/192/940 158/2725/940
f 440/2705/940 1777/65/940 441/419/940
f 154/2704/939 1772/216/939 150/2726/939
f 438/2701/939 1773/59/939 439/2702/939
f 142/2727/938 1770/2699/938 1768/2696/938
f 437/2698/938 1767/2697/938 1769/2728/938
f 138/2694/936 1764/2690/937 134/2729/937
f 435/2692/937 1763/2691/936 1765/2730/937
f 130/2688/935 1760/285/935 126/2731/935
f 432/2685/935 1761/41/935 433/2686/935
f 122/443/934 1756/307/934 118/2732/934
f 430/2682/934 1757/38/934 431/2683/934
f 110/354/933 1754/2681/933 1752/329/933
f 429/2680/933 1751/33/933 1753/32/933
f 106/221/932 1748/353/932 102/219/932
f 427/2677/932 1747/25/932 1749/27/932
f 98/2675/931 1744/373/931 94/2733/931
f 424/2672/931 1745/20/931 425/2673/931
f 90/2671/930 1740/394/930 86/2734/930
f 422/2668/930 1741/14/930 423/2669/930
f 78/2735/929 1738/2666/929 1736/2663/929
f 421/2665/929 1735/2664/929 1737/2736/929
f 74/2661/927 1732/440/928 70/2737/928
f 419/171/928 1731/6/927 1733/5/928
f 94/2733/944 1554/2768/944 98/2675/944
f 447/2778/945 1598/2779/945 1597/2780/945
f 421/2781/946 1546/2782/946 1545/2783/946
f 425/2784/947 1551/2785/947 424/2786/947
f 448/2787/948 1600/2788/948 190/2789/948
f 422/2668/949 1548/2772/949 86/2734/949
f 90/2671/950 1548/2772/950 1550/2771/950
f 190/2721/951 1537/2739/951 67/2658/951
f 423/2790/952 1550/2791/952 1549/2792/952
f 423/2793/953 1547/2794/954 422/2795/954
f 355/2796/955 1599/2797/955 448/2798/955
f 424/2799/956 1552/2800/956 94/2801/956
f 78/102/957 1546/2802/957 82/2803/957
f 186/2719/958 1596/125/958 1598/2742/958
f 425/2804/959 1554/2805/959 1553/2806/959
f 421/2665/960 1543/2773/960 420/2662/960
f 447/2807/961 1595/2808/961 446/2809/961
f 426/2810/962 1556/2811/962 102/2812/962
f 70/2737/963 1542/172/963 74/2661/963
f 174/2813/964 1594/196/964 178/2814/964
f 427/2677/965 1558/220/965 1557/2815/965
f 418/2816/966 1541/2817/966 1539/2818/966
f 445/2714/967 1591/2743/967 444/2711/967
f 428/2679/968 1560/2764/968 110/354/968
f 166/2724/969 1590/333/969 170/2710/969
f 429/2819/970 1562/2820/970 1561/2821/970
f 442/2822/971 1589/2823/971 1587/2824/971
f 430/2682/972 1564/444/972 118/2732/972
f 158/2725/973 1586/420/973 162/2707/973
f 431/2825/974 1566/2826/974 1565/2827/974
f 441/2828/975 1583/2829/975 440/2830/975
f 432/2831/976 1568/2832/976 126/2833/976
f 154/2704/977 1580/2752/977 1582/2751/977
f 433/2686/978 1570/2760/978 1569/2834/978
f 439/2835/979 1579/2836/980 438/2837/980
f 434/2838/981 1572/2839/981 134/2840/981
f 142/2841/982 1578/2842/982 146/2843/982
f 435/2844/983 1574/2845/983 1573/2846/983
f 437/2698/984 1575/2753/984 436/2695/984
f 436/2847/985 1576/2848/985 142/2841/985
f 134/2849/986 1574/2845/986 138/2850/986
f 437/2851/987 1578/2852/987 1577/2853/987
f 434/2689/988 1573/2854/988 1571/2756/988
f 438/2701/989 1580/2752/989 150/2726/989
f 126/2731/990 1570/2760/990 130/2688/990
f 439/2855/991 1582/2856/991 1581/2857/991
f 433/2858/992 1567/2859/992 432/2860/992
f 440/2861/993 1584/2862/993 158/2863/993
f 66/2864/81 1729/2657/81 1473/2865/81
f 1476/2866/81 1604/442/81 71/2867/81
f 75/2868/57 1734/2660/57 1478/2869/57
f 1480/2870/57 1608/2871/57 79/2872/57
f 83/2873/31 1738/2874/31 1482/2875/31
f 1484/2876/31 1612/396/31 87/2877/31
f 1486/2878/21 1614/395/21 1742/2670/21
f 1488/2879/21 1616/375/21 95/2880/21
f 99/2881/99 1746/2674/99 1490/2882/99
f 1492/2883/99 1620/215/99 103/2884/99
f 107/2885/51 1750/2678/51 1494/2886/51
f 1496/2887/51 1624/2888/51 111/2889/51
f 115/2890/19 1754/2681/19 1498/2891/19
f 1500/2892/19 1628/309/19 119/2893/19
f 1502/2894/6 1630/308/6 1758/2684/6
f 1504/2895/6 1632/118/6 127/2896/6
f 131/2897/137 1762/2687/137 1506/2898/137
f 1508/2899/137 1636/266/137 135/2900/137
f 139/2901/107 1766/2902/107 1510/2903/107
f 1512/2904/107 1640/2905/107 143/2906/107
f 147/2907/71 1770/2908/71 1514/2909/71
f 1516/2910/71 1644/218/71 151/2911/71
f 1518/2912/33 1646/217/33 1774/2703/33
f 1520/2913/33 1648/194/33 159/2914/33
f 163/2915/101 1778/2706/101 1522/2916/101
f 1524/2917/101 1652/170/101 167/2918/101
f 171/2919/64 1782/2709/64 1526/2920/64
f 1528/2921/64 1656/146/64 175/2922/64
f 179/2923/147 1786/2924/147 1530/2925/147
f 1532/2926/147 1660/123/147 183/2927/147
f 1534/2928/146 1662/122/146 1790/2718/146
f 1536/2929/146 1664/99/146 191/2930/146
f 191/2930/146 1662/122/146 187/2931/146
f 1534/2928/146 1792/97/146 1536/2929/146
f 179/2923/147 1660/123/147 1658/2932/147
f 1530/2925/147 1788/121/147 1532/2926/147
f 175/2922/64 1654/169/64 171/2919/64
f 1526/2920/64 1784/145/64 1528/2921/64
f 167/2918/101 1650/193/101 163/2915/101
f 1524/2917/101 1778/2706/101 1780/168/101
f 159/2914/33 1646/217/33 155/2933/33
f 1518/2912/33 1776/192/33 1520/2913/33
f 147/2907/71 1644/218/71 1642/241/71
f 1514/2909/71 1772/216/71 1516/2910/71
f 143/2906/107 1638/265/107 139/2901/107
f 1510/2903/107 1768/2934/107 1512/2904/107
f 135/2900/137 1634/286/137 131/2897/137
f 1506/2898/137 1764/264/137 1508/2899/137
f 127/2896/6 1630/308/6 123/2935/6
f 1502/2894/6 1760/285/6 1504/2895/6
f 115/2890/19 1628/309/19 1626/330/19
f 1498/2891/19 1756/307/19 1500/2892/19
f 111/2889/51 1622/213/51 107/2885/51
f 1494/2886/51 1752/2936/51 1496/2887/51
f 103/2884/99 1618/374/99 99/2881/99
f 1492/2883/99 1746/2674/99 1748/353/99
f 95/2880/21 1614/395/21 91/2937/21
f 1486/2878/21 1744/373/21 1488/2879/21
f 83/2873/31 1612/396/31 1610/350/31
f 1482/2875/31 1740/394/31 1484/2876/31
f 79/2872/57 1606/441/57 75/2868/57
f 1478/2869/57 1736/2938/57 1480/2870/57
f 71/2867/81 1601/98/81 66/2864/81
f 1476/2866/81 1729/2657/81 1732/440/81
f 87/2939/147 1675/2940/147 1484/2941/147
f 87/2942/1 1674/2943/1 1676/2944/1
f 187/2945/1 1728/2946/1 191/2947/1
f 1486/2948/6 1678/2949/6 91/2950/6
f 1482/2951/40 1675/2952/40 1673/2953/40
f 1534/2954/40 1727/2955/40 1725/2956/40
f 95/2957/146 1679/2958/146 1488/2959/146
f 79/2960/1 1670/2961/1 1672/2962/1
f 183/2963/1 1722/2964/1 1724/2965/1
f 1490/2966/137 1682/2967/137 99/2968/137
f 1478/2969/40 1671/2970/40 1669/2971/40
f 1530/2972/40 1723/2973/40 1721/2974/40
f 103/2975/81 1683/2976/81 1492/2977/81
f 66/2978/1 1668/2979/1 71/2980/1
f 175/2981/1 1718/2982/1 1720/2983/1
f 1494/2984/107 1686/2985/107 107/2986/107
f 1476/2987/40 1666/2988/40 1473/2989/40
f 1526/2990/40 1719/2991/40 1717/2992/40
f 111/2993/57 1687/2994/57 1496/2995/57
f 163/2996/1 1716/2997/1 167/2998/1
f 1498/2999/71 1690/3000/71 115/3001/71
f 1524/3002/40 1713/3003/40 1522/3004/40
f 119/3005/31 1691/3006/31 1500/3007/31
f 155/3008/1 1712/3009/1 159/3010/1
f 1502/3011/33 1694/3012/33 123/3013/33
f 1518/3014/40 1711/3015/40 1709/3016/40
f 127/3017/21 1695/3018/21 1504/3019/21
f 151/3020/1 1706/3021/1 1708/3022/1
f 1506/3023/101 1698/3024/101 131/3025/101
f 1514/3026/40 1707/3027/40 1705/3028/40
f 135/3029/99 1699/3030/99 1508/3031/99
f 143/3032/1 1702/3033/1 1704/3034/1
f 1510/3035/64 1702/3036/64 139/3037/64
f 1510/3038/40 1703/3039/40 1701/3040/40
f 143/3041/51 1703/3042/51 1512/3043/51
f 131/3044/1 1700/3045/1 135/3046/1
f 1514/3047/147 1706/3048/147 147/3049/147
f 1508/3050/40 1697/3051/40 1506/3052/40
f 151/3053/19 1707/3054/19 1516/3055/19
f 123/3056/1 1696/3057/1 127/3058/1
f 1518/3059/146 1710/3060/146 155/3061/146
f 1502/3062/40 1695/3063/40 1693/3064/40
f 159/3065/6 1711/3066/6 1520/3067/6
f 119/3068/1 1690/3069/1 1692/3070/1
f 1522/3071/81 1714/3072/81 163/3073/81
f 1498/3074/40 1691/3075/40 1689/3076/40
f 167/3077/137 1715/3078/137 1524/3079/137
f 111/3080/1 1686/3081/1 1688/3082/1
f 1474/3083/994 1729/2657/994 1730/86/994
f 1475/3084/994 1732/440/994 1603/3085/994
f 1477/3086/995 1734/2660/995 1733/5/995
f 1479/3087/995 1736/2938/995 1607/3088/995
f 1481/3089/996 1738/2874/996 1737/11/996
f 1483/3090/996 1740/394/996 1611/3091/996
f 1485/3092/997 1742/2670/998 1741/14/998
f 1487/3093/998 1744/373/998 1615/3094/998
f 1489/3095/999 1746/2674/999 1745/20/999
f 1491/3096/999 1748/353/999 1619/3097/999
f 1493/3098/1000 1750/3099/1000 1749/3100/1000
f 1495/3101/1000 1752/3102/1000 1623/185/1000
f 1497/231/1001 1754/2681/1001 1753/32/1001
f 1499/3103/1001 1756/307/1001 1627/3104/1001
f 1501/324/1002 1758/2684/1002 1757/38/1003
f 1503/322/1002 1760/285/1002 1631/3105/1002
f 1505/409/1004 1762/2687/1004 1761/41/1004
f 1507/3106/1004 1764/264/1004 1635/3107/1004
f 1509/3108/1005 1766/2693/1005 1765/2730/1005
f 1511/3109/1005 1768/2696/1005 1639/3110/1005
f 1513/3111/1006 1770/2908/1006 1769/53/1006
f 1515/3112/1006 1772/216/1006 1643/3113/1006
f 1517/3114/1007 1774/2703/1008 1773/59/1008
f 1519/3115/1008 1776/192/1008 1647/3116/1008
f 1521/3117/1009 1778/2706/1009 1777/65/1009
f 1523/3118/1009 1780/168/1009 1651/3119/1009
f 1525/3120/1010 1782/2709/1010 1781/71/1010
f 1527/3121/1010 1784/145/1010 1655/3122/1010
f 1529/3123/1011 1786/2715/1011 1785/2723/1011
f 1531/3124/1011 1788/3125/1011 1659/3126/1011
f 1533/3127/1012 1790/2718/1012 1789/83/1012
f 1535/3128/1012 1792/97/1012 1663/3129/1012
f 1661/3130/1012 1792/97/1012 1790/2718/1012
f 1533/3127/1012 1791/87/1012 1535/3128/1012
f 1659/3126/1011 1786/2715/1011 1657/3131/1011
f 1531/3124/1011 1785/2723/1011 1787/3132/1011
f 1655/3122/1010 1782/2709/1010 1653/3133/1013
f 1527/3121/1010 1781/71/1010 1783/78/1010
f 1649/3134/1009 1780/168/1009 1778/2706/1009
f 1523/3118/1009 1777/65/1009 1779/72/1009
f 1645/3135/1008 1776/192/1008 1774/2703/1008
f 1517/3114/1007 1775/66/1008 1519/3115/1008
f 1643/3113/1006 1770/2908/1006 1641/3136/1006
f 1515/3112/1006 1769/53/1006 1771/60/1006
f 1639/3110/1005 1766/2693/1005 1637/3137/1005
f 1511/3109/1005 1765/2730/1005 1767/2697/1005
f 1633/3138/1004 1764/264/1004 1762/2687/1004
f 1507/3106/1004 1761/41/1004 1763/48/1004
f 1629/3139/1002 1760/285/1002 1758/2684/1002
f 1501/324/1002 1759/42/1002 1503/322/1002
f 1627/3104/1001 1754/2681/1001 1625/3140/1001
f 1499/3103/1001 1753/32/1001 1755/39/1001
f 1623/185/1000 1750/3099/1000 1621/183/1000
f 1495/3101/1000 1749/3100/1000 1751/3141/1000
f 1617/3142/999 1748/353/999 1746/2674/999
f 1491/3096/999 1745/20/999 1747/25/999
f 1613/3143/998 1744/373/998 1742/2670/998
f 1485/3092/997 1743/21/998 1487/3093/998
f 1611/3091/996 1738/2874/996 1609/3144/996
f 1483/3090/996 1737/11/996 1739/15/996
f 1607/3088/995 1734/2660/995 1605/3145/995
f 1479/3087/995 1733/5/995 1735/989/995
f 1602/3146/994 1732/440/994 1729/2657/994
f 1475/3084/994 1730/86/994 1731/6/994
f 1831/3147/1014 1960/3148/1014 1959/3149/1014
f 1829/3150/1015 1959/3151/1015 1957/3152/1015
f 1829/3153/1016 1958/3154/1016 1830/3155/1016
f 1830/3156/1017 1960/3148/1017 1832/3157/1017
f 1827/3158/1018 1956/3159/1018 1955/3160/1018
f 1835/3161/1019 1961/3162/1019 1833/3163/1019
f 1825/3164/1020 1954/3165/1020 1826/3166/1020
f 1836/3167/1021 1962/3168/1021 1964/3169/1021
f 1823/3170/1022 1952/3171/1022 1951/3172/1022
f 1839/3173/1023 1965/3174/1023 1837/3175/1024
f 1821/3176/1025 1950/3177/1025 1822/3178/1025
f 1840/3179/1026 1966/3180/1026 1968/3181/1026
f 1819/3182/1027 1948/3183/1027 1947/3184/1027
f 1843/3185/1028 1969/3186/1028 1841/3187/1028
f 1817/3188/1029 1946/3189/1029 1818/3190/1029
f 1842/3191/1030 1972/3192/1030 1844/3193/1030
f 1655/3194/1031 1911/3195/1031 1527/3196/1031
f 1603/3197/1032 1859/3198/1032 1475/3199/1032
f 1619/3200/1033 1874/3201/1033 1876/3202/1033
f 1657/3203/1034 1913/3204/1034 1914/3205/1034
f 1605/3206/1035 1861/3207/1035 1862/3208/1035
f 1489/3095/1036 1875/3209/1036 1873/3210/1036
f 1659/3211/1037 1915/3212/1037 1531/3213/1037
f 1607/3214/1038 1863/3215/1038 1479/3216/1038
f 1615/3217/1039 1870/3218/1039 1872/3219/1039
f 1661/3220/1040 1917/3221/1040 1918/3222/1040
f 1609/3223/1041 1865/3224/1041 1866/3225/1041
f 1487/3093/1042 1869/3226/1042 1485/3092/1042
f 1663/3227/1043 1919/3228/1043 1535/3229/1043
f 1611/3230/1044 1867/3231/1044 1483/3232/1044
f 1609/3233/1045 1868/3234/1045 1611/3235/1045
f 1663/3236/1046 1918/3237/1046 1920/3238/1046
f 1613/3239/1047 1869/3240/1047 1870/3241/1047
f 1481/3089/1048 1867/3242/1048 1865/3243/1048
f 1535/3128/1049 1917/3244/1049 1533/3127/1049
f 1615/3245/1050 1871/3246/1050 1487/3247/1050
f 1605/3248/1051 1864/3249/1051 1607/3250/1051
f 1657/3131/1052 1916/3251/1052 1659/3126/1052
f 1617/3252/1053 1873/3253/1053 1874/3254/1053
f 1477/3086/1054 1863/3255/1054 1861/3256/1054
f 1529/3257/1055 1915/3258/1055 1913/3259/1055
f 1619/3260/1056 1875/3261/1056 1491/3262/1056
f 1603/3263/1057 1857/3264/1057 1860/3265/1057
f 1653/3266/1058 1912/3267/1058 1655/3268/1058
f 1621/3269/1059 1877/3270/1059 1878/3271/1059
f 1474/3083/1060 1859/3272/1060 1858/3273/1060
f 1525/3120/1061 1911/3274/1061 1909/3275/1061
f 1623/3276/1062 1879/3277/1062 1495/3278/1062
f 1651/3279/1063 1906/3280/1063 1908/3281/1063
f 1625/3282/1064 1881/3283/1064 1882/3284/1064
f 1521/3117/1065 1907/3285/1065 1905/3286/1065
f 1627/3287/1066 1883/3288/1066 1499/3289/1066
f 1647/3290/1067 1902/3291/1067 1904/3292/1067
f 1629/3293/1068 1885/3294/1068 1886/3295/1068
f 1519/3115/1069 1901/3296/1069 1517/3114/1069
f 1631/3297/1070 1887/3298/1070 1503/3299/1070
f 1641/3300/1071 1900/3301/1071 1643/3302/1071
f 1633/3303/1072 1889/3304/1072 1890/3305/1072
f 1513/3111/1073 1899/3306/1073 1897/3307/1073
f 1635/3308/1074 1891/3309/1074 1507/3310/1074
f 1637/3137/1075 1896/3311/1075 1639/3110/1075
f 1637/3312/1076 1893/3313/1076 1894/3314/1076
f 1509/3315/1077 1895/3316/1077 1893/3317/1077
f 1639/3318/1078 1895/3319/1078 1511/3320/1078
f 1794/3321/994 1857/3322/994 1858/3273/994
f 1795/3323/994 1860/3324/994 1796/3325/994
f 1797/3326/995 1862/3327/995 1861/3256/995
f 1799/3328/995 1864/3329/995 1800/3330/995
f 1801/3331/996 1866/3332/996 1865/3243/996
f 1803/3333/996 1868/3334/996 1804/3335/996
f 1805/3336/998 1870/3337/998 1869/3226/998
f 1807/3338/998 1872/3339/998 1808/3340/998
f 1809/3341/999 1874/3342/999 1873/3210/999
f 1811/3343/999 1876/3344/999 1812/3345/999
f 1813/3346/1000 1878/3347/1000 1877/3348/1000
f 1815/3349/1000 1880/184/1000 1816/3350/1000
f 1817/3351/1001 1882/3352/1001 1881/233/1001
f 1819/3353/1001 1884/3354/1001 1820/3355/1001
f 1821/3356/1002 1886/3357/1003 1885/323/1002
f 1823/3358/1003 1888/3359/1002 1824/3360/1002
f 1825/3361/1004 1890/3362/1004 1889/411/1004
f 1827/3363/1004 1892/3364/1004 1828/3365/1004
f 1829/3366/1005 1894/3367/1005 1893/3368/1005
f 1831/3369/1005 1896/3311/1005 1832/3370/1005
f 1833/3371/1006 1898/3372/1006 1897/3307/1006
f 1835/3373/1006 1900/3374/1006 1836/3167/1006
f 1837/3375/1008 1902/3376/1008 1901/3296/1008
f 1839/3377/1008 1904/3378/1008 1840/3179/1008
f 1841/3379/1009 1906/3380/1009 1905/3286/1009
f 1843/3381/1009 1908/3382/1009 1844/3193/1009
f 1845/3383/1010 1910/3384/1010 1909/3275/1010
f 1847/3385/1010 1912/3386/1010 1848/3387/1010
f 1849/3388/1011 1914/3389/1011 1913/3390/1011
f 1851/3391/1011 1916/3251/1011 1852/3392/1011
f 1853/3393/1012 1918/3394/1012 1917/3244/1012
f 1855/3395/1012 1920/3396/1012 1856/3397/1012
f 1856/3397/1012 1918/3394/1012 1854/3398/1012
f 1853/3393/1012 1919/3399/1012 1855/3395/1012
f 1852/3392/1011 1914/3389/1011 1850/3400/1011
f 1849/3388/1011 1915/3401/1011 1851/3391/1011
f 1848/3387/1010 1910/3384/1010 1846/3402/1010
f 1845/3383/1010 1911/3274/1010 1847/3385/1010
f 1844/3193/1009 1906/3380/1009 1842/3191/1009
f 1843/3381/1009 1905/3286/1009 1907/3285/1009
f 1840/3179/1008 1902/3376/1008 1838/3403/1007
f 1837/3375/1008 1903/3404/1008 1839/3377/1008
f 1836/3167/1006 1898/3372/1006 1834/3405/1006
f 1833/3371/1006 1899/3306/1006 1835/3373/1006
f 1832/3370/1005 1894/3367/1005 1830/3406/1005
f 1829/3366/1005 1895/3407/1005 1831/3369/1005
f 1828/3365/1004 1890/3362/1004 1826/3408/1004
f 1825/3361/1004 1891/410/1004 1827/3363/1004
f 1824/3360/1002 1886/3357/1003 1822/3409/1003
f 1821/3356/1002 1887/3410/1003 1823/3358/1003
f 1820/3355/1001 1882/3352/1001 1818/3411/1001
f 1817/3351/1001 1883/232/1001 1819/3353/1001
f 1816/3350/1000 1878/3347/1000 1814/3412/1000
f 1813/3346/1000 1879/3413/1000 1815/3349/1000
f 1812/3345/999 1874/3342/999 1810/3414/999
f 1811/3343/999 1873/3210/999 1875/3209/999
f 1808/3340/998 1870/3337/998 1806/3415/997
f 1805/3336/998 1871/3416/998 1807/3338/998
f 1804/3335/996 1866/3332/996 1802/3417/996
f 1801/3331/996 1867/3242/996 1803/3333/996
f 1800/3330/995 1862/3327/995 1798/3418/995
f 1797/3326/995 1863/3255/995 1799/3328/995
f 1796/3325/994 1857/3322/994 1793/3419/994
f 1794/3321/994 1859/3272/994 1795/3323/994
f 1981/3420/1012 1984/3421/1012 1982/3422/1012
f 1978/3423/1011 1979/3424/1011 1980/3425/1011
f 1973/3426/1010 1976/3427/1010 1974/3428/1010
f 1969/3429/1009 1972/3192/1009 1970/3430/1009
f 1965/3431/1008 1968/3181/1007 1966/3180/1007
f 1962/3168/1006 1963/3432/1006 1964/3169/1006
f 1957/3433/1005 1960/3434/1005 1958/3435/1005
f 1954/3436/1004 1955/3437/1004 1956/3438/1004
f 1949/3439/1002 1952/3440/1002 1950/3441/1002
f 1946/3442/1001 1947/3443/1001 1948/3444/1001
f 1941/3445/1000 1944/3446/1000 1942/3447/1000
f 1937/3448/999 1940/3449/999 1938/3450/999
f 1933/3451/998 1936/3452/997 1934/3453/997
f 1930/3454/996 1931/3455/996 1932/3456/996
f 1925/3457/995 1928/3458/995 1926/3459/995
f 1921/3460/994 1923/3461/994 1924/3462/994
f 1826/3408/1079 1956/3438/1079 1828/3365/1079
f 1833/3463/1080 1962/3464/1080 1834/3465/1080
f 1827/3466/1081 1953/3467/1081 1825/3468/1081
f 1835/3469/1082 1964/3470/1082 1963/3471/1082
f 1824/3360/1083 1950/3441/1083 1952/3440/1083
f 1837/3472/1084 1966/3473/1084 1838/3474/1084
f 1823/3475/1085 1949/3476/1086 1821/3477/1086
f 1839/3478/1087 1968/3479/1087 1967/3480/1087
f 1820/3355/1088 1946/3442/1088 1948/3444/1088
f 1841/3481/1089 1970/3482/1089 1842/3483/1089
f 1819/3484/1090 1945/3485/1090 1817/3486/1090
f 1843/3487/1091 1972/3488/1091 1971/3489/1091
f 1814/3490/1092 1944/3491/1092 1816/3492/1092
f 1845/3493/1093 1974/3494/1093 1846/3495/1093
f 1794/3496/1094 1921/3497/1094 1793/3498/1094
f 1813/3499/1095 1943/3500/1095 1941/3501/1095
f 1847/3502/1096 1976/3503/1096 1975/3504/1096
f 1795/3505/1097 1924/3506/1097 1923/3507/1097
f 1810/3414/1098 1940/3449/1098 1812/3345/1098
f 1849/3508/1099 1978/3509/1099 1850/3510/1099
f 1797/3511/1100 1926/3512/1100 1798/3513/1100
f 1811/3514/1101 1937/3515/1101 1809/3516/1101
f 1851/3517/1102 1980/3518/1102 1979/3519/1102
f 1799/3520/1103 1928/3521/1103 1927/3522/1103
f 1808/3340/1104 1934/3453/1104 1936/3452/1104
f 1853/3523/1105 1982/3524/1105 1854/3525/1105
f 1801/3526/1106 1930/3527/1106 1802/3528/1106
f 1807/3529/1107 1933/3530/1107 1805/3531/1107
f 1855/3532/1108 1984/3533/1108 1983/3534/1108
f 1803/3535/1109 1932/3536/1109 1931/3537/1109
f 1804/3335/1110 1930/3454/1110 1932/3456/1110
f 1856/3397/1111 1982/3422/1111 1984/3421/1111
f 1805/3538/1112 1934/3539/1112 1806/3540/1112
f 1803/3541/1113 1929/3542/1113 1801/3543/1113
f 1855/3544/1114 1981/3545/1115 1853/3546/1115
f 1807/3547/1116 1936/3548/1116 1935/3549/1116
f 1798/3418/1117 1928/3458/1118 1800/3330/1117
f 1852/3550/1119 1978/3551/1119 1980/3552/1119
f 1809/3553/1120 1938/3554/1120 1810/3555/1120
f 1797/3556/1121 1927/3557/1121 1925/3558/1121
f 1851/3559/1122 1977/3560/1122 1849/3561/1122
f 1811/3562/1123 1940/3563/1123 1939/3564/1123
f 1793/3419/1124 1924/3462/1124 1796/3325/1124
f 1846/3402/1125 1976/3427/1125 1848/3387/1125
f 1813/3565/1126 1942/3566/1126 1814/3567/1126
f 1795/3568/1127 1922/3569/1127 1794/3570/1127
f 1845/3571/1128 1975/3572/1128 1973/3573/1128
f 1815/3574/1129 1944/3575/1129 1943/3576/1129
f 2240/3577/1130 2177/3578/1130 2209/3579/1130
f 406/3580/1131 2266/3581/1131 2011/3582/1131
f 2211/3583/1132 2178/3584/1132 2179/3585/1132
f 1997/3586/1133 2251/3587/1133 1996/3588/1133
f 2212/3589/1134 2181/3590/1134 2213/3591/1134
f 415/3592/1135 2304/3593/1135 353/3594/1135
f 2214/3595/1136 2183/3596/1136 2215/3597/1136
f 403/3598/1137 2265/3599/1137 2297/3600/1137
f 2216/3601/1138 2185/3602/1138 2217/3603/1138
f 1994/3604/1139 2250/3605/1139 2249/3606/1139
f 2218/3607/1140 2187/3608/1140 2219/3609/1140
f 411/3610/1141 2302/3611/1141 414/3612/1141
f 2220/3613/1142 2189/3614/1142 2221/3615/1142
f 402/3616/1143 2264/3617/1143 2009/3618/1143
f 2222/3619/1144 2191/3620/1144 2223/3621/1144
f 1992/3622/1145 2248/3623/1145 2247/3624/1145
f 2224/3625/1146 2193/3626/1146 2225/3627/1146
f 407/3628/1147 2300/3629/1147 410/3630/1147
f 2226/3631/1148 2195/3632/1148 2227/3633/1148
f 399/3634/1149 2263/3635/1149 2295/3636/1149
f 2228/3637/1150 2197/3638/1150 2229/3639/1150
f 1991/3640/1151 2245/3641/1151 1990/3642/1151
f 2230/3643/1152 2199/3644/1152 2231/3645/1152
f 406/3646/1153 2297/3647/1153 2298/3648/1153
f 2232/3649/1154 2201/3650/1154 2233/3651/1154
f 398/3652/1155 2262/3653/1155 2007/3654/1155
f 2234/3655/1156 2203/3656/1156 2235/3657/1156
f 1989/3658/1157 2243/3659/1157 1988/3660/1157
f 2236/3661/1158 2205/3662/1158 2237/3663/1158
f 399/3664/1159 2296/3665/1159 402/3666/1159
f 2238/3667/1160 2207/3668/1160 2239/3669/1160
f 395/3670/1161 2261/3671/1161 2293/3672/1161
f 3346/3673/1162 2353/3674/1162 3345/3675/1162
f 3331/3676/1163 3073/3677/1163 3330/3678/1163
f 3333/3679/1164 2309/3680/1165 2021/3681/1165
f 3333/3682/1166 3075/3683/1166 3332/3684/1166
f 3359/3685/1167 2335/3686/1168 2047/3687/1168
f 3335/3688/1169 3077/3689/1169 3334/3690/1169
f 3332/3691/1170 2308/3692/1171 2340/3693/1170
f 3337/3694/1172 3079/3695/1172 3336/3696/1172
f 3358/3697/1173 2334/3698/1174 2366/3699/1173
f 3338/3700/1175 2027/3701/1175 3081/3702/1175
f 2033/3703/1176 2322/3704/1176 3089/3705/1176
f 3340/3706/1177 2029/3707/1177 3083/3708/1177
f 3344/3709/1178 2351/3710/1178 3343/3711/1178
f 3342/3712/1179 2031/3713/1179 3085/3714/1179
f 3331/3715/1180 2307/3716/1181 2019/3717/1181
f 3345/3718/1182 3087/3719/1182 3344/3720/1182
f 3357/3721/1183 2333/3722/1184 2045/3723/1184
f 3346/3724/1185 2035/3725/1185 3089/3726/1185
f 3330/3727/1186 2306/3728/1187 2338/3729/1186
f 3348/3730/1188 2037/3731/1188 3091/3732/1188
f 3356/3733/1189 2332/3734/1190 2364/3735/1189
f 3350/3736/1191 2039/3737/1191 3093/3738/1191
f 3087/3739/1192 2319/3740/1192 2320/3741/1192
f 3353/3742/1193 3095/3743/1193 3352/3744/1193
f 3342/3745/1194 2349/3746/1194 3341/3747/1194
f 3355/3748/1195 3097/3749/1195 3354/3750/1195
f 3329/3751/1196 2305/3752/1197 2017/3753/1197
f 3357/3754/1198 3099/3755/1198 3356/3756/1198
f 3355/3757/1199 2331/3758/1200 2043/3759/1200
f 3359/3760/1201 3101/3761/1201 3358/3762/1201
f 3354/3763/1202 2330/3764/1203 2362/3765/1202
f 3329/3766/1204 3103/3767/1204 3360/3768/1204
f 2050/3769/1205 2240/3577/1205 2209/3579/1205
f 2050/3769/1206 2210/3770/1206 2051/3771/1206
f 2051/3771/1207 2211/3583/1207 2052/3772/1207
f 2052/3772/1208 2212/3589/1208 2053/3773/1208
f 2053/3773/1209 2213/3591/1209 2054/3774/1209
f 2054/3774/1210 2214/3595/1210 2055/3775/1210
f 2055/3775/1211 2215/3597/1211 2056/3776/1211
f 2056/3776/1212 2216/3601/1212 2057/3777/1212
f 2058/3778/1213 2216/3601/1213 2217/3603/1213
f 2058/3778/1214 2218/3607/1214 2059/3779/1214
f 2059/3779/1215 2219/3609/1215 2060/3780/1215
f 2060/3780/1216 2220/3613/1216 2061/3781/1216
f 2062/3782/1217 2220/3613/1217 2221/3615/1217
f 2062/3782/1218 2222/3619/1218 2063/3783/1218
f 2063/3783/1219 2223/3621/1219 2064/3784/1219
f 2065/3785/1220 2223/3621/1220 2224/3625/1220
f 2065/3785/1221 2225/3627/1221 2066/3786/1221
f 2067/3787/1222 2225/3627/1222 2226/3631/1222
f 2067/3787/1223 2227/3633/1223 2068/3788/1223
f 2068/3788/1224 2228/3637/1224 2069/3789/1224
f 2070/3790/1225 2228/3637/1225 2229/3639/1225
f 2070/3790/1226 2230/3643/1226 2071/3791/1226
f 2071/3791/1227 2231/3645/1227 2072/3792/1227
f 2072/3792/1228 2232/3649/1228 2073/3793/1228
f 2074/3794/1229 2232/3649/1229 2233/3651/1229
f 2074/3794/1230 2234/3655/1230 2075/3795/1230
f 2075/3795/1231 2235/3657/1231 2076/3796/1231
f 2076/3796/1232 2236/3661/1232 2077/3797/1232
f 2078/3798/1233 2236/3661/1233 2237/3663/1233
f 2078/3798/1234 2238/3667/1234 2079/3799/1234
f 2079/3799/1235 2239/3669/1235 2080/3800/1235
f 2080/3800/1236 2240/3577/1236 2049/3801/1236
f 2113/3850/1253 2115/3851/1253 2116/3852/1253
f 2120/3853/1254 2118/3854/1254 2119/3855/1254
f 2124/3856/1255 2122/3857/1255 2123/3858/1255
f 2125/3859/1256 2127/3860/1256 2128/3861/1256
f 2129/3862/1257 2131/3863/1257 2132/3864/1257
f 2136/3865/1258 2134/3866/1258 2135/3867/1258
f 2137/3868/1259 2139/3869/1259 2140/3870/1259
f 2141/3871/1260 2114/3872/1260 2113/3850/1260
f 2143/3873/1261 2118/3854/1261 2117/3874/1261
f 2121/3875/1262 2146/3876/1262 2122/3857/1262
f 2147/3877/1263 2126/3878/1263 2125/3859/1263
f 2149/3879/1264 2130/3880/1264 2129/3862/1264
f 2151/3881/1265 2134/3866/1265 2133/3882/1265
f 2153/3883/1266 2138/3884/1266 2137/3868/1266
f 2141/3871/1267 2156/3885/1267 2142/3886/1267
f 2143/3873/1268 2158/3887/1268 2144/3888/1268
f 2159/3889/1269 2146/3876/1269 2145/3890/1269
f 2161/3891/1270 2148/3892/1270 2147/3877/1270
f 2149/3879/1271 2164/3893/1271 2150/3894/1271
f 2165/3895/1272 2152/3896/1272 2151/3881/1272
f 2170/3897/1273 2168/3898/1273 2169/3899/1273
f 2170/3897/1274 2154/3900/1274 2153/3883/1274
f 2155/3901/1275 2172/3902/1275 2156/3885/1275
f 2173/3903/1276 2158/3887/1276 2157/3904/1276
f 2175/3905/1277 2160/3906/1277 2159/3889/1277
f 2116/3852/1278 2162/3907/1278 2161/3891/1278
f 2163/3908/1279 2119/3855/1279 2164/3893/1279
f 2124/3856/1280 2166/3909/1280 2165/3895/1280
f 2167/3910/1281 2127/3860/1281 2168/3898/1281
f 2132/3864/1282 2172/3902/1282 2171/3911/1282
f 2136/3865/1283 2174/3912/1283 2173/3903/1283
f 2140/3870/1284 2176/3913/1284 2175/3905/1284
f 3364/3914/1285 2148/3915/1285 3365/3916/1285
f 2059/3917/48 2155/3918/48 2058/461/48
f 3391/88/1286 2154/3919/1286 3392/3920/1286
f 3366/3921/1287 2148/3915/1287 2162/3922/1287
f 2060/3923/64 2171/3924/64 2059/3917/64
f 3361/478/1288 2154/3919/1288 2169/3925/1288
f 3366/3921/1289 2115/3926/1289 3367/3927/1289
f 2061/3928/42 2132/3929/42 2060/3923/42
f 3368/3930/1290 2115/3926/1290 2114/3931/1290
f 2062/3932/147 2129/3933/147 2061/3934/147
f 3368/3930/1291 2142/3935/1291 3369/3936/1291
f 2063/3937/35 2149/3938/35 2062/3932/35
f 3369/3936/1292 2156/3939/1292 3370/3940/1292
f 2064/3941/146 2163/3942/146 2063/3937/146
f 3370/3940/1293 2172/3943/1293 3371/3944/1293
f 2065/3945/28 2120/3946/28 2064/3941/28
f 3371/3944/1294 2131/3947/1294 3372/3948/1294
f 2066/3949/81 2117/3950/81 2065/3945/81
f 3372/3951/1295 2130/3952/1295 3373/3953/1295
f 2067/3954/120 2143/3955/120 2066/3949/120
f 3373/3953/1296 2150/3956/1296 3374/3957/1296
f 2068/3958/57 2157/3959/57 2067/3954/57
f 3375/3960/1297 2150/3956/1297 2164/3961/1297
f 2069/3962/114 2173/3963/114 2068/3964/114
f 3375/3960/1298 2119/3965/1298 3376/3966/1298
f 2070/3967/31 2136/3968/31 2069/3962/31
f 3376/3966/1299 2118/3969/1299 3377/3970/1299
f 2071/3971/109 2133/3972/109 2070/3967/109
f 3377/3970/1300 2144/3973/1300 3378/3974/1300
f 2072/3975/21 2151/3976/21 2071/3971/21
f 3378/3974/1301 2158/3977/1301 3379/526/1301
f 2073/525/103 2165/3978/103 2072/3975/103
f 1986/3979/1302 2178/3584/1302 1987/3980/1302
f 1988/3981/1303 2180/3982/1303 1989/3983/1303
f 1990/3984/1304 2182/3985/1304 1991/3986/1304
f 1993/3987/1305 2183/3596/1305 2184/3988/1305
f 1995/3989/1306 2185/3602/1306 2186/3990/1306
f 1996/3991/1307 2188/3992/1307 1997/3993/1307
f 1998/3994/1308 2190/3995/1308 1999/3996/1308
f 2001/3997/1309 2191/3620/1309 2192/3998/1309
f 2003/3999/1310 2193/3626/1310 2194/4000/1310
f 2004/4001/1311 2196/4002/1311 2005/4003/1311
f 2006/4004/1312 2198/4005/1312 2007/4006/1312
f 2009/4007/1313 2199/3644/1313 2200/4008/1313
f 2011/4009/1314 2201/3650/1314 2202/4010/1314
f 2012/4011/1315 2204/4012/1315 2013/4013/1315
f 2014/4014/1316 2206/4015/1316 2015/4016/1316
f 1985/4017/1317 2207/3668/1317 2208/4018/1317
f 358/4019/1318 2209/3579/1318 354/4020/1318
f 359/4021/1303 2212/3589/1303 2211/3583/1303
f 363/4022/1304 2214/3595/1304 2213/3591/1304
f 370/4023/1305 2215/3597/1305 367/4024/1305
f 371/4025/1306 2218/3607/1306 2217/3603/1306
f 378/4026/1307 2219/3609/1307 375/4027/1307
f 379/4028/1308 2222/3619/1308 2221/3615/1308
f 386/4029/1309 2223/3621/1309 383/4030/1309
f 387/4031/1310 2226/3631/1310 2225/3627/1310
f 391/4032/1311 2228/3637/1311 2227/3633/1311
f 395/4033/1312 2230/3643/1312 2229/3639/1312
f 402/4034/1313 2231/3645/1313 399/4035/1313
f 403/4036/1314 2234/3655/1314 2233/3651/1314
f 410/4037/1315 2235/3657/1315 407/4038/1315
f 411/4039/1316 2238/3667/1316 2237/3663/1316
f 353/4040/1317 2239/3669/1317 415/4041/1317
f 1986/3979/1302 2209/3579/1318 2177/3578/1302
f 1985/4017/1317 2240/3577/1317 353/4040/1317
f 1987/3980/1302 2210/3770/1302 358/4019/1318
f 1988/3981/1303 2211/3583/1303 2179/3585/1303
f 1989/3983/1303 2212/3589/1303 362/4042/1303
f 1990/3984/1304 2213/3591/1304 2181/3590/1304
f 1991/3986/1304 2214/3595/1304 366/4043/1304
f 1992/4044/1305 2215/3597/1305 2183/3596/1305
f 1993/3987/1305 2216/3601/1305 370/4023/1305
f 1994/4045/1306 2217/3603/1306 2185/3602/1306
f 1995/3989/1306 2218/3607/1306 374/4046/1306
f 1996/3991/1307 2219/3609/1307 2187/3608/1307
f 1997/3993/1307 2220/3613/1307 378/4026/1307
f 1998/3994/1308 2221/3615/1308 2189/3614/1308
f 1999/3996/1308 2222/3619/1308 382/4047/1308
f 2000/4048/1309 2223/3621/1309 2191/3620/1309
f 2001/3997/1309 2224/3625/1309 386/4029/1309
f 2002/4049/1319 2225/3627/1310 2193/3626/1310
f 2003/3999/1310 2226/3631/1310 390/4050/1319
f 2004/4001/1311 2227/3633/1311 2195/3632/1311
f 2005/4003/1311 2228/3637/1311 394/4051/1311
f 2006/4004/1312 2229/3639/1312 2197/3638/1312
f 2007/4006/1312 2230/3643/1312 398/4052/1312
f 2008/4053/1313 2231/3645/1313 2199/3644/1313
f 2009/4007/1313 2232/3649/1313 402/4034/1313
f 2010/4054/1314 2233/3651/1314 2201/3650/1314
f 2011/4009/1314 2234/3655/1314 406/4055/1314
f 2012/4011/1315 2235/3657/1315 2203/3656/1315
f 2013/4013/1315 2236/3661/1315 410/4037/1315
f 2014/4014/1316 2237/3663/1316 2205/3662/1316
f 2015/4016/1316 2238/3667/1316 414/4056/1316
f 2016/4057/1317 2239/3669/1317 2207/3668/1317
f 354/4058/1320 2241/4059/1320 2273/4060/1320
f 1999/4061/1321 2253/4062/1321 1998/4063/1321
f 407/4064/1322 2267/4065/1322 2299/4066/1322
f 353/4067/1323 2272/4068/1323 1985/4069/1323
f 2001/4070/1324 2255/4071/1324 2000/4072/1324
f 410/4073/1325 2268/4074/1325 2013/4075/1325
f 358/4076/1326 2242/4077/1326 1987/4078/1326
f 2002/4079/1327 2258/4080/1327 2257/4081/1327
f 411/4082/1328 2269/4083/1328 2301/4084/1328
f 359/4085/1329 2243/4086/1329 2275/4087/1329
f 2005/4088/1330 2259/4089/1330 2004/4090/1330
f 414/4091/1331 2270/4092/1331 2015/4093/1331
f 362/4094/1332 2244/4095/1332 1989/4096/1332
f 2007/4097/1333 2261/4098/1333 2006/4099/1333
f 415/4100/1334 2271/4101/1334 2303/4102/1334
f 363/4103/1335 2245/4104/1335 2277/4105/1335
f 2008/4106/1336 2264/4107/1336 2263/4108/1336
f 366/4109/1337 2246/4110/1337 1991/4111/1337
f 2010/4112/1338 2266/4113/1338 2265/4114/1338
f 367/4115/1339 2247/4116/1339 2279/4117/1339
f 2013/4118/1340 2267/4065/1340 2012/4119/1340
f 370/4120/1341 2248/4121/1341 1993/4122/1341
f 2015/4123/1342 2269/4124/1342 2014/4125/1342
f 371/4126/1343 2249/4127/1343 2281/4128/1343
f 2016/4129/1344 2272/4130/1344 2271/4131/1345
f 374/4132/1346 2250/4133/1346 1995/4134/1346
f 358/4135/1347 2273/4136/1347 2274/4137/1347
f 375/4138/1348 2251/4139/1348 2283/4140/1348
f 362/4141/1349 2275/4087/1349 2276/4142/1349
f 378/4143/1350 2252/4144/1350 1997/4145/1350
f 366/4146/1351 2277/4147/1351 2278/4148/1351
f 379/4149/1352 2253/4150/1352 2285/4151/1352
f 367/4152/1353 2280/4153/1353 370/4154/1353
f 382/4155/1354 2254/4156/1354 1999/4157/1354
f 374/4158/1355 2281/4159/1355 2282/4160/1355
f 383/4161/1356 2255/4162/1356 2287/4163/1356
f 375/4164/1357 2284/4165/1357 378/4143/1357
f 386/4166/1358 2256/4167/1358 2001/4168/1358
f 379/4169/1359 2286/4170/1359 382/4171/1359
f 387/4172/1360 2257/4173/1360 2289/4174/1360
f 383/4175/1361 2288/4176/1361 386/4177/1361
f 390/4178/1362 2258/4179/1362 2003/4180/1362
f 390/4181/1363 2289/4182/1363 2290/4183/1363
f 391/4184/1364 2259/4185/1364 2291/4186/1364
f 394/4187/1365 2291/4188/1365 2292/4189/1365
f 394/4190/1366 2260/4191/1366 2005/4088/1366
f 398/4192/1367 2293/4193/1367 2294/4194/1367
f 1987/4195/1368 2241/4196/1368 1986/4197/1368
f 2337/4198/1369 2306/4199/1369 2305/4200/1369
f 2339/4201/1370 2308/4202/1370 2307/4203/1370
f 2341/4204/1371 2310/4205/1371 2309/4206/1371
f 2344/4207/1372 2311/4208/1372 2343/4209/1372
f 2345/4210/1373 2314/4211/1373 2313/4212/1373
f 2348/4213/1374 2315/4214/1374 2347/4215/1374
f 2350/4216/1375 2317/4217/1375 2349/4218/1375
f 2352/4219/1376 2319/4220/1376 2351/4221/1376
f 2354/4222/1377 2321/4223/1377 2353/4224/1377
f 2356/4225/1378 2323/4226/1378 2355/4227/1378
f 2358/4228/1379 2325/4229/1379 2357/4230/1379
f 2360/4231/1380 2327/4232/1380 2359/4233/1380
f 2362/4234/1381 2329/4235/1381 2361/4236/1381
f 2364/4237/1382 2331/4238/1382 2363/4239/1382
f 2366/4240/1383 2333/4241/1383 2365/4242/1383
f 2368/4243/1384 2335/4244/1384 2367/4245/1384
f 2035/4246/1385 2324/4247/1385 3091/4248/1385
f 3360/4249/1386 2336/4250/1387 2368/4251/1386
f 3334/4252/1388 2310/4253/1389 2342/4254/1388
f 3335/4255/1390 2311/4256/1391 2023/4257/1391
f 3348/4258/1392 2355/4259/1392 3347/4260/1392
f 3093/4261/1393 2325/4262/1393 2326/4263/1393
f 3336/4264/1394 2312/4265/1395 2344/4266/1394
f 3337/4267/1396 2313/4268/1397 2025/4269/1397
f 3350/4270/1398 2357/4271/1398 3349/4272/1398
f 2039/4273/1399 2328/4274/1399 3095/4275/1399
f 3338/4276/1400 2314/4277/1401 2346/4278/1400
f 3339/4279/1402 2315/4280/1403 2027/4281/1403
f 3351/4282/1404 2360/4283/1404 2359/4284/1404
f 3097/4285/1405 2329/4286/1405 2330/4287/1405
f 3340/4288/1406 2316/4289/1407 2348/4290/1406
f 3341/4291/1408 2317/4292/1409 2029/4293/1409
f 3354/4294/1410 2361/4295/1410 3353/4296/1410
f 2043/4297/1411 2332/3734/1411 3099/4298/1411
f 3073/4299/1412 2305/4300/1412 2306/4301/1412
f 3342/4302/1413 2318/4303/1414 2350/4304/1413
f 3343/4305/1415 2319/4306/1416 2031/4307/1416
f 2045/4308/1417 2334/4309/1417 3101/4310/1417
f 3356/4311/1418 2363/4312/1418 3355/4313/1418
f 2019/4314/1419 2308/4315/1419 3075/4316/1419
f 3329/4317/1420 2338/4318/1420 2337/4319/1420
f 3344/4320/1421 2320/4321/1422 2352/4322/1421
f 3345/4323/1423 2321/4324/1424 2033/4325/1424
f 3358/4326/1425 2365/4327/1425 3357/4328/1425
f 2047/4329/1426 2336/4330/1426 3103/4331/1426
f 3331/4332/1427 2340/4333/1427 2339/4334/1427
f 3077/4335/1428 2309/4336/1428 2310/4337/1428
f 3346/4338/1429 2322/4339/1430 2354/4340/1429
f 3347/4341/1431 2323/4342/1432 2035/4343/1432
f 3359/4344/1433 2368/4345/1433 2367/4346/1433
f 3334/4347/1434 2341/4348/1434 3333/4349/1434
f 2023/4350/1435 2312/4351/1435 3079/4352/1435
f 3348/4353/1436 2324/4247/1437 2356/4354/1436
f 3349/4355/1438 2325/4356/1439 2037/4357/1439
f 3336/4358/1440 2343/4359/1440 3335/4360/1440
f 3081/4361/1441 2313/4362/1441 2314/4363/1441
f 3350/4364/1442 2326/4365/1443 2358/4366/1442
f 3351/4367/1444 2327/4368/1445 2039/4369/1445
f 3338/4370/1446 2345/4371/1446 3337/4372/1446
f 2027/4373/1447 2316/4374/1447 3083/4375/1447
f 3352/4376/1448 2328/4377/1449 2360/4378/1448
f 3353/4379/1450 2329/4380/1451 2041/4381/1451
f 3340/4382/1452 2347/4383/1452 3339/4384/1452
f 2029/4385/1453 2318/4386/1453 3085/4387/1453
f 193/4388/1454 2400/4389/1454 2017/4390/1454
f 3080/641/103 2408/4391/103 201/645/103
f 2037/4392/114 3123/4393/114 3091/4394/114
f 221/622/1455 2396/4395/1455 2045/4396/1455
f 195/4397/1456 2370/4398/1456 2019/4399/1456
f 2383/4400/1 3184/4401/1 3183/4402/1
f 2397/4403/1457 3165/4404/1457 2046/4405/1457
f 3082/649/96 2410/4406/96 203/653/96
f 2039/4407/109 3125/4408/109 3093/4409/109
f 223/4410/1458 2398/4411/1458 2047/4412/1458
f 197/4413/1459 2372/4414/1459 2021/4415/1459
f 2413/4416/1 3181/4417/1 2381/4418/1
f 2387/4419/1460 3155/4420/1460 2036/4421/1460
f 3084/663/90 2412/4422/90 205/661/90
f 2041/4423/103 3127/4424/103 3095/4425/103
f 199/4426/1461 2374/4427/1461 2023/4428/1461
f 2379/4429/1 3180/4430/1 3179/4431/1
f 3086/666/84 2414/4432/84 207/669/84
f 2043/4433/96 3129/4434/96 3097/4435/96
f 201/4436/1462 2376/4437/1462 2025/4438/1462
f 200/4439/1463 3176/4440/1463 2407/4441/1463
f 3088/673/78 2416/4442/78 209/628/78
f 2045/4443/90 3131/4444/90 3099/4445/90
f 2019/4446/73 3105/4447/73 3073/4448/73
f 203/4449/1464 2378/4450/1464 2027/4451/1464
f 2409/4452/1 3177/4453/1 2377/4454/1
f 3090/626/73 2418/4455/73 211/631/73
f 2047/4456/84 3133/4457/84 3101/4458/84
f 2021/4459/66 3107/4460/66 3075/4461/66
f 205/4462/1465 2380/4463/1465 2029/4464/1465
f 2395/4465/1466 3163/4466/1466 2044/4467/1466
f 3092/640/66 2420/4468/66 213/638/66
f 2017/4469/78 3135/4470/78 3103/4471/78
f 2023/4472/60 3109/4473/60 3077/4474/60
f 207/4475/1467 2382/4476/1467 2031/4477/1467
f 2375/4478/1 3176/4479/1 3175/4480/1
f 3094/643/60 2422/4481/60 215/647/60
f 2025/4482/54 3111/4483/54 3079/4484/54
f 209/4485/1468 2384/4486/1468 2033/4487/1468
f 2369/4488/1469 3137/4489/1469 2018/4490/1469
f 3096/651/54 2424/4491/54 217/655/54
f 2027/4492/48 3113/4493/48 3081/4494/48
f 211/4495/1470 2386/4496/1470 2035/4497/1470
f 2405/4498/1 3173/4499/1 2373/4500/1
f 3098/659/48 2426/4501/48 219/664/48
f 2029/4502/42 3115/4503/42 3083/4504/42
f 213/4505/1471 2388/4506/1471 2037/4507/1471
f 2385/4508/1472 3153/4509/1472 2034/4510/1472
f 2440/4511/33 2567/4512/33 2439/4513/33
f 2491/4514/64 2620/4515/64 2492/4516/64
f 2488/4517/1473 2584/4518/1473 2456/4519/1473
f 2438/4520/71 2565/4521/71 2437/4522/71
f 2489/4523/101 2618/4524/101 2490/4525/101
f 2455/4526/1461 2615/4527/1461 2487/4528/1461
f 2436/4529/107 2563/4530/107 2435/4531/107
f 2487/4532/33 2616/4533/33 2488/4534/33
f 2486/4535/1474 2582/4536/1474 2454/4537/1474
f 2434/4538/137 2561/4539/137 2433/4540/137
f 2485/4541/71 2614/4542/71 2486/4543/71
f 2453/4544/1459 2613/4545/1459 2485/4546/1459
f 2483/4547/107 2612/4548/107 2484/4549/107
f 2484/4549/1475 2580/4550/1475 2452/4551/1475
f 2481/4552/137 2610/4553/137 2482/4554/137
f 2451/4555/1456 2611/4556/1456 2483/4557/1456
f 319/4558/1476 2559/4559/1476 2975/4560/1476
f 293/4561/1477 2533/4562/1477 2949/4563/1477
f 2956/783/1478 2539/4564/1478 2540/4565/1478
f 312/656/157 2519/4566/157 311/652/157
f 320/4567/1479 2560/4568/1479 2528/4569/1479
f 294/4570/1480 2534/4571/1480 2502/4572/1480
f 295/4573/1481 2535/4574/1481 2951/4575/1481
f 2958/4576/1482 2541/4577/1482 2542/4578/1482
f 314/665/151 2521/4579/151 313/660/151
f 296/4580/1483 2536/4581/1483 2504/4582/1483
f 297/4583/1484 2537/4584/1484 2953/4585/1484
f 2959/4586/1485 2544/4587/1485 2960/4588/1485
f 315/668/1478 2524/4589/1478 2523/4590/1478
f 290/675/1486 2497/4591/1486 289/671/1486
f 298/4592/1487 2538/4593/1487 2506/4594/1487
f 299/4595/1488 2539/4596/1488 2955/4597/1488
f 2962/4598/1486 2545/4599/1486 2546/4600/1486
f 318/459/1482 2525/4601/1482 317/676/1482
f 292/4602/1489 2499/4603/1489 291/680/1489
f 300/4604/1490 2540/4605/1490 2508/4606/1490
f 301/4607/1491 2541/4608/1491 2957/4609/1491
f 2964/4610/1489 2547/4611/1489 2548/4612/1489
f 320/634/1485 2527/4613/1485 319/630/1485
f 294/637/1492 2501/4614/1492 293/633/1492
f 302/4615/1493 2542/4616/1493 2510/4617/1493
f 303/4618/1494 2543/4619/1494 2959/4620/1494
f 2965/4621/1492 2550/4622/1492 2966/4623/1492
f 295/642/1495 2504/4624/1495 2503/4625/1495
f 304/4626/1496 2544/4627/1496 2512/4628/1496
f 305/4629/1497 2545/4630/1497 2961/4631/1497
f 2967/4632/1495 2552/4633/1495 2968/4634/1495
f 298/654/1498 2505/4635/1498 297/650/1498
f 306/4636/1499 2546/4637/1499 2514/4638/1499
f 307/4639/1500 2547/4640/1500 2963/4641/1500
f 2969/4642/1498 2554/4643/1498 2970/4644/1498
f 300/4645/1501 2507/4646/1501 299/658/1501
f 308/4647/1502 2548/4648/1502 2516/4649/1502
f 309/4650/1503 2549/4651/1503 2965/4652/1503
f 2972/4653/1501 2555/4654/1501 2556/4655/1501
f 2945/4656/161 2530/4657/161 2946/4658/161
f 301/667/1504 2510/4659/1504 2509/4660/1504
f 310/4661/1505 2550/4662/1505 2518/4663/1505
f 311/4664/1506 2551/4665/1506 2967/4666/1506
f 2973/4667/1504 2558/4668/1504 2974/4669/1504
f 2947/4670/156 2532/682/156 2948/4671/156
f 303/674/162 2512/4672/162 2511/4673/162
f 312/4674/1507 2552/4675/1507 2520/4676/1507
f 313/4677/1508 2553/4678/1508 2969/4679/1508
f 2434/4680/40 2497/4681/40 2498/4682/40
f 2435/4683/40 2500/4684/40 2436/4685/40
f 2437/4686/40 2502/4687/40 2438/4688/40
f 2439/4689/40 2504/4690/40 2440/4691/40
f 2442/4692/40 2505/4693/40 2506/4694/40
f 2443/4695/40 2508/4696/40 2444/4697/40
f 2445/4698/40 2510/4699/40 2446/4700/40
f 2447/4701/40 2512/4702/40 2448/4703/40
f 2450/4704/40 2513/4705/40 2514/4706/40
f 2452/4707/40 2515/4708/40 2516/4709/40
f 2453/4710/40 2518/4711/40 2454/4712/40
f 2455/4713/40 2520/4714/40 2456/4715/40
f 2458/4716/40 2521/4717/40 2522/4718/40
f 2460/4719/40 2523/4720/40 2524/4721/40
f 2461/4722/40 2526/4723/40 2462/4724/40
f 2463/4725/40 2528/4726/40 2464/4727/40
f 2466/4728/40 2529/4729/40 2465/4730/40
f 2467/4731/40 2532/4732/40 2531/4733/40
f 2469/4734/40 2534/4735/40 2533/4736/40
f 2471/4737/40 2536/4738/40 2535/4739/40
f 2474/4740/40 2537/4741/40 2473/4742/40
f 2476/4743/40 2539/4744/40 2475/4745/40
f 2478/4746/40 2541/4747/40 2477/4748/40
f 2480/4749/40 2543/4750/40 2479/4751/40
f 2482/4752/40 2545/4753/40 2481/4754/40
f 2484/4755/40 2547/4756/40 2483/4757/40
f 2486/4758/40 2549/4759/40 2485/4760/40
f 2488/4761/40 2551/4762/40 2487/4763/40
f 2490/4764/40 2553/4765/40 2489/4766/40
f 2492/4767/40 2555/4768/40 2491/4769/40
f 2494/4770/40 2557/4771/40 2493/4772/40
f 2495/4773/40 2560/4774/40 2559/4775/40
f 2434/4680/40 2530/4776/40 2466/4728/40
f 2433/4777/40 2529/4729/40 2497/4681/40
f 2435/4683/40 2531/4733/40 2499/4778/40
f 2436/4685/40 2532/4732/40 2468/4779/40
f 2437/4686/40 2533/4736/40 2501/4780/40
f 2438/4688/40 2534/4735/40 2470/4781/40
f 2439/4689/40 2535/4739/40 2503/4782/40
f 2440/4691/40 2536/4738/40 2472/4783/40
f 2441/4784/40 2537/4741/40 2505/4693/40
f 2442/4692/40 2538/4785/40 2474/4740/40
f 2443/4695/40 2539/4744/40 2507/4786/40
f 2444/4697/40 2540/4787/40 2476/4743/40
f 2445/4698/40 2541/4747/40 2509/4788/40
f 2446/4700/40 2542/4789/40 2478/4746/40
f 2447/4701/40 2543/4750/40 2511/4790/40
f 2448/4703/40 2544/4791/40 2480/4749/40
f 2449/4792/40 2545/4753/40 2513/4705/40
f 2450/4704/40 2546/4793/40 2482/4752/40
f 2451/4794/40 2547/4756/40 2515/4708/40
f 2452/4707/40 2548/4795/40 2484/4755/40
f 2453/4710/40 2549/4759/40 2517/4796/40
f 2454/4712/40 2550/4797/40 2486/4758/40
f 2455/4713/40 2551/4762/40 2519/4798/40
f 2456/4715/40 2552/4799/40 2488/4761/40
f 2457/4800/40 2553/4765/40 2521/4717/40
f 2458/4716/40 2554/4801/40 2490/4764/40
f 2459/4802/40 2555/4768/40 2523/4720/40
f 2460/4719/40 2556/4803/40 2492/4767/40
f 2461/4722/40 2557/4771/40 2525/4804/40
f 2462/4724/40 2558/4805/40 2494/4770/40
f 2463/4725/40 2559/4775/40 2527/4806/40
f 2464/4727/40 2560/4774/40 2496/4807/40
f 2457/4808/1462 2617/4809/1462 2489/4810/1462
f 2493/4811/147 2622/4812/147 2494/4813/147
f 2442/4814/101 2569/4815/101 2441/4816/101
f 2490/4817/1472 2586/4818/1472 2458/4819/1472
f 2495/4820/146 2624/4821/146 2496/4822/146
f 2444/4823/64 2571/4824/64 2443/4825/64
f 2459/4826/1464 2619/4827/1464 2491/4828/1464
f 2466/4829/141 2562/4830/141 2434/4831/141
f 2446/4832/147 2573/4833/147 2445/4834/147
f 2492/4516/1460 2588/4835/1460 2460/4836/1460
f 2433/4837/1468 2593/4838/1468 2465/4839/1468
f 2448/4840/146 2575/4841/146 2447/4842/146
f 2461/4843/1465 2621/4844/1465 2493/4845/1465
f 2435/4846/1470 2595/4847/1470 2467/4848/1470
f 2450/4849/81 2577/4850/81 2449/4851/81
f 2494/4852/1509 2590/4853/1509 2462/4854/1509
f 2468/4855/1466 2564/4856/1466 2436/4857/1466
f 2452/4858/57 2579/4859/57 2451/4860/57
f 2463/4861/1467 2623/4862/1467 2495/4863/1467
f 2437/4864/1471 2597/4865/1471 2469/4866/1471
f 2454/4867/31 2581/4868/31 2453/4869/31
f 2496/4870/1463 2592/4871/1463 2464/4872/1463
f 2470/4873/1457 2566/4874/1457 2438/4875/1457
f 2456/4876/21 2583/4877/21 2455/4878/21
f 2439/4879/145 2599/4880/145 2471/4881/145
f 2458/4882/99 2585/4883/99 2457/4884/99
f 2472/4885/1510 2568/4886/1510 2440/4887/1510
f 2460/4888/51 2587/4889/51 2459/4890/51
f 2441/4891/143 2601/4892/143 2473/4893/143
f 2462/4894/19 2589/4895/19 2461/4896/19
f 2474/4897/1469 2570/4898/1469 2442/4899/1469
f 2464/4900/6 2591/4901/6 2463/4902/6
f 2443/4903/142 2603/4904/142 2475/4905/142
f 2465/4906/81 2594/4907/81 2466/4908/81
f 2476/4909/144 2572/4910/144 2444/4911/144
f 2467/4912/57 2596/4913/57 2468/4914/57
f 2445/4915/1455 2605/4916/1455 2477/4917/1455
f 2469/4918/31 2598/4919/31 2470/4920/31
f 2478/4921/1511 2574/4922/1511 2446/4923/1511
f 2471/4924/21 2600/4925/21 2472/4926/21
f 2447/4927/1458 2607/4928/1458 2479/4929/1458
f 2473/4930/99 2602/4931/99 2474/4932/99
f 2480/4933/1512 2576/4934/1512 2448/4935/1512
f 2475/4936/51 2604/4937/51 2476/4938/51
f 2449/4939/1454 2609/4940/1454 2481/4941/1454
f 2477/4942/19 2606/4943/19 2478/4944/19
f 2482/4945/1513 2578/4946/1513 2450/4947/1513
f 2479/4948/6 2608/4949/6 2480/4950/6
f 2682/4951/120 2842/4952/120 2650/4953/120
f 2663/4954/1 2856/4955/1 2664/4956/1
f 2668/4957/66 2828/4958/66 2636/4959/66
f 2661/4960/1 2854/4961/1 2662/4962/1
f 2649/4963/73 2873/4964/73 2681/4965/73
f 2659/4966/1 2852/4967/1 2660/4968/1
f 2635/4969/114 2859/4970/114 2667/4971/114
f 2657/4972/1 2850/4973/1 2658/4974/1
f 2680/4975/28 2840/4976/28 2648/4977/28
f 2656/4978/40 2847/4979/40 2655/4980/40
f 2666/4981/73 2826/4982/73 2634/4983/73
f 2654/4984/40 2845/4985/40 2653/4986/40
f 2647/4987/78 2871/4988/78 2679/4989/78
f 2652/4990/40 2843/4991/40 2651/4992/40
f 2633/4993/120 2857/4994/120 2665/4995/120
f 2650/4996/40 2841/4997/40 2649/4998/40
f 2949/4999/1 2691/5000/1 2948/5001/1
f 2970/5002/120 2745/5003/120 3322/5004/120
f 3309/5005/114 2700/5006/114 2957/5007/114
f 3316/5008/40 2740/5009/40 3317/5010/40
f 2945/5011/1 2719/5012/1 2976/5013/1
f 2951/5014/1 2693/5015/1 2950/5016/1
f 3323/5017/73 2714/5018/73 2971/5019/73
f 2958/5020/60 2733/5021/60 3310/5022/60
f 3318/5023/40 2742/5024/40 3319/5025/40
f 2953/5026/1 2695/5027/1 2952/5028/1
f 2972/4653/114 2747/5029/114 3324/5030/114
f 3311/5031/109 2702/5032/109 2959/5033/109
f 3320/5034/40 2744/5035/40 3321/5036/40
f 2955/5037/1 2697/5038/1 2954/5039/1
f 2946/5040/96 2721/5041/96 3298/5042/96
f 3297/5043/54 2720/5044/54 2945/5045/54
f 3323/5046/40 2745/5047/40 2746/5048/40
f 2956/5049/1 2700/5050/1 2699/5051/1
f 3325/5052/66 2716/5053/66 2973/5054/66
f 2960/5055/54 2735/5056/54 3312/5057/54
f 3325/5058/40 2747/5059/40 2748/5060/40
f 3298/5061/40 2722/5062/40 3299/5063/40
f 2959/5064/1 2701/5065/1 2958/5066/1
f 3299/5067/48 2690/5068/48 2947/5069/48
f 2974/5070/109 2749/5071/109 3326/5072/109
f 3326/5073/40 2750/5074/40 3327/5075/40
f 3300/5076/40 2724/5077/40 3301/5078/40
f 2961/5079/1 2703/5080/1 2960/5081/1
f 3313/5082/103 2704/5083/103 2961/5084/103
f 2948/4671/90 2723/5085/90 3300/5086/90
f 3297/5087/40 2751/5088/40 2752/5089/40
f 3302/5090/40 2726/5091/40 3303/5092/40
f 2962/5093/1 2706/5094/1 2705/5095/1
f 3327/5096/60 2718/5097/60 2975/5098/60
f 3317/5099/90 2708/5100/90 2965/5101/90
f 2962/5102/48 2737/5103/48 3314/5104/48
f 2964/5105/42 2739/5106/42 3316/5107/42
f 3305/5108/40 2727/5109/40 2728/5110/40
f 2964/5111/1 2708/5112/1 2707/5113/1
f 3301/5114/42 2692/5115/42 2949/762/42
f 2952/5116/78 2727/5117/78 3304/5118/78
f 2976/5119/103 2751/5120/103 3328/5121/103
f 3303/5122/35 2694/5123/35 2951/5124/35
f 3307/5125/40 2729/5126/40 2730/5127/40
f 2967/5128/1 2709/5129/1 2966/5130/1
f 3315/5131/96 2706/5132/96 2963/5133/96
f 2966/5134/35 2741/5135/35 3318/5136/35
f 2950/5137/84 2725/5138/84 3302/5139/84
f 2625/5140/73 2690/5141/73 2626/5142/73
f 2627/5143/66 2692/5115/66 2628/5144/66
f 2630/5145/60 2693/5146/60 2694/5147/60
f 2631/5148/54 2696/5149/54 2632/5150/54
f 2633/5151/48 2698/5152/48 2634/5153/48
f 2635/5154/42 2700/5155/42 2636/4959/42
f 2637/5156/35 2702/5157/35 2638/5158/35
f 2640/5159/28 2703/5160/28 2704/5161/28
f 2642/5162/120 2705/5163/120 2706/5164/120
f 2643/5165/114 2708/5166/114 2644/5167/114
f 2646/5168/109 2709/5169/109 2710/5170/109
f 2647/5171/103 2712/5172/103 2648/5173/103
f 2649/5174/96 2714/5175/96 2650/5176/96
f 2651/5177/90 2716/5178/90 2652/5179/90
f 2653/5180/84 2718/5181/84 2654/5182/84
f 2655/5183/78 2720/5184/78 2656/5185/78
f 2657/5186/73 2722/5187/73 2721/5188/73
f 2660/5189/66 2723/5190/66 2659/5191/66
f 2662/5192/60 2725/5193/60 2661/5194/60
f 2664/5195/54 2727/5196/54 2663/5197/54
f 2666/5198/48 2729/5199/48 2665/5200/48
f 2667/5201/42 2732/5202/42 2731/784/42
f 2670/5203/35 2733/5204/35 2669/5205/35
f 2672/5206/28 2735/5207/28 2671/5208/28
f 2674/5209/120 2737/5210/120 2673/5211/120
f 2675/5212/114 2740/5213/114 2739/5214/114
f 2678/5215/109 2741/5216/109 2677/5217/109
f 2680/5218/103 2743/5219/103 2679/5220/103
f 2681/5221/96 2746/5222/96 2745/5223/96
f 2684/5224/90 2747/5225/90 2683/5226/90
f 2685/5227/84 2750/5228/84 2749/5229/84
f 2688/5230/78 2751/5231/78 2687/5232/78
f 2644/5167/114 2740/5213/114 2676/5233/114
f 2675/5212/114 2707/5234/114 2643/5165/114
f 2631/5148/54 2727/5196/54 2695/5235/54
f 2630/5145/60 2726/5236/60 2662/5192/60
f 2677/5217/109 2709/5169/109 2645/5237/109
f 2664/5195/54 2696/5149/54 2728/5238/54
f 2646/5168/109 2742/5239/109 2678/5215/109
f 2665/5200/48 2697/5240/48 2633/5151/48
f 2647/5171/103 2743/5219/103 2711/5241/103
f 2634/5153/48 2730/5242/48 2666/5198/48
f 2648/5173/103 2744/5243/103 2680/5218/103
f 2667/5201/42 2699/5244/42 2635/5154/42
f 2681/5221/96 2713/5245/96 2649/5174/96
f 2636/4959/42 2732/5202/42 2668/4957/42
f 2650/5176/96 2746/5222/96 2682/5246/96
f 2669/5205/35 2701/5247/35 2637/5156/35
f 2683/5226/90 2715/5248/90 2651/5177/90
f 2638/5158/35 2734/5249/35 2670/5203/35
f 2657/5186/73 2689/5250/73 2625/5140/73
f 2688/5230/78 2720/5184/78 2752/5251/78
f 2652/5179/90 2748/5252/90 2684/5224/90
f 2639/5253/28 2735/5207/28 2703/5160/28
f 2626/5142/73 2722/5187/73 2658/5254/73
f 2685/5227/84 2717/5255/84 2653/5180/84
f 2672/5206/28 2704/5161/28 2736/5256/28
f 2659/5191/66 2691/5257/66 2627/5143/66
f 2654/5182/84 2750/5228/84 2686/5258/84
f 2673/5211/120 2705/5163/120 2641/5259/120
f 2628/5144/66 2724/5260/66 2660/5189/66
f 2655/5183/78 2751/5231/78 2719/5261/78
f 2642/5162/120 2738/5262/120 2674/5209/120
f 2661/5194/60 2693/5146/60 2629/5263/60
f 2777/5264/73 2937/5265/73 2809/5266/73
f 2787/5267/1 2916/5268/1 2788/5269/1
f 2763/5270/114 2923/5271/114 2795/5272/114
f 2786/5273/1 2913/5274/1 2914/5275/1
f 2808/5276/28 2904/5277/28 2776/5278/28
f 2784/5279/40 2911/5280/40 2783/5281/40
f 2794/5282/73 2890/5283/73 2762/5284/73
f 2782/5285/40 2909/5286/40 2781/5287/40
f 2775/5288/78 2935/5289/78 2807/5290/78
f 2779/5291/40 2908/5292/40 2907/5293/40
f 2761/5294/120 2921/5295/120 2793/5296/120
f 2778/5297/40 2905/5298/40 2777/5299/40
f 2806/5300/35 2902/5301/35 2774/5302/35
f 2776/5303/40 2903/5304/40 2775/5305/40
f 2792/5306/78 2888/5307/78 2760/5308/78
f 2757/5309/35 2917/5310/35 2789/5311/35
f 2665/5312/1 2858/5313/1 2666/5314/1
f 2637/5315/109 2861/5316/109 2669/5317/109
f 2667/5318/1 2860/5319/1 2668/5320/1
f 2651/5321/66 2875/5322/66 2683/5323/66
f 2669/5324/1 2862/5325/1 2670/5326/1
f 2670/5327/60 2830/5328/60 2638/5329/60
f 2671/5330/1 2864/5331/1 2672/5332/1
f 2625/5333/48 2849/5334/48 2657/5335/48
f 2674/5336/1 2865/5337/1 2866/5338/1
f 2688/5339/103 2848/5340/103 2656/5341/103
f 2675/5342/1 2868/5343/1 2676/5344/1
f 2684/5345/114 2844/5346/114 2652/5347/114
f 2677/5348/1 2870/5349/1 2678/5350/1
f 2626/5351/40 2817/5352/40 2625/5353/40
f 2639/5354/103 2863/5355/103 2671/5356/103
f 2680/5357/1 2871/5358/1 2872/5359/1
f 2627/5360/40 2820/5361/40 2819/5362/40
f 2658/5363/96 2818/5364/96 2626/5365/96
f 2681/5366/1 2874/5367/1 2682/5368/1
f 2629/5369/40 2822/5370/40 2821/5371/40
f 2653/5372/60 2877/5373/60 2685/5374/60
f 2683/5375/1 2876/5376/1 2684/5377/1
f 2632/5378/40 2823/5379/40 2631/5380/40
f 2672/5381/54 2832/5382/54 2640/5383/54
f 2686/5384/1 2877/5385/1 2878/5386/1
f 2634/5387/40 2825/5388/40 2633/5389/40
f 2627/5143/42 2851/5390/42 2659/5191/42
f 2687/5391/1 2880/5392/1 2688/5393/1
f 2636/5394/40 2827/5395/40 2635/5396/40
f 2686/5397/109 2846/5398/109 2654/5399/109
f 2676/5400/42 2836/5401/42 2644/5402/42
f 2637/5403/40 2830/5404/40 2829/5405/40
f 2641/5406/96 2865/5407/96 2673/5408/96
f 2643/5409/90 2867/5410/90 2675/5411/90
f 2640/5412/40 2831/5413/40 2639/5414/40
f 2660/5415/90 2820/5416/90 2628/5417/90
f 2631/5418/28 2855/5419/28 2663/5420/28
f 2642/5421/40 2833/5422/40 2641/5423/40
f 2655/5424/54 2879/5425/54 2687/5426/54
f 2662/5427/84 2822/5428/84 2630/5429/84
f 2644/5430/40 2835/5431/40 2643/5432/40
f 2674/5433/48 2834/5434/48 2642/5435/48
f 2645/5436/84 2869/5437/84 2677/5438/84
f 2645/5439/40 2838/5440/40 2837/5441/40
f 2629/5442/35 2853/5443/35 2661/5444/35
f 2664/5445/78 2824/5446/78 2632/5447/78
f 2648/5448/40 2839/5449/40 2647/5450/40
f 2678/5451/35 2838/5452/35 2646/5453/35
f 2753/5454/73 2818/5455/73 2754/5456/73
f 2755/5457/66 2820/5458/66 2756/5459/66
f 2758/5460/60 2821/5461/60 2822/5462/60
f 2759/5463/54 2824/5464/54 2760/5465/54
f 2761/5466/48 2826/5467/48 2762/5468/48
f 2764/5469/42 2827/5470/42 2828/4958/42
f 2765/5471/35 2830/5472/35 2766/5473/35
f 2767/5474/28 2832/5475/28 2768/5476/28
f 2769/5477/120 2834/5478/120 2770/5479/120
f 2772/5480/114 2835/5481/114 2836/5482/114
f 2774/5483/109 2837/5484/109 2838/5485/109
f 2775/5486/103 2840/5487/103 2776/5488/103
f 2777/5489/96 2842/5490/96 2778/5491/96
f 2779/5492/90 2844/5493/90 2780/5494/90
f 2781/5495/84 2846/5496/84 2782/5497/84
f 2783/5498/78 2848/5499/78 2784/5500/78
f 2786/5501/73 2849/5502/73 2785/5503/73
f 2788/5504/66 2851/5390/66 2787/5505/66
f 2790/5506/60 2853/5507/60 2789/5508/60
f 2792/5509/54 2855/5510/54 2791/5511/54
f 2794/5512/48 2857/5513/48 2793/5514/48
f 2796/5515/42 2859/5516/42 2795/5517/42
f 2798/5518/35 2861/5519/35 2797/5520/35
f 2799/5521/28 2864/5522/28 2863/5523/28
f 2801/5524/120 2866/5525/120 2865/5526/120
f 2804/5527/114 2867/5528/114 2803/5529/114
f 2806/5530/109 2869/5531/109 2805/5532/109
f 2807/5533/103 2872/5534/103 2871/5535/103
f 2810/5536/96 2873/5537/96 2809/5538/96
f 2812/5539/90 2875/5540/90 2811/5541/90
f 2814/5542/84 2877/5543/84 2813/5544/84
f 2816/5545/78 2879/5546/78 2815/5547/78
f 2772/5480/114 2868/5548/114 2804/5527/114
f 2803/5529/114 2835/5481/114 2771/5549/114
f 2791/5511/54 2823/5550/54 2759/5463/54
f 2758/5460/60 2854/5551/60 2790/5506/60
f 2805/5532/109 2837/5484/109 2773/5552/109
f 2760/5465/54 2856/5553/54 2792/5509/54
f 2774/5483/109 2870/5554/109 2806/5530/109
f 2793/5514/48 2825/5555/48 2761/5466/48
f 2807/5533/103 2839/5556/103 2775/5486/103
f 2762/5468/48 2858/5557/48 2794/5512/48
f 2776/5488/103 2872/5534/103 2808/5558/103
f 2795/5517/42 2827/5470/42 2763/5559/42
f 2809/5538/96 2841/5560/96 2777/5489/96
f 2764/5469/42 2860/5561/42 2796/5515/42
f 2778/5491/96 2874/5562/96 2810/5536/96
f 2797/5520/35 2829/5563/35 2765/5471/35
f 2811/5541/90 2843/5564/90 2779/5492/90
f 2766/5473/35 2862/5565/35 2798/5518/35
f 2785/5503/73 2817/5566/73 2753/5454/73
f 2784/5500/78 2880/5567/78 2816/5545/78
f 2780/5494/90 2876/5568/90 2812/5539/90
f 2799/5521/28 2831/5569/28 2767/5474/28
f 2754/5456/73 2850/5570/73 2786/5501/73
f 2813/5544/84 2845/5571/84 2781/5495/84
f 2768/5476/28 2864/5522/28 2800/5572/28
f 2787/5505/66 2819/5573/66 2755/5457/66
f 2782/5497/84 2878/5574/84 2814/5542/84
f 2801/5524/120 2833/5575/120 2769/5477/120
f 2756/5459/66 2852/5576/66 2788/5504/66
f 2815/5547/78 2847/5577/78 2783/5498/78
f 2770/5479/120 2866/5525/120 2802/5578/120
f 2789/5508/60 2821/5461/60 2757/5579/60
f 2789/5580/1 2918/5581/1 2790/5582/1
f 2796/5515/66 2892/5583/66 2764/5469/66
f 2791/5584/1 2920/5585/1 2792/5586/1
f 2810/5587/120 2906/5588/120 2778/5589/120
f 2794/5590/1 2921/5591/1 2922/5592/1
f 2765/5593/109 2925/5594/109 2797/5595/109
f 2796/5596/1 2923/5597/1 2924/5598/1
f 2779/5599/66 2939/5600/66 2811/5601/66
f 2798/5602/1 2925/5603/1 2926/5604/1
f 2798/5605/60 2894/5606/60 2766/5607/60
f 2799/5608/1 2928/5609/1 2800/5610/1
f 2753/5611/48 2913/5612/48 2785/5613/48
f 2802/5614/1 2929/5615/1 2930/5616/1
f 2816/5617/103 2912/5618/103 2784/5619/103
f 2804/5620/1 2931/5621/1 2932/5622/1
f 2812/5623/114 2908/5624/114 2780/5625/114
f 2805/5626/1 2934/5627/1 2806/5628/1
f 2754/5629/40 2881/5630/40 2753/5631/40
f 2767/5632/103 2927/5633/103 2799/5634/103
f 2807/5635/1 2936/5636/1 2808/5637/1
f 2755/5638/40 2884/5639/40 2883/5640/40
f 2786/5641/96 2882/5642/96 2754/5643/96
f 2810/5644/1 2937/5645/1 2938/5646/1
f 2758/5647/40 2885/5648/40 2757/5649/40
f 2781/5650/60 2941/5651/60 2813/5652/60
f 2811/5653/1 2940/5654/1 2812/5655/1
f 2760/5656/40 2887/5657/40 2759/5658/40
f 2800/5659/54 2896/5660/54 2768/5661/54
f 2814/5662/1 2941/5663/1 2942/5664/1
f 2762/5665/40 2889/5666/40 2761/5667/40
f 2755/5457/42 2915/5668/42 2787/5505/42
f 2815/5669/1 2944/5670/1 2816/5671/1
f 2764/5672/40 2891/5673/40 2763/5674/40
f 2814/5675/109 2910/5676/109 2782/5677/109
f 2804/5678/42 2900/5679/42 2772/5680/42
f 2766/5681/40 2893/5682/40 2765/5683/40
f 2769/5684/96 2929/5685/96 2801/5686/96
f 2771/5687/90 2931/5688/90 2803/5689/90
f 2768/5690/40 2895/5691/40 2767/5692/40
f 2788/5693/90 2884/5694/90 2756/5695/90
f 2759/5696/28 2919/5697/28 2791/5698/28
f 2770/5699/40 2897/5700/40 2769/5701/40
f 2783/5702/54 2943/5703/54 2815/5704/54
f 2790/5705/84 2886/5706/84 2758/5707/84
f 2772/5708/40 2899/5709/40 2771/5710/40
f 2802/5711/48 2898/5712/48 2770/5713/48
f 2773/5714/84 2933/5715/84 2805/5716/84
f 2774/5717/40 2901/5718/40 2773/5719/40
f 257/5720/137 2946/4658/137 258/5721/137
f 259/5722/107 2948/4671/107 260/5723/107
f 261/5724/71 2950/764/71 262/5725/71
f 263/5726/33 2952/735/33 264/5727/33
f 266/5728/101 2953/698/101 2954/700/101
f 268/5729/64 2955/5730/64 2956/783/64
f 269/5731/147 2958/4576/147 270/5732/147
f 271/5733/146 2960/4588/146 272/5734/146
f 273/5735/81 2962/4598/81 274/5736/81
f 275/5737/57 2964/4610/57 276/5738/57
f 277/5739/31 2966/4623/31 278/5740/31
f 279/5741/21 2968/4634/21 280/5742/21
f 281/5743/99 2970/4644/99 282/5744/99
f 284/5745/51 2971/5746/51 2972/4653/51
f 285/5747/19 2974/4669/19 286/5748/19
f 287/5749/6 2976/770/6 288/5750/6
f 322/5751/137 3297/5752/137 321/5753/137
f 324/5754/107 3299/5755/107 323/5756/107
f 326/5757/71 3301/5114/71 325/5758/71
f 328/5759/33 3303/5760/33 327/5761/33
f 330/5762/101 3305/5763/101 329/5764/101
f 332/5765/64 3307/5766/64 331/5767/64
f 334/5768/147 3309/5769/147 333/5770/147
f 336/5771/146 3311/5772/146 335/5773/146
f 338/5774/81 3313/5775/81 337/5776/81
f 340/5777/57 3315/5778/57 339/5779/57
f 342/5780/31 3317/5781/31 341/5782/31
f 343/5783/21 3320/5784/21 3319/5785/21
f 346/5786/99 3321/5787/99 345/5788/99
f 348/5789/51 3323/5790/51 347/5791/51
f 350/5792/19 3325/5793/19 349/5794/19
f 352/5795/6 3327/5796/6 351/5797/6
f 341/5782/31 2965/4621/31 277/5739/31
f 276/5738/57 3316/5798/57 340/5777/57
f 264/5727/33 3304/5799/33 328/5759/33
f 327/5761/33 2951/733/33 263/5726/33
f 278/5740/31 3318/5800/31 342/5780/31
f 329/5764/101 2953/698/101 265/5801/101
f 343/5783/21 2967/4632/21 279/5741/21
f 266/5728/101 3306/5802/101 330/5762/101
f 280/5742/21 3320/5784/21 344/5803/21
f 331/5767/64 2955/5730/64 267/5804/64
f 345/5788/99 2969/4642/99 281/5743/99
f 268/5729/64 3308/785/64 332/5765/64
f 282/5744/99 3322/5805/99 346/5786/99
f 333/5770/147 2957/5806/147 269/5731/147
f 347/5791/51 2971/5746/51 283/5807/51
f 270/5732/147 3310/5808/147 334/5768/147
f 284/5745/51 3324/5030/51 348/5789/51
f 335/5773/146 2959/4586/146 271/5733/146
f 258/5721/137 3298/5809/137 322/5751/137
f 321/5753/137 2945/4656/137 257/5720/137
f 349/5794/19 2973/4667/19 285/5747/19
f 272/5734/146 3312/5810/146 336/5771/146
f 323/5756/107 2947/4670/107 259/5722/107
f 286/5748/19 3326/5811/19 350/5792/19
f 337/5776/81 2961/5812/81 273/5735/81
f 260/5723/107 3300/5086/107 324/5754/107
f 351/5797/6 2975/768/6 287/5749/6
f 274/5736/81 3314/5813/81 338/5774/81
f 325/5758/71 2949/762/71 261/5724/71
f 288/5750/6 3328/5814/6 352/5795/6
f 339/5779/57 2963/5815/57 275/5737/57
f 262/5725/71 3302/5816/71 326/5757/71
f 275/5817/64 3059/5818/64 339/5819/64
f 342/5820/19 3030/5821/19 278/5822/19
f 278/5823/1 3029/5824/1 277/5825/1
f 326/5826/147 3014/5827/147 262/5828/147
f 265/5829/137 3049/5830/137 329/5831/137
f 280/5832/1 3031/5833/1 279/5834/1
f 279/5835/146 3063/5836/146 343/5837/146
f 281/5838/1 3034/5839/1 3033/5840/1
f 330/5841/81 3018/5842/81 266/5843/81
f 284/5844/1 3035/5845/1 283/5846/1
f 344/5847/6 3032/5848/6 280/5849/6
f 285/5850/1 3038/5851/1 3037/5852/1
f 267/5853/107 3051/5854/107 331/5855/107
f 288/5856/1 3039/5857/1 287/5858/1
f 281/5859/81 3065/5860/81 345/5861/81
f 321/5862/40 3042/5863/40 322/5864/40
f 332/5865/57 3020/5866/57 268/5867/57
f 324/5868/40 3043/5869/40 3044/5870/40
f 346/5871/137 3034/5872/137 282/5873/137
f 325/5874/40 3046/5875/40 326/5876/40
f 269/5877/71 3053/5878/71 333/5879/71
f 327/5880/40 3048/5881/40 328/5882/40
f 283/5883/57 3067/5884/57 347/5885/57
f 329/5886/40 3050/5887/40 330/5888/40
f 334/5889/31 3022/5890/31 270/5891/31
f 331/5892/40 3052/5893/40 332/5894/40
f 348/5895/107 3036/5896/107 284/5897/107
f 334/5898/40 3053/5899/40 3054/5900/40
f 271/5901/33 3055/5902/33 335/5903/33
f 335/5904/40 3056/5905/40 336/5906/40
f 322/5907/101 3010/5908/101 258/5909/101
f 337/5910/40 3058/5911/40 338/5912/40
f 257/5913/99 3041/5914/99 321/5915/99
f 339/5916/40 3060/5917/40 340/5918/40
f 285/5919/31 3069/5920/31 349/5921/31
f 342/5922/40 3061/5923/40 3062/5924/40
f 258/5925/1 3009/5926/1 257/5927/1
f 336/5928/21 3024/5929/21 272/5930/21
f 343/5931/40 3064/5932/40 344/5933/40
f 259/5934/1 3012/5935/1 3011/5936/1
f 259/5937/51 3043/5938/51 323/5939/51
f 346/5940/40 3065/5941/40 3066/5942/40
f 262/5943/1 3013/5944/1 261/5945/1
f 350/5946/71 3038/5947/71 286/5948/71
f 347/5949/40 3068/5950/40 348/5951/40
f 264/5952/1 3015/5953/1 263/5954/1
f 273/5955/101 3057/5956/101 337/5957/101
f 349/5958/40 3070/5959/40 350/5960/40
f 194/5961/1513 3073/5962/1513 2018/5963/1513
f 196/5964/1475 3075/5965/1475 2020/5966/1475
f 2022/5967/1474 3078/5968/1474 3077/5969/1474
f 200/5970/1473 3079/5971/1473 2024/5972/1473
f 202/5973/1472 3081/5974/1472 2026/5975/1472
f 204/5976/1460 3083/4504/1460 2028/5977/1460
f 2030/5978/1509 3086/5979/1509 3085/5980/1509
f 208/5981/1463 3087/5982/1463 2032/5983/1463
f 210/5984/141 3089/5985/141 2034/5986/141
f 212/5987/1466 3091/5988/1466 2036/4421/1466
f 214/5989/1457 3093/5990/1457 2038/5991/1457
f 216/5992/1510 3095/5993/1510 2040/5994/1510
f 218/5995/1469 3097/5996/1469 2042/5997/1469
f 2044/5998/144 3100/5999/144 3099/6000/144
f 222/6001/1511 3101/6002/1511 2046/6003/1511
f 224/6004/1512 3103/6005/1512 2048/6006/1512
f 2369/6007/1513 3106/6008/1513 2401/6009/1513
f 2403/6010/1475 3107/6011/1475 3108/6012/1475
f 2373/6013/1474 3110/6014/1474 2405/6015/1474
f 2375/6016/1473 3112/6017/1473 2407/6018/1473
f 2377/6019/1472 3114/6020/1472 2409/6021/1472
f 2379/6022/1460 3116/6023/1460 2411/6024/1460
f 2413/6025/1509 3117/6026/1509 3118/6027/1509
f 2383/6028/1463 3120/6029/1463 2415/6030/1463
f 2385/6031/141 3122/6032/141 2417/6033/141
f 2387/4419/1466 3124/6034/1466 2419/6035/1466
f 2389/6036/1457 3126/6037/1457 2421/6038/1457
f 2391/6039/1510 3128/6040/1510 2423/6041/1510
f 2393/6042/1469 3130/6043/1469 2425/6044/1469
f 2395/6045/144 3132/6046/144 2427/6047/144
f 2429/6048/1511 3133/6049/1511 3134/6050/1511
f 2399/6051/1512 3136/6052/1512 2431/6053/1512
f 2427/6047/144 3100/5999/144 220/6054/144
f 2401/6009/1513 3074/6055/1513 194/5961/1513
f 2030/5978/1509 3117/6026/1509 2381/6056/1509
f 2040/5994/1510 3127/6057/1510 2391/6039/1510
f 2423/6041/1510 3096/6058/1510 216/5992/1510
f 2429/6048/1511 3102/6059/1511 222/6001/1511
f 2403/6010/1475 3076/6060/1475 196/5964/1475
f 2032/5983/1463 3119/6061/1463 2383/6028/1463
f 2042/5997/1469 3129/6062/1469 2393/6042/1469
f 2425/6044/1469 3098/6063/1469 218/5995/1469
f 2431/6053/1512 3104/6064/1512 224/6004/1512
f 2405/6015/1474 3078/5968/1474 198/6065/1474
f 2034/5986/141 3121/6066/141 2385/6031/141
f 2018/5963/1513 3105/6067/1513 2369/6007/1513
f 2044/5998/144 3131/6068/144 2395/6045/144
f 2407/6018/1473 3080/6069/1473 200/5970/1473
f 2036/4421/1466 3123/6070/1466 2387/4419/1466
f 2046/6003/1511 3133/6049/1511 2397/6071/1511
f 2020/5966/1475 3107/6011/1475 2371/6072/1475
f 2409/6021/1472 3082/6073/1472 202/5973/1472
f 2038/5991/1457 3125/6074/1457 2389/6036/1457
f 2048/6006/1512 3135/6075/1512 2399/6051/1512
f 2022/5967/1474 3109/6076/1474 2373/6013/1474
f 2411/6024/1460 3084/6077/1460 204/5976/1460
f 2024/5972/1473 3111/6078/1473 2375/6016/1473
f 2413/6025/1509 3086/5979/1509 206/6079/1509
f 2026/5975/1472 3113/6080/1472 2377/6019/1472
f 2415/6030/1463 3088/6081/1463 208/5981/1463
f 2028/5977/1460 3115/4503/1460 2379/6022/1460
f 2417/6033/141 3090/6082/141 210/5984/141
f 2419/6035/1466 3092/640/1466 212/5987/1466
f 2421/6038/1457 3094/6083/1457 214/5989/1457
f 3163/6084/144 3196/6085/144 3164/6086/144
f 3137/6087/1513 3170/6088/1513 3138/6089/1513
f 3161/6090/1469 3194/6091/1469 3162/6092/1469
f 3159/6093/1510 3192/6094/1510 3160/6095/1510
f 3165/6096/1511 3198/6097/1511 3166/6098/1511
f 3139/6099/1475 3172/6100/1475 3140/6101/1475
f 3167/6102/1512 3200/6103/1512 3168/6104/1512
f 3141/6105/1474 3174/6106/1474 3142/6107/1474
f 3143/6108/1473 3176/6109/1473 3144/6110/1473
f 3145/6111/1472 3178/6112/1472 3146/6113/1472
f 3147/6114/1460 3180/6115/1460 3148/6116/1460
f 3149/6117/1509 3182/6118/1509 3150/6119/1509
f 3151/6120/1463 3184/6121/1463 3152/6122/1463
f 3153/6123/141 3186/6124/141 3154/6125/141
f 3155/4420/1466 3188/6126/1466 3156/6127/1466
f 3157/6128/1457 3190/6129/1457 3158/6130/1457
f 2389/6131/1509 3157/6132/1509 2038/6133/1509
f 2421/6134/1 3189/6135/1 2389/6136/1
f 194/6137/40 3137/6138/40 3138/6139/40
f 2399/6140/1510 3167/6141/1510 2048/6142/1510
f 2391/6143/1 3192/6144/1 3191/6145/1
f 2020/6146/40 3140/6147/40 196/6148/40
f 2373/6149/1511 3141/6150/1511 2022/6151/1511
f 2425/6152/1 3193/6153/1 2393/6154/1
f 198/6155/40 3141/6156/40 3142/6157/40
f 204/5976/1466 3180/6115/1466 2411/6024/1466
f 2395/6158/1 3196/6159/1 3195/6160/1
f 2024/6161/40 3144/6162/40 200/6163/40
f 2375/6164/1512 3143/6165/1512 2024/6166/1512
f 2429/6167/1 3197/6168/1 2397/6169/1
f 202/6170/40 3145/6171/40 3146/6172/40
f 206/6173/1457 3182/6174/1457 2413/6175/1457
f 2399/6176/1 3200/6177/1 3199/6178/1
f 2028/6179/40 3148/6180/40 204/6181/40
f 2377/6182/1513 3145/6183/1513 2026/6184/1513
f 220/6185/1475 3196/6186/1475 2427/6187/1475
f 206/6188/40 3149/6189/40 3150/6190/40
f 208/6191/1510 3184/6192/1510 2415/6193/1510
f 194/6194/1472 3170/6195/1472 2401/6196/1472
f 2032/6197/40 3152/6198/40 208/6199/40
f 2379/6200/1475 3147/6201/1475 2028/6202/1475
f 2381/6203/1474 3149/6204/1474 2030/6205/1474
f 210/6206/40 3153/6207/40 3154/6208/40
f 210/6209/1469 3186/6210/1469 2417/6211/1469
f 2391/6212/1463 3159/6213/1463 2040/6214/1463
f 2036/6215/40 3156/6216/40 212/6217/40
f 212/6218/144 3188/6219/144 2419/6220/144
f 216/6221/1512 3192/6222/1512 2423/6223/1512
f 214/6224/40 3157/6225/40 3158/6226/40
f 214/6227/1511 3190/6228/1511 2421/6229/1511
f 222/6230/1474 3198/6231/1474 2429/6232/1474
f 2040/6233/40 3160/6234/40 216/6235/40
f 196/6236/1460 3172/6237/1460 2403/6238/1460
f 218/6239/40 3161/6240/40 3162/6241/40
f 2383/6242/1473 3151/6243/1473 2032/6244/1473
f 2044/6245/40 3164/6246/40 220/6247/40
f 2393/6248/141 3161/6249/141 2042/6250/141
f 2046/6251/40 3166/6252/40 222/6253/40
f 218/6254/1513 3194/6255/1513 2425/6256/1513
f 2048/6257/40 3168/6258/40 224/6259/40
f 224/6260/1473 3200/6261/1473 2431/6262/1473
f 2401/6263/1 3169/6264/1 2369/6265/1
f 198/6266/1509 3174/6267/1509 2405/6268/1509
f 2371/6269/1 3172/6270/1 3171/6271/1
f 3295/6272/1514 3233/6273/1514 3296/6274/1514
f 3291/6275/1515 3294/371/1515 3292/6276/1515
f 3287/6277/1516 3290/6278/1516 3288/6279/1516
f 3284/6280/1517 3285/6281/1517 3286/6282/1517
f 3279/6283/1518 3282/6284/1518 3280/6285/1518
f 3275/6286/1519 3278/6287/1519 3276/6288/1519
f 3271/6289/1520 3274/6290/1520 3272/6291/1520
f 3268/6292/1521 3269/6293/1521 3270/6294/1521
f 3263/6295/1522 3266/166/1522 3264/6296/1522
f 3259/6297/1523 3262/6298/1523 3260/6299/1523
f 3255/6300/1524 3258/6301/1524 3256/6302/1524
f 3252/6303/1525 3253/6304/1525 3254/283/1525
f 3247/6305/1526 3250/6306/1526 3248/6307/1526
f 3243/6308/1527 3246/6309/1527 3244/6310/1527
f 3239/6311/1528 3242/439/1528 3240/438/1528
f 3236/6312/1529 3237/6313/1529 3238/6314/1529
f 384/165/1530 3263/6295/1530 3264/6296/1530
f 396/6315/1531 3278/6287/1531 397/203/1531
f 357/6316/1532 3237/6317/1532 1606/441/1532
f 1646/217/1533 3275/190/1533 1644/218/1533
f 356/6318/1534 3238/6314/1534 357/6319/1534
f 397/203/1535 3277/6320/1535 1646/201/1535
f 372/6321/1536 3251/6322/1536 3252/6323/1536
f 409/6324/1537 3288/6279/1537 3290/6278/1537
f 1606/441/1538 3235/6325/1538 1604/442/1538
f 1658/96/1539 3287/6326/1539 1656/146/1539
f 412/6327/1540 3291/328/1541 3292/6328/1540
f 368/6329/1542 3250/6306/1542 369/142/1542
f 385/6330/1543 3265/119/1544 1634/286/1544
f 360/6331/1545 3239/351/1545 3240/6332/1545
f 1616/375/1546 3249/6333/1546 3247/6334/1546
f 400/202/1547 3279/6283/1547 3280/6285/1547
f 380/6335/1548 3262/6298/1548 381/6336/1548
f 373/6337/1549 3253/6338/1549 1622/213/1549
f 1630/308/1550 3259/6339/1550 1628/309/1550
f 413/6340/1551 3293/6341/1552 1662/6342/1552
f 388/6343/1553 3267/6344/1553 3268/6345/1553
f 393/6346/1554 3272/6291/1554 3274/6290/1554
f 361/6347/1555 3241/6348/1555 1610/6349/1555
f 1642/241/1556 3271/6350/1556 1640/242/1556
f 401/179/1557 3281/6351/1557 1650/177/1557
f 376/6352/1558 3255/6353/1558 3256/6354/1558
f 404/6355/1559 3286/6282/1559 405/6356/1559
f 1654/169/1560 3283/6357/1560 1652/170/1560
f 416/107/1561 3295/6272/1561 3296/6274/1561
f 364/6358/1562 3246/6309/1562 365/6359/1562
f 389/6360/1563 3269/6361/1563 1638/265/1563
f 364/6362/1564 3243/6363/1564 3244/6364/1564
f 416/107/1565 3233/6273/1565 417/451/1565
f 1614/395/1566 3243/6363/1566 1612/396/1566
f 1664/99/1567 3234/6365/1567 3295/6366/1567
f 404/6367/1568 3283/6368/1568 3284/6369/1568
f 377/6370/1569 3256/6302/1569 3258/6301/1569
f 377/6371/1570 3257/6372/1570 1626/6373/1570
f 1626/330/1571 3255/6353/1571 1624/331/1571
f 392/6374/1572 3271/6350/1572 3272/6375/1572
f 388/6376/1573 3270/6294/1573 389/6377/1573
f 365/6378/1574 3245/6379/1574 1614/6380/1574
f 417/451/1575 3234/6381/1576 1601/449/1576
f 1638/265/1577 3267/6382/1577 1636/266/1577
f 405/6383/1578 3285/6384/1578 1654/169/1578
f 380/6385/1579 3259/6339/1580 3260/6386/1579
f 400/202/1581 3282/6284/1581 401/179/1581
f 1648/194/1582 3281/6387/1582 3279/6388/1582
f 2978/6389/40 3297/5087/40 3298/5061/40
f 2978/6389/40 3299/5063/40 2979/6390/40
f 2979/6390/40 3300/5076/40 2980/6391/40
f 2980/6391/40 3301/5078/40 2981/6392/40
f 2982/6393/40 3301/5078/40 3302/5090/40
f 2982/6393/40 3303/5092/40 2983/6394/40
f 2983/6394/40 3304/6395/40 2984/6396/40
f 2984/6396/40 3305/5108/40 2985/6397/40
f 2985/6397/40 3306/6398/40 2986/6399/40
f 2986/6399/40 3307/5125/40 2987/6400/40
f 2988/6401/40 3307/5125/40 3308/858/40
f 2989/6402/40 3308/858/40 3309/860/40
f 2989/6402/40 3310/6403/40 2990/6404/40
f 2990/6404/40 3311/834/40 2991/6405/40
f 2991/6405/40 3312/807/40 2992/6406/40
f 2993/6407/40 3312/807/40 3313/809/40
f 2993/6407/40 3314/780/40 2994/6408/40
f 2995/6409/40 3314/780/40 3315/782/40
f 2995/6409/40 3316/5008/40 2996/6410/40
f 2996/6410/40 3317/5010/40 2997/6411/40
f 2997/6411/40 3318/5023/40 2998/6412/40
f 2998/6412/40 3319/5025/40 2999/6413/40
f 3000/6414/40 3319/5025/40 3320/5034/40
f 3000/6414/40 3321/5036/40 3001/6415/40
f 3002/6416/40 3321/5036/40 3322/6417/40
f 3002/6416/40 3323/5046/40 3003/6418/40
f 3004/6419/40 3323/5046/40 3324/6420/40
f 3005/6421/40 3324/6420/40 3325/5058/40
f 3006/6422/40 3325/5058/40 3326/5073/40
f 3006/6422/40 3327/5075/40 3007/6423/40
f 3008/6424/40 3327/5075/40 3328/6425/40
f 3008/6424/40 3297/5087/40 2977/6426/40
f 4518/7371/1727 4549/7372/1727 4550/7373/1727
f 4493/7374/1728 4528/7375/1728 4496/7376/1728
f 4514/7377/1729 4545/7378/1729 4546/7379/1729
f 4489/7380/1730 4524/7381/1730 4492/7382/1730
f 4507/7383/1731 4542/7384/1731 4510/7385/1731
f 4503/7386/1732 4538/7387/1732 4506/7388/1732
f 4499/7389/1733 4534/7390/1733 4502/7391/1733
f 4517/7392/1734 4552/7393/1734 4520/7394/1734
f 4495/7395/1735 4530/7396/1735 4498/7397/1735
f 4516/7398/1736 4547/7399/1736 4548/7400/1736
f 4491/7401/1737 4526/7402/1737 4494/7403/1737
f 4509/7404/1738 4544/7405/1738 4512/7406/1738
f 4519/7407/1739 4521/7408/1739 4490/7409/1739
f 4505/7410/1740 4540/7411/1740 4508/7412/1740
f 4501/7413/1741 4536/7414/1741 4504/7415/1741
f 4497/7416/1742 4532/7417/1742 4500/7418/1742
f 4457/7419/1726 4489/7380/1726 4490/7409/1726
f 4462/7420/1725 4492/7382/1725 4459/7421/1725
f 4464/7422/1711 4494/7403/1711 4461/7423/1711
f 4466/7424/1712 4496/7376/1712 4463/7425/1712
f 4465/7426/1713 4497/7416/1713 4498/7397/1713
f 4470/7427/1714 4500/7418/1714 4467/7428/1714
f 4469/7429/1715 4501/7413/1715 4502/7391/1715
f 4474/7430/1716 4504/7415/1716 4471/7431/1716
f 4473/7432/1717 4505/7410/1717 4506/7388/1717
f 4478/7433/1718 4508/7412/1718 4475/7434/1718
f 4480/7435/1719 4510/7385/1719 4477/7436/1719
f 4482/7437/1720 4512/7406/1720 4479/7438/1720
f 4484/7439/1721 4514/7377/1721 4481/7440/1721
f 4486/7441/1722 4516/7398/1722 4483/7442/1722
f 4485/7443/1723 4517/7392/1723 4518/7371/1723
f 4458/7444/1724 4520/7394/1724 4487/7445/1724
f 4427/7446/1726 4521/7408/1726 4523/7447/1726
f 4428/7448/1725 4525/7449/1725 4429/7450/1725
f 4430/7451/1711 4527/7452/1711 4431/7453/1711
f 4432/7454/1712 4529/7455/1712 4433/7456/1712
f 4435/7457/1713 4530/7396/1713 4531/7458/1713
f 4437/7459/1714 4532/7417/1714 4533/7460/1714
f 4438/7461/1715 4535/7462/1715 4439/7463/1715
f 4441/7464/1716 4536/7414/1716 4537/7465/1716
f 4443/7466/1717 4538/7387/1717 4539/7467/1717
f 4444/7468/1718 4541/7469/1718 4445/7470/1718
f 4447/7471/1719 4542/7384/1719 4543/7472/1719
f 4448/7473/1720 4545/7378/1720 4449/7474/1720
f 4451/7475/1721 4546/7379/1721 4547/7399/1721
f 4452/7476/1722 4549/7372/1722 4453/7477/1722
f 4454/7478/1723 4551/7479/1723 4455/7480/1723
f 4456/7481/1724 4522/7482/1724 4426/7483/1724
f 4486/7441/1722 4549/7372/1722 4515/7484/1722
f 4485/7443/1723 4550/7373/1723 4454/7478/1723
f 4464/7422/1711 4527/7452/1711 4493/7374/1711
f 4463/7425/1712 4528/7375/1712 4432/7454/1712
f 4471/7431/1716 4536/7414/1716 4440/7485/1716
f 4474/7430/1716 4537/7465/1716 4503/7386/1716
f 4482/7437/1720 4545/7378/1720 4511/7486/1720
f 4481/7440/1721 4546/7379/1721 4450/7487/1721
f 4460/7488/1726 4523/7447/1726 4489/7380/1726
f 4459/7421/1725 4524/7381/1725 4428/7448/1725
f 4467/7428/1714 4532/7417/1714 4436/7489/1714
f 4470/7427/1714 4533/7460/1714 4499/7389/1714
f 4478/7433/1718 4541/7469/1718 4507/7383/1718
f 4477/7436/1719 4542/7384/1719 4446/7490/1719
f 4488/7491/1723 4551/7479/1723 4517/7392/1723
f 4466/7424/1712 4529/7455/1712 4495/7395/1712
f 4473/7432/1717 4538/7387/1717 4442/7492/1717
f 4484/7439/1721 4547/7399/1721 4513/7493/1721
f 4462/7420/1725 4525/7449/1725 4491/7401/1725
f 4469/7429/1715 4534/7390/1715 4438/7461/1715
f 4480/7435/1719 4543/7472/1719 4509/7404/1719
f 4487/7445/1724 4552/7393/1724 4456/7481/1724
f 4465/7426/1713 4530/7396/1713 4434/7494/1713
f 4476/7495/1717 4539/7467/1717 4505/7410/1717
f 4483/7442/1722 4548/7400/1722 4452/7476/1722
f 4461/7423/1711 4526/7402/1711 4430/7451/1711
f 4472/7496/1715 4535/7462/1715 4501/7413/1715
f 4479/7438/1720 4544/7405/1720 4448/7473/1720
f 4458/7444/1724 4522/7482/1724 4519/7407/1724
f 4457/7419/1726 4521/7408/1726 4425/7497/1726
f 4468/7498/1713 4531/7458/1713 4497/7416/1713
f 4475/7434/1718 4540/7411/1718 4444/7468/1718
f 4636/7499/1743 4521/7408/1743 4522/7482/1743
f 4635/7500/1744 4523/7447/1744 4521/7408/1744
f 4637/7501/1745 4523/7447/1745 4638/7502/1745
f 4637/7501/1746 4525/7449/1746 4524/7381/1746
f 4639/7503/1747 4525/7449/1747 4640/7504/1747
f 4639/7503/1748 4527/7452/1748 4526/7402/1748
f 4642/7505/1749 4528/7375/1749 4527/7452/1749
f 4644/7506/1750 4528/7375/1750 4641/7507/1750
f 4644/7506/1751 4530/7396/1751 4529/7455/1751
f 4646/7508/1752 4530/7396/1752 4643/7509/1752
f 4645/7510/1753 4531/7458/1753 4646/7508/1753
f 4648/7511/1754 4532/7417/1754 4645/7510/1754
f 4647/7512/1755 4533/7460/1755 4648/7511/1755
f 4650/7513/1756 4534/7390/1756 4647/7512/1756
f 4649/7514/1757 4535/7462/1757 4650/7513/1757
f 4652/7515/1758 4536/7414/1758 4649/7514/1758
f 4652/7515/1759 4538/7387/1759 4537/7465/1759
f 4651/7516/1760 4539/7467/1760 4538/7387/1760
f 4653/7517/1761 4539/7467/1761 4654/7518/1761
f 4653/7517/1762 4541/7469/1762 4540/7411/1762
f 4655/7519/1763 4541/7469/1763 4656/7520/1763
f 4658/7521/1764 4542/7384/1764 4655/7519/1764
f 4657/7522/1765 4543/7472/1765 4658/7521/1765
f 4660/7523/1766 4544/7405/1766 4657/7522/1766
f 4660/7523/1767 4546/7379/1767 4545/7378/1767
f 4662/7524/1768 4546/7379/1768 4659/7525/1768
f 4661/7526/1769 4547/7399/1769 4662/7524/1769
f 4664/7527/1770 4548/7400/1770 4661/7526/1770
f 4664/7527/1771 4550/7373/1771 4549/7372/1771
f 4666/7528/1772 4550/7373/1772 4663/7529/1772
f 4665/7530/1773 4551/7479/1773 4666/7528/1773
f 4636/7499/1774 4552/7393/1774 4665/7530/1774
f 4653/7539/114 4668/7540/114 4656/7541/114
f 4651/7547/120 4670/7548/120 4654/7549/120
f 4649/7561/28 4672/7562/28 4652/7563/28
f 4647/7574/35 4674/7575/35 4650/7576/35
f 4625/7583/1791 4736/7584/1791 4756/7585/1791
f 4645/7586/42 4676/7587/42 4648/7588/42
f 4643/7594/48 4678/7595/48 4646/7596/48
f 4634/7598/1463 4819/7599/1463 4697/7600/1463
f 4628/7604/1472 4807/7605/1472 4691/7606/1472
f 4610/7643/1510 4771/7644/1510 4686/7645/1510
f 4597/7656/1 4699/7657/1 4700/7658/1
f 4596/7667/1 4702/7668/1 4595/7669/1
f 4635/7672/73 4683/7673/73 4638/7674/73
f 4594/7677/1 4704/7678/1 4593/7679/1
f 4663/7681/84 4698/7682/84 4666/7683/84
f 4637/7684/66 4685/7685/66 4640/7686/66
f 4591/7690/1 4705/7691/1 4706/7692/1
f 4665/7696/78 4681/7697/78 4636/7698/78
f 4639/7699/60 4687/7700/60 4642/7701/60
f 4641/7704/54 4688/7705/54 4644/7706/54
f 4554/7712/137 4635/7713/137 4636/7714/137
f 4556/7715/107 4638/7716/107 4555/7717/107
f 4558/7718/71 4640/7686/71 4557/7719/71
f 4560/7720/33 4642/7701/33 4559/7721/33
f 4561/7722/101 4643/7594/101 4644/7723/101
f 4564/7724/64 4646/7725/64 4563/7726/64
f 4566/7727/147 4648/7588/147 4565/7728/147
f 4567/7729/146 4649/7730/146 4650/7576/146
f 4569/7731/81 4651/7732/81 4652/7733/81
f 4572/7734/57 4654/7735/57 4571/7736/57
f 4574/7737/19 4664/7738/19 4573/7739/19
f 4575/7740/6 4665/7741/6 4666/7742/6
f 4571/7736/57 4670/7743/57 4595/7744/57
f 4567/7729/146 4674/7575/146 4591/7745/146
f 4565/7728/147 4676/7587/147 4589/7746/147
f 4588/7747/64 4645/7586/64 4564/7724/64
f 4563/7726/64 4678/7748/64 4587/7749/64
f 4586/7750/101 4643/7594/101 4562/7751/101
f 4578/7752/137 4680/7753/137 4577/7754/137
f 4580/7755/107 4683/7756/107 4682/7757/107
f 4581/7758/71 4684/7759/71 4582/7760/71
f 4583/7761/33 4686/7762/33 4584/7763/33
f 4585/7764/101 4679/7765/101 4586/7750/101
f 4588/7747/64 4678/7748/64 4677/7766/64
f 4589/7746/147 4675/7767/147 4590/7768/147
f 4591/7745/146 4673/7769/146 4592/7770/146
f 4593/7771/81 4671/7772/81 4594/7773/81
f 4596/7774/57 4670/7743/57 4669/7775/57
f 4599/7776/19 4695/7777/19 4600/7778/19
f 4601/7779/6 4697/7780/6 4602/7781/6
f 4557/7719/71 4685/7685/71 4581/7758/71
f 4582/7760/71 4639/7699/71 4558/7718/71
f 4559/7721/33 4687/7700/33 4583/7761/33
f 4600/7782/1 4722/7783/1 4599/7784/1
f 4601/7785/1 4723/7786/1 4724/7787/1
f 4577/7788/1 4713/7789/1 4578/7790/1
f 4579/7791/1 4714/7792/1 4715/7793/1
f 4581/7794/1 4716/7795/1 4717/7796/1
f 4584/7797/1 4719/7798/1 4583/7799/1
f 4586/7800/1 4720/7801/1 4585/7802/1
f 4588/7803/1 4710/7804/1 4587/7805/1
f 4589/7806/1 4707/7807/1 4708/7808/1
f 4629/7844/1820 4738/7845/1820 4749/7846/1820
f 4633/7859/1825 4740/7860/1825 4745/7861/1825
f 4605/7890/1837 4726/7891/1837 4747/7892/1837
f 4678/7902/142 4837/7903/142 4613/7904/142
f 4676/7905/1455 4841/7906/1455 4615/7907/1455
f 4674/7908/1458 4845/7909/1458 4617/7910/1458
f 4670/7911/1456 4853/7912/1456 4621/7913/1456
f 4690/7914/1461 4861/7915/1461 4625/7916/1461
f 4603/7923/141 4759/7924/141 4680/7925/141
f 4632/7932/1509 4815/7933/1509 4695/7934/1509
f 4606/7935/1466 4763/7936/1466 4682/7937/1466
f 4608/7950/1457 4767/7951/1457 4684/7952/1457
f 4759/7992/1841 4757/7993/1841 4758/7994/1841
f 4763/7995/1842 4761/7996/1842 4762/7997/1842
f 4767/7998/1843 4765/7999/1843 4766/8000/1843
f 4771/8001/1844 4769/8002/1844 4770/8003/1844
f 4774/8004/1845 4776/8005/1845 4773/8006/1845
f 4779/8007/1846 4777/8008/1846 4778/8009/1846
f 4783/8010/1847 4781/8011/1847 4782/8012/1847
f 4787/8013/1848 4785/8014/1848 4786/8015/1848
f 4791/8016/1849 4789/8017/1849 4790/8018/1849
f 4795/8019/1850 4793/8020/1850 4794/8021/1850
f 4799/8022/1851 4797/8023/1851 4798/8024/1851
f 4803/8025/1852 4801/8026/1852 4802/8027/1852
f 4807/8028/1853 4805/8029/1853 4806/8030/1853
f 4811/8031/1854 4809/8032/1854 4810/8033/1854
f 4815/8034/1855 4813/8035/1855 4814/8036/1855
f 4819/8037/1856 4817/8038/1856 4818/8039/1856
f 5673/8148/1890 5630/8149/1890 5661/8150/1890
f 4920/8151/1891 4999/8152/1891 4951/8153/1891
f 4943/8154/1892 5324/8155/1892 4942/8156/1892
f 4917/8157/1893 5173/8158/1894 5180/8159/1893
f 4917/8160/1895 4987/8161/1895 4949/8162/1895
f 4941/8163/1896 5312/8164/1896 4940/8165/1896
f 4938/8166/1897 5107/8167/1897 4969/8168/1897
f 4939/8169/1898 5300/8170/1898 4938/8171/1898
f 4963/8172/1899 5066/8173/1899 4966/8174/1899
f 4937/8175/1900 5288/8176/1900 4936/8177/1900
f 4951/8178/1901 4994/8179/1901 4954/8180/1901
f 4934/8181/1902 5269/8182/1903 5276/8183/1902
f 4942/8156/1904 5131/8184/1904 4973/8185/1904
f 4933/8186/1905 5264/8187/1905 4932/8188/1905
f 4967/8189/1906 5090/8190/1906 4970/8191/1906
f 4931/8192/1907 5252/8193/1907 4930/8194/1907
f 4924/8195/1908 5023/8196/1908 4955/8197/1908
f 4933/8198/1909 5066/8199/1909 5257/8200/1909
f 4929/8201/1910 5042/8202/1910 5233/8203/1910
f 4947/8204/1911 5150/8205/1911 5341/8206/1911
f 4925/8207/1912 5018/8208/1912 5209/8209/1912
f 4943/8210/1913 5126/8211/1913 5317/8212/1913
f 4921/8213/1914 4994/8214/1914 5185/8215/1914
f 4939/8216/1915 5102/8217/1916 5293/8218/1915
f 4935/8219/1917 5078/8220/1917 5269/8182/1917
f 4931/8221/1918 5054/8222/1919 5245/8223/1918
f 4918/8224/1920 5162/8225/1920 5353/8226/1920
f 4927/8227/1921 5030/8228/1921 5221/8229/1921
f 4945/8230/1922 5138/8231/1922 5329/8232/1922
f 4923/8233/1923 5006/8234/1923 5197/8235/1923
f 4941/8236/1924 5114/8237/1924 5305/8238/1924
f 4919/8239/1925 4982/8240/1925 5173/8241/1925
f 4937/8242/1926 5090/8243/1926 5281/8244/1926
f 4959/8245/1927 5042/8246/1927 4962/8247/1927
f 4944/8248/1928 5329/8249/1929 5336/8250/1928
f 4934/8251/1930 5083/8252/1930 4965/8253/1930
f 4947/8254/1931 5348/8255/1931 4946/8256/1931
f 4918/8257/1932 5360/8258/1932 4948/8259/1932
f 4944/8260/1933 5143/8261/1933 4975/8262/1933
f 4979/8263/1934 5162/8264/1934 4950/8265/1934
f 4922/8266/1935 5011/8267/1935 4953/8268/1935
f 4957/8269/1936 5030/8270/1936 4960/8271/1936
f 4965/8272/1937 5078/8273/1937 4968/8274/1937
f 4932/8275/1938 5071/8276/1938 4963/8277/1938
f 4977/8278/1939 5150/8279/1939 4980/8280/1939
f 4940/8281/1940 5119/8282/1940 4971/8283/1940
f 4955/8284/1941 5018/8285/1941 4958/8286/1941
f 4975/8287/1942 5138/8288/1942 4978/8289/1942
f 4930/8290/1943 5059/8291/1943 4961/8292/1943
f 4949/8293/1944 4982/8294/1944 4952/8295/1944
f 4973/8296/1945 5126/8297/1945 4976/8298/1945
f 4953/8299/1946 5006/8300/1946 4956/8301/1946
f 4948/8302/1947 5167/8303/1947 4979/8304/1947
f 4961/8305/1948 5054/8306/1948 4964/8307/1948
f 4921/8308/1949 5192/8309/1949 4920/8310/1949
f 4928/8311/1950 5047/8312/1950 4959/8313/1950
f 4926/8314/1951 5035/8315/1951 4957/8316/1951
f 4923/8317/1952 5204/8318/1952 4922/8319/1952
f 4936/8320/1953 5095/8321/1953 4967/8322/1953
f 4969/8323/1954 5102/8324/1954 4972/8325/1954
f 4925/8326/1955 5216/8327/1955 4924/8328/1955
f 4971/8329/1956 5114/8330/1956 4974/8331/1956
f 4926/8332/1957 5221/8229/1957 5228/8333/1957
f 4946/8334/1958 5155/8335/1958 4977/8336/1958
f 4928/8337/1959 5233/8338/1959 5240/8339/1959
f 4987/8340/1960 4986/8341/1961 4982/8294/1961
f 4986/8341/1962 4990/8342/1962 4985/8343/1962
f 4990/8342/1963 4984/8344/1963 4985/8343/1963
f 4991/8345/1964 4983/8346/1964 4984/8347/1964
f 4992/8348/1965 4981/8349/1965 4983/8346/1965
f 4994/8179/1966 5001/8350/1967 4998/8351/1966
f 5001/8352/1968 4997/8353/1968 4998/8354/1968
f 5002/8355/1969 4996/8356/1969 4997/8353/1969
f 4996/8357/1970 5004/8358/1970 4995/8359/1970
f 5004/8358/1971 4993/8360/1971 4995/8359/1971
f 5006/8300/1972 5013/8361/1972 5010/8362/1972
f 5013/8363/1973 5009/8364/1973 5010/8365/1973
f 5014/8366/1974 5008/8367/1975 5009/8364/1975
f 5015/8368/1976 5007/8369/1976 5008/8370/1976
f 5007/8369/1977 5012/8371/1977 5005/8372/1977
f 5023/8373/1978 5022/8374/1979 5018/8285/1979
f 5022/8375/1980 5026/8376/1980 5021/8377/1980
f 5021/8377/1981 5027/8378/1981 5020/8379/1981
f 5027/8380/1982 5019/8381/1982 5020/8382/1982
f 5019/8381/1983 5024/8383/1984 5017/8384/1983
f 5035/8385/1985 5034/8386/1985 5030/8270/1985
f 5034/8387/1986 5038/8388/1986 5033/8389/1986
f 5038/8388/1987 5032/8390/1988 5033/8389/1988
f 5039/8391/1989 5031/8392/1990 5032/8393/1990
f 5040/8394/1991 5029/8395/1991 5031/8392/1991
f 5042/8246/1992 5049/8396/1993 5046/8397/1992
f 5049/8398/1994 5045/8399/1994 5046/8400/1994
f 5050/8401/1995 5044/8402/1996 5045/8399/1996
f 5044/8402/1997 5052/8403/1997 5043/8404/1997
f 5052/8405/1998 5041/8406/1998 5043/8407/1998
f 5059/8408/1999 5058/8409/1999 5054/8306/1999
f 5058/8410/2000 5062/8411/2000 5057/8412/2000
f 5062/8411/2001 5056/8413/2001 5057/8412/2001
f 5056/8413/2002 5064/8414/2002 5055/8415/2002
f 5064/8416/2003 5053/8417/2003 5055/8418/2003
f 5071/8419/2004 5070/8420/2005 5066/8173/2005
f 5073/8421/2006 5069/8422/2006 5070/8420/2006
f 5069/8422/2007 5075/8423/2008 5068/8424/2007
f 5075/8423/2009 5067/8425/2009 5068/8424/2009
f 5067/8426/2010 5072/8427/2011 5065/8428/2010
f 5083/8429/2012 5082/8430/2013 5078/8273/2013
f 5082/8431/2014 5086/8432/2014 5081/8433/2014
f 5086/8434/2015 5080/8435/2015 5081/8436/2015
f 5087/8437/2016 5079/8438/2016 5080/8435/2016
f 5088/8439/2017 5077/8440/2017 5079/8441/2017
f 5090/8190/2018 5097/8442/2019 5094/8443/2018
f 5097/8442/2020 5093/8444/2020 5094/8443/2020
f 5098/8445/2021 5092/8446/2022 5093/8444/2022
f 5099/8447/2023 5091/8448/2023 5092/8446/2023
f 5091/8448/2024 5096/8449/2025 5089/8450/2024
f 5107/8451/2026 5106/8452/2026 5102/8324/2026
f 5106/8452/2027 5110/8453/2027 5105/8454/2027
f 5110/8453/2028 5104/8455/2029 5105/8454/2029
f 5104/8455/2030 5112/8456/2030 5103/8457/2030
f 5112/8456/2031 5101/8458/2031 5103/8457/2031
f 5119/8459/2032 5118/8460/2032 5114/8461/2032
f 5118/8460/2033 5122/8462/2033 5117/8463/2033
f 5117/8463/2034 5123/8464/2034 5116/8465/2034
f 5123/8464/2035 5115/8466/2035 5116/8465/2035
f 5115/8466/2036 5120/8467/2037 5113/8468/2036
f 5131/8469/2038 5130/8470/2038 5126/8471/2038
f 5133/8472/2039 5129/8473/2039 5130/8470/2039
f 5134/8474/2040 5128/8475/2040 5129/8473/2040
f 5135/8476/2041 5127/8477/2042 5128/8475/2042
f 5127/8478/2043 5132/8479/2043 5125/8480/2043
f 5138/8288/2044 5145/8481/2045 5142/8482/2044
f 5145/8481/2046 5141/8483/2046 5142/8482/2046
f 5146/8484/2047 5140/8485/2048 5141/8483/2048
f 5147/8486/2049 5139/8487/2049 5140/8485/2049
f 5139/8488/2050 5144/8489/2050 5137/8490/2050
f 5155/8491/2051 5154/8492/2051 5150/8279/2051
f 5154/8492/2052 5158/8493/2052 5153/8494/2052
f 5158/8493/2053 5152/8495/2053 5153/8494/2053
f 5152/8495/2054 5160/8496/2054 5151/8497/2054
f 5160/8498/2055 5149/8499/2055 5151/8500/2055
f 5167/8501/2056 5166/8502/2057 5162/8264/2057
f 5166/8502/2058 5170/8503/2058 5165/8504/2058
f 5165/8504/2059 5171/8505/2060 5164/8506/2059
f 5171/8505/2061 5163/8507/2061 5164/8506/2061
f 5163/8508/2062 5168/8509/2063 5161/8510/2062
f 5179/8511/2064 5178/8512/2064 5174/8513/2064
f 5181/8514/2065 5177/8515/2065 5178/8512/2065
f 5182/8516/2066 5176/8517/2066 5177/8515/2066
f 5183/8518/2067 5175/8519/2067 5176/8520/2067
f 5175/8519/2068 5180/8521/2068 5173/8522/2068
f 5191/8523/2069 5190/8524/2069 5186/8525/2069
f 5190/8524/2070 5194/8526/2070 5189/8527/2070
f 5189/8527/2071 5195/8528/2071 5188/8529/2071
f 5188/8530/2072 5196/8531/2072 5187/8532/2072
f 5196/8531/2073 5185/8533/2073 5187/8532/2073
f 5203/8534/2074 5202/8535/2074 5198/8536/2074
f 5205/8537/2075 5201/8538/2075 5202/8535/2075
f 5201/8538/2076 5207/8539/2076 5200/8540/2076
f 5200/8541/2077 5208/8542/2077 5199/8543/2077
f 5199/8543/2078 5204/8318/2078 5197/8544/2078
f 5215/8545/2079 5214/8546/2079 5210/8547/2079
f 5217/8548/2080 5213/8549/2080 5214/8546/2080
f 5218/8550/2081 5212/8551/2081 5213/8549/2081
f 5212/8552/2082 5220/8553/2082 5211/8554/2082
f 5220/8553/2083 5209/8555/2083 5211/8554/2083
f 5227/8556/2084 5226/8557/2084 5222/8558/2084
f 5226/8557/2085 5230/8559/2085 5225/8560/2085
f 5230/8559/2086 5224/8561/2086 5225/8560/2086
f 5231/8562/2087 5223/8563/2087 5224/8564/2087
f 5223/8563/2088 5228/8333/2088 5221/8229/2088
f 5234/8565/2089 5241/8566/2089 5238/8567/2089
f 5241/8566/2090 5237/8568/2090 5238/8567/2090
f 5237/8568/2091 5243/8569/2091 5236/8570/2091
f 5243/8571/2092 5235/8572/2092 5236/8573/2092
f 5244/8574/2093 5233/8338/2093 5235/8572/2093
f 5251/8575/2094 5250/8576/2094 5246/8577/2094
f 5253/8578/2095 5249/8579/2096 5250/8576/2096
f 5249/8579/2097 5255/8580/2097 5248/8581/2097
f 5255/8582/2098 5247/8583/2098 5248/8584/2098
f 5247/8583/2099 5252/8193/2099 5245/8585/2099
f 5263/8586/2100 5262/8587/2100 5258/8588/2100
f 5265/8589/2101 5261/8590/2101 5262/8587/2101
f 5266/8591/2102 5260/8592/2102 5261/8590/2102
f 5260/8593/2103 5268/8594/2103 5259/8595/2103
f 5268/8594/2104 5257/8596/2104 5259/8595/2104
f 5275/8597/2105 5274/8598/2105 5270/8599/2105
f 5277/8600/2106 5273/8601/2106 5274/8598/2106
f 5278/8602/2107 5272/8603/2107 5273/8601/2107
f 5279/8604/2108 5271/8605/2108 5272/8603/2108
f 5271/8606/2109 5276/8183/2109 5269/8182/2109
f 5287/8607/2110 5286/8608/2110 5282/8609/2110
f 5286/8608/2111 5290/8610/2111 5285/8611/2111
f 5285/8611/2112 5291/8612/2112 5284/8613/2112
f 5284/8613/2113 5292/8614/2113 5283/8615/2113
f 5292/8616/2114 5281/8617/2114 5283/8618/2114
f 5299/8619/2115 5298/8620/2115 5294/8621/2115
f 5301/8622/2116 5297/8623/2116 5298/8620/2116
f 5302/8624/2117 5296/8625/2118 5297/8623/2118
f 5303/8626/2119 5295/8627/2119 5296/8625/2119
f 5295/8628/2120 5300/8170/2120 5293/8629/2120
f 5311/8630/2121 5310/8631/2121 5306/8632/2121
f 5313/8633/2122 5309/8634/2122 5310/8631/2122
f 5309/8634/2123 5315/8635/2123 5308/8636/2123
f 5308/8636/2124 5316/8637/2124 5307/8638/2124
f 5316/8639/2125 5305/8640/2125 5307/8641/2125
f 5323/8642/2126 5322/8643/2126 5318/8644/2126
f 5322/8643/2127 5326/8645/2127 5321/8646/2127
f 5326/8645/2128 5320/8647/2128 5321/8646/2128
f 5327/8648/2129 5319/8649/2129 5320/8647/2129
f 5319/8650/2130 5324/8155/2130 5317/8651/2130
f 5335/8652/2131 5334/8653/2131 5330/8654/2131
f 5337/8655/2132 5333/8656/2132 5334/8653/2132
f 5333/8656/2133 5339/8657/2133 5332/8658/2133
f 5339/8657/2134 5331/8659/2134 5332/8658/2134
f 5331/8660/2135 5336/8250/2135 5329/8249/2135
f 5347/8661/2136 5346/8662/2136 5342/8663/2136
f 5349/8664/2137 5345/8665/2138 5346/8662/2138
f 5345/8665/2139 5351/8666/2139 5344/8667/2139
f 5351/8668/2140 5343/8669/2140 5344/8670/2140
f 5343/8669/2141 5348/8255/2141 5341/8671/2141
f 5359/8672/2142 5358/8673/2142 5354/8674/2142
f 5361/8675/2143 5357/8676/2143 5358/8673/2143
f 5357/8676/2144 5363/8677/2144 5356/8678/2144
f 5356/8679/2145 5364/8680/2145 5355/8681/2145
f 5364/8680/2146 5353/8682/2146 5355/8681/2146
f 5137/8490/2147 5334/8653/2147 5139/8488/2147
f 5139/8488/2148 5333/8656/2149 5140/8683/2148
f 5140/8683/2150 5332/8658/2151 5141/8684/2150
f 5141/8685/2152 5331/8686/2152 5142/8687/2152
f 5142/8687/2153 5329/8232/2153 5138/8231/2153
f 5156/8688/2154 5349/8664/2154 5347/8661/2154
f 5160/8498/2155 5350/8689/2156 5349/8664/2156
f 5159/8690/2157 5351/8691/2157 5350/8692/2157
f 5158/8693/2158 5352/8694/2158 5351/8691/2158
f 5157/8695/2159 5348/8696/2159 5352/8694/2159
f 5005/8372/2160 5202/8535/2160 5007/8369/2160
f 5007/8369/2161 5201/8538/2161 5008/8370/2161
f 5008/8697/2162 5200/8698/2162 5009/8699/2162
f 5009/8699/2163 5199/8700/2163 5010/8701/2163
f 5010/8701/2164 5197/8235/2165 5006/8234/2164
f 5024/8383/2166 5217/8548/2166 5215/8545/2166
f 5028/8702/2167 5218/8550/2167 5217/8548/2167
f 5027/8380/2168 5219/8703/2168 5218/8550/2168
f 5026/8704/2169 5220/8705/2169 5219/8706/2169
f 5025/8707/2170 5216/8708/2170 5220/8705/2170
f 5264/8709/2171 5073/8710/2171 5071/8276/2171
f 5268/8711/2172 5074/8712/2172 5073/8713/2172
f 5267/8714/2173 5075/8715/2173 5074/8716/2173
f 5266/8591/2174 5076/8717/2174 5075/8715/2174
f 5265/8589/2175 5072/8427/2175 5076/8717/2175
f 5257/8200/2176 5070/8718/2176 5259/8719/2176
f 5259/8719/2177 5069/8720/2177 5260/8721/2177
f 5260/8721/2178 5068/8722/2178 5261/8723/2178
f 5261/8723/2179 5067/8724/2179 5262/8725/2179
f 5262/8587/2180 5065/8428/2180 5258/8588/2180
f 5113/8726/2181 5310/8631/2181 5115/8727/2181
f 5115/8727/2182 5309/8634/2182 5116/8728/2182
f 5116/8729/2183 5308/8730/2183 5117/8731/2183
f 5117/8731/2184 5307/8732/2184 5118/8733/2184
f 5118/8733/2185 5305/8734/2185 5114/8735/2185
f 5132/8479/2186 5325/8736/2186 5323/8642/2186
f 5136/8737/2187 5326/8738/2187 5325/8739/2187
f 5135/8476/2188 5327/8740/2188 5326/8738/2188
f 5134/8474/2189 5328/8741/2189 5327/8740/2189
f 5133/8742/2190 5324/8155/2190 5328/8743/2190
f 4981/8349/2191 5178/8512/2191 4983/8346/2191
f 4983/8346/2192 5177/8515/2192 4984/8347/2192
f 4984/8347/2193 5176/8517/2193 4985/8744/2193
f 4985/8745/2194 5175/8746/2194 4986/8747/2194
f 4986/8748/2195 5173/8241/2195 4982/8240/2195
f 5000/8749/2196 5193/8750/2196 5191/8523/2196
f 5004/8358/2197 5194/8526/2197 5193/8750/2197
f 5003/8751/2198 5195/8752/2199 5194/8753/2199
f 5002/8754/2200 5196/8755/2200 5195/8752/2200
f 5001/8756/2201 5192/8757/2201 5196/8755/2201
f 5240/8758/2202 5049/8759/2202 5047/8312/2202
f 5244/8760/2203 5050/8761/2203 5049/8759/2203
f 5243/8569/2204 5051/8762/2204 5050/8763/2204
f 5242/8764/2205 5052/8405/2205 5051/8762/2205
f 5241/8566/2206 5048/8765/2206 5052/8405/2206
f 5233/8766/2207 5046/8767/2207 5235/8768/2207
f 5235/8768/2208 5045/8769/2208 5236/8770/2208
f 5236/8770/2209 5044/8771/2209 5237/8772/2209
f 5237/8568/2210 5043/8407/2210 5238/8567/2210
f 5238/8567/2211 5041/8406/2211 5234/8565/2211
f 5089/8773/2212 5286/8608/2212 5091/8774/2212
f 5091/8448/2213 5285/8775/2213 5092/8446/2213
f 5092/8446/2214 5284/8776/2214 5093/8444/2214
f 5093/8777/2215 5283/8778/2215 5094/8779/2215
f 5094/8779/2216 5281/8244/2216 5090/8243/2216
f 5108/8780/2217 5301/8622/2217 5299/8619/2217
f 5112/8781/2218 5302/8624/2219 5301/8622/2219
f 5111/8782/2220 5303/8783/2220 5302/8784/2220
f 5110/8785/2221 5304/8786/2221 5303/8783/2221
f 5109/8787/2222 5300/8788/2222 5304/8786/2222
f 5341/8206/2223 5154/8789/2223 5343/8790/2223
f 5343/8790/2224 5153/8791/2225 5344/8792/2224
f 5344/8667/2226 5152/8793/2226 5345/8665/2226
f 5345/8665/2227 5151/8500/2227 5346/8662/2227
f 5346/8662/2228 5149/8499/2228 5342/8663/2228
f 5209/8794/2229 5022/8795/2229 5211/8796/2229
f 5211/8796/2230 5021/8797/2230 5212/8798/2230
f 5212/8798/2231 5020/8799/2231 5213/8800/2231
f 5213/8549/2232 5019/8381/2232 5214/8546/2232
f 5214/8546/2233 5017/8384/2233 5210/8547/2233
f 5084/8801/2234 5277/8600/2234 5275/8597/2234
f 5088/8439/2235 5278/8602/2235 5277/8600/2235
f 5087/8802/2236 5279/8604/2236 5278/8602/2236
f 5086/8432/2237 5280/8803/2237 5279/8804/2237
f 5085/8805/2238 5276/8806/2238 5280/8807/2238
f 5317/8808/2239 5130/8809/2239 5319/8810/2239
f 5319/8810/2240 5129/8811/2240 5320/8812/2240
f 5320/8812/2241 5128/8813/2241 5321/8814/2241
f 5321/8646/2242 5127/8478/2242 5322/8643/2242
f 5322/8643/2243 5125/8480/2243 5318/8644/2243
f 5185/8815/2244 4998/8816/2244 5187/8817/2244
f 5187/8817/2245 4997/8818/2246 5188/8819/2245
f 5188/8529/2247 4996/8357/2247 5189/8527/2247
f 5189/8527/2248 4995/8359/2248 5190/8524/2248
f 5190/8524/2249 4993/8360/2249 5186/8525/2249
f 5060/8820/2250 5253/8578/2250 5251/8575/2250
f 5064/8416/2251 5254/8821/2252 5253/8578/2252
f 5063/8822/2253 5255/8580/2253 5254/8821/2253
f 5062/8823/2254 5256/8824/2254 5255/8825/2254
f 5061/8826/2255 5252/8827/2255 5256/8824/2255
f 5293/8218/2256 5106/8828/2257 5295/8829/2256
f 5295/8829/2258 5105/8830/2258 5296/8831/2258
f 5296/8831/2259 5104/8832/2259 5297/8833/2259
f 5297/8623/2260 5103/8834/2260 5298/8620/2260
f 5298/8620/2261 5101/8835/2261 5294/8621/2261
f 5168/8509/2262 5361/8675/2262 5359/8672/2262
f 5172/8836/2263 5362/8837/2263 5361/8675/2263
f 5171/8838/2264 5363/8839/2264 5362/8840/2264
f 5170/8841/2265 5364/8842/2265 5363/8839/2265
f 5169/8843/2266 5360/8844/2266 5364/8842/2266
f 5036/8845/2267 5229/8846/2267 5227/8556/2267
f 5040/8394/2268 5230/8559/2268 5229/8846/2268
f 5039/8391/2269 5231/8847/2269 5230/8559/2269
f 5038/8848/2270 5232/8849/2270 5231/8850/2270
f 5037/8851/2271 5228/8852/2271 5232/8853/2271
f 5269/8854/2272 5082/8855/2272 5271/8856/2272
f 5271/8856/2273 5081/8436/2273 5272/8857/2273
f 5272/8857/2274 5080/8435/2274 5273/8858/2274
f 5273/8858/2275 5079/8438/2275 5274/8859/2275
f 5274/8598/2276 5077/8440/2276 5270/8599/2276
f 5144/8489/2277 5337/8655/2277 5335/8652/2277
f 5148/8860/2278 5338/8861/2278 5337/8862/2278
f 5147/8863/2279 5339/8864/2279 5338/8861/2279
f 5146/8865/2280 5340/8866/2280 5339/8864/2280
f 5145/8867/2281 5336/8868/2281 5340/8866/2281
f 5012/8371/2282 5205/8537/2282 5203/8534/2282
f 5016/8869/2283 5206/8870/2284 5205/8537/2284
f 5015/8871/2285 5207/8872/2286 5206/8873/2286
f 5014/8874/2287 5208/8875/2287 5207/8872/2287
f 5013/8876/2288 5204/8877/2288 5208/8875/2288
f 5245/8878/2289 5058/8879/2289 5247/8880/2289
f 5247/8880/2290 5057/8881/2291 5248/8882/2290
f 5248/8882/2292 5056/8883/2292 5249/8884/2292
f 5249/8579/2293 5055/8418/2293 5250/8576/2293
f 5250/8576/2294 5053/8417/2294 5246/8577/2294
f 5120/8885/2295 5313/8633/2295 5311/8630/2295
f 5124/8886/2296 5314/8887/2296 5313/8888/2296
f 5123/8889/2297 5315/8890/2297 5314/8891/2297
f 5122/8892/2298 5316/8893/2298 5315/8890/2298
f 5121/8894/2299 5312/8895/2299 5316/8896/2299
f 5161/8510/2300 5358/8673/2300 5163/8508/2300
f 5163/8508/2301 5357/8676/2301 5164/8897/2301
f 5164/8897/2302 5356/8678/2302 5165/8898/2302
f 5165/8899/2303 5355/8900/2303 5166/8901/2303
f 5166/8901/2304 5353/8226/2304 5162/8225/2304
f 4988/8902/2305 5181/8514/2305 5179/8511/2305
f 4992/8348/2306 5182/8516/2306 5181/8514/2306
f 4991/8903/2307 5183/8904/2307 5182/8905/2307
f 4990/8342/2308 5184/8906/2308 5183/8904/2308
f 4989/8907/2309 5180/8521/2309 5184/8908/2309
f 5221/8229/2310 5034/8909/2310 5223/8563/2310
f 5223/8910/2311 5033/8389/2311 5224/8911/2311
f 5224/8911/2312 5032/8390/2312 5225/8912/2312
f 5225/8560/2313 5031/8392/2313 5226/8557/2313
f 5226/8557/2314 5029/8395/2314 5222/8558/2314
f 5096/8913/2315 5289/8914/2315 5287/8607/2315
f 5100/8915/2316 5290/8610/2316 5289/8914/2316
f 5099/8916/2317 5291/8917/2317 5290/8918/2317
f 5098/8919/2318 5292/8920/2318 5291/8917/2318
f 5097/8921/2319 5288/8922/2319 5292/8920/2319
f 5464/8923/109 5499/8924/109 5467/8925/109
f 5423/8926/1 5566/8927/1 5567/8928/1
f 5395/8929/40 5538/8930/40 5396/8931/40
f 5422/8932/1 5565/8933/1 5421/8934/1
f 5394/8935/40 5537/8936/40 5536/8937/40
f 5419/8938/1 5562/8939/1 5563/8940/1
f 5391/8941/40 5534/8942/40 5392/8943/40
f 5435/8944/144 5583/8945/144 5486/8946/144
f 5502/8947/42 5598/8948/42 5505/8949/42
f 5445/8950/1473 5595/8951/1473 5498/8952/1473
f 5500/8956/48 5596/8957/48 5503/8958/48
f 5443/8959/1474 5593/8960/1474 5476/8961/1474
f 5498/8965/54 5594/8966/54 5501/8967/54
f 5466/8968/103 5501/8969/103 5469/8970/103
f 5389/8971/40 5532/8972/40 5390/8973/40
f 5468/8974/96 5503/8975/96 5471/8976/96
f 5387/8977/40 5530/8978/40 5388/8979/40
f 5470/8980/90 5505/8981/90 5473/8982/90
f 5405/8983/137 5517/8984/137 5373/8985/137
f 5386/8986/40 5529/8987/40 5528/8988/40
f 5372/8989/146 5559/8990/146 5404/8991/146
f 5383/8992/40 5526/8993/40 5384/8994/40
f 5386/8995/31 5465/8996/31 5385/8997/31
f 5388/8998/21 5467/8925/21 5387/8999/21
f 5390/9000/99 5469/8970/99 5389/9001/99
f 5392/9002/51 5471/9003/51 5391/9004/51
f 5418/9005/31 5464/8923/31 5386/8995/31
f 5385/8997/31 5477/9006/31 5417/9007/31
f 5416/9008/57 5463/9009/57 5384/9010/57
f 5414/9011/81 5461/9012/81 5382/9013/81
f 5413/9014/81 5462/9015/81 5481/9016/81
f 5412/9017/146 5460/9018/146 5380/9019/146
f 5410/9020/147 5459/9021/147 5378/9022/147
f 5417/9007/31 5476/9023/31 5418/9005/31
f 5420/9024/21 5499/8924/21 5498/9025/21
f 5422/9026/99 5501/8969/99 5500/9027/99
f 5423/9028/51 5502/9029/51 5424/9030/51
f 5387/8999/21 5499/8924/21 5419/9031/21
f 5420/9024/21 5466/8968/21 5388/8998/21
f 5389/9001/99 5501/8969/99 5421/9032/99
f 5422/9026/99 5468/8974/99 5390/9000/99
f 5391/9004/51 5503/9033/51 5423/9028/51
f 5424/9030/51 5470/8980/51 5392/9002/51
f 5366/9034/137 5490/9035/137 5398/9036/137
f 5397/9037/137 5453/9038/137 5365/9039/137
f 5393/9040/19 5505/8981/19 5425/9041/19
f 5367/9042/107 5492/9043/107 5399/9044/107
f 5426/9045/19 5472/9046/19 5394/9047/19
f 5400/9048/107 5455/9049/107 5368/9050/107
f 5395/9051/6 5507/9052/6 5427/9053/6
f 5428/9054/6 5474/9055/6 5396/9056/6
f 5404/9057/33 5457/9058/33 5372/9059/33
f 5373/9060/101 5497/9061/101 5405/9062/101
f 5529/9063/31 5540/9064/31 5528/9065/31
f 5527/9066/57 5542/9067/57 5526/9068/57
f 5525/9069/81 5544/9070/81 5524/9071/81
f 5523/9072/146 5546/9073/146 5522/9074/146
f 5521/9075/147 5548/9076/147 5520/9077/147
f 5519/9078/64 5550/9079/64 5518/9080/64
f 5531/9081/21 5562/9082/21 5530/9083/21
f 5533/9084/99 5564/9085/99 5532/9086/99
f 5535/9087/51 5566/9088/51 5534/9089/51
f 5509/9090/137 5553/9091/137 5508/9092/137
f 5537/9093/19 5568/9094/19 5536/9095/19
f 5511/9096/107 5555/9097/107 5510/9098/107
f 5539/9099/6 5570/9100/6 5538/9101/6
f 5513/9102/71 5557/9103/71 5512/9104/71
f 5515/9105/33 5559/9106/33 5514/9107/33
f 5517/9108/101 5552/9109/101 5516/9110/101
f 5386/9111/19 5540/9112/19 5418/9113/19
f 5417/9114/147 5529/9115/147 5385/9116/147
f 5384/9117/51 5542/9118/51 5416/9119/51
f 5419/9120/146 5531/9121/146 5387/9122/146
f 5415/9123/64 5527/9124/64 5383/9125/64
f 5388/9126/6 5562/9127/6 5420/9128/6
f 5382/9129/99 5544/9130/99 5414/9131/99
f 5421/9132/81 5533/9133/81 5389/9134/81
f 5413/9135/101 5525/9136/101 5381/9137/101
f 5390/9138/137 5564/9139/137 5422/9140/137
f 5380/9141/21 5546/9142/21 5412/9143/21
f 5423/9144/57 5535/9145/57 5391/9146/57
f 5411/9147/33 5523/9148/33 5379/9149/33
f 5392/9150/107 5566/9151/107 5424/9152/107
f 5378/9153/31 5548/9154/31 5410/9155/31
f 5398/9156/99 5509/9157/99 5366/9158/99
f 5409/9159/71 5521/9160/71 5377/9161/71
f 5365/9162/101 5553/9163/101 5397/9164/101
f 5376/9165/57 5550/9166/57 5408/9167/57
f 5366/9168/40 5508/9169/40 5365/9170/40
f 5425/9171/31 5537/9172/31 5393/9173/31
f 5407/9174/107 5519/9175/107 5375/9176/107
f 5367/9177/40 5510/9178/40 5368/9179/40
f 5399/9180/51 5511/9181/51 5367/9182/51
f 5374/9183/81 5552/9184/81 5406/9185/81
f 5369/9186/40 5512/9187/40 5370/9188/40
f 5394/9189/71 5568/9190/71 5426/9191/71
f 5371/9192/40 5514/9193/40 5372/9194/40
f 5368/9195/64 5555/9196/64 5400/9197/64
f 5373/9198/40 5516/9199/40 5374/9200/40
f 5427/9201/21 5539/9202/21 5395/9203/21
f 5375/9204/40 5518/9205/40 5376/9206/40
f 5401/9207/19 5513/9208/19 5369/9209/19
f 5377/9210/40 5520/9211/40 5378/9212/40
f 5396/9213/33 5570/9214/33 5428/9215/33
f 5379/9216/40 5522/9217/40 5380/9218/40
f 5370/9219/147 5557/9220/147 5402/9221/147
f 5381/9222/40 5524/9223/40 5382/9224/40
f 5403/9225/6 5515/9226/6 5371/9227/6
f 5494/9231/1471 5605/9232/1471 5431/9233/1471
f 5496/9234/145 5606/9235/145 5432/9236/145
f 5497/9237/143 5607/9238/143 5433/9239/143
f 5481/9240/1454 5611/9241/1454 5438/9242/1454
f 5477/9243/1459 5615/9244/1459 5442/9245/1459
f 5501/9246/1462 5619/9247/1462 5446/9248/1462
f 5505/9252/1465 5623/9253/1465 5450/9254/1465
f 5490/9258/1468 5627/9259/1468 5429/9260/1468
f 5504/9261/35 5600/9262/35 5507/9263/35
f 5491/9264/114 5574/9265/114 5494/9266/114
f 5449/9267/1460 5599/9268/1460 5502/9269/1460
f 5506/9270/28 5602/9271/28 5490/9272/28
f 5493/9273/109 5576/9274/109 5496/9275/109
f 5495/9276/103 5578/9277/103 5497/9278/103
f 5488/9282/96 5580/9283/96 5487/9284/96
f 5484/9285/84 5584/9286/84 5483/9287/84
f 5486/9291/90 5582/9292/90 5485/9293/90
f 5482/9294/78 5586/9295/78 5481/9296/78
f 5436/9300/1511 5585/9301/1511 5484/9302/1511
f 5480/9303/73 5588/9304/73 5479/9305/73
f 5478/9312/66 5590/9313/66 5477/9314/66
f 5439/9317/1513 5589/9318/1513 5480/9319/1513
f 5476/9320/60 5592/9321/60 5499/9322/60
f 5441/9326/1475 5591/9327/1475 5478/9328/1475
f 5489/9329/120 5572/9330/120 5492/9331/120
f 5669/9332/2320 5631/9333/2320 5673/8148/2320
f 5665/9334/2321 5629/9335/2321 5780/9336/2321
f 5681/9337/2322 5632/9338/2322 5669/9332/2322
f 5677/9339/2323 5633/9340/2323 5681/9337/2323
f 5689/9341/2324 5634/9342/2324 5677/9339/2324
f 5685/9343/2325 5635/9344/2325 5689/9341/2325
f 5697/9345/2326 5636/9346/2326 5685/9343/2326
f 5697/9345/2327 5638/9347/2327 5637/9348/2327
f 5705/9349/2328 5638/9347/2328 5693/9350/2328
f 5701/9351/2329 5639/9352/2329 5705/9349/2329
f 5701/9353/2330 5641/9354/2330 5640/9355/2330
f 5709/9356/2331 5641/9354/2331 5713/9357/2331
f 5721/9358/2332 5642/9359/2332 5709/9356/2332
f 5717/9360/2333 5643/9361/2333 5721/9358/2333
f 5729/9362/2334 5644/9363/2334 5717/9360/2334
f 5729/9364/2335 5646/9365/2336 5645/9366/2335
f 5737/9367/2337 5646/9368/2337 5725/9369/2337
f 5733/9370/2338 5647/9371/2338 5737/9367/2338
f 5745/9372/2339 5648/9373/2339 5733/9370/2339
f 5741/9374/2340 5649/9375/2340 5745/9372/2340
f 5753/9376/2341 5650/9377/2341 5741/9374/2341
f 5749/9378/2342 5651/9379/2342 5753/9376/2342
f 5761/9380/2343 5652/9381/2343 5749/9378/2343
f 5757/9382/2344 5653/9383/2344 5761/9380/2344
f 5769/9384/2345 5654/9385/2345 5757/9386/2345
f 5769/9384/2346 5656/9387/2346 5655/9388/2346
f 5765/9389/2347 5657/9390/2347 5656/9387/2347
f 5777/9391/2348 5658/9392/2348 5657/9390/2348
f 5785/9393/2349 5658/9392/2349 5773/9394/2349
f 5780/9395/2350 5659/9396/2350 5785/9393/2350
f 5780/9336/2351 5667/9397/2351 5665/9334/2351
f 5667/9397/2352 5783/9398/2352 5666/9399/2352
f 5666/9399/2353 5781/9400/2353 5664/9401/2353
f 5665/9334/2354 5663/9402/2354 5661/8150/2354
f 5663/9402/2355 5666/9399/2355 5662/9403/2355
f 5662/9403/2356 5664/9401/2356 5660/9404/2356
f 5661/8150/2357 5675/9405/2357 5673/8148/2357
f 5663/9402/2358 5674/9406/2358 5675/9405/2358
f 5662/9407/2359 5672/9408/2359 5674/9409/2359
f 5669/9332/2360 5675/9405/2360 5671/9410/2360
f 5671/9410/2361 5674/9406/2361 5670/9411/2361
f 5674/9409/2362 5668/9412/2362 5670/9413/2362
f 5669/9332/2363 5683/9414/2363 5681/9337/2363
f 5671/9410/2364 5682/9415/2364 5683/9414/2364
f 5682/9416/2365 5668/9412/2365 5680/9417/2365
f 5681/9337/2366 5679/9418/2366 5677/9339/2366
f 5683/9414/2367 5678/9419/2367 5679/9418/2367
f 5678/9420/2368 5680/9417/2368 5676/9421/2368
f 5677/9339/2369 5691/9422/2369 5689/9341/2369
f 5679/9418/2370 5690/9423/2370 5691/9422/2370
f 5678/9420/2371 5688/9424/2371 5690/9425/2371
f 5685/9343/2372 5691/9422/2372 5687/9426/2372
f 5687/9426/2373 5690/9423/2373 5686/9427/2373
f 5690/9425/2374 5684/9428/2374 5686/9429/2374
f 5685/9343/2375 5699/9430/2375 5697/9345/2375
f 5687/9426/2376 5698/9431/2376 5699/9430/2376
f 5686/9429/2377 5696/9432/2377 5698/9433/2377
f 5693/9350/2378 5699/9430/2378 5695/9434/2378
f 5695/9434/2379 5698/9431/2379 5694/9435/2379
f 5694/9436/2380 5696/9432/2380 5692/9437/2380
f 5693/9350/2381 5707/9438/2381 5705/9349/2381
f 5695/9434/2382 5706/9439/2382 5707/9438/2382
f 5694/9440/2383 5704/9441/2383 5706/9442/2383
f 5705/9349/2384 5703/9443/2384 5701/9351/2384
f 5707/9438/2385 5702/9444/2385 5703/9443/2385
f 5702/9445/2386 5704/9441/2386 5700/9446/2386
f 5701/9351/2387 5715/9447/2387 5713/9448/2387
f 5703/9443/2388 5714/9449/2388 5715/9447/2388
f 5702/9445/2389 5712/9450/2389 5714/9451/2389
f 5713/9448/2390 5711/9452/2390 5709/9453/2390
f 5715/9447/2391 5710/9454/2391 5711/9452/2391
f 5714/9451/2392 5708/9455/2392 5710/9456/2392
f 5709/9453/2393 5723/9457/2393 5721/9458/2393
f 5711/9452/2394 5722/9459/2394 5723/9457/2394
f 5710/9456/2395 5720/9460/2395 5722/9461/2395
f 5721/9458/2396 5719/9462/2396 5717/9463/2396
f 5723/9457/2397 5718/9464/2397 5719/9462/2397
f 5722/9459/2398 5716/9465/2398 5718/9464/2398
f 5717/9463/2399 5731/9466/2399 5729/9467/2399
f 5719/9462/2400 5730/9468/2400 5731/9466/2400
f 5730/9468/2401 5716/9465/2401 5728/9469/2401
f 5725/9470/2402 5731/9466/2402 5727/9471/2402
f 5727/9471/2403 5730/9468/2403 5726/9472/2403
f 5726/9472/2404 5728/9469/2404 5724/9473/2404
f 5737/9474/2405 5727/9471/2406 5739/9475/2405
f 5739/9475/2407 5726/9472/2407 5738/9476/2407
f 5738/9476/2408 5724/9473/2408 5736/9477/2408
f 5737/9367/2409 5735/9478/2409 5733/9370/2409
f 5735/9479/2410 5738/9476/2410 5734/9480/2410
f 5738/9476/2411 5732/9481/2411 5734/9480/2411
f 5733/9370/2412 5747/9482/2412 5745/9372/2412
f 5747/9483/2413 5734/9480/2413 5746/9484/2413
f 5734/9480/2414 5744/9485/2414 5746/9484/2414
f 5741/9374/2415 5747/9482/2415 5743/9486/2415
f 5747/9483/2416 5742/9487/2416 5743/9488/2416
f 5746/9484/2417 5740/9489/2417 5742/9487/2417
f 5741/9374/2418 5755/9490/2418 5753/9376/2418
f 5743/9488/2419 5754/9491/2419 5755/9492/2419
f 5742/9487/2420 5752/9493/2420 5754/9491/2420
f 5749/9378/2421 5755/9490/2421 5751/9494/2421
f 5751/9495/2422 5754/9491/2422 5750/9496/2422
f 5754/9491/2423 5748/9497/2423 5750/9496/2423
f 5749/9378/2424 5763/9498/2424 5761/9380/2424
f 5751/9495/2425 5762/9499/2425 5763/9500/2425
f 5750/9496/2426 5760/9501/2426 5762/9499/2426
f 5761/9502/2427 5759/9503/2427 5757/9504/2427
f 5763/9500/2428 5758/9505/2428 5759/9503/2428
f 5762/9499/2429 5756/9506/2429 5758/9505/2429
f 5769/9507/2430 5759/9503/2430 5771/9508/2431
f 5759/9503/2432 5770/9509/2432 5771/9508/2432
f 5758/9505/2433 5768/9510/2433 5770/9509/2433
f 5765/9511/2434 5771/9508/2434 5767/9512/2434
f 5767/9512/2435 5770/9509/2435 5766/9513/2435
f 5770/9509/2436 5764/9514/2436 5766/9513/2436
f 5765/9511/2437 5779/9515/2437 5777/9516/2437
f 5767/9512/2438 5778/9517/2438 5779/9515/2438
f 5766/9513/2439 5776/9518/2439 5778/9517/2439
f 5773/9519/2440 5779/9515/2440 5775/9520/2440
f 5775/9520/2441 5778/9517/2441 5774/9521/2441
f 5778/9517/2442 5772/9522/2442 5774/9521/2442
f 5773/9519/2443 5787/9523/2443 5785/9524/2443
f 5775/9520/2444 5786/9525/2444 5787/9523/2444
f 5774/9526/2445 5784/9527/2445 5786/9528/2445
f 5785/9524/2446 5782/9529/2446 5780/9336/2446
f 5787/9523/2447 5783/9398/2447 5782/9529/2447
f 5786/9528/2448 5781/9530/2448 5783/9531/2448
f 5661/8150/2449 5628/9532/2449 5665/9334/2449
f 57/1/1 960/9533/1 966/2/1
f 3202/4/2 3201/988/2 1733/5/2
f 46/7/3 870/9534/3 1158/8/3
f 3204/10/4 3203/991/4 1737/11/4
f 3206/13/5 3205/993/5 1741/14/5
f 47/16/6 858/9535/6 876/17/6
f 3208/19/7 3207/995/7 1745/20/7
f 61/22/1 996/9536/208 1002/23/1
f 1747/25/8 3210/901/8 3209/26/8
f 45/28/1 852/9537/1 858/29/1
f 3212/31/9 3211/999/9 1753/32/9
f 62/34/10 1014/9538/10 1206/35/10
f 3214/37/11 3213/1001/11 1757/38/11
f 3216/40/12 3215/1003/12 1761/41/12
f 73/43/13 1038/9539/13 1415/44/13
f 3218/46/14 3217/1005/14 1765/47/14
f 42/49/15 834/9540/15 1146/50/15
f 3220/52/16 3219/1008/16 1769/53/16
f 58/55/17 978/9541/17 1194/56/17
f 3222/58/18 3221/1010/18 1773/59/18
f 43/61/19 822/9542/19 840/62/19
f 3224/64/20 3223/1012/20 1777/65/20
f 188/67/21 989/9543/21 996/68/21
f 3226/70/22 3225/1014/22 1781/71/22
f 41/73/1 816/9544/1 822/74/1
f 3228/76/23 3227/9545/23 1785/77/23
f 54/79/24 942/9546/24 1182/80/24
f 3230/82/25 3229/1019/25 1789/83/25
f 3232/85/26 3231/871/26 1730/86/26
f 3391/88/27 3390/468/27 2139/89/27
f 416/91/28 417/985/28 2208/92/28
f 409/94/29 3290/9547/29 3289/95/29
f 1792/97/28 1729/2657/28 1601/98/28
f 420/100/30 1543/9548/30 1544/101/30
f 180/103/31 953/9549/31 960/104/31
f 1662/106/32 1664/9550/32 416/107/32
f 191/109/33 1728/9551/33 1727/110/33
f 1493/112/34 1495/9552/34 1879/113/34
f 412/115/35 413/979/35 2206/116/35
f 1632/118/36 1634/286/36 3265/119/36
f 1788/121/35 1790/2718/35 1662/122/35
f 446/124/37 1595/2741/37 1596/125/37
f 38/127/38 798/9553/38 1134/128/38
f 1658/130/39 1660/9554/39 412/131/39
f 1486/133/40 1488/9555/40 1679/134/40
f 1602/136/2450 1474/9556/2450 1858/137/2450
f 408/139/42 409/9557/42 2204/140/42
f 369/142/43 3250/6306/43 3249/143/43
f 1784/145/42 1786/9558/42 1658/96/42
f 426/147/44 427/9559/44 1557/148/44
f 50/150/45 906/9560/45 1170/151/45
f 1654/153/46 1656/9561/46 408/154/46
f 1482/156/19 1673/9562/19 1674/157/19
f 1653/159/2451 1525/9563/2451 1909/160/2451
f 404/162/48 405/965/48 2202/163/48
f 384/165/49 3264/6296/49 3266/166/49
f 1780/168/48 1782/2709/48 1654/169/48
f 419/171/50 74/2661/50 1542/172/50
f 39/174/51 786/9564/51 804/175/51
f 1650/177/52 1652/9565/52 404/178/52
f 1534/180/21 1725/9566/21 1726/181/21
f 1621/183/53 1878/3347/53 1880/184/53
f 400/186/54 401/958/54 2200/187/54
f 396/189/55 1644/218/55 3275/190/55
f 1776/192/54 1778/2706/54 1650/193/54
f 445/195/56 178/2814/56 1594/196/56
f 172/198/57 917/9567/57 924/199/57
f 1646/201/58 1648/9568/58 400/202/58
f 91/204/1 1678/9569/1 1680/205/1
f 1651/207/2452 1908/9570/2452 1907/208/2452
f 396/210/60 397/951/60 2198/211/60
f 1622/213/61 3253/6338/61 3251/214/61
f 1772/216/60 1774/2703/60 1646/217/60
f 102/219/62 1556/2766/62 1558/220/62
f 39/222/1 37/9571/1 780/223/1
f 1642/225/63 1644/9572/63 396/226/63
f 79/228/64 1672/9573/64 1671/229/64
f 1497/231/65 1499/3103/65 1883/232/65
f 392/234/66 393/944/66 2196/235/66
f 356/237/67 1604/9574/67 3235/238/67
f 1768/240/66 1770/2908/66 1642/241/66
f 418/243/68 1539/9575/68 1540/244/68
f 46/246/69 48/9576/69 863/247/69
f 1638/249/70 1640/9577/70 392/250/70
f 183/252/71 1724/9578/71 1723/253/71
f 1649/255/2453 1521/9579/2453 1905/256/2453
f 388/258/73 389/935/73 2194/259/73
f 381/261/74 3262/9580/74 3261/262/74
f 1764/264/73 1766/2902/73 1638/265/73
f 444/267/75 1591/9581/75 1592/268/75
f 1634/270/76 1636/9582/76 388/271/76
f 1492/273/40 1683/9583/40 1681/274/40
f 1625/276/77 1882/9584/77 1884/277/77
f 384/279/78 385/928/78 2192/280/78
f 372/282/79 3252/6303/79 3254/283/79
f 1760/285/78 1762/2687/78 1634/286/78
f 429/287/80 1561/9585/80 1559/288/80
f 164/290/81 881/9586/81 888/291/81
f 1630/293/82 1632/9587/82 384/165/82
f 1478/295/51 1669/9588/51 1670/296/51
f 1647/298/2454 1904/9589/2454 1903/299/2454
f 380/301/84 381/921/84 2190/302/84
f 408/304/85 1656/9590/85 3287/305/85
f 1756/307/84 1758/2684/84 1630/308/84
f 355/310/86 67/9591/86 1537/311/86
f 34/313/87 762/9592/87 1122/314/87
f 1626/316/88 1628/9593/88 380/317/88
f 1530/319/31 1721/9594/31 1722/320/31
f 1503/322/89 1887/3410/89 1885/323/89
f 376/325/90 377/914/90 2188/326/90
f 1662/122/91 3293/9595/91 3291/328/91
f 1752/329/90 1754/2681/90 1626/330/90
f 443/332/92 170/2710/92 1590/333/92
f 44/335/93 827/9596/93 834/336/93
f 1622/338/94 1624/9597/94 376/339/94
f 99/341/1 1682/9598/1 1684/342/1
f 1645/344/2455 1517/9599/2455 1901/345/2455
f 372/347/96 373/905/96 2186/348/96
f 1610/350/97 3241/9600/97 3239/351/97
f 1748/353/96 1750/2678/96 1622/213/96
f 110/354/98 1560/2764/98 1562/355/98
f 35/357/99 750/9601/99 768/358/99
f 1618/144/100 1620/9602/100 372/360/100
f 71/361/101 1668/9603/101 1667/362/101
f 1631/364/102 1629/9604/102 1886/365/102
f 368/367/103 369/897/103 2184/368/103
f 412/370/104 3292/6276/104 3294/371/104
f 1744/373/103 1746/2674/103 1618/374/103
f 442/376/105 1587/9605/105 1588/377/105
f 1614/379/106 1616/9606/106 368/380/106
f 175/382/107 1720/9607/107 1719/383/107
f 1643/385/2456 1900/9608/2456 1899/386/2456
f 364/388/109 365/890/109 2182/389/109
f 368/391/110 1616/9609/110 3247/392/110
f 1740/394/109 1742/2670/109 1614/395/109
f 431/397/111 1565/9610/111 1563/398/111
f 33/400/1 744/9611/1 750/401/1
f 1610/403/112 1612/9612/112 364/404/112
f 1494/406/40 1496/9613/40 1687/407/40
f 1505/409/113 1507/3106/113 1891/410/113
f 360/412/114 361/883/114 2180/413/114
f 393/415/115 3274/9614/115 3273/416/115
f 1736/418/114 1738/2874/114 1610/350/114
f 441/419/116 162/2707/116 1586/420/116
f 38/422/117 40/9615/117 791/423/117
f 1606/425/118 1608/9616/118 360/426/118
f 1473/428/99 1666/9617/99 1665/429/99
f 1641/431/2457 1513/9618/2457 1897/432/2457
f 356/434/120 357/874/120 2178/435/120
f 361/437/121 360/9619/121 3240/438/121
f 1732/440/120 1734/2660/120 1606/441/120
f 122/443/122 118/2732/122 1564/444/122
f 30/446/123 32/9620/123 719/447/123
f 1601/449/124 1604/9621/124 356/450/124
f 1526/452/57 1717/9622/57 1718/453/57
f 1635/455/125 1633/9623/125 1890/456/125
f 223/458/35 319/630/35 318/459/35
f 2058/461/101 2155/3918/101 2141/462/101
f 3363/464/126 2127/472/126 2126/465/126
f 3389/467/127 2176/9624/127 2139/89/127
f 2057/463/54 2141/462/54 2113/469/54
f 3362/471/128 2168/479/128 2127/472/128
f 3388/473/129 2160/481/129 2176/474/129
f 2056/470/33 2113/469/33 2116/476/33
f 3361/478/130 2169/3925/130 2168/479/130
f 3387/480/131 2146/488/131 2160/481/131
f 2055/477/60 2116/476/60 2161/482/60
f 2049/484/78 2170/514/78 2153/485/78
f 3386/487/132 2122/494/132 2146/488/132
f 2054/483/71 2161/482/71 2147/489/71
f 2080/486/6 2153/485/6 2137/491/6
f 3385/493/133 2123/500/133 2122/494/133
f 2053/490/66 2147/489/66 2125/495/66
f 2079/492/84 2137/491/84 2140/497/84
f 3384/499/134 2166/507/134 2123/500/134
f 2052/501/107 2125/9625/107 2128/502/107
f 2078/498/19 2140/497/19 2175/504/19
f 3384/499/135 3383/512/135 2152/506/135
f 2051/503/73 2128/502/73 2167/508/73
f 2077/505/90 2175/504/90 2159/510/90
f 3383/512/136 3382/518/136 2134/513/136
f 2050/509/137 2167/508/137 2170/514/137
f 2075/515/51 2076/9626/51 2159/516/51
f 3382/518/138 3381/523/138 2135/519/138
f 2075/515/96 2145/517/96 2121/520/96
f 3380/522/139 2174/9627/139 2135/519/139
f 2074/521/99 2121/520/99 2124/524/99
f 3379/526/140 2158/3977/140 2174/527/140
f 3074/529/40 193/9628/40 2017/530/40
f 2387/532/1 2419/9629/1 3188/533/1
f 3076/535/40 195/9630/40 2019/536/40
f 202/538/141 3146/9631/141 3178/539/141
f 197/541/40 2021/9632/40 3077/542/40
f 219/544/142 2426/9633/142 2394/545/142
f 3080/547/40 199/9634/40 2023/548/40
f 2035/550/120 2386/9635/120 3121/551/120
f 3082/553/40 201/9636/40 2025/554/40
f 3078/556/109 3110/9637/109 2406/557/109
f 203/559/40 2027/9638/40 3083/560/40
f 3104/562/28 3136/9639/28 2432/563/28
f 205/565/40 2029/9640/40 3085/566/40
f 2417/568/1 3186/9641/1 3185/569/1
f 207/571/40 2031/9642/40 3087/572/40
f 217/574/143 2424/9643/143 2392/575/143
f 209/577/40 2033/9644/40 3089/578/40
f 2033/580/28 2384/9645/28 3119/581/28
f 211/583/40 2035/9646/40 3091/584/40
f 3076/586/114 3108/9647/114 2404/587/114
f 213/589/40 2037/9648/40 3093/590/40
f 3102/460/35 3134/9649/35 2430/592/35
f 215/593/40 2039/9650/40 3095/594/40
f 2371/596/144 3171/9651/144 3139/597/144
f 3098/599/40 217/9652/40 2041/600/40
f 215/602/145 2422/9653/145 2390/603/145
f 219/605/40 2043/9654/40 3099/606/40
f 2031/608/35 2382/9655/35 3117/609/35
f 3102/611/40 221/9656/40 2045/612/40
f 3074/614/120 3106/9657/120 2402/615/120
f 223/617/40 2047/9658/40 3103/618/40
f 3100/620/42 3132/9659/42 2428/621/42
f 2975/623/1 2718/9660/1 2717/624/1
f 3090/626/137 306/632/137 305/627/137
f 197/588/114 293/633/114 292/629/114
f 3104/562/146 320/634/146 319/630/146
f 211/631/73 307/636/73 306/632/73
f 3078/556/31 294/637/31 293/633/31
f 193/564/28 289/671/28 320/634/28
f 3092/635/107 308/728/107 307/636/107
f 199/558/109 295/642/109 294/637/109
f 213/638/66 309/644/66 308/639/66
f 3080/641/21 296/646/21 295/642/21
f 3094/643/71 310/648/71 309/644/71
f 201/645/103 297/650/103 296/646/103
f 215/647/60 311/652/60 310/648/60
f 3082/649/99 298/654/99 297/650/99
f 3096/651/33 312/656/33 311/652/33
f 203/653/96 299/658/96 298/654/96
f 217/655/54 313/660/54 312/656/54
f 3084/657/51 300/4645/51 299/658/51
f 3098/659/101 314/665/101 313/660/101
f 205/661/90 301/667/90 300/662/90
f 219/664/48 315/668/48 314/665/48
f 3086/666/19 302/670/19 301/667/19
f 3100/620/64 316/672/64 315/668/64
f 207/669/84 303/674/84 302/670/84
f 3074/614/81 290/675/81 289/671/81
f 221/622/42 317/9661/42 316/672/42
f 3088/673/6 304/678/6 303/674/6
f 195/616/120 291/680/120 290/675/120
f 3102/460/147 318/459/147 317/676/147
f 209/628/78 305/627/78 304/678/78
f 3076/679/57 292/4602/57 291/680/57
f 292/681/148 2948/4671/148 2532/682/148
f 2946/684/40 290/9662/40 291/685/40
f 318/687/149 2974/9663/2458 2558/688/149
f 2948/690/40 292/9664/40 293/691/40
f 309/644/150 310/648/150 2518/693/150
f 2950/695/40 294/9665/40 295/696/40
f 2953/698/151 2537/9666/151 2538/699/151
f 2952/701/40 296/9667/40 297/702/40
f 291/704/152 2499/9668/152 2531/705/152
f 2954/707/40 298/9669/40 299/708/40
f 317/710/153 2525/9670/153 2557/711/153
f 2956/713/40 300/9671/40 301/714/40
f 289/716/154 2497/9672/154 2529/717/154
f 2958/719/40 302/9673/40 303/720/40
f 316/722/155 2972/9674/155 2556/723/155
f 2961/725/40 2960/9675/40 304/726/40
f 308/728/156 2516/9676/156 2515/729/156
f 2963/730/40 2962/9677/40 306/731/40
f 2951/733/157 2535/9678/157 2536/734/157
f 2965/736/40 2964/9679/40 308/737/40
f 290/739/158 2946/9680/158 2530/740/158
f 2966/742/40 310/9681/40 311/743/40
f 315/745/159 2523/9682/159 2555/746/159
f 2968/748/40 312/9683/40 313/749/40
f 314/751/160 2970/9684/160 2554/752/160
f 2970/754/40 314/9685/40 315/755/40
f 305/627/161 306/632/161 2514/757/161
f 2972/759/40 316/9686/40 317/760/40
f 2949/762/150 2533/9687/150 2534/763/150
f 2974/765/40 318/9688/40 319/766/40
f 2975/768/162 2559/9689/162 2560/769/162
f 2976/771/40 320/9690/40 289/772/40
f 276/774/1 3028/9691/1 3027/775/1
f 263/777/6 3015/9692/6 3047/778/6
f 3314/780/40 2737/9693/40 2738/781/40
f 2956/783/66 2699/5244/66 2731/784/66
f 352/786/33 3072/9694/33 3040/787/33
f 274/789/1 3026/9695/1 3025/790/1
f 3321/792/78 2744/9696/78 2712/793/78
f 2947/795/1 2690/9697/1 2689/796/1
f 328/798/146 3048/9698/146 3016/799/146
f 261/801/19 3013/9699/19 3045/802/19
f 2973/804/1 2716/9700/1 2715/805/1
f 3312/807/40 2735/9701/40 2736/808/40
f 272/810/1 3024/9702/1 3023/811/1
f 340/813/51 3060/9703/51 3028/814/51
f 3307/816/120 2730/9704/120 2698/817/120
f 338/819/99 3058/9705/99 3026/820/99
f 2968/822/28 2711/9706/28 2743/823/28
f 270/825/1 3022/9707/1 3021/826/1
f 2971/828/1 2714/9708/1 2713/829/1
f 277/831/147 3029/9709/147 3061/832/147
f 3311/834/40 3310/6403/40 2733/835/40
f 287/837/21 3039/9710/21 3071/838/21
f 2954/840/73 2697/9711/73 2729/841/73
f 267/843/1 268/9712/1 3020/844/1
f 3319/846/84 2742/9713/84 2710/847/84
f 351/849/40 3071/9714/40 3072/850/40
f 2969/852/1 2712/9715/1 2711/853/1
f 324/855/64 3044/9716/64 3012/856/64
f 3308/858/40 2731/9717/40 2732/859/40
f 266/861/1 3018/9718/1 3017/862/1
f 3305/864/28 2728/9719/28 2696/865/28
f 3/867/81 2177/436/81 2208/92/81
f 2/869/163 3231/871/163 3202/4/163
f 2/869/163 68/1040/163 1730/86/163
f 72/872/81 356/434/81 2177/436/81
f 5/873/57 2178/435/57 357/874/57
f 7/876/57 2179/881/57 2178/435/57
f 6/877/164 3201/988/164 3204/878/164
f 7/876/57 80/1038/57 360/880/57
f 9/882/31 2180/413/31 361/883/31
f 11/885/31 2181/390/31 2180/413/31
f 10/886/165 3203/991/165 3206/13/165
f 88/888/31 364/388/31 2181/390/31
f 13/889/21 2182/389/21 365/890/21
f 15/892/21 2183/369/21 2182/389/21
f 14/893/166 3205/993/166 3208/19/166
f 96/895/21 368/367/21 2183/369/21
f 17/896/99 2184/368/99 369/897/99
f 19/899/99 2185/349/99 2184/368/99
f 18/900/167 3207/995/167 3210/901/167
f 104/903/99 372/347/99 2185/349/99
f 21/904/51 2186/348/51 373/905/51
f 23/907/51 2187/912/51 2186/348/51
f 22/908/169 3209/26/169 3212/909/168
f 23/907/51 112/1033/51 376/911/51
f 25/913/19 2188/326/19 377/914/19
f 27/916/19 2189/303/19 2188/326/19
f 26/917/170 3211/999/170 3214/37/170
f 120/919/19 380/301/19 2189/303/19
f 29/920/6 2190/302/6 381/921/6
f 31/923/6 2191/281/6 2190/302/6
f 30/924/171 3213/1001/171 3216/40/171
f 128/926/6 384/279/6 2191/281/6
f 33/927/137 2192/280/137 385/928/137
f 35/930/137 2193/260/137 2192/280/137
f 34/931/172 3215/1003/172 3218/46/172
f 136/933/137 388/258/137 2193/260/137
f 37/934/107 2194/259/107 389/935/107
f 39/937/107 2195/942/107 2194/259/107
f 38/938/173 3217/1005/173 3220/939/173
f 39/937/107 144/1028/107 392/941/107
f 41/943/71 2196/235/71 393/944/71
f 43/946/71 2197/212/71 2196/235/71
f 42/947/174 3219/1008/174 3222/58/174
f 152/949/71 396/210/71 2197/212/71
f 45/950/33 2198/211/33 397/951/33
f 47/953/33 2199/188/33 2198/211/33
f 46/954/175 3221/1010/175 3224/64/175
f 160/956/33 400/186/33 2199/188/33
f 49/957/101 2200/187/101 401/958/101
f 51/960/101 2201/164/101 2200/187/101
f 50/961/176 3223/1012/176 3226/70/2459
f 168/963/101 404/162/101 2201/164/101
f 53/964/64 2202/163/64 405/965/64
f 55/967/64 2203/141/64 2202/163/64
f 54/968/177 3225/1014/177 3228/76/177
f 55/967/64 176/1023/64 408/139/64
f 57/970/147 2204/974/147 409/971/147
f 59/973/147 2205/117/147 2204/974/147
f 58/975/178 3227/1017/178 3230/82/178
f 184/977/147 412/115/147 2205/117/147
f 61/978/146 2206/116/146 413/979/146
f 63/981/146 2207/93/146 2206/116/146
f 62/982/179 3229/1019/179 3232/85/179
f 192/984/146 416/91/146 2207/93/146
f 1/868/81 2208/92/81 417/985/81
f 4/870/163 3202/4/163 1731/6/163
f 6/877/164 73/1039/164 1733/5/164
f 8/879/164 3204/878/164 1735/989/164
f 10/886/165 81/1037/165 1737/11/165
f 12/887/165 3206/13/165 1739/15/165
f 14/893/166 89/1036/166 1741/14/166
f 16/894/166 3208/19/166 1743/21/180
f 18/900/167 97/1035/167 1745/20/167
f 20/902/167 3210/901/167 1747/25/167
f 22/908/169 105/1034/169 1749/27/169
f 24/910/169 3212/909/169 1751/997/169
f 26/917/170 113/1032/170 1753/32/170
f 28/918/170 3214/37/170 1755/39/170
f 30/924/171 121/1031/171 1757/38/171
f 32/925/171 3216/40/171 1759/42/171
f 34/931/172 129/1030/172 1761/41/172
f 36/932/172 3218/46/172 1763/48/172
f 38/938/173 137/1029/173 1765/47/173
f 40/940/173 3220/939/173 1767/1006/173
f 42/947/174 145/1027/174 1769/53/174
f 44/948/174 3222/58/174 1771/60/174
f 46/954/175 153/1026/175 1773/59/175
f 48/955/175 3224/64/175 1775/66/175
f 50/961/176 161/1025/176 1777/65/176
f 52/962/176 3226/70/176 1779/72/176
f 54/968/177 169/1024/177 1781/71/177
f 56/969/177 3228/76/177 1783/78/177
f 58/975/178 177/1022/178 1785/1016/178
f 60/976/178 3230/82/178 1787/84/178
f 62/982/179 185/1021/179 1789/83/179
f 64/983/179 3232/85/179 1791/87/179
f 188/980/146 413/979/146 416/91/146
f 189/1020/179 1791/87/179 1789/83/179
f 180/972/147 409/971/147 412/115/147
f 181/1018/178 1787/84/178 1785/1016/178
f 172/966/64 405/965/64 408/139/64
f 173/1015/177 1783/78/177 1781/71/177
f 164/959/101 401/958/101 404/162/101
f 165/1013/176 1779/72/176 1777/65/176
f 156/952/33 397/951/33 400/186/33
f 157/1011/175 1775/66/175 1773/59/175
f 148/945/71 393/944/71 396/210/71
f 149/1009/174 1771/60/174 1769/53/174
f 140/936/107 389/935/107 392/941/107
f 141/1007/173 1767/1006/173 1765/47/173
f 132/929/137 385/928/137 388/258/137
f 133/1004/172 1763/48/172 1761/41/172
f 124/922/6 381/921/6 384/279/6
f 125/1002/171 1759/42/171 1757/38/171
f 116/915/19 377/914/19 380/301/19
f 117/1000/170 1755/39/170 1753/32/170
f 108/906/51 373/905/51 376/911/51
f 109/998/169 1751/997/169 1749/27/169
f 100/898/99 369/897/99 372/347/99
f 101/996/167 1747/25/167 1745/20/167
f 92/891/21 365/890/21 368/367/21
f 93/994/180 1743/21/180 1741/14/166
f 84/884/31 361/883/31 364/388/31
f 85/992/165 1739/15/165 1737/11/165
f 76/875/57 357/874/57 360/880/57
f 77/990/164 1735/989/164 1733/5/164
f 65/986/81 417/985/81 356/434/81
f 69/987/163 1731/6/163 1730/86/163
f 4/1041/87 69/9720/87 1411/1042/87
f 8/1044/38 77/9721/38 1415/1045/38
f 12/1047/15 85/9722/15 1419/1048/15
f 16/1050/3 93/9723/3 1423/1051/3
f 20/1053/45 101/9724/45 1427/1054/45
f 24/1056/24 109/9725/24 1431/1057/24
f 28/1059/17 117/9726/17 1435/1060/17
f 32/1062/10 125/9727/10 1439/1063/10
f 36/1065/181 133/9728/181 1443/1066/181
f 40/1068/182 141/9729/182 1447/1069/182
f 44/1071/183 149/9730/183 1451/1072/183
f 48/1074/184 157/9731/184 1455/1075/184
f 52/1077/185 165/9732/185 1459/1078/185
f 56/1080/186 173/9733/186 1463/1081/186
f 60/1083/187 181/9734/187 1467/1084/187
f 64/1086/188 189/9735/188 1471/1087/188
f 192/1089/40 1020/9736/40 989/1090/40
f 180/1092/40 184/9737/40 984/1093/40
f 176/1095/40 948/9738/40 917/1096/40
f 168/1098/40 912/9739/40 881/1099/40
f 160/1101/40 876/9740/40 845/1102/40
f 148/1104/40 152/9741/40 840/1105/40
f 144/1107/40 804/9742/40 773/1108/40
f 136/1110/40 768/9743/40 737/1111/40
f 128/1113/40 732/9744/40 701/1114/40
f 116/1116/40 120/9745/40 696/1117/40
f 112/1119/40 660/9746/40 629/1120/40
f 104/1122/40 624/9747/40 593/1123/40
f 96/1125/40 588/9748/40 557/1126/40
f 84/1128/40 88/9749/40 552/1129/40
f 80/1131/40 516/9750/40 485/1132/40
f 65/1134/99 1409/9751/99 449/1135/99
f 185/1137/189 1206/9752/189 1471/1138/189
f 55/1140/1 53/9753/1 924/1141/1
f 51/1143/137 894/9754/137 912/1144/137
f 177/1146/190 1194/9755/190 1467/1147/190
f 49/1149/1 888/9756/1 894/1150/1
f 52/1152/191 899/9757/191 906/1153/191
f 169/1155/192 1182/9758/192 1463/1156/192
f 156/1158/146 845/9759/146 852/1159/146
f 55/1161/107 930/9760/107 948/1162/107
f 68/1164/193 474/9761/193 1411/1165/193
f 161/1167/194 1170/9762/194 1459/1168/194
f 4/1170/195 461/9763/195 468/1171/195
f 148/1173/147 809/9764/147 816/1174/147
f 56/1176/196 935/9765/196 942/1177/196
f 153/1179/197 1158/9766/197 1455/1180/197
f 7/1182/64 498/9767/64 516/1183/64
f 140/1185/64 773/9768/64 780/1186/64
f 59/1188/71 966/9769/71 984/1189/71
f 145/1191/198 1146/9770/198 1451/1192/198
f 6/1194/199 8/9771/199 503/1195/199
f 132/1197/101 737/9772/101 744/1198/101
f 60/1200/200 971/9773/200 978/1201/200
f 137/1203/201 1134/9774/201 1447/1204/201
f 11/1206/147 534/9775/147 552/1207/147
f 29/1209/1 708/9776/1 714/1210/1
f 63/1212/33 1002/9777/33 1020/1213/33
f 129/1215/202 1122/9778/202 1443/1216/202
f 12/1218/203 539/9779/203 546/1219/203
f 25/1221/1 672/9780/1 678/1222/1
f 62/1224/204 64/9781/204 1007/1225/204
f 121/1227/205 1110/9782/205 1439/1228/205
f 3/1230/101 456/9783/101 480/1231/101
f 15/1233/146 570/9784/146 588/1234/146
f 23/1236/1 21/9785/1 636/1237/1
f 2/1239/181 468/9786/181 474/1240/181
f 113/1242/206 1098/9787/206 1435/1243/206
f 84/1245/19 521/9788/19 528/1246/19
f 16/1248/207 575/9789/207 582/1249/207
f 17/1251/1 600/9790/1 606/1252/208
f 6/1254/182 510/9791/182 1038/1255/182
f 105/1257/209 1086/9792/209 1431/1258/209
f 92/1260/6 557/9793/6 564/1261/6
f 19/1263/81 606/9794/81 624/1264/81
f 13/1266/1 564/9795/1 570/1267/1
f 10/1269/183 546/9796/183 1050/1270/183
f 97/1272/210 1074/9797/210 1427/1273/210
f 100/1275/137 593/9798/137 600/1276/137
f 20/1278/211 611/9799/211 618/1279/211
f 9/1281/1 528/9800/1 534/1282/1
f 14/1284/184 582/9801/184 1062/1285/184
f 89/1287/212 1062/9802/212 1423/1288/212
f 108/1290/107 629/9803/107 636/1291/107
f 23/1293/57 642/9804/57 660/1294/57
f 7/1296/1 5/9805/1 492/1297/1
f 18/1299/185 618/9806/185 1074/1300/185
f 81/1302/213 1050/9807/213 1419/1303/213
f 116/1305/71 665/9808/71 672/1306/71
f 22/1308/214 24/9809/214 647/1309/214
f 76/1311/51 485/9810/51 492/1312/51
f 22/1314/186 654/9811/186 1086/1315/186
f 72/1317/40 480/9812/40 1409/1318/40
f 124/1320/33 701/9813/33 708/1321/33
f 27/1323/31 678/9814/31 696/1324/31
f 26/1326/187 690/9815/187 1098/1327/187
f 28/1329/215 683/9816/215 690/1330/215
f 30/1332/188 726/9817/188 1110/1333/188
f 31/1335/21 714/9818/21 732/1336/21
f 36/1338/216 755/9819/216 762/1339/216
f 455/1341/217 457/1344/217 454/1342/217
f 457/1344/218 458/1380/218 453/1345/218
f 453/1346/219 458/9820/219 459/1347/219
f 459/1347/220 460/9821/220 451/1349/220
f 451/1349/221 460/9821/221 1219/1350/221
f 1221/1352/222 467/1371/223 469/1353/223
f 469/1353/224 470/1356/224 465/1355/224
f 470/1356/225 471/9822/225 464/1357/225
f 471/1358/226 472/9823/226 463/1359/226
f 463/1359/227 472/9823/227 1223/1361/227
f 1225/1363/228 1223/9824/228 472/1364/228
f 478/1365/229 472/1364/229 471/1366/229
f 477/1368/230 471/9822/231 470/1356/231
f 476/1369/232 470/1356/233 469/1353/233
f 475/1370/234 469/1353/235 467/1371/235
f 1219/1373/236 460/1376/236 484/1374/236
f 460/1376/237 459/1378/237 483/1377/237
f 459/1378/31 458/9825/31 482/1379/31
f 458/1380/238 457/1344/238 481/1381/238
f 457/1344/239 455/1341/239 1228/1383/240
f 491/1384/241 493/1387/241 490/1385/242
f 493/1387/243 494/1389/243 489/1388/243
f 494/1389/146 495/1391/146 488/1390/146
f 495/1391/244 496/9826/244 487/1392/245
f 496/1393/246 1231/9827/246 1232/1394/247
f 497/1396/248 499/1424/248 493/1387/248
f 493/1387/249 499/1424/249 500/1397/249
f 500/1398/250 501/1401/250 495/1399/250
f 501/1401/251 502/1403/251 496/1402/251
f 502/1403/252 1234/9828/252 1231/1404/253
f 1235/1405/254 509/2036/255 511/1406/255
f 511/1406/256 512/2039/256 507/1408/256
f 507/1409/257 512/9829/257 513/1410/257
f 513/1410/258 514/1413/258 505/1412/258
f 514/1413/259 1237/9830/259 1238/1414/259
f 1234/1415/260 502/1418/260 520/1416/260
f 502/1418/261 501/1420/261 519/1419/261
f 501/1420/21 500/1422/21 518/1421/21
f 500/1422/262 499/9831/262 517/1423/262
f 499/1424/263 497/1396/263 1240/1425/263
f 527/1427/264 529/1439/264 526/1428/265
f 529/1430/266 530/9832/266 525/1431/266
f 525/1431/81 530/9832/81 531/1433/81
f 531/1433/267 532/9833/267 523/1435/267
f 523/1435/268 532/9833/269 1243/1436/269
f 533/1438/270 535/1440/270 529/1439/271
f 535/1440/272 536/1466/272 530/1441/273
f 530/1442/274 536/9834/274 537/1443/274
f 531/1444/275 537/1443/275 538/1445/275
f 538/1445/276 1246/9835/276 1243/1447/277
f 1247/1448/278 545/2057/279 547/1449/279
f 547/1449/280 548/9836/280 543/1451/280
f 548/1452/281 549/9837/281 542/1453/281
f 542/1453/282 549/9837/282 550/1455/282
f 550/1455/283 1249/9838/283 1250/1457/283
f 1246/1458/284 538/9839/284 556/1459/285
f 538/1461/286 537/1464/286 555/1462/286
f 537/1464/99 536/1466/99 554/1465/99
f 536/1466/287 535/1440/287 553/1467/287
f 535/1440/288 533/1438/288 1252/1468/288
f 563/1469/289 565/1472/289 562/1470/289
f 565/1472/290 566/1482/290 561/1473/290
f 566/1474/57 567/1477/57 560/1475/57
f 567/1477/291 568/1479/291 559/1478/291
f 568/1479/292 1255/9840/292 1256/1480/292
f 563/1469/293 569/9841/293 571/1481/293
f 571/1481/294 572/1510/294 566/1482/295
f 572/1483/296 573/1486/296 567/1484/296
f 573/1486/297 574/1488/297 568/1487/298
f 574/1488/299 1258/9842/299 1255/1489/299
f 581/1490/300 583/2078/300 580/1491/300
f 580/1491/301 583/2078/302 584/1493/302
f 579/1494/303 584/1493/303 585/1495/303
f 585/1497/304 586/9843/304 577/1498/304
f 577/1498/305 586/9843/305 1261/1500/305
f 1258/1502/306 574/1505/306 592/1503/306
f 574/1505/307 573/9844/307 591/1506/308
f 573/1507/51 572/1510/51 590/1508/51
f 572/1510/309 571/1481/309 589/1511/309
f 571/1481/310 569/9841/310 1264/1512/310
f 599/1513/236 601/1525/236 598/1514/236
f 598/1514/237 601/1525/237 602/1516/237
f 602/1516/31 603/9845/31 596/1518/31
f 603/1519/311 604/9846/311 595/1520/311
f 595/1520/239 604/9846/239 1267/1522/239
f 605/1524/312 607/1526/312 601/1525/312
f 607/1526/313 608/9847/313 602/1516/313
f 602/1527/314 608/9848/314 609/1528/314
f 609/1528/315 610/9849/315 604/1530/315
f 604/1530/316 610/9849/316 1270/1531/316
f 1271/1533/317 617/2095/318 619/1534/318
f 619/1534/319 620/2098/319 615/1536/319
f 620/1537/320 621/1540/320 614/1538/321
f 621/1540/322 622/9850/322 613/1541/322
f 613/1541/323 622/9850/324 1273/1542/324
f 1270/1544/325 610/1547/325 628/1545/325
f 610/1547/326 609/1549/326 627/1548/326
f 609/1549/19 608/1551/19 626/1550/19
f 608/1551/327 607/9851/327 625/1552/328
f 607/1526/329 605/1524/329 1276/1553/329
f 635/1555/260 637/1558/260 634/1556/260
f 637/1558/261 638/1560/261 633/1559/261
f 638/1560/21 639/1562/21 632/1561/21
f 639/1562/262 640/9852/262 631/1563/262
f 640/1564/330 1279/9853/330 1280/1565/263
f 641/1567/331 643/9854/331 637/1558/331
f 637/1558/332 643/9854/332 644/1568/332
f 644/1569/333 645/1572/333 639/1570/333
f 645/1572/334 646/1574/334 640/1573/334
f 646/1574/335 1282/9855/335 1279/1575/335
f 1283/1576/336 653/2116/337 655/1577/337
f 655/1577/338 656/2119/338 651/1579/338
f 651/1580/339 656/9856/339 657/1581/339
f 657/1581/340 658/9857/340 649/1583/340
f 649/1583/341 658/9857/341 1285/1584/341
f 1282/1586/342 646/1589/342 664/1587/342
f 646/1589/343 645/1591/343 663/1590/343
f 645/1591/6 644/1593/6 662/1592/6
f 644/1593/344 643/1595/344 661/1594/344
f 643/1595/345 641/9858/345 1288/1596/346
f 671/1597/285 673/1609/285 670/1598/284
f 673/1600/347 674/9859/347 669/1601/347
f 669/1601/99 674/9859/99 675/1603/99
f 675/1603/287 676/9860/287 667/1605/287
f 667/1605/348 676/9860/348 1291/1606/348
f 677/1608/349 679/1610/349 673/1609/350
f 679/1610/351 680/1636/351 674/1611/352
f 674/1612/353 680/9861/353 681/1613/353
f 675/1614/354 681/1613/354 682/1615/354
f 682/1615/355 1294/9862/355 1291/1617/355
f 1295/1618/356 689/2138/357 691/1619/357
f 691/1619/358 692/9863/358 687/1621/358
f 692/1622/359 693/9864/359 686/1623/360
f 686/1623/361 693/9864/361 694/1625/361
f 694/1625/362 1297/9865/362 1298/1627/362
f 1294/1628/363 682/9866/363 700/1629/363
f 682/1631/364 681/1634/364 699/1632/365
f 681/1634/137 680/1636/137 698/1635/366
f 680/1636/367 679/1610/367 697/1637/367
f 679/1610/368 677/1608/368 1300/1638/369
f 707/1639/306 709/1642/306 706/1640/306
f 709/1642/308 710/1652/308 705/1643/370
f 710/1644/51 711/1647/51 704/1645/51
f 711/1647/309 712/1649/309 703/1648/309
f 712/1649/310 1303/9867/310 1304/1650/310
f 707/1639/371 713/9868/372 715/1651/372
f 715/1651/373 716/1679/373 710/1652/374
f 716/1653/375 717/1656/375 711/1654/376
f 717/1656/377 718/1658/377 712/1657/378
f 718/1658/379 1306/9869/379 1303/1659/379
f 725/1660/380 727/2159/380 724/1661/380
f 724/1661/381 727/2159/381 728/1663/381
f 723/1664/382 728/1663/382 729/1665/382
f 722/1667/383 729/9870/383 730/1668/383
f 730/1668/384 1309/9871/384 1310/1670/385
f 1306/1671/386 718/1674/386 736/1672/387
f 718/1674/388 717/9872/388 735/1675/388
f 717/1676/107 716/1679/107 734/1677/107
f 716/1679/389 715/1651/389 733/1680/389
f 715/1651/390 713/9868/390 1312/1681/390
f 743/1682/325 745/1694/325 742/1683/325
f 742/1683/326 745/1694/2460 746/1685/326
f 746/1685/19 747/1688/19 740/1687/19
f 747/1688/327 748/9873/327 739/1689/327
f 739/1690/329 748/9874/329 1315/1691/329
f 749/1693/391 751/1695/391 745/1694/391
f 751/1695/392 752/9875/392 746/1685/392
f 746/1696/393 752/9876/393 753/1697/393
f 753/1697/394 754/9877/394 748/1699/394
f 748/1699/395 754/9877/395 1318/1700/395
f 1319/1702/396 761/2176/397 763/1703/397
f 763/1703/398 764/2179/398 759/1705/398
f 764/1706/399 765/1709/399 758/1707/399
f 765/1709/400 766/9878/400 757/1710/400
f 757/1710/401 766/9878/402 1321/1711/402
f 1318/1713/403 754/1716/403 772/1714/403
f 754/1716/404 753/1718/404 771/1717/404
f 753/1718/71 752/1720/71 770/1719/71
f 752/1720/405 751/9879/405 769/1721/406
f 751/1695/407 749/1693/407 1324/1722/408
f 779/1724/342 781/1727/342 778/1725/342
f 781/1727/343 782/1729/343 777/1728/409
f 782/1729/6 783/1731/6 776/1730/6
f 783/1731/344 784/1733/344 775/1732/344
f 784/1733/346 1327/9880/346 1328/1734/346
f 785/1735/410 787/9881/410 781/1727/410
f 781/1727/411 787/9881/411 788/1736/411
f 788/1737/412 789/1740/412 783/1738/412
f 789/1740/413 790/1742/413 784/1741/413
f 790/1742/414 1330/9882/414 1327/1743/415
f 1331/1744/416 797/2197/417 799/1745/417
f 799/1745/418 800/2200/418 795/1747/418
f 795/1748/419 800/9883/419 801/1749/419
f 801/1749/420 802/1752/420 793/1751/420
f 802/1752/421 1333/9884/421 1334/1753/421
f 1330/1754/422 790/1757/422 808/1755/422
f 790/1757/423 789/1759/423 807/1758/423
f 789/1759/33 788/1761/33 806/1760/33
f 788/1761/424 787/1763/424 805/1762/424
f 787/1763/425 785/9885/425 1336/1764/425
f 815/1765/363 817/1777/363 814/1766/426
f 817/1768/364 818/9886/364 813/1769/364
f 813/1769/137 818/9886/137 819/1771/137
f 819/1771/367 820/9887/367 811/1773/367
f 811/1773/368 820/9887/368 1339/1774/368
f 821/1776/427 823/1778/427 817/1777/428
f 823/1778/429 824/1804/429 818/1779/430
f 818/1780/431 824/9888/431 825/1781/431
f 819/1782/432 825/1781/432 826/1783/432
f 826/1783/433 1342/9889/433 1339/1785/434
f 1343/1786/435 833/2218/435 835/1787/435
f 835/1787/436 836/9890/436 831/1789/436
f 836/1790/437 837/9891/437 830/1791/437
f 830/1791/438 837/9891/438 838/1793/438
f 838/1793/439 1345/9892/439 1346/1795/439
f 1342/1796/440 826/9893/440 844/1797/440
f 826/1799/441 825/1802/441 843/1800/441
f 825/1802/101 824/1804/101 842/1803/101
f 824/1804/442 823/1778/442 841/1805/442
f 823/1778/443 821/1776/443 1348/1806/443
f 851/1807/387 853/1810/387 850/1808/387
f 853/1810/388 854/1820/388 849/1811/388
f 854/1812/107 855/1815/107 848/1813/107
f 855/1815/389 856/1817/389 847/1816/389
f 856/1817/444 1351/9894/444 1352/1818/390
f 851/1807/445 857/9895/445 859/1819/445
f 859/1819/446 860/1848/446 854/1820/446
f 860/1821/447 861/1824/447 855/1822/447
f 861/1824/448 862/1826/448 856/1825/448
f 862/1826/449 1354/9896/449 1351/1827/449
f 869/1828/450 871/1831/450 868/1829/450
f 871/1831/451 872/1833/451 867/1832/452
f 872/1833/453 873/9897/453 866/1834/454
f 873/1835/455 874/1838/455 865/1836/455
f 874/1838/456 1357/9898/456 1358/1839/456
f 1354/1840/457 862/1843/457 880/1841/457
f 862/1843/458 861/9899/458 879/1844/459
f 861/1845/64 860/1848/64 878/1846/64
f 860/1848/460 859/1819/460 877/1849/460
f 859/1819/461 857/9895/461 1360/1850/461
f 887/1851/403 889/1863/403 886/1852/403
f 886/1852/404 889/1863/404 890/1854/404
f 890/1854/71 891/1857/71 884/1856/71
f 891/1857/406 892/9900/406 883/1858/406
f 883/1859/407 892/9901/407 1363/1860/407
f 893/1862/462 895/1864/462 889/1863/462
f 895/1864/463 896/1889/463 890/1854/463
f 890/1865/464 896/9902/464 897/1866/464
f 897/1866/465 898/9903/465 892/1868/465
f 892/1868/466 898/9903/466 1366/1869/466
f 1367/1871/467 905/2255/468 907/1872/468
f 907/1872/469 908/1875/469 903/1874/469
f 908/1875/470 909/2259/470 902/1876/471
f 909/1877/472 910/9904/472 901/1878/472
f 901/1878/473 910/9904/474 1369/1880/474
f 1366/1882/475 898/1885/475 916/1883/475
f 898/1885/476 897/1887/476 915/1886/476
f 897/1887/147 896/9905/147 914/1888/147
f 896/1889/477 895/1864/477 913/1890/478
f 895/1864/479 893/1862/479 1372/1892/479
f 923/1893/422 925/1896/2461 922/1894/422
f 925/1896/423 926/1898/423 921/1897/423
f 926/1898/33 927/1900/33 920/1899/33
f 927/1900/424 928/1902/424 919/1901/424
f 928/1902/425 1375/9906/425 1376/1903/425
f 929/1904/480 931/1932/480 925/1896/480
f 925/1896/481 931/1932/481 932/1905/481
f 932/1906/482 933/1909/482 927/1907/482
f 933/1909/483 934/1911/483 928/1910/483
f 934/1911/484 1378/9907/484 1375/1912/485
f 1379/1913/486 941/2274/487 943/1914/487
f 943/1914/488 944/2277/488 939/1916/488
f 939/1917/489 944/9908/489 945/1918/489
f 945/1918/490 946/1921/490 937/1920/490
f 946/1921/491 1381/9909/491 1382/1922/491
f 1378/1923/242 934/1926/242 952/1924/242
f 934/1926/243 933/1928/243 951/1927/243
f 933/1928/146 932/1930/146 950/1929/146
f 932/1930/244 931/9910/244 949/1931/244
f 931/1932/247 929/1904/247 1384/1933/246
f 959/1935/492 961/1947/492 958/1936/440
f 961/1938/493 962/9911/493 957/1939/493
f 957/1939/101 962/9911/101 963/1941/101
f 963/1941/442 964/9912/442 955/1943/442
f 955/1943/494 964/9912/494 1387/1944/494
f 965/1946/495 967/1948/495 961/1947/496
f 967/1948/497 968/1974/497 962/1949/498
f 962/1950/499 968/9913/499 969/1951/499
f 963/1952/500 969/1951/501 970/1953/501
f 970/1953/502 1390/9914/502 1387/1955/502
f 1391/1956/503 977/2294/2462 979/1957/503
f 979/1957/504 980/9915/504 975/1959/504
f 980/1960/505 981/9916/505 974/1961/505
f 974/1961/506 981/9916/507 982/1963/507
f 982/1963/508 1393/9917/508 1394/1965/508
f 1390/1966/264 970/9918/264 988/1967/264
f 970/1969/509 969/1972/509 987/1970/266
f 969/1972/510 968/1974/510 986/1973/81
f 968/1974/267 967/1948/267 985/1975/267
f 967/1948/269 965/1946/269 1396/1976/511
f 995/1977/512 997/1980/512 994/1978/457
f 997/1980/459 998/1990/459 993/1981/459
f 998/1982/64 999/1985/64 992/1983/64
f 999/1985/460 1000/1987/460 991/1986/460
f 1000/1987/461 1399/9919/461 1400/1988/461
f 995/1977/513 1001/9920/514 1003/1989/514
f 1003/1989/515 1004/2017/515 998/1990/516
f 1004/1991/517 1005/1994/517 999/1992/517
f 1005/1994/518 1006/1996/518 1000/1995/519
f 1006/1996/520 1402/9921/520 1399/1997/520
f 1013/1998/521 1015/2315/521 1012/1999/521
f 1012/1999/522 1015/2315/522 1016/2001/522
f 1011/2003/523 1016/9922/523 1017/2004/523
f 1010/2005/524 1017/2004/524 1018/2006/524
f 1018/2006/525 1405/9923/525 1406/2008/526
f 1402/2009/289 1006/2012/289 1024/2010/289
f 1006/2012/527 1005/9924/527 1023/2013/290
f 1005/2014/57 1004/2017/57 1022/2015/57
f 1004/2017/291 1003/1989/291 1021/2018/291
f 1003/1989/292 1001/9920/292 1408/2019/292
f 1220/2020/479 1025/9925/479 1027/2021/479
f 1027/2021/477 1028/9926/477 452/2023/477
f 1028/2024/147 1029/2579/147 453/1345/147
f 453/1345/528 1029/2579/476 1030/2026/476
f 1030/2026/529 1410/2580/529 1217/1343/475
f 1031/2027/530 1033/2030/530 463/2028/530
f 1033/2030/531 1034/2032/531 464/2031/532
f 1034/2032/533 1035/9927/533 465/2033/533
f 1035/2034/534 1036/2035/534 466/1354/535
f 1036/2035/536 1412/2581/536 1221/1352/537
f 509/2036/538 1037/2564/539 1039/2037/539
f 511/1406/540 1039/2037/540 1040/2038/540
f 512/2039/541 1040/2038/541 1041/2040/541
f 513/2041/542 1041/2040/542 1042/2042/542
f 514/2044/543 1042/9928/543 1414/2045/543
f 1043/2047/544 1045/2050/544 505/2048/545
f 1045/2050/546 1046/2052/546 506/2051/546
f 1046/2052/547 1047/2054/547 507/2053/547
f 1047/2054/548 1048/9929/548 508/2055/549
f 1048/2056/550 1416/9930/550 1235/1405/550
f 545/2057/551 1049/2547/552 1051/2058/552
f 547/2059/553 1051/9931/553 1052/2060/553
f 548/2061/554 1052/2060/554 1053/2062/554
f 549/2063/555 1053/2062/556 1054/2064/556
f 550/2065/557 1054/2064/557 1418/2066/557
f 1055/2068/558 1057/9932/558 541/2069/558
f 1057/2071/559 1058/2074/559 542/2072/560
f 1058/2074/561 1059/2075/561 543/1451/561
f 1059/2075/562 1060/2076/562 544/1450/562
f 1060/2076/563 1420/9933/563 1247/1448/563
f 581/1490/564 1061/2533/564 1063/2077/564
f 583/2078/565 1063/2077/565 1064/2079/565
f 584/2080/566 1064/9934/566 1065/2081/566
f 585/2082/567 1065/2081/567 1066/2083/567
f 586/2084/568 1066/2083/568 1422/2085/568
f 1067/2087/569 1069/2090/569 577/2088/569
f 1069/2090/570 1070/9935/570 578/2091/570
f 1070/2092/571 1071/2093/571 579/1494/571
f 1071/2093/572 1072/2094/572 580/1491/572
f 1072/2094/573 1424/9936/573 1259/1492/573
f 617/2095/574 1073/2519/575 1075/2096/575
f 619/1534/576 1075/2096/576 1076/2097/576
f 620/2098/533 1076/2097/533 1077/2099/533
f 621/2101/577 1077/9937/577 1078/2102/577
f 622/2103/578 1078/2102/578 1426/2104/578
f 1079/2106/579 1081/2109/579 613/2107/579
f 1081/2109/580 1082/2111/580 614/2110/581
f 1082/2111/582 1083/2113/582 615/2112/582
f 1083/2113/583 1084/9938/583 616/2114/583
f 1084/2115/584 1428/2518/2463 1271/1533/584
f 653/2116/585 1085/2502/585 1087/2117/585
f 655/1577/586 1087/2117/586 1088/2118/586
f 656/2119/547 1088/2118/547 1089/2120/547
f 657/2121/587 1089/2120/587 1090/2122/587
f 658/2124/588 1090/9939/589 1430/2125/589
f 1091/2127/590 1093/2130/590 649/2128/590
f 1093/2130/591 1094/2132/591 650/2131/592
f 1094/2132/593 1095/2134/593 651/2133/593
f 1095/2134/594 1096/2136/594 652/2135/595
f 1096/2136/596 1432/9940/596 1283/2137/596
f 689/2138/597 1097/2484/597 1099/2139/597
f 691/2140/598 1099/9941/599 1100/2141/599
f 692/2142/561 1100/2141/561 1101/2143/561
f 693/2144/600 1101/2143/601 1102/2145/601
f 694/2146/602 1102/2145/603 1434/2147/603
f 1103/2149/604 1105/9942/604 685/2150/605
f 1105/2152/606 1106/2155/606 686/2153/607
f 1106/2155/608 1107/2156/608 687/1621/608
f 1107/2156/609 1108/2157/609 688/1620/609
f 1108/2157/610 1436/9943/610 1295/1618/610
f 725/1660/611 1109/2469/611 1111/2158/611
f 727/2159/612 1111/2158/612 1112/2160/612
f 728/2161/571 1112/9944/571 1113/2162/571
f 729/2163/613 1113/2162/613 1114/2164/613
f 730/2165/614 1114/2164/614 1438/2166/614
f 1115/2168/615 1117/2171/615 721/2169/615
f 1117/2171/616 1118/9945/616 722/2172/616
f 1118/2173/617 1119/2174/2464 723/1664/617
f 1119/2174/618 1120/2175/618 724/1661/618
f 1120/2175/619 1440/2468/619 1307/1662/619
f 761/2176/620 1121/2454/620 1123/2177/620
f 763/1703/621 1123/2177/621 1124/2178/621
f 764/2179/582 1124/2178/582 1125/2180/582
f 765/2181/622 1125/2180/622 1126/2182/622
f 766/2184/623 1126/9946/623 1442/2185/623
f 1127/2187/624 1129/2190/624 757/2188/625
f 1129/2190/626 1130/2192/626 758/2191/627
f 1130/2192/628 1131/2194/628 759/2193/628
f 1131/2194/629 1132/9947/629 760/2195/629
f 1132/2196/630 1444/2453/630 1319/1702/631
f 797/2197/632 1133/2436/633 1135/2198/633
f 799/1745/634 1135/2198/635 1136/2199/635
f 800/2200/593 1136/2199/593 1137/2201/593
f 801/2202/636 1137/2201/636 1138/2203/636
f 802/2204/637 1138/2203/638 1446/2205/638
f 1139/2207/639 1141/2210/639 793/2208/640
f 1141/2210/641 1142/2212/641 794/2211/641
f 1142/2212/642 1143/2214/642 795/2213/642
f 1143/2214/643 1144/2216/643 796/2215/643
f 1144/2216/644 1448/9948/644 1331/2217/644
f 833/2218/645 1145/2418/646 1147/2219/646
f 835/2220/647 1147/9949/648 1148/2221/648
f 836/2222/608 1148/2221/608 1149/2223/608
f 837/2224/649 1149/2223/649 1150/2225/649
f 838/2226/650 1150/2225/650 1450/2227/650
f 1151/2229/651 1153/9950/651 829/2230/651
f 1153/2232/652 1154/2235/652 830/2233/652
f 1154/2235/653 1155/2236/653 831/1789/653
f 1155/2236/654 1156/2237/654 832/1788/654
f 1156/2237/655 1452/9951/655 1343/1786/655
f 869/1828/656 1157/2404/656 1159/2238/656
f 871/1831/657 1159/2238/657 1160/2239/657
f 872/2240/617 1160/9952/617 1161/2241/617
f 873/2242/658 1161/2241/658 1162/2243/658
f 874/2244/659 1162/2243/660 1454/2245/660
f 1163/2247/661 1165/2250/661 865/2248/661
f 1165/2250/662 1166/9953/662 866/2251/662
f 1166/2252/663 1167/2253/663 867/1832/663
f 1167/2253/664 1168/2254/664 868/1829/664
f 1168/2254/665 1456/2403/665 1355/1830/665
f 905/2255/666 1169/2388/667 1171/2256/667
f 907/1872/668 1171/2256/668 1172/2257/668
f 908/1875/628 1172/2257/628 1173/2258/628
f 909/2259/669 1173/2258/669 1174/2260/669
f 910/2262/670 1174/9954/670 1458/2263/670
f 1175/2265/671 1177/2268/671 901/2266/671
f 1177/2268/672 1178/2270/672 902/2269/673
f 1178/2270/231 1179/9955/231 903/2271/231
f 1179/2272/674 1180/2273/674 904/1873/674
f 1180/2273/675 1460/2387/2465 1367/1871/675
f 941/2274/676 1181/2373/676 1183/2275/676
f 943/1914/677 1183/2275/677 1184/2276/677
f 944/2277/642 1184/2276/642 1185/2278/642
f 945/2279/678 1185/2278/678 1186/2280/678
f 946/2281/679 1186/2280/679 1462/2282/679
f 1187/2284/680 1189/2287/680 937/2285/680
f 1189/2287/681 1190/2289/681 938/2288/681
f 1190/2289/541 1191/2291/541 939/2290/541
f 1191/2291/682 1192/9956/682 940/2292/683
f 1192/2293/684 1464/9957/684 1379/1913/684
f 977/2294/685 1193/2356/685 1195/2295/685
f 979/2296/686 1195/9958/687 1196/2297/687
f 980/2298/653 1196/2297/653 1197/2299/653
f 981/2300/688 1197/2299/689 1198/2301/689
f 982/2302/690 1198/2301/691 1466/2303/691
f 1199/2305/692 1201/9959/692 973/2306/693
f 1201/2308/694 1202/2311/694 974/2309/694
f 1202/2311/554 1203/2312/554 975/1959/554
f 1203/2312/695 1204/2313/695 976/1958/695
f 1204/2313/696 1468/9960/696 1391/1956/697
f 1013/1998/698 1205/2341/698 1207/2314/698
f 1015/2315/699 1207/2314/699 1208/2316/699
f 1016/2317/700 1208/9961/663 1209/2318/663
f 1017/2319/701 1209/2318/701 1210/2320/701
f 1018/2321/702 1210/2320/702 1470/2322/702
f 1211/2324/703 1213/2327/703 1009/2325/704
f 1213/2327/705 1214/9962/705 1010/2328/705
f 1214/2329/566 1215/2331/2466 1011/2002/566
f 1215/2331/706 1216/2332/706 1012/1999/706
f 1216/2332/707 1472/2340/707 1403/2000/707
f 1400/2333/708 1407/9963/708 1024/2334/708
f 991/2335/709 1024/2334/709 1023/2336/709
f 992/2337/710 1023/2336/710 1022/2338/710
f 993/1981/711 1022/2015/712 1021/2018/712
f 1021/2018/713 1408/2019/713 1397/1979/714
f 1472/2340/715 1216/2332/715 1207/2314/715
f 1207/2314/716 1216/2332/717 1215/2331/717
f 1215/2342/718 1214/2345/718 1209/2343/718
f 1214/2345/719 1213/9964/719 1210/2346/719
f 1210/2346/720 1213/9964/720 1211/2347/720
f 1388/2349/721 1395/9965/721 988/2350/721
f 988/2350/722 987/2353/722 956/2352/722
f 987/2353/723 986/9966/723 957/2354/723
f 957/2355/724 986/1973/725 985/1975/725
f 958/1936/726 985/1975/727 1396/1976/727
f 1193/2356/728 1468/9960/728 1204/2313/728
f 1204/2313/729 1203/2312/729 1196/2357/729
f 1203/2358/730 1202/9967/730 1197/2359/731
f 1197/2359/732 1202/9967/732 1201/2361/732
f 1198/2362/733 1201/2361/733 1199/2363/733
f 1383/2365/734 952/9968/734 919/2366/734
f 919/2366/735 952/9968/735 951/2368/735
f 920/2369/736 951/2368/736 950/2370/736
f 950/2372/737 949/1934/737 922/1894/737
f 922/1894/738 949/1934/738 1384/1933/738
f 1181/2373/739 1464/9957/739 1192/2293/739
f 1192/2293/740 1191/9969/740 1184/2276/741
f 1184/2374/742 1191/9970/743 1190/2375/743
f 1190/2375/744 1189/2378/744 1186/2377/744
f 1189/2378/745 1187/9971/745 1462/2379/745
f 1371/2380/746 916/2383/746 883/2381/746
f 916/2383/747 915/2385/747 884/2384/747
f 915/2385/748 914/9972/748 885/2386/748
f 914/1891/749 913/1890/749 886/1852/749
f 913/1890/750 1372/1892/750 1361/1853/750
f 1460/2387/751 1180/2273/751 1171/2256/751
f 1180/2273/752 1179/2272/752 1172/2257/752
f 1179/2389/753 1178/2392/753 1173/2390/753
f 1178/2392/754 1177/2394/754 1174/2393/754
f 1177/2394/755 1175/9973/755 1458/2395/755
f 1352/2396/756 1359/9974/756 880/2397/756
f 847/2398/757 880/2397/757 879/2399/757
f 848/2400/758 879/2399/758 878/2401/758
f 849/1811/759 878/1846/760 877/1849/760
f 877/1849/761 1360/1850/761 1349/1809/761
f 1456/2403/762 1168/2254/762 1159/2238/762
f 1159/2238/763 1168/2254/764 1167/2253/764
f 1167/2405/765 1166/9975/765 1161/2406/766
f 1161/2406/767 1166/9975/768 1165/2408/768
f 1165/2408/769 1163/9976/769 1454/2410/769
f 1340/2411/770 1347/9977/770 844/2412/770
f 844/2412/771 843/2415/771 812/2414/771
f 843/2415/772 842/9978/772 813/2416/772
f 813/2417/773 842/1803/773 841/1805/773
f 814/1766/774 841/1805/774 1348/1806/774
f 1145/2418/775 1452/9951/775 1156/2237/775
f 1156/2237/776 1155/2236/776 1148/2419/776
f 1155/2420/777 1154/9979/777 1149/2421/778
f 1149/2421/779 1154/9979/779 1153/2423/779
f 1150/2424/780 1153/2423/780 1151/2425/780
f 1335/2427/781 808/9980/781 775/2428/781
f 775/2428/782 808/9980/782 807/2430/782
f 776/2431/783 807/2430/783 806/2432/783
f 806/2434/784 805/9981/784 778/1725/784
f 778/1725/785 805/9981/785 1336/2435/785
f 1133/2436/786 1448/9982/786 1144/2437/786
f 1135/2198/787 1144/2437/788 1143/2438/788
f 1136/2439/789 1143/9983/790 1142/2440/790
f 1137/2441/791 1142/2440/791 1141/2442/791
f 1141/2442/792 1139/9984/792 1446/2444/792
f 1323/2445/793 772/2448/793 739/2446/793
f 772/2448/794 771/2450/794 740/2449/794
f 771/2450/795 770/9985/795 741/2451/795
f 770/2452/796 769/1723/796 742/1683/796
f 769/1723/797 1324/1722/797 1313/1684/797
f 1444/2453/798 1132/2196/798 1123/2177/798
f 1132/2196/799 1131/9986/799 1124/2178/800
f 1131/2455/801 1130/2458/801 1125/2456/801
f 1130/2458/802 1129/2460/802 1126/2459/802
f 1129/2460/803 1127/9987/803 1442/2461/803
f 1304/2462/804 1311/9988/804 736/2463/804
f 703/2464/805 736/2463/805 735/2465/805
f 704/2467/806 735/1678/806 734/1677/806
f 705/1643/807 734/1677/808 733/1680/808
f 733/1680/809 1312/1681/809 1301/1641/810
f 1440/2468/811 1120/2175/811 1111/2158/811
f 1111/2158/812 1120/2175/813 1119/2174/813
f 1119/2470/814 1118/2473/814 1113/2471/814
f 1118/2473/815 1117/9989/815 1114/2474/815
f 1114/2474/816 1117/9989/816 1115/2475/816
f 1292/2477/817 1299/9990/817 700/2478/817
f 700/2478/818 699/2481/818 668/2480/818
f 699/2481/819 698/9991/819 669/2482/819
f 669/2483/820 698/1635/820 697/1637/820
f 670/1598/821 697/1637/822 1300/1638/822
f 1097/2484/823 1436/9943/823 1108/2157/823
f 1108/2157/824 1107/2156/824 1100/2485/824
f 1107/2486/825 1106/9992/825 1101/2487/826
f 1101/2487/827 1106/9992/827 1105/2489/827
f 1102/2490/828 1105/2489/828 1103/2491/828
f 1287/2493/829 664/9993/829 631/2494/829
f 631/2494/830 664/9993/830 663/2496/830
f 632/2497/831 663/2496/831 662/2498/831
f 662/2500/832 661/9994/832 634/1556/832
f 634/1556/833 661/9994/834 1288/2501/834
f 1085/2502/835 1432/9995/835 1096/2503/835
f 1096/2503/836 1095/9996/836 1088/2118/836
f 1088/2504/837 1095/9997/837 1094/2505/837
f 1094/2505/838 1093/2508/838 1090/2507/838
f 1093/2508/839 1091/9998/839 1430/2509/839
f 1275/2510/840 628/2513/840 595/2511/840
f 628/2513/841 627/2515/841 596/2514/841
f 627/2515/842 626/9999/842 597/2516/842
f 626/2517/843 625/1554/843 598/1514/843
f 625/1554/844 1276/1553/844 1265/1515/844
f 1428/2518/845 1084/2115/845 1075/2096/846
f 1084/2115/847 1083/10000/847 1076/2097/848
f 1083/2520/849 1082/2523/849 1077/2521/849
f 1082/2523/850 1081/2525/850 1078/2524/850
f 1081/2525/851 1079/10001/851 1426/2526/851
f 1256/2527/852 1263/10002/852 592/2528/852
f 559/2529/853 592/2528/854 591/2530/854
f 560/2532/855 591/1509/855 590/1508/855
f 561/1473/856 590/1508/857 589/1511/857
f 589/1511/858 1264/1512/858 1253/1471/858
f 1061/2533/859 1424/9936/859 1072/2094/859
f 1063/2077/860 1072/2094/861 1071/2093/861
f 1064/2534/862 1071/10003/863 1070/2535/863
f 1065/2536/864 1070/2535/864 1069/2537/864
f 1069/2537/865 1067/10004/865 1422/2539/865
f 1244/2540/866 1251/10005/866 556/2541/866
f 556/2541/867 555/2544/867 524/2543/867
f 555/2544/868 554/10006/868 525/2545/868
f 525/2546/869 554/1465/869 553/1467/869
f 526/1428/870 553/1467/871 1252/1468/871
f 1049/2547/872 1420/9933/872 1060/2076/872
f 1060/2076/873 1059/2075/873 1052/2548/873
f 1059/2549/874 1058/10007/874 1053/2550/874
f 1053/2550/875 1058/10007/875 1057/2552/875
f 1054/2553/876 1057/2552/876 1055/2554/876
f 1239/2556/877 520/10008/877 487/2557/877
f 487/2557/878 520/10008/878 519/2559/878
f 488/2560/879 519/2559/879 518/2561/879
f 518/2563/880 517/1426/880 490/1385/880
f 490/1385/881 517/1426/881 1240/1425/881
f 1037/2564/882 1416/9930/882 1048/2056/882
f 1039/2037/883 1048/2056/884 1047/2565/884
f 1040/2566/885 1047/10009/886 1046/2567/886
f 1041/2568/887 1046/2567/887 1045/2569/887
f 1045/2569/888 1043/10010/888 1414/2571/888
f 1227/2572/889 484/2575/889 1027/2573/889
f 484/2575/890 483/2577/890 1028/2576/890
f 483/2577/891 482/10011/891 1029/2578/891
f 482/1382/892 481/1381/892 1030/2026/892
f 481/1381/893 1228/1383/893 1410/2580/893
f 1412/2581/894 1036/2035/894 475/1370/894
f 1036/2035/895 1035/2034/895 476/1369/896
f 1035/2582/897 1034/2585/897 477/2583/897
f 1034/2585/898 1033/2587/898 478/2586/898
f 1033/2587/899 1031/10012/899 1225/2588/900
f 1/2589/1 449/10013/208 456/2590/1
f 455/2592/1 1217/2592/1 450/2592/1
f 1220/2593/1 1219/2593/1 456/2593/1
f 467/2594/1 1221/2594/1 462/2594/1
f 1224/2595/1 1223/2595/1 468/2595/1
f 1223/2595/1 1225/2595/901 474/2595/1
f 1226/2594/1 467/2594/1 1222/2594/1
f 1219/2593/1 1227/2593/1 480/2593/1
f 1228/2592/1 455/2592/1 1218/2592/1
f 491/2596/1 1229/2596/1 486/2596/1
f 1232/2597/1 1231/2597/1 492/2597/1
f 497/2596/1 491/2596/1 1230/2596/1
f 1231/2597/1 1234/2597/1 498/2597/1
f 509/2598/1 1235/2598/1 504/2598/1
f 1238/2599/1 1237/2599/901 510/2599/1
f 1234/2597/1 1239/2597/1 516/2597/1
f 1240/2596/1 497/2596/1 1233/2596/1
f 527/2600/1 1241/2600/208 522/2600/1
f 1244/2601/1 1243/2601/208 528/2601/1
f 533/2600/1 527/2600/1 1242/2600/208
f 1243/2601/208 1246/2601/1 534/2601/1
f 545/2602/1 1247/2602/1 540/2602/1
f 1250/2603/1 1249/2603/208 546/2603/1
f 1246/2601/1 1251/2601/1 552/2601/1
f 1252/2600/1 533/2600/1 1245/2600/1
f 563/2604/1 1253/2604/1 558/2604/1
f 1256/2605/1 1255/2605/1 564/2605/1
f 569/2604/1 563/2604/1 1254/2604/1
f 1255/2605/1 1258/2605/1 570/2605/1
f 581/2606/1 1259/2606/1 576/2606/1
f 1262/2607/1 1261/2607/1 582/2607/1
f 1258/2605/1 1263/2605/1 588/2605/1
f 1264/2604/1 569/2604/1 1257/2604/1
f 599/2608/208 1265/2608/1 594/2608/208
f 1268/2609/208 1267/2609/1 600/2609/1
f 605/2608/1 599/2608/208 1266/2608/1
f 1267/2609/1 1270/2609/1 606/2609/208
f 617/2610/902 1271/2610/1 612/2610/1
f 1274/2611/1 1273/2611/208 618/2611/902
f 1270/2609/1 1275/2609/1 624/2609/1
f 1276/2608/1 605/2608/1 1269/2608/1
f 635/2612/901 1277/2612/901 630/2612/901
f 1280/2613/901 1279/2613/901 636/2613/1
f 641/2612/1 635/2612/901 1278/2612/901
f 1279/2613/901 1282/2613/1 642/2613/1
f 653/2614/901 1283/2614/1 648/2614/902
f 1286/2615/902 1285/2615/1 654/2615/901
f 1282/2613/1 1287/2613/1 660/2613/1
f 1288/2612/1 641/2612/1 1281/2612/1
f 671/2616/901 1289/2616/1 666/2616/901
f 1292/2617/901 1291/2617/1 672/2617/1
f 677/2616/1 671/2616/901 1290/2616/1
f 1291/2617/1 1294/2617/1 678/2617/1
f 689/2618/901 1295/2618/902 684/2618/902
f 1298/2619/902 1297/2619/1 690/2619/901
f 1294/2617/1 1299/2617/1 696/2617/1
f 1300/2616/1 677/2616/1 1293/2616/1
f 707/2620/1 1301/2620/1 702/2620/1
f 1304/2621/1 1303/2621/1 708/2621/1
f 713/2620/1 707/2620/1 1302/2620/1
f 1303/2621/1 1306/2621/1 714/2621/1
f 725/2622/1 1307/2622/902 720/2622/902
f 1310/2623/902 1309/2623/901 726/2623/1
f 1306/2621/1 1311/2621/1 732/2621/1
f 1312/2620/1 713/2620/1 1305/2620/1
f 743/2624/1 1313/2624/1 738/2624/1
f 1316/2625/1 1315/2625/1 744/2625/1
f 749/2624/1 743/2624/1 1314/2624/1
f 1315/2625/1 1318/2625/1 750/2625/1
f 761/2626/1 1319/2626/1 756/2626/1
f 1322/2627/1 1321/2627/1 762/2627/1
f 1318/2625/1 1323/2625/1 768/2625/1
f 1324/2624/1 749/2624/1 1317/2624/1
f 779/2628/1 1325/2628/1 774/2628/1
f 1328/2629/1 1327/2629/1 780/2629/1
f 785/2628/1 779/2628/1 1326/2628/1
f 1327/2629/1 1330/2629/1 786/2629/1
f 797/2630/1 1331/2630/901 792/2630/1
f 1334/2631/1 1333/2631/1 798/2631/1
f 1330/2629/1 1335/2629/1 804/2629/1
f 1336/2628/1 785/2628/1 1329/2628/1
f 815/2632/1 1337/2632/1 810/2632/1
f 1340/2633/1 1339/2633/1 816/2633/1
f 821/2632/208 815/2632/1 1338/2632/1
f 1339/2633/1 1342/2633/1 822/2633/1
f 833/2634/1 1343/2634/208 828/2634/1
f 1346/2635/1 1345/2635/1 834/2635/1
f 1342/2633/1 1347/2633/208 840/2633/1
f 1348/2632/1 821/2632/208 1341/2632/1
f 851/2636/1 1349/2636/1 846/2636/1
f 1352/2637/1 1351/2637/1 852/2637/1
f 857/2636/1 851/2636/1 1350/2636/1
f 1351/2637/1 1354/2637/1 858/2637/1
f 869/2638/1 1355/2638/208 864/2638/901
f 1358/2639/901 1357/2639/1 870/2639/1
f 1354/2637/1 1359/2637/1 876/2637/1
f 1360/2636/1 857/2636/1 1353/2636/1
f 887/2640/1 1361/2640/1 882/2640/1
f 1364/2641/1 1363/2641/1 888/2641/1
f 893/2640/1 887/2640/1 1362/2640/1
f 1363/2641/1 1366/2641/208 894/2641/1
f 905/2642/903 1367/2642/1 900/2642/208
f 1370/2643/208 1369/2643/1 906/2643/903
f 1366/2641/208 1371/2641/1 912/2641/208
f 1372/2640/208 893/2640/1 1365/2640/208
f 923/2644/1 1373/2644/1 918/2644/1
f 1376/2645/1 1375/2645/1 924/2645/1
f 929/2644/901 923/2644/1 1374/2644/1
f 1375/2645/1 1378/2645/901 930/2645/1
f 941/2646/1 1379/2646/1 936/2646/903
f 1382/2647/903 1381/2647/1 942/2647/1
f 1378/2645/901 1383/2645/901 948/2645/901
f 1384/2644/901 929/2644/901 1377/2644/901
f 959/2648/1 1385/2648/1 954/2648/1
f 1388/2649/1 1387/2649/1 960/2649/1
f 965/2648/1 959/2648/1 1386/2648/1
f 1387/2649/1 1390/2649/901 966/2649/1
f 977/2650/1 1391/2650/903 972/2650/903
f 1394/2651/903 1393/2651/1 978/2651/1
f 1390/2649/901 1395/2649/1 984/2649/901
f 1396/2648/901 965/2648/1 1389/2648/901
f 995/2652/1 1397/2652/1 990/2652/1
f 1400/2653/1 1399/2653/1 996/2653/208
f 1001/2652/1 995/2652/1 1398/2652/1
f 1399/2653/1 1402/2653/1 1002/2653/1
f 1013/2654/1 1403/2654/925 1008/2654/903
f 1406/2655/903 1405/2655/1 1014/2655/1
f 1402/2653/1 1407/2653/1 1020/2653/1
f 1408/2652/1 1001/2652/1 1401/2652/1
f 1025/2593/1 1220/2593/1 449/2593/208
f 1217/2592/1 1410/2592/1 1026/2592/1
f 1031/2595/905 1224/2595/1 461/2595/1
f 1221/2594/1 1412/2594/1 1032/2594/905
f 1037/2598/906 509/2598/1 1236/2598/901
f 1237/2599/901 1414/2599/208 1038/2599/906
f 1043/2599/907 1238/2599/1 503/2599/1
f 1235/2598/1 1416/2598/1 1044/2598/907
f 1049/2602/908 545/2602/1 1248/2602/208
f 1249/2603/208 1418/2603/902 1050/2603/908
f 1055/2603/909 1250/2603/1 539/2603/1
f 1247/2602/1 1420/2602/1 1056/2602/909
f 1061/2606/910 581/2606/1 1260/2606/1
f 1261/2607/1 1422/2607/1 1062/2607/910
f 1067/2607/911 1262/2607/1 575/2607/1
f 1259/2606/1 1424/2606/1 1068/2606/911
f 1073/2610/912 617/2610/902 1272/2610/208
f 1273/2611/208 1426/2611/1 1074/2611/912
f 1079/2611/911 1274/2611/1 611/2611/1
f 1271/2610/1 1428/2610/902 1080/2610/911
f 1085/2614/910 653/2614/901 1284/2614/1
f 1285/2615/1 1430/2615/901 1086/2615/910
f 1091/2615/909 1286/2615/902 647/2615/1
f 1283/2614/1 1432/2614/1 1092/2614/909
f 1097/2618/908 689/2618/901 1296/2618/1
f 1297/2619/1 1434/2619/1 1098/2619/908
f 1103/2619/907 1298/2619/902 683/2619/902
f 1295/2618/902 1436/2618/902 1104/2618/907
f 1109/2622/913 725/2622/1 1308/2622/901
f 1309/2623/901 1438/2623/208 1110/2623/913
f 1115/2623/905 1310/2623/902 719/2623/903
f 1307/2622/902 1440/2622/1 1116/2622/905
f 1121/2626/1 761/2626/1 1320/2626/1
f 1321/2627/1 1442/2627/1 1122/2627/1
f 1127/2627/914 1322/2627/1 755/2627/1
f 1319/2626/1 1444/2626/208 1128/2626/915
f 1133/2630/916 797/2630/1 1332/2630/1
f 1333/2631/1 1446/2631/1 1134/2631/916
f 1139/2631/917 1334/2631/1 791/2631/901
f 1331/2630/901 1448/2630/901 1140/2630/917
f 1145/2634/918 833/2634/1 1344/2634/1
f 1345/2635/1 1450/2635/903 1146/2635/918
f 1151/2635/919 1346/2635/1 827/2635/208
f 1343/2634/208 1452/2634/1 1152/2634/919
f 1157/2638/920 869/2638/1 1356/2638/1
f 1357/2639/1 1454/2639/1 1158/2639/920
f 1163/2639/921 1358/2639/901 863/2639/208
f 1355/2638/208 1456/2638/901 1164/2638/921
f 1169/2642/922 905/2642/903 1368/2642/1
f 1369/2643/1 1458/2643/1 1170/2643/922
f 1175/2643/923 1370/2643/208 899/2643/1
f 1367/2642/1 1460/2642/924 1176/2642/923
f 1181/2646/920 941/2646/1 1380/2646/1
f 1381/2647/1 1462/2647/1 1182/2647/920
f 1187/2647/919 1382/2647/903 935/2647/1
f 1379/2646/1 1464/2646/1 1188/2646/919
f 1193/2650/918 977/2650/1 1392/2650/1
f 1393/2651/1 1466/2651/1 1194/2651/918
f 1199/2651/917 1394/2651/903 971/2651/903
f 1391/2650/903 1468/2650/903 1200/2650/917
f 1205/2654/916 1013/2654/1 1404/2654/1
f 1405/2655/1 1470/2655/1 1206/2655/916
f 1211/2655/914 1406/2655/903 1007/2655/904
f 1403/2654/925 1472/2654/1 1212/2654/914
f 1407/2653/1 1400/2653/1 989/2653/1
f 1397/2652/1 1408/2652/1 1019/2652/1
f 1472/2654/1 1205/2654/916 1469/2654/1
f 1470/2655/1 1211/2655/914 1471/2655/1
f 1395/2649/1 1388/2649/1 953/2649/1
f 1385/2648/1 1396/2648/901 983/2648/1
f 1468/2650/903 1193/2650/918 1465/2650/1
f 1466/2651/1 1199/2651/917 1467/2651/903
f 1383/2645/901 1376/2645/1 917/2645/1
f 1373/2644/1 1384/2644/901 947/2644/901
f 1464/2646/1 1181/2646/920 1461/2646/1
f 1462/2647/1 1187/2647/919 1463/2647/1
f 1371/2641/1 1364/2641/1 881/2641/1
f 1361/2640/1 1372/2640/208 911/2640/1
f 1460/2642/924 1169/2642/922 1457/2642/1
f 1458/2643/1 1175/2643/923 1459/2643/924
f 1359/2637/1 1352/2637/1 845/2637/1
f 1349/2636/1 1360/2636/1 875/2636/1
f 1456/2638/901 1157/2638/920 1453/2638/1
f 1454/2639/1 1163/2639/921 1455/2639/901
f 1347/2633/208 1340/2633/1 809/2633/1
f 1337/2632/1 1348/2632/1 839/2632/208
f 1452/2634/1 1145/2634/918 1449/2634/903
f 1450/2635/903 1151/2635/919 1451/2635/1
f 1335/2629/1 1328/2629/1 773/2629/1
f 1325/2628/1 1336/2628/1 803/2628/1
f 1448/2630/901 1133/2630/916 1445/2630/1
f 1446/2631/1 1139/2631/917 1447/2631/901
f 1323/2625/1 1316/2625/1 737/2625/1
f 1313/2624/1 1324/2624/1 767/2624/1
f 1444/2626/208 1121/2626/1 1441/2626/1
f 1442/2627/1 1127/2627/914 1443/2627/208
f 1311/2621/1 1304/2621/1 701/2621/1
f 1301/2620/1 1312/2620/1 731/2620/1
f 1440/2622/1 1109/2622/913 1437/2622/208
f 1438/2623/208 1115/2623/905 1439/2623/1
f 1299/2617/1 1292/2617/901 665/2617/1
f 1289/2616/1 1300/2616/1 695/2616/1
f 1436/2618/902 1097/2618/908 1433/2618/1
f 1434/2619/1 1103/2619/907 1435/2619/902
f 1287/2613/1 1280/2613/901 629/2613/901
f 1277/2612/901 1288/2612/1 659/2612/1
f 1432/2614/1 1085/2614/910 1429/2614/901
f 1430/2615/901 1091/2615/909 1431/2615/1
f 1275/2609/1 1268/2609/208 593/2609/1
f 1265/2608/1 1276/2608/1 623/2608/1
f 1428/2610/902 1073/2610/912 1425/2610/1
f 1426/2611/1 1079/2611/911 1427/2611/902
f 1263/2605/1 1256/2605/1 557/2605/1
f 1253/2604/1 1264/2604/1 587/2604/1
f 1424/2606/1 1061/2606/910 1421/2606/1
f 1422/2607/1 1067/2607/911 1423/2607/1
f 1251/2601/1 1244/2601/1 521/2601/208
f 1241/2600/208 1252/2600/1 551/2600/1
f 1420/2602/1 1049/2602/908 1417/2602/902
f 1418/2603/902 1055/2603/909 1419/2603/1
f 1239/2597/1 1232/2597/1 485/2597/1
f 1229/2596/1 1240/2596/1 515/2596/1
f 1416/2598/1 1037/2598/906 1413/2598/208
f 1414/2599/208 1043/2599/907 1415/2599/1
f 1227/2593/1 1025/2593/1 1409/2593/1
f 1410/2592/1 1228/2592/1 479/2592/1
f 1412/2594/1 1226/2594/1 473/2594/901
f 1225/2595/901 1031/2595/905 1411/2595/1
f 355/2656/926 1730/86/926 1729/2657/926
f 418/2659/927 70/2737/928 1732/440/928
f 419/171/928 1733/5/928 1734/2660/927
f 420/2662/929 78/2735/929 1736/2663/929
f 421/2665/929 1737/2736/929 1738/2666/929
f 422/2668/930 86/2734/930 1740/394/930
f 423/2669/930 1741/14/930 1742/2670/930
f 424/2672/931 94/2733/931 1744/373/931
f 425/2673/931 1745/20/931 1746/2674/931
f 426/2676/932 102/219/932 1748/353/932
f 427/2677/932 1749/27/932 1750/2678/932
f 428/2679/933 110/354/933 1752/329/933
f 429/2680/933 1753/32/933 1754/2681/933
f 430/2682/934 118/2732/934 1756/307/934
f 431/2683/934 1757/38/934 1758/2684/934
f 432/2685/935 126/2731/935 1760/285/935
f 433/2686/935 1761/41/935 1762/2687/935
f 434/2689/936 134/2729/937 1764/2690/937
f 435/2692/937 1765/2730/937 1766/2693/936
f 436/2695/938 142/2727/938 1768/2696/938
f 437/2698/938 1769/2728/938 1770/2699/938
f 438/2701/939 150/2726/939 1772/216/939
f 439/2702/939 1773/59/939 1774/2703/939
f 440/2705/940 158/2725/940 1776/192/940
f 441/419/940 1777/65/940 1778/2706/940
f 442/2708/941 166/2724/941 1780/168/941
f 443/332/941 1781/71/941 1782/2709/941
f 444/2711/942 174/2722/942 1784/2712/942
f 445/2714/942 1785/2723/942 1786/2715/942
f 446/124/943 182/126/943 1788/121/943
f 447/2717/943 1789/83/943 1790/2718/943
f 448/2720/926 190/2721/926 1792/97/926
f 67/2658/926 1729/2657/926 1792/97/926
f 448/2720/926 1791/87/926 1730/86/926
f 186/2719/943 1790/2718/943 1788/121/943
f 446/124/943 1787/84/943 1789/83/943
f 174/2722/942 178/2716/942 1786/2715/942
f 445/2714/942 444/2711/942 1783/2713/942
f 170/2710/941 1782/2709/941 1780/168/941
f 443/332/941 442/2708/941 1779/72/941
f 162/2707/940 1778/2706/940 1776/192/940
f 440/2705/940 1775/66/940 1777/65/940
f 154/2704/939 1774/2703/939 1772/216/939
f 438/2701/939 1771/60/939 1773/59/939
f 142/2727/938 146/2700/938 1770/2699/938
f 437/2698/938 436/2695/938 1767/2697/938
f 138/2694/936 1766/2693/936 1764/2690/937
f 435/2692/937 434/2689/936 1763/2691/936
f 130/2688/935 1762/2687/935 1760/285/935
f 432/2685/935 1759/42/935 1761/41/935
f 122/443/934 1758/2684/934 1756/307/934
f 430/2682/934 1755/39/934 1757/38/934
f 110/354/933 114/356/933 1754/2681/933
f 429/2680/933 428/2679/933 1751/33/933
f 106/221/932 1750/2678/932 1748/353/932
f 427/2677/932 426/2676/932 1747/25/932
f 98/2675/931 1746/2674/931 1744/373/931
f 424/2672/931 1743/21/931 1745/20/931
f 90/2671/930 1742/2670/930 1740/394/930
f 422/2668/930 1739/15/930 1741/14/930
f 78/2735/929 82/2667/929 1738/2666/929
f 421/2665/929 420/2662/929 1735/2664/929
f 74/2661/927 1734/2660/927 1732/440/928
f 419/171/928 418/2659/927 1731/6/927
f 94/2733/944 1552/2769/944 1554/2768/944
f 447/2778/945 186/10024/945 1598/2779/945
f 421/2781/946 82/10025/946 1546/2782/946
f 425/2784/947 1553/10026/947 1551/2785/947
f 448/2787/948 1599/10027/948 1600/2788/948
f 422/2668/949 1547/2770/949 1548/2772/949
f 90/2671/950 86/2734/950 1548/2772/950
f 190/2721/951 1600/2740/951 1537/2739/951
f 423/2790/952 90/10028/952 1550/2791/952
f 423/2793/953 1549/10029/953 1547/2794/954
f 355/2796/955 1538/10030/955 1599/2797/955
f 424/2799/956 1551/10031/956 1552/2800/956
f 78/102/957 1544/101/957 1546/2802/957
f 186/2719/958 182/126/958 1596/125/958
f 425/2804/959 98/10032/959 1554/2805/959
f 421/2665/960 1545/10023/960 1543/2773/960
f 447/2807/961 1597/10033/961 1595/2808/961
f 426/2810/962 1555/10034/962 1556/2811/962
f 70/2737/963 1540/2777/963 1542/172/963
f 174/2813/964 1592/10035/964 1594/196/964
f 427/2677/965 106/221/965 1558/220/965
f 418/2816/966 419/10036/966 1541/2817/966
f 445/2714/967 1593/10016/967 1591/2743/967
f 428/2679/968 1559/2763/968 1560/2764/968
f 166/2724/969 1588/2747/969 1590/333/969
f 429/2819/970 114/10037/970 1562/2820/970
f 442/2822/971 443/10038/971 1589/2823/971
f 430/2682/972 1563/2762/972 1564/444/972
f 158/2725/973 1584/2749/973 1586/420/973
f 431/2825/974 122/10039/974 1566/2826/974
f 441/2828/975 1585/10040/975 1583/2829/975
f 432/2831/976 1567/10041/976 1568/2832/976
f 154/2704/977 150/2726/977 1580/2752/977
f 433/2686/978 130/2688/978 1570/2760/978
f 439/2835/979 1581/10042/979 1579/2836/980
f 434/2838/981 1571/10043/981 1572/2839/981
f 142/2841/982 1576/2848/982 1578/2842/982
f 435/2844/983 138/2850/983 1574/2845/983
f 437/2698/984 1577/10018/984 1575/2753/984
f 436/2847/985 1575/10044/985 1576/2848/985
f 134/2849/986 1572/10045/986 1574/2845/986
f 437/2851/987 146/10046/987 1578/2852/987
f 434/2689/988 435/2692/988 1573/2854/988
f 438/2701/989 1579/2750/989 1580/2752/989
f 126/2731/990 1568/2761/990 1570/2760/990
f 439/2855/991 154/10047/991 1582/2856/991
f 433/2858/992 1569/10048/992 1567/2859/992
f 440/2861/993 1583/10049/993 1584/2862/993
f 66/2864/81 1601/98/81 1729/2657/81
f 1476/2866/81 1732/440/81 1604/442/81
f 75/2868/57 1606/441/57 1734/2660/57
f 1480/2870/57 1736/2938/57 1608/2871/57
f 83/2873/31 1610/350/31 1738/2874/31
f 1484/2876/31 1740/394/31 1612/396/31
f 1486/2878/21 91/2937/21 1614/395/21
f 1488/2879/21 1744/373/21 1616/375/21
f 99/2881/99 1618/374/99 1746/2674/99
f 1492/2883/99 1748/353/99 1620/215/99
f 107/2885/51 1622/213/51 1750/2678/51
f 1496/2887/51 1752/2936/51 1624/2888/51
f 115/2890/19 1626/330/19 1754/2681/19
f 1500/2892/19 1756/307/19 1628/309/19
f 1502/2894/6 123/2935/6 1630/308/6
f 1504/2895/6 1760/285/6 1632/118/6
f 131/2897/137 1634/286/137 1762/2687/137
f 1508/2899/137 1764/264/137 1636/266/137
f 139/2901/107 1638/265/107 1766/2902/107
f 1512/2904/107 1768/2934/107 1640/2905/107
f 147/2907/71 1642/241/71 1770/2908/71
f 1516/2910/71 1772/216/71 1644/218/71
f 1518/2912/33 155/2933/33 1646/217/33
f 1520/2913/33 1776/192/33 1648/194/33
f 163/2915/101 1650/193/101 1778/2706/101
f 1524/2917/101 1780/168/101 1652/170/101
f 171/2919/64 1654/169/64 1782/2709/64
f 1528/2921/64 1784/145/64 1656/146/64
f 179/2923/147 1658/2932/147 1786/2924/147
f 1532/2926/147 1788/121/147 1660/123/147
f 1534/2928/146 187/2931/146 1662/122/146
f 1536/2929/146 1792/97/146 1664/99/146
f 191/2930/146 1664/99/146 1662/122/146
f 1534/2928/146 1790/2718/146 1792/97/146
f 179/2923/147 183/2927/147 1660/123/147
f 1530/2925/147 1786/2924/147 1788/121/147
f 175/2922/64 1656/146/64 1654/169/64
f 1526/2920/64 1782/2709/64 1784/145/64
f 167/2918/101 1652/170/101 1650/193/101
f 1524/2917/101 1522/2916/101 1778/2706/101
f 159/2914/33 1648/194/33 1646/217/33
f 1518/2912/33 1774/2703/33 1776/192/33
f 147/2907/71 151/2911/71 1644/218/71
f 1514/2909/71 1770/2908/71 1772/216/71
f 143/2906/107 1640/2905/107 1638/265/107
f 1510/2903/107 1766/2902/107 1768/2934/107
f 135/2900/137 1636/266/137 1634/286/137
f 1506/2898/137 1762/2687/137 1764/264/137
f 127/2896/6 1632/118/6 1630/308/6
f 1502/2894/6 1758/2684/6 1760/285/6
f 115/2890/19 119/2893/19 1628/309/19
f 1498/2891/19 1754/2681/19 1756/307/19
f 111/2889/51 1624/2888/51 1622/213/51
f 1494/2886/51 1750/2678/51 1752/2936/51
f 103/2884/99 1620/215/99 1618/374/99
f 1492/2883/99 1490/2882/99 1746/2674/99
f 95/2880/21 1616/375/21 1614/395/21
f 1486/2878/21 1742/2670/21 1744/373/21
f 83/2873/31 87/2877/31 1612/396/31
f 1482/2875/31 1738/2874/31 1740/394/31
f 79/2872/57 1608/2871/57 1606/441/57
f 1478/2869/57 1734/2660/57 1736/2938/57
f 71/2867/81 1604/442/81 1601/98/81
f 1476/2866/81 1473/2865/81 1729/2657/81
f 87/2939/147 1676/10050/147 1675/2940/147
f 87/2942/1 83/10051/1 1674/2943/1
f 187/2945/1 1726/10052/1 1728/2946/1
f 1486/2948/6 1677/10053/6 1678/2949/6
f 1482/2951/40 1484/10054/40 1675/2952/40
f 1534/2954/40 1536/10055/40 1727/2955/40
f 95/2957/146 1680/10056/146 1679/2958/146
f 79/2960/1 75/10057/1 1670/2961/1
f 183/2963/1 179/10058/1 1722/2964/1
f 1490/2966/137 1681/10059/137 1682/2967/137
f 1478/2969/40 1480/10060/40 1671/2970/40
f 1530/2972/40 1532/10061/40 1723/2973/40
f 103/2975/81 1684/10062/81 1683/2976/81
f 66/2978/1 1665/10063/1 1668/2979/1
f 175/2981/1 171/10064/1 1718/2982/1
f 1494/2984/107 1685/10065/107 1686/2985/107
f 1476/2987/40 1667/10066/40 1666/2988/40
f 1526/2990/40 1528/10067/40 1719/2991/40
f 111/2993/57 1688/10068/57 1687/2994/57
f 163/2996/1 1714/10069/1 1716/2997/1
f 1498/2999/71 1689/10070/71 1690/3000/71
f 1524/3002/40 1715/10071/40 1713/3003/40
f 119/3005/31 1692/10072/31 1691/3006/31
f 155/3008/1 1710/10073/1 1712/3009/1
f 1502/3011/33 1693/10074/33 1694/3012/33
f 1518/3014/40 1520/10075/40 1711/3015/40
f 127/3017/21 1696/10076/21 1695/3018/21
f 151/3020/1 147/10077/1 1706/3021/1
f 1506/3023/101 1697/10078/101 1698/3024/101
f 1514/3026/40 1516/10079/40 1707/3027/40
f 135/3029/99 1700/10080/99 1699/3030/99
f 143/3032/1 139/10081/1 1702/3033/1
f 1510/3035/64 1701/10082/64 1702/3036/64
f 1510/3038/40 1512/10083/40 1703/3039/40
f 143/3041/51 1704/10084/51 1703/3042/51
f 131/3044/1 1698/10085/1 1700/3045/1
f 1514/3047/147 1705/10086/147 1706/3048/147
f 1508/3050/40 1699/10087/40 1697/3051/40
f 151/3053/19 1708/10088/19 1707/3054/19
f 123/3056/1 1694/10089/1 1696/3057/1
f 1518/3059/146 1709/10090/146 1710/3060/146
f 1502/3062/40 1504/10091/40 1695/3063/40
f 159/3065/6 1712/10092/6 1711/3066/6
f 119/3068/1 115/10093/1 1690/3069/1
f 1522/3071/81 1713/10094/81 1714/3072/81
f 1498/3074/40 1500/10095/40 1691/3075/40
f 167/3077/137 1716/10096/137 1715/3078/137
f 111/3080/1 107/10097/1 1686/3081/1
f 1474/3083/994 1602/3146/994 1729/2657/994
f 1475/3084/994 1731/6/994 1732/440/994
f 1477/3086/995 1605/3145/995 1734/2660/995
f 1479/3087/995 1735/989/995 1736/2938/995
f 1481/3089/996 1609/3144/996 1738/2874/996
f 1483/3090/996 1739/15/996 1740/394/996
f 1485/3092/997 1613/3143/998 1742/2670/998
f 1487/3093/998 1743/21/998 1744/373/998
f 1489/3095/999 1617/3142/999 1746/2674/999
f 1491/3096/999 1747/25/999 1748/353/999
f 1493/3098/1000 1621/183/1000 1750/3099/1000
f 1495/3101/1000 1751/3141/1000 1752/3102/1000
f 1497/231/1001 1625/3140/1001 1754/2681/1001
f 1499/3103/1001 1755/39/1001 1756/307/1001
f 1501/324/1002 1629/3139/1002 1758/2684/1002
f 1503/322/1002 1759/42/1002 1760/285/1002
f 1505/409/1004 1633/3138/1004 1762/2687/1004
f 1507/3106/1004 1763/48/1004 1764/264/1004
f 1509/3108/1005 1637/3137/1005 1766/2693/1005
f 1511/3109/1005 1767/2697/1005 1768/2696/1005
f 1513/3111/1006 1641/3136/1006 1770/2908/1006
f 1515/3112/1006 1771/60/1006 1772/216/1006
f 1517/3114/1007 1645/3135/1008 1774/2703/1008
f 1519/3115/1008 1775/66/1008 1776/192/1008
f 1521/3117/1009 1649/3134/1009 1778/2706/1009
f 1523/3118/1009 1779/72/1009 1780/168/1009
f 1525/3120/1010 1653/3133/1013 1782/2709/1010
f 1527/3121/1010 1783/78/1010 1784/145/1010
f 1529/3123/1011 1657/3131/1011 1786/2715/1011
f 1531/3124/1011 1787/3132/1011 1788/3125/1011
f 1533/3127/1012 1661/3130/1012 1790/2718/1012
f 1535/3128/1012 1791/87/1012 1792/97/1012
f 1661/3130/1012 1663/3129/1012 1792/97/1012
f 1533/3127/1012 1789/83/1012 1791/87/1012
f 1659/3126/1011 1788/3125/1011 1786/2715/1011
f 1531/3124/1011 1529/3123/1011 1785/2723/1011
f 1655/3122/1010 1784/145/1010 1782/2709/1010
f 1527/3121/1010 1525/3120/1010 1781/71/1010
f 1649/3134/1009 1651/3119/1009 1780/168/1009
f 1523/3118/1009 1521/3117/1009 1777/65/1009
f 1645/3135/1008 1647/3116/1008 1776/192/1008
f 1517/3114/1007 1773/59/1008 1775/66/1008
f 1643/3113/1006 1772/216/1006 1770/2908/1006
f 1515/3112/1006 1513/3111/1006 1769/53/1006
f 1639/3110/1005 1768/2696/1005 1766/2693/1005
f 1511/3109/1005 1509/3108/1005 1765/2730/1005
f 1633/3138/1004 1635/3107/1004 1764/264/1004
f 1507/3106/1004 1505/409/1004 1761/41/1004
f 1629/3139/1002 1631/3105/1002 1760/285/1002
f 1501/324/1002 1757/38/1003 1759/42/1002
f 1627/3104/1001 1756/307/1001 1754/2681/1001
f 1499/3103/1001 1497/231/1001 1753/32/1001
f 1623/185/1000 1752/3102/1000 1750/3099/1000
f 1495/3101/1000 1493/3098/1000 1749/3100/1000
f 1617/3142/999 1619/3097/999 1748/353/999
f 1491/3096/999 1489/3095/999 1745/20/999
f 1613/3143/998 1615/3094/998 1744/373/998
f 1485/3092/997 1741/14/998 1743/21/998
f 1611/3091/996 1740/394/996 1738/2874/996
f 1483/3090/996 1481/3089/996 1737/11/996
f 1607/3088/995 1736/2938/995 1734/2660/995
f 1479/3087/995 1477/3086/995 1733/5/995
f 1602/3146/994 1603/3085/994 1732/440/994
f 1475/3084/994 1474/3083/994 1730/86/994
f 1831/3147/1014 1832/3157/1014 1960/3148/1014
f 1829/3150/1015 1831/10098/1015 1959/3151/1015
f 1829/3153/1016 1957/10099/1016 1958/3154/1016
f 1830/3156/1017 1958/10100/2467 1960/3148/1017
f 1827/3158/1018 1828/10101/1018 1956/3159/1018
f 1835/3161/1019 1963/10102/1019 1961/3162/1019
f 1825/3164/1020 1953/10103/1020 1954/3165/1020
f 1836/3167/1021 1834/3405/1021 1962/3168/1021
f 1823/3170/1022 1824/10104/1022 1952/3171/1022
f 1839/3173/1023 1967/10105/1023 1965/3174/1023
f 1821/3176/1025 1949/10106/1025 1950/3177/1025
f 1840/3179/1026 1838/3403/1026 1966/3180/1026
f 1819/3182/1027 1820/10107/1027 1948/3183/1027
f 1843/3185/1028 1971/10108/1028 1969/3186/1028
f 1817/3188/1029 1945/10109/1029 1946/3189/1029
f 1842/3191/1030 1970/3430/1030 1972/3192/1030
f 1655/3194/2468 1912/10110/2468 1911/3195/2468
f 1603/3197/2469 1860/10111/2469 1859/3198/2469
f 1619/3200/1033 1617/10112/1033 1874/3201/1033
f 1657/3203/2470 1529/10113/2470 1913/3204/2470
f 1605/3206/2471 1477/10114/2471 1861/3207/2471
f 1489/3095/1036 1491/3096/1036 1875/3209/1036
f 1659/3211/2472 1916/10115/2472 1915/3212/2472
f 1607/3214/2473 1864/10116/2473 1863/3215/2473
f 1615/3217/1039 1613/10117/1039 1870/3218/1039
f 1661/3220/2474 1533/10118/2474 1917/3221/2474
f 1609/3223/2475 1481/10119/2475 1865/3224/2475
f 1487/3093/1042 1871/3416/1042 1869/3226/1042
f 1663/3227/2476 1920/10120/2476 1919/3228/2476
f 1611/3230/2477 1868/10121/2477 1867/3231/2477
f 1609/3233/1045 1866/10122/1045 1868/3234/1045
f 1663/3236/1046 1661/10123/1046 1918/3237/1046
f 1613/3239/2478 1485/10124/2478 1869/3240/2478
f 1481/3089/1048 1483/3090/1048 1867/3242/1048
f 1535/3128/1049 1919/3399/1049 1917/3244/1049
f 1615/3245/2479 1872/10125/2479 1871/3246/2479
f 1605/3248/1051 1862/10126/1051 1864/3249/1051
f 1657/3131/1052 1914/3389/1052 1916/3251/1052
f 1617/3252/2480 1489/10127/2480 1873/3253/2480
f 1477/3086/1054 1479/3087/1054 1863/3255/1054
f 1529/3257/1055 1531/10128/1055 1915/3258/1055
f 1619/3260/2481 1876/10129/2481 1875/3261/2481
f 1603/3263/1057 1602/10130/1057 1857/3264/1057
f 1653/3266/1058 1910/10131/1058 1912/3267/1058
f 1621/3269/2482 1493/10132/2482 1877/3270/2482
f 1474/3083/1060 1475/3084/1060 1859/3272/1060
f 1525/3120/1061 1527/3121/1061 1911/3274/1061
f 1623/3276/2483 1880/10133/2483 1879/3277/2483
f 1651/3279/1063 1649/10134/1063 1906/3280/1063
f 1625/3282/2484 1497/10135/2484 1881/3283/2484
f 1521/3117/1065 1523/3118/1065 1907/3285/1065
f 1627/3287/2485 1884/10136/2485 1883/3288/2485
f 1647/3290/1067 1645/10137/1067 1902/3291/1067
f 1629/3293/2486 1501/10138/2486 1885/3294/2486
f 1519/3115/1069 1903/3404/1069 1901/3296/1069
f 1631/3297/2487 1888/10139/2487 1887/3298/2487
f 1641/3300/1071 1898/10140/1071 1900/3301/1071
f 1633/3303/2488 1505/10141/2488 1889/3304/2488
f 1513/3111/1073 1515/3112/1073 1899/3306/1073
f 1635/3308/2489 1892/10142/2489 1891/3309/2489
f 1637/3137/1075 1894/3367/1075 1896/3311/1075
f 1637/3312/2490 1509/10143/2490 1893/3313/2490
f 1509/3315/1077 1511/10144/1077 1895/3316/1077
f 1639/3318/2491 1896/10145/2491 1895/3319/2491
f 1794/3321/994 1793/3419/994 1857/3322/994
f 1795/3323/994 1859/3272/994 1860/3324/994
f 1797/3326/995 1798/3418/995 1862/3327/995
f 1799/3328/995 1863/3255/995 1864/3329/995
f 1801/3331/996 1802/3417/996 1866/3332/996
f 1803/3333/996 1867/3242/996 1868/3334/996
f 1805/3336/998 1806/3415/997 1870/3337/998
f 1807/3338/998 1871/3416/998 1872/3339/998
f 1809/3341/999 1810/3414/999 1874/3342/999
f 1811/3343/999 1875/3209/999 1876/3344/999
f 1813/3346/1000 1814/3412/1000 1878/3347/1000
f 1815/3349/1000 1879/3413/1000 1880/184/1000
f 1817/3351/1001 1818/3411/1001 1882/3352/1001
f 1819/3353/1001 1883/232/1001 1884/3354/1001
f 1821/3356/1002 1822/3409/1003 1886/3357/1003
f 1823/3358/1003 1887/3410/1003 1888/3359/1002
f 1825/3361/1004 1826/3408/1004 1890/3362/1004
f 1827/3363/1004 1891/410/1004 1892/3364/1004
f 1829/3366/1005 1830/3406/1005 1894/3367/1005
f 1831/3369/1005 1895/3407/1005 1896/3311/1005
f 1833/3371/1006 1834/3405/1006 1898/3372/1006
f 1835/3373/1006 1899/3306/1006 1900/3374/1006
f 1837/3375/1008 1838/3403/1007 1902/3376/1008
f 1839/3377/1008 1903/3404/1008 1904/3378/1008
f 1841/3379/1009 1842/3191/1009 1906/3380/1009
f 1843/3381/1009 1907/3285/1009 1908/3382/1009
f 1845/3383/1010 1846/3402/1010 1910/3384/1010
f 1847/3385/1010 1911/3274/1010 1912/3386/1010
f 1849/3388/1011 1850/3400/1011 1914/3389/1011
f 1851/3391/1011 1915/3401/1011 1916/3251/1011
f 1853/3393/1012 1854/3398/1012 1918/3394/1012
f 1855/3395/1012 1919/3399/1012 1920/3396/1012
f 1856/3397/1012 1920/3396/1012 1918/3394/1012
f 1853/3393/1012 1917/3244/1012 1919/3399/1012
f 1852/3392/1011 1916/3251/1011 1914/3389/1011
f 1849/3388/1011 1913/3390/1011 1915/3401/1011
f 1848/3387/1010 1912/3386/1010 1910/3384/1010
f 1845/3383/1010 1909/3275/1010 1911/3274/1010
f 1844/3193/1009 1908/3382/1009 1906/3380/1009
f 1843/3381/1009 1841/3379/1009 1905/3286/1009
f 1840/3179/1008 1904/3378/1008 1902/3376/1008
f 1837/3375/1008 1901/3296/1008 1903/3404/1008
f 1836/3167/1006 1900/3374/1006 1898/3372/1006
f 1833/3371/1006 1897/3307/1006 1899/3306/1006
f 1832/3370/1005 1896/3311/1005 1894/3367/1005
f 1829/3366/1005 1893/3368/1005 1895/3407/1005
f 1828/3365/1004 1892/3364/1004 1890/3362/1004
f 1825/3361/1004 1889/411/1004 1891/410/1004
f 1824/3360/1002 1888/3359/1002 1886/3357/1003
f 1821/3356/1002 1885/323/1002 1887/3410/1003
f 1820/3355/1001 1884/3354/1001 1882/3352/1001
f 1817/3351/1001 1881/233/1001 1883/232/1001
f 1816/3350/1000 1880/184/1000 1878/3347/1000
f 1813/3346/1000 1877/3348/1000 1879/3413/1000
f 1812/3345/999 1876/3344/999 1874/3342/999
f 1811/3343/999 1809/3341/999 1873/3210/999
f 1808/3340/998 1872/3339/998 1870/3337/998
f 1805/3336/998 1869/3226/998 1871/3416/998
f 1804/3335/996 1868/3334/996 1866/3332/996
f 1801/3331/996 1865/3243/996 1867/3242/996
f 1800/3330/995 1864/3329/995 1862/3327/995
f 1797/3326/995 1861/3256/995 1863/3255/995
f 1796/3325/994 1860/3324/994 1857/3322/994
f 1794/3321/994 1858/3273/994 1859/3272/994
f 1981/3420/1012 1983/10146/1012 1984/3421/1012
f 1978/3423/1011 1977/10147/1011 1979/3424/1011
f 1973/3426/1010 1975/10148/1010 1976/3427/1010
f 1969/3429/1009 1971/10149/1009 1972/3192/1009
f 1965/3431/1008 1967/10150/1008 1968/3181/1007
f 1962/3168/1006 1961/10151/1006 1963/3432/1006
f 1957/3433/1005 1959/10152/1005 1960/3434/1005
f 1954/3436/1004 1953/10153/1004 1955/3437/1004
f 1949/3439/1002 1951/10154/1002 1952/3440/1002
f 1946/3442/1001 1945/10155/1001 1947/3443/1001
f 1941/3445/1000 1943/10156/1000 1944/3446/1000
f 1937/3448/999 1939/10157/999 1940/3449/999
f 1933/3451/998 1935/10158/998 1936/3452/997
f 1930/3454/996 1929/10159/996 1931/3455/996
f 1925/3457/995 1927/10160/995 1928/3458/995
f 1921/3460/994 1922/10161/994 1923/3461/994
f 1826/3408/1079 1954/3436/1079 1956/3438/1079
f 1833/3463/1080 1961/10162/1080 1962/3464/1080
f 1827/3466/1081 1955/10163/1081 1953/3467/1081
f 1835/3469/1082 1836/10164/1082 1964/3470/1082
f 1824/3360/1083 1822/3409/1083 1950/3441/1083
f 1837/3472/1084 1965/10165/1084 1966/3473/1084
f 1823/3475/1085 1951/10166/1085 1949/3476/1086
f 1839/3478/1087 1840/10167/1087 1968/3479/1087
f 1820/3355/1088 1818/3411/1088 1946/3442/1088
f 1841/3481/1089 1969/10168/1089 1970/3482/1089
f 1819/3484/1090 1947/10169/1090 1945/3485/1090
f 1843/3487/1091 1844/10170/1091 1972/3488/1091
f 1814/3490/1092 1942/10171/1092 1944/3491/1092
f 1845/3493/1093 1973/10172/1093 1974/3494/1093
f 1794/3496/1094 1922/10173/1094 1921/3497/1094
f 1813/3499/1095 1815/10174/1095 1943/3500/1095
f 1847/3502/1096 1848/10175/1096 1976/3503/1096
f 1795/3505/1097 1796/10176/1097 1924/3506/1097
f 1810/3414/1098 1938/3450/1098 1940/3449/1098
f 1849/3508/1099 1977/10177/1099 1978/3509/1099
f 1797/3511/1100 1925/10178/1100 1926/3512/1100
f 1811/3514/1101 1939/10179/1101 1937/3515/1101
f 1851/3517/1102 1852/10180/1102 1980/3518/1102
f 1799/3520/1103 1800/10181/1103 1928/3521/1103
f 1808/3340/1104 1806/3415/1104 1934/3453/1104
f 1853/3523/1105 1981/10182/1105 1982/3524/1105
f 1801/3526/1106 1929/10183/1106 1930/3527/1106
f 1807/3529/1107 1935/10184/1107 1933/3530/1107
f 1855/3532/1108 1856/10185/1108 1984/3533/1108
f 1803/3535/1109 1804/10186/1109 1932/3536/1109
f 1804/3335/1110 1802/3417/1110 1930/3454/1110
f 1856/3397/1111 1854/3398/1111 1982/3422/1111
f 1805/3538/1112 1933/10187/1112 1934/3539/1112
f 1803/3541/1113 1931/10188/1113 1929/3542/1113
f 1855/3544/1114 1983/10189/1114 1981/3545/1115
f 1807/3547/1116 1808/10190/1116 1936/3548/1116
f 1798/3418/1117 1926/3459/1118 1928/3458/1118
f 1852/3550/1119 1850/10191/1119 1978/3551/1119
f 1809/3553/1120 1937/10192/1120 1938/3554/1120
f 1797/3556/1121 1799/10193/1121 1927/3557/1121
f 1851/3559/1122 1979/10194/1122 1977/3560/1122
f 1811/3562/1123 1812/10195/1123 1940/3563/1123
f 1793/3419/1124 1921/3460/1124 1924/3462/1124
f 1846/3402/1125 1974/3428/1125 1976/3427/1125
f 1813/3565/1126 1941/10196/1126 1942/3566/1126
f 1795/3568/1127 1923/10197/1127 1922/3569/1127
f 1845/3571/1128 1847/10198/1128 1975/3572/1128
f 1815/3574/1129 1816/10199/1129 1944/3575/1129
f 2240/3577/1130 2208/4018/1130 2177/3578/1130
f 406/3580/2492 2298/10200/2492 2266/3581/2492
f 2211/3583/1132 2210/3770/1132 2178/3584/1132
f 1997/3586/1133 2252/10201/1133 2251/3587/1133
f 2212/3589/1134 2180/3982/1134 2181/3590/1134
f 415/3592/1135 2303/10202/1135 2304/3593/1135
f 2214/3595/1136 2182/3985/1136 2183/3596/1136
f 403/3598/2493 2010/10203/2493 2265/3599/2493
f 2216/3601/1138 2184/3988/1138 2185/3602/1138
f 1994/3604/1139 1995/10204/1139 2250/3605/1139
f 2218/3607/1140 2186/3990/1140 2187/3608/1140
f 411/3610/1141 2301/10205/1141 2302/3611/1141
f 2220/3613/1142 2188/3992/1142 2189/3614/1142
f 402/3616/2494 2296/10206/2494 2264/3617/2494
f 2222/3619/1144 2190/3995/1144 2191/3620/1144
f 1992/3622/1145 1993/10207/1145 2248/3623/1145
f 2224/3625/1146 2192/3998/1146 2193/3626/1146
f 407/3628/1147 2299/10208/1147 2300/3629/1147
f 2226/3631/1148 2194/4000/1148 2195/3632/1148
f 399/3634/2495 2008/10209/2495 2263/3635/2495
f 2228/3637/1150 2196/4002/1150 2197/3638/1150
f 1991/3640/1151 2246/10210/1151 2245/3641/1151
f 2230/3643/1152 2198/4005/1152 2199/3644/1152
f 406/3646/1153 403/10211/1153 2297/3647/1153
f 2232/3649/1154 2200/4008/1154 2201/3650/1154
f 398/3652/2496 2294/10212/2496 2262/3653/2496
f 2234/3655/1156 2202/4010/1156 2203/3656/1156
f 1989/3658/1157 2244/10213/1157 2243/3659/1157
f 2236/3661/1158 2204/4012/1158 2205/3662/1158
f 399/3664/1159 2295/10214/1159 2296/3665/1159
f 2238/3667/1160 2206/4015/1160 2207/3668/1160
f 395/3670/2497 2006/10215/2497 2261/3671/2497
f 3346/3673/1162 2354/10216/1162 2353/3674/1162
f 3331/3676/1163 2019/10217/1163 3073/3677/1163
f 3333/3679/1164 2341/10218/1164 2309/3680/1165
f 3333/3682/1166 2021/10219/1166 3075/3683/1166
f 3359/3685/1167 2367/10220/1167 2335/3686/1168
f 3335/3688/1169 2023/10221/1169 3077/3689/1169
f 3332/3691/1170 3075/10222/2498 2308/3692/1171
f 3337/3694/1172 2025/10223/1172 3079/3695/1172
f 3358/3697/1173 3101/10224/1174 2334/3698/1174
f 3338/3700/1175 3339/10225/1175 2027/3701/1175
f 2033/3703/1176 2321/10226/1176 2322/3704/1176
f 3340/3706/1177 3341/10227/1177 2029/3707/1177
f 3344/3709/1178 2352/10228/1178 2351/3710/1178
f 3342/3712/1179 3343/10229/1179 2031/3713/1179
f 3331/3715/1180 2339/10230/1180 2307/3716/1181
f 3345/3718/1182 2033/10231/1182 3087/3719/1182
f 3357/3721/1183 2365/10232/1183 2333/3722/1184
f 3346/3724/1185 3347/10233/1185 2035/3725/1185
f 3330/3727/1186 3073/10234/1187 2306/3728/1187
f 3348/3730/1188 3349/10235/1188 2037/3731/1188
f 3356/3733/1189 3099/4298/1190 2332/3734/1190
f 3350/3736/1191 3351/10236/1191 2039/3737/1191
f 3087/3739/1192 2031/10237/1192 2319/3740/1192
f 3353/3742/1193 2041/10238/1193 3095/3743/1193
f 3342/3745/1194 2350/10239/1194 2349/3746/1194
f 3355/3748/1195 2043/10240/1195 3097/3749/1195
f 3329/3751/1196 2337/10241/1196 2305/3752/1197
f 3357/3754/1198 2045/10242/1198 3099/3755/1198
f 3355/3757/1199 2363/10243/1199 2331/3758/1200
f 3359/3760/1201 2047/10244/1201 3101/3761/1201
f 3354/3763/1202 3097/10245/1203 2330/3764/1203
f 3329/3766/1204 2017/10246/1204 3103/3767/1204
f 2050/3769/1205 2049/3801/1205 2240/3577/1205
f 2050/3769/1206 2209/3579/1206 2210/3770/1206
f 2051/3771/1207 2210/3770/1207 2211/3583/1207
f 2052/3772/1208 2211/3583/1208 2212/3589/1208
f 2053/3773/1209 2212/3589/1209 2213/3591/1209
f 2054/3774/1210 2213/3591/1210 2214/3595/1210
f 2055/3775/1211 2214/3595/1211 2215/3597/1211
f 2056/3776/1212 2215/3597/1212 2216/3601/1212
f 2058/3778/1213 2057/3777/1213 2216/3601/1213
f 2058/3778/1214 2217/3603/1214 2218/3607/1214
f 2059/3779/1215 2218/3607/1215 2219/3609/1215
f 2060/3780/1216 2219/3609/1216 2220/3613/1216
f 2062/3782/1217 2061/3781/1217 2220/3613/1217
f 2062/3782/1218 2221/3615/1218 2222/3619/1218
f 2063/3783/1219 2222/3619/1219 2223/3621/1219
f 2065/3785/1220 2064/3784/1220 2223/3621/1220
f 2065/3785/1221 2224/3625/1221 2225/3627/1221
f 2067/3787/1222 2066/3786/1222 2225/3627/1222
f 2067/3787/1223 2226/3631/1223 2227/3633/1223
f 2068/3788/1224 2227/3633/1224 2228/3637/1224
f 2070/3790/1225 2069/3789/1225 2228/3637/1225
f 2070/3790/1226 2229/3639/1226 2230/3643/1226
f 2071/3791/1227 2230/3643/1227 2231/3645/1227
f 2072/3792/1228 2231/3645/1228 2232/3649/1228
f 2074/3794/1229 2073/3793/1229 2232/3649/1229
f 2074/3794/1230 2233/3651/1230 2234/3655/1230
f 2075/3795/1231 2234/3655/1231 2235/3657/1231
f 2076/3796/1232 2235/3657/1232 2236/3661/1232
f 2078/3798/1233 2077/3797/1233 2236/3661/1233
f 2078/3798/1234 2237/3663/1234 2238/3667/1234
f 2079/3799/1235 2238/3667/1235 2239/3669/1235
f 2080/3800/1236 2239/3669/1236 2240/3577/1236
f 2113/3850/1253 2114/3872/1253 2115/3851/1253
f 2120/3853/1254 2117/3874/1254 2118/3854/1254
f 2124/3856/1255 2121/3875/1255 2122/3857/1255
f 2125/3859/1256 2126/3878/1256 2127/3860/1256
f 2129/3862/1257 2130/3880/1257 2131/3863/1257
f 2136/3865/1258 2133/3882/1258 2134/3866/1258
f 2137/3868/1259 2138/3884/1259 2139/3869/1259
f 2141/3871/1260 2142/3886/1260 2114/3872/1260
f 2143/3873/1261 2144/3888/1261 2118/3854/1261
f 2121/3875/1262 2145/3890/1262 2146/3876/1262
f 2147/3877/1263 2148/3892/1263 2126/3878/1263
f 2149/3879/1264 2150/3894/1264 2130/3880/1264
f 2151/3881/1265 2152/3896/1265 2134/3866/1265
f 2153/3883/1266 2154/3900/1266 2138/3884/1266
f 2141/3871/1267 2155/3901/1267 2156/3885/1267
f 2143/3873/1268 2157/3904/1268 2158/3887/1268
f 2159/3889/1269 2160/3906/1269 2146/3876/1269
f 2161/3891/1270 2162/3907/1270 2148/3892/1270
f 2149/3879/1271 2163/3908/1271 2164/3893/1271
f 2165/3895/1272 2166/3909/1272 2152/3896/1272
f 2170/3897/1273 2167/3910/1273 2168/3898/1273
f 2170/3897/1274 2169/3899/1274 2154/3900/1274
f 2155/3901/1275 2171/3911/1275 2172/3902/1275
f 2173/3903/1276 2174/3912/1276 2158/3887/1276
f 2175/3905/1277 2176/3913/1277 2160/3906/1277
f 2116/3852/1278 2115/3851/1278 2162/3907/1278
f 2163/3908/1279 2120/3853/1279 2119/3855/1279
f 2124/3856/1280 2123/3858/1280 2166/3909/1280
f 2167/3910/1281 2128/3861/1281 2127/3860/1281
f 2132/3864/1282 2131/3863/1282 2172/3902/1282
f 2136/3865/1283 2135/3867/1283 2174/3912/1283
f 2140/3870/1284 2139/3869/1284 2176/3913/1284
f 3364/3914/1285 2126/10263/1285 2148/3915/1285
f 2059/3917/48 2171/3924/48 2155/3918/48
f 3391/88/1286 2138/90/1286 2154/3919/1286
f 3366/3921/1287 3365/3916/1287 2148/3915/1287
f 2060/3923/64 2132/3929/64 2171/3924/64
f 3361/478/1288 3392/3920/1288 2154/3919/1288
f 3366/3921/1289 2162/3922/1289 2115/3926/1289
f 2061/3928/42 2129/10264/42 2132/3929/42
f 3368/3930/1290 3367/3927/1290 2115/3926/1290
f 2062/3932/147 2149/3938/147 2129/3933/147
f 3368/3930/1291 2114/3931/1291 2142/3935/1291
f 2063/3937/35 2163/3942/35 2149/3938/35
f 3369/3936/1292 2142/3935/1292 2156/3939/1292
f 2064/3941/146 2120/3946/146 2163/3942/146
f 3370/3940/1293 2156/3939/1293 2172/3943/1293
f 2065/3945/28 2117/3950/28 2120/3946/28
f 3371/3944/1294 2172/3943/1294 2131/3947/1294
f 2066/3949/81 2143/3955/81 2117/3950/81
f 3372/3951/1295 2131/10265/1295 2130/3952/1295
f 2067/3954/120 2157/3959/120 2143/3955/120
f 3373/3953/1296 2130/3952/1296 2150/3956/1296
f 2068/3958/57 2173/10266/57 2157/3959/57
f 3375/3960/1297 3374/3957/1297 2150/3956/1297
f 2069/3962/114 2136/3968/114 2173/3963/114
f 3375/3960/1298 2164/3961/1298 2119/3965/1298
f 2070/3967/31 2133/3972/31 2136/3968/31
f 3376/3966/1299 2119/3965/1299 2118/3969/1299
f 2071/3971/109 2151/3976/109 2133/3972/109
f 3377/3970/1300 2118/3969/1300 2144/3973/1300
f 2072/3975/21 2165/3978/21 2151/3976/21
f 3378/3974/1301 2144/3973/1301 2158/3977/1301
f 2073/525/103 2124/524/103 2165/3978/103
f 1986/3979/1302 2177/3578/1302 2178/3584/1302
f 1988/3981/1303 2179/3585/1303 2180/3982/1303
f 1990/3984/1304 2181/3590/1304 2182/3985/1304
f 1993/3987/1305 1992/4044/1305 2183/3596/1305
f 1995/3989/1306 1994/4045/1306 2185/3602/1306
f 1996/3991/1307 2187/3608/1307 2188/3992/1307
f 1998/3994/1308 2189/3614/1308 2190/3995/1308
f 2001/3997/1309 2000/4048/1309 2191/3620/1309
f 2003/3999/1310 2002/4049/1319 2193/3626/1310
f 2004/4001/1311 2195/3632/1311 2196/4002/1311
f 2006/4004/1312 2197/3638/1312 2198/4005/1312
f 2009/4007/1313 2008/4053/1313 2199/3644/1313
f 2011/4009/1314 2010/4054/1314 2201/3650/1314
f 2012/4011/1315 2203/3656/1315 2204/4012/1315
f 2014/4014/1316 2205/3662/1316 2206/4015/1316
f 1985/4017/1317 2016/4057/1317 2207/3668/1317
f 358/4019/1318 2210/3770/1302 2209/3579/1318
f 359/4021/1303 362/4042/1303 2212/3589/1303
f 363/4022/1304 366/4043/1304 2214/3595/1304
f 370/4023/1305 2216/3601/1305 2215/3597/1305
f 371/4025/1306 374/4046/1306 2218/3607/1306
f 378/4026/1307 2220/3613/1307 2219/3609/1307
f 379/4028/1308 382/4047/1308 2222/3619/1308
f 386/4029/1309 2224/3625/1309 2223/3621/1309
f 387/4031/1310 390/4050/1319 2226/3631/1310
f 391/4032/1311 394/4051/1311 2228/3637/1311
f 395/4033/1312 398/4052/1312 2230/3643/1312
f 402/4034/1313 2232/3649/1313 2231/3645/1313
f 403/4036/1314 406/4055/1314 2234/3655/1314
f 410/4037/1315 2236/3661/1315 2235/3657/1315
f 411/4039/1316 414/4056/1316 2238/3667/1316
f 353/4040/1317 2240/3577/1317 2239/3669/1317
f 1986/3979/1302 354/4020/1318 2209/3579/1318
f 1985/4017/1317 2208/4018/1317 2240/3577/1317
f 1987/3980/1302 2178/3584/1302 2210/3770/1302
f 1988/3981/1303 359/4021/1303 2211/3583/1303
f 1989/3983/1303 2180/3982/1303 2212/3589/1303
f 1990/3984/1304 363/4022/1304 2213/3591/1304
f 1991/3986/1304 2182/3985/1304 2214/3595/1304
f 1992/4044/1305 367/4024/1305 2215/3597/1305
f 1993/3987/1305 2184/3988/1305 2216/3601/1305
f 1994/4045/1306 371/4025/1306 2217/3603/1306
f 1995/3989/1306 2186/3990/1306 2218/3607/1306
f 1996/3991/1307 375/4027/1307 2219/3609/1307
f 1997/3993/1307 2188/3992/1307 2220/3613/1307
f 1998/3994/1308 379/4028/1308 2221/3615/1308
f 1999/3996/1308 2190/3995/1308 2222/3619/1308
f 2000/4048/1309 383/4030/1309 2223/3621/1309
f 2001/3997/1309 2192/3998/1309 2224/3625/1309
f 2002/4049/1319 387/4031/1310 2225/3627/1310
f 2003/3999/1310 2194/4000/1310 2226/3631/1310
f 2004/4001/1311 391/4032/1311 2227/3633/1311
f 2005/4003/1311 2196/4002/1311 2228/3637/1311
f 2006/4004/1312 395/4033/1312 2229/3639/1312
f 2007/4006/1312 2198/4005/1312 2230/3643/1312
f 2008/4053/1313 399/4035/1313 2231/3645/1313
f 2009/4007/1313 2200/4008/1313 2232/3649/1313
f 2010/4054/1314 403/4036/1314 2233/3651/1314
f 2011/4009/1314 2202/4010/1314 2234/3655/1314
f 2012/4011/1315 407/4038/1315 2235/3657/1315
f 2013/4013/1315 2204/4012/1315 2236/3661/1315
f 2014/4014/1316 411/4039/1316 2237/3663/1316
f 2015/4016/1316 2206/4015/1316 2238/3667/1316
f 2016/4057/1317 415/4041/1317 2239/3669/1317
f 354/4058/2500 1986/10267/2500 2241/4059/2500
f 1999/4061/1321 2254/10268/1321 2253/4062/1321
f 407/4064/2501 2012/4119/2501 2267/4065/2501
f 353/4067/2502 2304/10269/2502 2272/4068/2502
f 2001/4070/2503 2256/10270/2503 2255/4071/2503
f 410/4073/2504 2300/10271/2504 2268/4074/2504
f 358/4076/2505 2274/10272/2505 2242/4077/2505
f 2002/4079/1327 2003/10273/1327 2258/4080/1327
f 411/4082/2506 2014/10274/2506 2269/4083/2506
f 359/4085/2507 1988/10275/2507 2243/4086/2507
f 2005/4088/1330 2260/4191/1330 2259/4089/1330
f 414/4091/2508 2302/10276/2508 2270/4092/2508
f 362/4094/2509 2276/10277/2509 2244/4095/2509
f 2007/4097/1333 2262/10278/1333 2261/4098/1333
f 415/4100/2510 2016/10279/2510 2271/4101/2510
f 363/4103/2511 1990/10280/2511 2245/4104/2511
f 2008/4106/1336 2009/10281/2512 2264/4107/1336
f 366/4109/2513 2278/10282/2513 2246/4110/2513
f 2010/4112/1338 2011/10283/1338 2266/4113/1338
f 367/4115/2514 1992/10284/2514 2247/4116/2514
f 2013/4118/1340 2268/10285/1340 2267/4065/1340
f 370/4120/2515 2280/10286/2515 2248/4121/2515
f 2015/4123/1342 2270/10287/1342 2269/4124/1342
f 371/4126/2516 1994/10288/2516 2249/4127/2516
f 2016/4129/1344 1985/10289/2517 2272/4130/1344
f 374/4132/2518 2282/10290/2518 2250/4133/2518
f 358/4135/1347 354/10291/1347 2273/4136/1347
f 375/4138/2519 1996/10292/2519 2251/4139/2519
f 362/4141/1349 359/4085/1349 2275/4087/1349
f 378/4143/2520 2284/4165/2520 2252/4144/2520
f 366/4146/1351 363/10293/1351 2277/4147/1351
f 379/4149/2521 1998/10294/2521 2253/4150/2521
f 367/4152/1353 2279/10295/1353 2280/4153/1353
f 382/4155/2522 2286/10296/2522 2254/4156/2522
f 374/4158/1355 371/10297/1355 2281/4159/1355
f 383/4161/2523 2000/10298/2523 2255/4162/2523
f 375/4164/1357 2283/10299/1357 2284/4165/1357
f 386/4166/2524 2288/10300/2524 2256/4167/2524
f 379/4169/1359 2285/10301/1359 2286/4170/1359
f 387/4172/2525 2002/10302/2525 2257/4173/2525
f 383/4175/1361 2287/10303/1361 2288/4176/1361
f 390/4178/2526 2290/10304/2526 2258/4179/2526
f 390/4181/1363 387/10305/1363 2289/4182/1363
f 391/4184/2527 2004/10306/2527 2259/4185/2527
f 394/4187/1365 391/10307/1365 2291/4188/1365
f 394/4190/2528 2292/10308/2528 2260/4191/2528
f 398/4192/1367 395/10309/1367 2293/4193/1367
f 1987/4195/2529 2242/10310/2529 2241/4196/2529
f 2337/4198/1369 2338/10311/1369 2306/4199/1369
f 2339/4201/1370 2340/10312/1370 2308/4202/1370
f 2341/4204/1371 2342/10313/1371 2310/4205/1371
f 2344/4207/1372 2312/10314/1372 2311/4208/1372
f 2345/4210/1373 2346/10315/1373 2314/4211/1373
f 2348/4213/1374 2316/10316/1374 2315/4214/1374
f 2350/4216/1375 2318/10317/1375 2317/4217/1375
f 2352/4219/1376 2320/10318/1376 2319/4220/1376
f 2354/4222/1377 2322/10319/1377 2321/4223/1377
f 2356/4225/1378 2324/10320/1378 2323/4226/1378
f 2358/4228/1379 2326/10321/1379 2325/4229/1379
f 2360/4231/1380 2328/10322/1380 2327/4232/1380
f 2362/4234/1381 2330/10323/1381 2329/4235/1381
f 2364/4237/1382 2332/10324/1382 2331/4238/1382
f 2366/4240/1383 2334/10325/1383 2333/4241/1383
f 2368/4243/1384 2336/10326/1384 2335/4244/1384
f 2035/4246/1385 2323/10327/1385 2324/4247/1385
f 3360/4249/1386 3103/10328/1387 2336/4250/1387
f 3334/4252/1388 3077/10329/1389 2310/4253/1389
f 3335/4255/1390 2343/10330/1390 2311/4256/1391
f 3348/4258/1392 2356/10331/1392 2355/4259/1392
f 3093/4261/1393 2037/10332/1393 2325/4262/1393
f 3336/4264/1394 3079/10333/1395 2312/4265/1395
f 3337/4267/1396 2345/10334/1396 2313/4268/1397
f 3350/4270/1398 2358/10335/1398 2357/4271/1398
f 2039/4273/1399 2327/10336/1399 2328/4274/1399
f 3338/4276/1400 3081/10337/1401 2314/4277/1401
f 3339/4279/1402 2347/10338/1402 2315/4280/1403
f 3351/4282/1404 3352/10339/1404 2360/4283/1404
f 3097/4285/1405 2041/10340/1405 2329/4286/1405
f 3340/4288/1406 3083/10341/1407 2316/4289/1407
f 3341/4291/1408 2349/10342/1408 2317/4292/1409
f 3354/4294/1410 2362/10343/1410 2361/4295/1410
f 2043/4297/1411 2331/10344/1411 2332/3734/1411
f 3073/4299/1412 2017/10345/1412 2305/4300/1412
f 3342/4302/1413 3085/10346/1414 2318/4303/1414
f 3343/4305/1415 2351/10347/1415 2319/4306/1416
f 2045/4308/1417 2333/10348/1417 2334/4309/1417
f 3356/4311/1418 2364/10349/1418 2363/4312/1418
f 2019/4314/1419 2307/10350/1419 2308/4315/1419
f 3329/4317/1420 3330/10351/1420 2338/4318/1420
f 3344/4320/1421 3087/10352/1422 2320/4321/1422
f 3345/4323/1423 2353/10353/1423 2321/4324/1424
f 3358/4326/1425 2366/10354/1425 2365/4327/1425
f 2047/4329/1426 2335/10355/1426 2336/4330/1426
f 3331/4332/1427 3332/10356/1427 2340/4333/1427
f 3077/4335/1428 2021/10357/1428 2309/4336/1428
f 3346/4338/1429 3089/10358/1430 2322/4339/1430
f 3347/4341/1431 2355/10359/1431 2323/4342/1432
f 3359/4344/1433 3360/10360/1433 2368/4345/1433
f 3334/4347/1434 2342/10361/1434 2341/4348/1434
f 2023/4350/1435 2311/10362/1435 2312/4351/1435
f 3348/4353/1436 3091/4248/1437 2324/4247/1437
f 3349/4355/1438 2357/10363/1438 2325/4356/1439
f 3336/4358/1440 2344/10364/1440 2343/4359/1440
f 3081/4361/1441 2025/10365/1441 2313/4362/1441
f 3350/4364/1442 3093/10366/1443 2326/4365/1443
f 3351/4367/1444 2359/10367/1444 2327/4368/1445
f 3338/4370/1446 2346/10368/1446 2345/4371/1446
f 2027/4373/1447 2315/10369/1447 2316/4374/1447
f 3352/4376/1448 3095/10370/1449 2328/4377/1449
f 3353/4379/1450 2361/10371/1450 2329/4380/1451
f 3340/4382/1452 2348/10372/1452 2347/4383/1452
f 2029/4385/1453 2317/10373/1453 2318/4386/1453
f 193/4388/1454 2432/10374/1454 2400/4389/1454
f 3080/641/103 3112/10375/103 2408/4391/103
f 2037/4392/114 2388/10376/114 3123/4393/114
f 221/622/1455 2428/621/1455 2396/4395/1455
f 195/4397/1456 2402/10377/1456 2370/4398/1456
f 2383/4400/1 2415/10378/1 3184/4401/1
f 2397/4403/1457 3197/10379/1457 3165/4404/1457
f 3082/649/96 3114/10380/96 2410/4406/96
f 2039/4407/109 2390/10381/109 3125/4408/109
f 223/4410/1458 2430/10382/1458 2398/4411/1458
f 197/4413/1459 2404/10383/1459 2372/4414/1459
f 2413/4416/1 3182/10384/1 3181/4417/1
f 2387/4419/1460 3187/10385/1460 3155/4420/1460
f 3084/663/90 3116/10386/90 2412/4422/90
f 2041/4423/103 2392/10387/103 3127/4424/103
f 199/4426/1461 2406/10388/1461 2374/4427/1461
f 2379/4429/1 2411/10389/1 3180/4430/1
f 3086/666/84 3118/10390/84 2414/4432/84
f 2043/4433/96 2394/10391/96 3129/4434/96
f 201/4436/1462 2408/10392/1462 2376/4437/1462
f 200/4439/1463 3144/10393/1463 3176/4440/1463
f 3088/673/78 3120/10394/78 2416/4442/78
f 2045/4443/90 2396/10395/90 3131/4444/90
f 2019/4446/73 2370/10396/73 3105/4447/73
f 203/4449/1464 2410/10397/1464 2378/4450/1464
f 2409/4452/1 3178/10398/1 3177/4453/1
f 3090/626/73 3122/10399/73 2418/4455/73
f 2047/4456/84 2398/10400/84 3133/4457/84
f 2021/4459/66 2372/10401/66 3107/4460/66
f 205/4462/1465 2412/10402/1465 2380/4463/1465
f 2395/4465/1466 3195/10403/1466 3163/4466/1466
f 3092/640/66 3124/6034/66 2420/4468/66
f 2017/4469/78 2400/10404/78 3135/4470/78
f 2023/4472/60 2374/10405/60 3109/4473/60
f 207/4475/1467 2414/10406/1467 2382/4476/1467
f 2375/4478/1 2407/10407/1 3176/4479/1
f 3094/643/60 3126/10408/60 2422/4481/60
f 2025/4482/54 2376/10409/54 3111/4483/54
f 209/4485/1468 2416/10410/1468 2384/4486/1468
f 2369/4488/1469 3169/10411/1469 3137/4489/1469
f 3096/651/54 3128/10412/54 2424/4491/54
f 2027/4492/48 2378/10413/48 3113/4493/48
f 211/4495/1470 2418/10414/1470 2386/4496/1470
f 2405/4498/1 3174/10415/1 3173/4499/1
f 3098/659/48 3130/10416/48 2426/4501/48
f 2029/4502/42 2380/10417/42 3115/4503/42
f 213/4505/1471 2420/10418/1471 2388/4506/1471
f 2385/4508/1472 3185/10419/1472 3153/4509/1472
f 2440/4511/33 2568/10420/33 2567/4512/33
f 2491/4514/64 2619/10421/64 2620/4515/64
f 2488/4517/1473 2616/10422/1473 2584/4518/1473
f 2438/4520/71 2566/10423/71 2565/4521/71
f 2489/4523/101 2617/10424/101 2618/4524/101
f 2455/4526/1461 2583/10425/1461 2615/4527/1461
f 2436/4529/107 2564/10426/107 2563/4530/107
f 2487/4532/33 2615/10427/33 2616/4533/33
f 2486/4535/1474 2614/10428/1474 2582/4536/1474
f 2434/4538/137 2562/10429/137 2561/4539/137
f 2485/4541/71 2613/10430/71 2614/4542/71
f 2453/4544/1459 2581/10431/1459 2613/4545/1459
f 2483/4547/107 2611/10432/107 2612/4548/107
f 2484/4549/1475 2612/4548/1475 2580/4550/1475
f 2481/4552/137 2609/10433/137 2610/4553/137
f 2451/4555/1456 2579/10434/1456 2611/4556/1456
f 319/4558/1476 2527/10435/1476 2559/4559/1476
f 293/4561/1477 2501/10436/1477 2533/4562/1477
f 2956/783/1478 2955/5730/1478 2539/4564/1478
f 312/656/157 2520/10437/157 2519/4566/157
f 320/4567/1479 2976/10438/1479 2560/4568/1479
f 294/4570/1480 2950/10439/1480 2534/4571/1480
f 295/4573/1481 2503/10440/1481 2535/4574/1481
f 2958/4576/1482 2957/5806/1482 2541/4577/1482
f 314/665/151 2522/10441/151 2521/4579/151
f 296/4580/1483 2952/10442/1483 2536/4581/1483
f 297/4583/1484 2505/10443/1484 2537/4584/1484
f 2959/4586/1485 2543/10444/1485 2544/4587/1485
f 315/668/1478 316/672/1478 2524/4589/1478
f 290/675/1486 2498/10445/1486 2497/4591/1486
f 298/4592/1487 2954/10446/1487 2538/4593/1487
f 299/4595/1488 2507/10447/1488 2539/4596/1488
f 2962/4598/1486 2961/5812/1486 2545/4599/1486
f 318/459/1482 2526/10448/1482 2525/4601/1482
f 292/4602/1489 2500/10449/1489 2499/4603/1489
f 300/4604/1490 2956/10450/1490 2540/4605/1490
f 301/4607/1491 2509/10451/1491 2541/4608/1491
f 2964/4610/1489 2963/5815/1489 2547/4611/1489
f 320/634/1485 2528/10452/1485 2527/4613/1485
f 294/637/1492 2502/10453/1492 2501/4614/1492
f 302/4615/1493 2958/10454/1493 2542/4616/1493
f 303/4618/1494 2511/10455/1494 2543/4619/1494
f 2965/4621/1492 2549/10456/1492 2550/4622/1492
f 295/642/1495 296/646/1495 2504/4624/1495
f 304/4626/1496 2960/10457/1496 2544/4627/1496
f 305/4629/1497 2513/10458/1497 2545/4630/1497
f 2967/4632/1495 2551/10459/1495 2552/4633/1495
f 298/654/1498 2506/10460/1498 2505/4635/1498
f 306/4636/1499 2962/10461/1499 2546/4637/1499
f 307/4639/1500 2515/10462/1500 2547/4640/1500
f 2969/4642/1498 2553/10463/1498 2554/4643/1498
f 300/4645/1501 2508/10464/1501 2507/4646/1501
f 308/4647/1502 2964/10465/1502 2548/4648/1502
f 309/4650/1503 2517/10466/1503 2549/4651/1503
f 2972/4653/1501 2971/5746/1501 2555/4654/1501
f 2945/4656/161 2529/10467/161 2530/4657/161
f 301/667/1504 302/670/1504 2510/4659/1504
f 310/4661/1505 2966/10468/1505 2550/4662/1505
f 311/4664/1506 2519/10469/1506 2551/4665/1506
f 2973/4667/1504 2557/10470/1504 2558/4668/1504
f 2947/4670/156 2531/10471/156 2532/682/156
f 303/674/162 304/678/162 2512/4672/162
f 312/4674/1507 2968/10472/1507 2552/4675/1507
f 313/4677/1508 2521/10473/1508 2553/4678/1508
f 2434/4680/40 2433/4777/40 2497/4681/40
f 2435/4683/40 2499/4778/40 2500/4684/40
f 2437/4686/40 2501/4780/40 2502/4687/40
f 2439/4689/40 2503/4782/40 2504/4690/40
f 2442/4692/40 2441/4784/40 2505/4693/40
f 2443/4695/40 2507/4786/40 2508/4696/40
f 2445/4698/40 2509/4788/40 2510/4699/40
f 2447/4701/40 2511/4790/40 2512/4702/40
f 2450/4704/40 2449/4792/40 2513/4705/40
f 2452/4707/40 2451/4794/40 2515/4708/40
f 2453/4710/40 2517/4796/40 2518/4711/40
f 2455/4713/40 2519/4798/40 2520/4714/40
f 2458/4716/40 2457/4800/40 2521/4717/40
f 2460/4719/40 2459/4802/40 2523/4720/40
f 2461/4722/40 2525/4804/40 2526/4723/40
f 2463/4725/40 2527/4806/40 2528/4726/40
f 2466/4728/40 2530/4776/40 2529/4729/40
f 2467/4731/40 2468/4779/40 2532/4732/40
f 2469/4734/40 2470/4781/40 2534/4735/40
f 2471/4737/40 2472/4783/40 2536/4738/40
f 2474/4740/40 2538/4785/40 2537/4741/40
f 2476/4743/40 2540/4787/40 2539/4744/40
f 2478/4746/40 2542/4789/40 2541/4747/40
f 2480/4749/40 2544/4791/40 2543/4750/40
f 2482/4752/40 2546/4793/40 2545/4753/40
f 2484/4755/40 2548/4795/40 2547/4756/40
f 2486/4758/40 2550/4797/40 2549/4759/40
f 2488/4761/40 2552/4799/40 2551/4762/40
f 2490/4764/40 2554/4801/40 2553/4765/40
f 2492/4767/40 2556/4803/40 2555/4768/40
f 2494/4770/40 2558/4805/40 2557/4771/40
f 2495/4773/40 2496/4807/40 2560/4774/40
f 2434/4680/40 2498/4682/40 2530/4776/40
f 2433/4777/40 2465/4730/40 2529/4729/40
f 2435/4683/40 2467/4731/40 2531/4733/40
f 2436/4685/40 2500/4684/40 2532/4732/40
f 2437/4686/40 2469/4734/40 2533/4736/40
f 2438/4688/40 2502/4687/40 2534/4735/40
f 2439/4689/40 2471/4737/40 2535/4739/40
f 2440/4691/40 2504/4690/40 2536/4738/40
f 2441/4784/40 2473/4742/40 2537/4741/40
f 2442/4692/40 2506/4694/40 2538/4785/40
f 2443/4695/40 2475/4745/40 2539/4744/40
f 2444/4697/40 2508/4696/40 2540/4787/40
f 2445/4698/40 2477/4748/40 2541/4747/40
f 2446/4700/40 2510/4699/40 2542/4789/40
f 2447/4701/40 2479/4751/40 2543/4750/40
f 2448/4703/40 2512/4702/40 2544/4791/40
f 2449/4792/40 2481/4754/40 2545/4753/40
f 2450/4704/40 2514/4706/40 2546/4793/40
f 2451/4794/40 2483/4757/40 2547/4756/40
f 2452/4707/40 2516/4709/40 2548/4795/40
f 2453/4710/40 2485/4760/40 2549/4759/40
f 2454/4712/40 2518/4711/40 2550/4797/40
f 2455/4713/40 2487/4763/40 2551/4762/40
f 2456/4715/40 2520/4714/40 2552/4799/40
f 2457/4800/40 2489/4766/40 2553/4765/40
f 2458/4716/40 2522/4718/40 2554/4801/40
f 2459/4802/40 2491/4769/40 2555/4768/40
f 2460/4719/40 2524/4721/40 2556/4803/40
f 2461/4722/40 2493/4772/40 2557/4771/40
f 2462/4724/40 2526/4723/40 2558/4805/40
f 2463/4725/40 2495/4773/40 2559/4775/40
f 2464/4727/40 2528/4726/40 2560/4774/40
f 2457/4808/1462 2585/10474/1462 2617/4809/1462
f 2493/4811/147 2621/10475/147 2622/4812/147
f 2442/4814/101 2570/10476/101 2569/4815/101
f 2490/4817/1472 2618/10477/1472 2586/4818/1472
f 2495/4820/146 2623/10478/146 2624/4821/146
f 2444/4823/64 2572/10479/64 2571/4824/64
f 2459/4826/1464 2587/10480/1464 2619/4827/1464
f 2466/4829/141 2594/10481/141 2562/4830/141
f 2446/4832/147 2574/10482/147 2573/4833/147
f 2492/4516/1460 2620/4515/1460 2588/4835/1460
f 2433/4837/1468 2561/10483/1468 2593/4838/1468
f 2448/4840/146 2576/10484/146 2575/4841/146
f 2461/4843/1465 2589/10485/1465 2621/4844/1465
f 2435/4846/1470 2563/10486/1470 2595/4847/1470
f 2450/4849/81 2578/10487/81 2577/4850/81
f 2494/4852/1509 2622/10488/1509 2590/4853/1509
f 2468/4855/1466 2596/10489/1466 2564/4856/1466
f 2452/4858/57 2580/10490/57 2579/4859/57
f 2463/4861/1467 2591/10491/1467 2623/4862/1467
f 2437/4864/1471 2565/10492/1471 2597/4865/1471
f 2454/4867/31 2582/10493/31 2581/4868/31
f 2496/4870/1463 2624/10494/1463 2592/4871/1463
f 2470/4873/1457 2598/10495/1457 2566/4874/1457
f 2456/4876/21 2584/10496/21 2583/4877/21
f 2439/4879/145 2567/10497/145 2599/4880/145
f 2458/4882/99 2586/10498/99 2585/4883/99
f 2472/4885/1510 2600/10499/1510 2568/4886/1510
f 2460/4888/51 2588/10500/51 2587/4889/51
f 2441/4891/143 2569/10501/143 2601/4892/143
f 2462/4894/19 2590/10502/19 2589/4895/19
f 2474/4897/1469 2602/10503/1469 2570/4898/1469
f 2464/4900/6 2592/10504/6 2591/4901/6
f 2443/4903/142 2571/10505/142 2603/4904/142
f 2465/4906/81 2593/10506/81 2594/4907/81
f 2476/4909/144 2604/10507/144 2572/4910/144
f 2467/4912/57 2595/10508/57 2596/4913/57
f 2445/4915/1455 2573/10509/1455 2605/4916/1455
f 2469/4918/31 2597/10510/31 2598/4919/31
f 2478/4921/1511 2606/10511/1511 2574/4922/1511
f 2471/4924/21 2599/10512/21 2600/4925/21
f 2447/4927/1458 2575/10513/1458 2607/4928/1458
f 2473/4930/99 2601/10514/99 2602/4931/99
f 2480/4933/1512 2608/10515/1512 2576/4934/1512
f 2475/4936/51 2603/10516/51 2604/4937/51
f 2449/4939/1454 2577/10517/1454 2609/4940/1454
f 2477/4942/19 2605/10518/19 2606/4943/19
f 2482/4945/1513 2610/10519/1513 2578/4946/1513
f 2479/4948/6 2607/10520/6 2608/4949/6
f 2682/4951/120 2874/10521/120 2842/4952/120
f 2663/4954/1 2855/10522/1 2856/4955/1
f 2668/4957/66 2860/5561/66 2828/4958/66
f 2661/4960/1 2853/10523/1 2854/4961/1
f 2649/4963/73 2841/10524/73 2873/4964/73
f 2659/4966/1 2851/10525/1 2852/4967/1
f 2635/4969/114 2827/10526/114 2859/4970/114
f 2657/4972/1 2849/10527/1 2850/4973/1
f 2680/4975/28 2872/10528/28 2840/4976/28
f 2656/4978/40 2848/10529/40 2847/4979/40
f 2666/4981/73 2858/10530/73 2826/4982/73
f 2654/4984/40 2846/10531/40 2845/4985/40
f 2647/4987/78 2839/10532/78 2871/4988/78
f 2652/4990/40 2844/10533/40 2843/4991/40
f 2633/4993/120 2825/10534/120 2857/4994/120
f 2650/4996/40 2842/10535/40 2841/4997/40
f 2949/4999/1 2692/10536/1 2691/5000/1
f 2970/5002/120 2713/10537/120 2745/5003/120
f 3309/5005/114 2732/10538/114 2700/5006/114
f 3316/5008/40 2739/10539/40 2740/5009/40
f 2945/5011/1 2720/10540/1 2719/5012/1
f 2951/5014/1 2694/10541/1 2693/5015/1
f 3323/5017/73 2746/10542/73 2714/5018/73
f 2958/5020/60 2701/10543/60 2733/5021/60
f 3318/5023/40 2741/10544/40 2742/5024/40
f 2953/5026/1 2696/10545/1 2695/5027/1
f 2972/4653/114 2715/10546/114 2747/5029/114
f 3311/5031/109 2734/10547/109 2702/5032/109
f 3320/5034/40 2743/10548/40 2744/5035/40
f 2955/5037/1 2698/10549/1 2697/5038/1
f 2946/5040/96 2689/10550/96 2721/5041/96
f 3297/5043/54 2752/10551/54 2720/5044/54
f 3323/5046/40 3322/6417/40 2745/5047/40
f 2956/5049/1 2957/10552/1 2700/5050/1
f 3325/5052/66 2748/10553/66 2716/5053/66
f 2960/5055/54 2703/10554/54 2735/5056/54
f 3325/5058/40 3324/6420/40 2747/5059/40
f 3298/5061/40 2721/10555/40 2722/5062/40
f 2959/5064/1 2702/10556/1 2701/5065/1
f 3299/5067/48 2722/10557/48 2690/5068/48
f 2974/5070/109 2717/10558/109 2749/5071/109
f 3326/5073/40 2749/10559/40 2750/5074/40
f 3300/5076/40 2723/10560/40 2724/5077/40
f 2961/5079/1 2704/10561/1 2703/5080/1
f 3313/5082/103 2736/10562/103 2704/5083/103
f 2948/4671/90 2691/10563/90 2723/5085/90
f 3297/5087/40 3328/6425/40 2751/5088/40
f 3302/5090/40 2725/10564/40 2726/5091/40
f 2962/5093/1 2963/10565/1 2706/5094/1
f 3327/5096/60 2750/10566/60 2718/5097/60
f 3317/5099/90 2740/10567/90 2708/5100/90
f 2962/5102/48 2705/10568/48 2737/5103/48
f 2964/5105/42 2707/10569/42 2739/5106/42
f 3305/5108/40 3304/6395/40 2727/5109/40
f 2964/5111/1 2965/10570/1 2708/5112/1
f 3301/5114/42 2724/5260/42 2692/5115/42
f 2952/5116/78 2695/10571/78 2727/5117/78
f 2976/5119/103 2719/10572/103 2751/5120/103
f 3303/5122/35 2726/10573/35 2694/5123/35
f 3307/5125/40 3306/6398/40 2729/5126/40
f 2967/5128/1 2710/10574/1 2709/5129/1
f 3315/5131/96 2738/10575/96 2706/5132/96
f 2966/5134/35 2709/10576/35 2741/5135/35
f 2950/5137/84 2693/10577/84 2725/5138/84
f 2625/5140/73 2689/5250/73 2690/5141/73
f 2627/5143/66 2691/5257/66 2692/5115/66
f 2630/5145/60 2629/5263/60 2693/5146/60
f 2631/5148/54 2695/5235/54 2696/5149/54
f 2633/5151/48 2697/5240/48 2698/5152/48
f 2635/5154/42 2699/5244/42 2700/5155/42
f 2637/5156/35 2701/5247/35 2702/5157/35
f 2640/5159/28 2639/5253/28 2703/5160/28
f 2642/5162/120 2641/5259/120 2705/5163/120
f 2643/5165/114 2707/5234/114 2708/5166/114
f 2646/5168/109 2645/5237/109 2709/5169/109
f 2647/5171/103 2711/5241/103 2712/5172/103
f 2649/5174/96 2713/5245/96 2714/5175/96
f 2651/5177/90 2715/5248/90 2716/5178/90
f 2653/5180/84 2717/5255/84 2718/5181/84
f 2655/5183/78 2719/5261/78 2720/5184/78
f 2657/5186/73 2658/5254/73 2722/5187/73
f 2660/5189/66 2724/5260/66 2723/5190/66
f 2662/5192/60 2726/5236/60 2725/5193/60
f 2664/5195/54 2728/5238/54 2727/5196/54
f 2666/5198/48 2730/5242/48 2729/5199/48
f 2667/5201/42 2668/4957/42 2732/5202/42
f 2670/5203/35 2734/5249/35 2733/5204/35
f 2672/5206/28 2736/5256/28 2735/5207/28
f 2674/5209/120 2738/5262/120 2737/5210/120
f 2675/5212/114 2676/5233/114 2740/5213/114
f 2678/5215/109 2742/5239/109 2741/5216/109
f 2680/5218/103 2744/5243/103 2743/5219/103
f 2681/5221/96 2682/5246/96 2746/5222/96
f 2684/5224/90 2748/5252/90 2747/5225/90
f 2685/5227/84 2686/5258/84 2750/5228/84
f 2688/5230/78 2752/5251/78 2751/5231/78
f 2644/5167/114 2708/5166/114 2740/5213/114
f 2675/5212/114 2739/5214/114 2707/5234/114
f 2631/5148/54 2663/5197/54 2727/5196/54
f 2630/5145/60 2694/5147/60 2726/5236/60
f 2677/5217/109 2741/5216/109 2709/5169/109
f 2664/5195/54 2632/5150/54 2696/5149/54
f 2646/5168/109 2710/5170/109 2742/5239/109
f 2665/5200/48 2729/5199/48 2697/5240/48
f 2647/5171/103 2679/5220/103 2743/5219/103
f 2634/5153/48 2698/5152/48 2730/5242/48
f 2648/5173/103 2712/5172/103 2744/5243/103
f 2667/5201/42 2731/784/42 2699/5244/42
f 2681/5221/96 2745/5223/96 2713/5245/96
f 2636/4959/42 2700/5155/42 2732/5202/42
f 2650/5176/96 2714/5175/96 2746/5222/96
f 2669/5205/35 2733/5204/35 2701/5247/35
f 2683/5226/90 2747/5225/90 2715/5248/90
f 2638/5158/35 2702/5157/35 2734/5249/35
f 2657/5186/73 2721/5188/73 2689/5250/73
f 2688/5230/78 2656/5185/78 2720/5184/78
f 2652/5179/90 2716/5178/90 2748/5252/90
f 2639/5253/28 2671/5208/28 2735/5207/28
f 2626/5142/73 2690/5141/73 2722/5187/73
f 2685/5227/84 2749/5229/84 2717/5255/84
f 2672/5206/28 2640/5159/28 2704/5161/28
f 2659/5191/66 2723/5190/66 2691/5257/66
f 2654/5182/84 2718/5181/84 2750/5228/84
f 2673/5211/120 2737/5210/120 2705/5163/120
f 2628/5144/66 2692/5115/66 2724/5260/66
f 2655/5183/78 2687/5232/78 2751/5231/78
f 2642/5162/120 2706/5164/120 2738/5262/120
f 2661/5194/60 2725/5193/60 2693/5146/60
f 2777/5264/73 2905/10578/73 2937/5265/73
f 2787/5267/1 2915/10579/1 2916/5268/1
f 2763/5270/114 2891/10580/114 2923/5271/114
f 2786/5273/1 2785/10581/1 2913/5274/1
f 2808/5276/28 2936/10582/28 2904/5277/28
f 2784/5279/40 2912/10583/40 2911/5280/40
f 2794/5282/73 2922/10584/73 2890/5283/73
f 2782/5285/40 2910/10585/40 2909/5286/40
f 2775/5288/78 2903/10586/78 2935/5289/78
f 2779/5291/40 2780/10587/40 2908/5292/40
f 2761/5294/120 2889/10588/120 2921/5295/120
f 2778/5297/40 2906/10589/40 2905/5298/40
f 2806/5300/35 2934/10590/35 2902/5301/35
f 2776/5303/40 2904/10591/40 2903/5304/40
f 2792/5306/78 2920/10592/78 2888/5307/78
f 2757/5309/35 2885/10593/35 2917/5310/35
f 2665/5312/1 2857/10594/1 2858/5313/1
f 2637/5315/109 2829/10595/109 2861/5316/109
f 2667/5318/1 2859/10596/1 2860/5319/1
f 2651/5321/66 2843/10597/66 2875/5322/66
f 2669/5324/1 2861/10598/1 2862/5325/1
f 2670/5327/60 2862/10599/60 2830/5328/60
f 2671/5330/1 2863/10600/1 2864/5331/1
f 2625/5333/48 2817/10601/48 2849/5334/48
f 2674/5336/1 2673/10602/1 2865/5337/1
f 2688/5339/103 2880/10603/103 2848/5340/103
f 2675/5342/1 2867/10604/1 2868/5343/1
f 2684/5345/114 2876/10605/114 2844/5346/114
f 2677/5348/1 2869/10606/1 2870/5349/1
f 2626/5351/40 2818/10607/40 2817/5352/40
f 2639/5354/103 2831/10608/103 2863/5355/103
f 2680/5357/1 2679/10609/1 2871/5358/1
f 2627/5360/40 2628/10610/40 2820/5361/40
f 2658/5363/96 2850/10611/96 2818/5364/96
f 2681/5366/1 2873/10612/1 2874/5367/1
f 2629/5369/40 2630/10613/40 2822/5370/40
f 2653/5372/60 2845/10614/60 2877/5373/60
f 2683/5375/1 2875/10615/1 2876/5376/1
f 2632/5378/40 2824/10616/40 2823/5379/40
f 2672/5381/54 2864/10617/54 2832/5382/54
f 2686/5384/1 2685/10618/1 2877/5385/1
f 2634/5387/40 2826/10619/40 2825/5388/40
f 2627/5143/42 2819/5573/42 2851/5390/42
f 2687/5391/1 2879/10620/1 2880/5392/1
f 2636/5394/40 2828/10621/40 2827/5395/40
f 2686/5397/109 2878/10622/109 2846/5398/109
f 2676/5400/42 2868/10623/42 2836/5401/42
f 2637/5403/40 2638/10624/40 2830/5404/40
f 2641/5406/96 2833/10625/96 2865/5407/96
f 2643/5409/90 2835/10626/90 2867/5410/90
f 2640/5412/40 2832/10627/40 2831/5413/40
f 2660/5415/90 2852/10628/90 2820/5416/90
f 2631/5418/28 2823/10629/28 2855/5419/28
f 2642/5421/40 2834/10630/40 2833/5422/40
f 2655/5424/54 2847/10631/54 2879/5425/54
f 2662/5427/84 2854/10632/84 2822/5428/84
f 2644/5430/40 2836/10633/40 2835/5431/40
f 2674/5433/48 2866/10634/48 2834/5434/48
f 2645/5436/84 2837/10635/84 2869/5437/84
f 2645/5439/40 2646/10636/40 2838/5440/40
f 2629/5442/35 2821/10637/35 2853/5443/35
f 2664/5445/78 2856/10638/78 2824/5446/78
f 2648/5448/40 2840/10639/40 2839/5449/40
f 2678/5451/35 2870/10640/35 2838/5452/35
f 2753/5454/73 2817/5566/73 2818/5455/73
f 2755/5457/66 2819/5573/66 2820/5458/66
f 2758/5460/60 2757/5579/60 2821/5461/60
f 2759/5463/54 2823/5550/54 2824/5464/54
f 2761/5466/48 2825/5555/48 2826/5467/48
f 2764/5469/42 2763/5559/42 2827/5470/42
f 2765/5471/35 2829/5563/35 2830/5472/35
f 2767/5474/28 2831/5569/28 2832/5475/28
f 2769/5477/120 2833/5575/120 2834/5478/120
f 2772/5480/114 2771/5549/114 2835/5481/114
f 2774/5483/109 2773/5552/109 2837/5484/109
f 2775/5486/103 2839/5556/103 2840/5487/103
f 2777/5489/96 2841/5560/96 2842/5490/96
f 2779/5492/90 2843/5564/90 2844/5493/90
f 2781/5495/84 2845/5571/84 2846/5496/84
f 2783/5498/78 2847/5577/78 2848/5499/78
f 2786/5501/73 2850/5570/73 2849/5502/73
f 2788/5504/66 2852/5576/66 2851/5390/66
f 2790/5506/60 2854/5551/60 2853/5507/60
f 2792/5509/54 2856/5553/54 2855/5510/54
f 2794/5512/48 2858/5557/48 2857/5513/48
f 2796/5515/42 2860/5561/42 2859/5516/42
f 2798/5518/35 2862/5565/35 2861/5519/35
f 2799/5521/28 2800/5572/28 2864/5522/28
f 2801/5524/120 2802/5578/120 2866/5525/120
f 2804/5527/114 2868/5548/114 2867/5528/114
f 2806/5530/109 2870/5554/109 2869/5531/109
f 2807/5533/103 2808/5558/103 2872/5534/103
f 2810/5536/96 2874/5562/96 2873/5537/96
f 2812/5539/90 2876/5568/90 2875/5540/90
f 2814/5542/84 2878/5574/84 2877/5543/84
f 2816/5545/78 2880/5567/78 2879/5546/78
f 2772/5480/114 2836/5482/114 2868/5548/114
f 2803/5529/114 2867/5528/114 2835/5481/114
f 2791/5511/54 2855/5510/54 2823/5550/54
f 2758/5460/60 2822/5462/60 2854/5551/60
f 2805/5532/109 2869/5531/109 2837/5484/109
f 2760/5465/54 2824/5464/54 2856/5553/54
f 2774/5483/109 2838/5485/109 2870/5554/109
f 2793/5514/48 2857/5513/48 2825/5555/48
f 2807/5533/103 2871/5535/103 2839/5556/103
f 2762/5468/48 2826/5467/48 2858/5557/48
f 2776/5488/103 2840/5487/103 2872/5534/103
f 2795/5517/42 2859/5516/42 2827/5470/42
f 2809/5538/96 2873/5537/96 2841/5560/96
f 2764/5469/42 2828/4958/42 2860/5561/42
f 2778/5491/96 2842/5490/96 2874/5562/96
f 2797/5520/35 2861/5519/35 2829/5563/35
f 2811/5541/90 2875/5540/90 2843/5564/90
f 2766/5473/35 2830/5472/35 2862/5565/35
f 2785/5503/73 2849/5502/73 2817/5566/73
f 2784/5500/78 2848/5499/78 2880/5567/78
f 2780/5494/90 2844/5493/90 2876/5568/90
f 2799/5521/28 2863/5523/28 2831/5569/28
f 2754/5456/73 2818/5455/73 2850/5570/73
f 2813/5544/84 2877/5543/84 2845/5571/84
f 2768/5476/28 2832/5475/28 2864/5522/28
f 2787/5505/66 2851/5390/66 2819/5573/66
f 2782/5497/84 2846/5496/84 2878/5574/84
f 2801/5524/120 2865/5526/120 2833/5575/120
f 2756/5459/66 2820/5458/66 2852/5576/66
f 2815/5547/78 2879/5546/78 2847/5577/78
f 2770/5479/120 2834/5478/120 2866/5525/120
f 2789/5508/60 2853/5507/60 2821/5461/60
f 2789/5580/1 2917/10641/1 2918/5581/1
f 2796/5515/66 2924/10642/66 2892/5583/66
f 2791/5584/1 2919/10643/1 2920/5585/1
f 2810/5587/120 2938/10644/120 2906/5588/120
f 2794/5590/1 2793/10645/1 2921/5591/1
f 2765/5593/109 2893/10646/109 2925/5594/109
f 2796/5596/1 2795/10647/1 2923/5597/1
f 2779/5599/66 2907/10648/66 2939/5600/66
f 2798/5602/1 2797/10649/1 2925/5603/1
f 2798/5605/60 2926/10650/60 2894/5606/60
f 2799/5608/1 2927/10651/1 2928/5609/1
f 2753/5611/48 2881/10652/48 2913/5612/48
f 2802/5614/1 2801/10653/1 2929/5615/1
f 2816/5617/103 2944/10654/103 2912/5618/103
f 2804/5620/1 2803/10655/1 2931/5621/1
f 2812/5623/114 2940/10656/114 2908/5624/114
f 2805/5626/1 2933/10657/1 2934/5627/1
f 2754/5629/40 2882/10658/40 2881/5630/40
f 2767/5632/103 2895/10659/103 2927/5633/103
f 2807/5635/1 2935/10660/1 2936/5636/1
f 2755/5638/40 2756/10661/40 2884/5639/40
f 2786/5641/96 2914/10662/96 2882/5642/96
f 2810/5644/1 2809/10663/1 2937/5645/1
f 2758/5647/40 2886/10664/40 2885/5648/40
f 2781/5650/60 2909/10665/60 2941/5651/60
f 2811/5653/1 2939/10666/1 2940/5654/1
f 2760/5656/40 2888/10667/40 2887/5657/40
f 2800/5659/54 2928/10668/54 2896/5660/54
f 2814/5662/1 2813/10669/1 2941/5663/1
f 2762/5665/40 2890/10670/40 2889/5666/40
f 2755/5457/42 2883/10671/42 2915/5668/42
f 2815/5669/1 2943/10672/1 2944/5670/1
f 2764/5672/40 2892/10673/40 2891/5673/40
f 2814/5675/109 2942/10674/109 2910/5676/109
f 2804/5678/42 2932/10675/42 2900/5679/42
f 2766/5681/40 2894/10676/40 2893/5682/40
f 2769/5684/96 2897/10677/96 2929/5685/96
f 2771/5687/90 2899/10678/90 2931/5688/90
f 2768/5690/40 2896/10679/40 2895/5691/40
f 2788/5693/90 2916/10680/90 2884/5694/90
f 2759/5696/28 2887/10681/28 2919/5697/28
f 2770/5699/40 2898/10682/40 2897/5700/40
f 2783/5702/54 2911/10683/54 2943/5703/54
f 2790/5705/84 2918/10684/84 2886/5706/84
f 2772/5708/40 2900/10685/40 2899/5709/40
f 2802/5711/48 2930/10686/48 2898/5712/48
f 2773/5714/84 2901/10687/84 2933/5715/84
f 2774/5717/40 2902/10688/40 2901/5718/40
f 257/5720/137 2945/4656/137 2946/4658/137
f 259/5722/107 2947/4670/107 2948/4671/107
f 261/5724/71 2949/762/71 2950/764/71
f 263/5726/33 2951/733/33 2952/735/33
f 266/5728/101 265/5801/101 2953/698/101
f 268/5729/64 267/5804/64 2955/5730/64
f 269/5731/147 2957/5806/147 2958/4576/147
f 271/5733/146 2959/4586/146 2960/4588/146
f 273/5735/81 2961/5812/81 2962/4598/81
f 275/5737/57 2963/5815/57 2964/4610/57
f 277/5739/31 2965/4621/31 2966/4623/31
f 279/5741/21 2967/4632/21 2968/4634/21
f 281/5743/99 2969/4642/99 2970/4644/99
f 284/5745/51 283/5807/51 2971/5746/51
f 285/5747/19 2973/4667/19 2974/4669/19
f 287/5749/6 2975/768/6 2976/770/6
f 322/5751/137 3298/5809/137 3297/5752/137
f 324/5754/107 3300/5086/107 3299/5755/107
f 326/5757/71 3302/5816/71 3301/5114/71
f 328/5759/33 3304/5799/33 3303/5760/33
f 330/5762/101 3306/5802/101 3305/5763/101
f 332/5765/64 3308/785/64 3307/5766/64
f 334/5768/147 3310/5808/147 3309/5769/147
f 336/5771/146 3312/5810/146 3311/5772/146
f 338/5774/81 3314/5813/81 3313/5775/81
f 340/5777/57 3316/5798/57 3315/5778/57
f 342/5780/31 3318/5800/31 3317/5781/31
f 343/5783/21 344/5803/21 3320/5784/21
f 346/5786/99 3322/5805/99 3321/5787/99
f 348/5789/51 3324/5030/51 3323/5790/51
f 350/5792/19 3326/5811/19 3325/5793/19
f 352/5795/6 3328/5814/6 3327/5796/6
f 341/5782/31 3317/5781/31 2965/4621/31
f 276/5738/57 2964/4610/57 3316/5798/57
f 264/5727/33 2952/735/33 3304/5799/33
f 327/5761/33 3303/5760/33 2951/733/33
f 278/5740/31 2966/4623/31 3318/5800/31
f 329/5764/101 3305/5763/101 2953/698/101
f 343/5783/21 3319/5785/21 2967/4632/21
f 266/5728/101 2954/700/101 3306/5802/101
f 280/5742/21 2968/4634/21 3320/5784/21
f 331/5767/64 3307/5766/64 2955/5730/64
f 345/5788/99 3321/5787/99 2969/4642/99
f 268/5729/64 2956/783/64 3308/785/64
f 282/5744/99 2970/4644/99 3322/5805/99
f 333/5770/147 3309/5769/147 2957/5806/147
f 347/5791/51 3323/5790/51 2971/5746/51
f 270/5732/147 2958/4576/147 3310/5808/147
f 284/5745/51 2972/4653/51 3324/5030/51
f 335/5773/146 3311/5772/146 2959/4586/146
f 258/5721/137 2946/4658/137 3298/5809/137
f 321/5753/137 3297/5752/137 2945/4656/137
f 349/5794/19 3325/5793/19 2973/4667/19
f 272/5734/146 2960/4588/146 3312/5810/146
f 323/5756/107 3299/5755/107 2947/4670/107
f 286/5748/19 2974/4669/19 3326/5811/19
f 337/5776/81 3313/5775/81 2961/5812/81
f 260/5723/107 2948/4671/107 3300/5086/107
f 351/5797/6 3327/5796/6 2975/768/6
f 274/5736/81 2962/4598/81 3314/5813/81
f 325/5758/71 3301/5114/71 2949/762/71
f 288/5750/6 2976/770/6 3328/5814/6
f 339/5779/57 3315/5778/57 2963/5815/57
f 262/5725/71 2950/764/71 3302/5816/71
f 275/5817/64 3027/10689/64 3059/5818/64
f 342/5820/19 3062/10690/19 3030/5821/19
f 278/5823/1 3030/10691/1 3029/5824/1
f 326/5826/147 3046/10692/147 3014/5827/147
f 265/5829/137 3017/10693/137 3049/5830/137
f 280/5832/1 3032/10694/1 3031/5833/1
f 279/5835/146 3031/10695/146 3063/5836/146
f 281/5838/1 282/10696/1 3034/5839/1
f 330/5841/81 3050/10697/81 3018/5842/81
f 284/5844/1 3036/10698/1 3035/5845/1
f 344/5847/6 3064/10699/6 3032/5848/6
f 285/5850/1 286/10700/1 3038/5851/1
f 267/5853/107 3019/10701/107 3051/5854/107
f 288/5856/1 3040/10702/1 3039/5857/1
f 281/5859/81 3033/10703/81 3065/5860/81
f 321/5862/40 3041/10704/40 3042/5863/40
f 332/5865/57 3052/10705/57 3020/5866/57
f 324/5868/40 323/10706/40 3043/5869/40
f 346/5871/137 3066/10707/137 3034/5872/137
f 325/5874/40 3045/10708/40 3046/5875/40
f 269/5877/71 3021/10709/71 3053/5878/71
f 327/5880/40 3047/10710/40 3048/5881/40
f 283/5883/57 3035/10711/57 3067/5884/57
f 329/5886/40 3049/10712/40 3050/5887/40
f 334/5889/31 3054/10713/31 3022/5890/31
f 331/5892/40 3051/10714/40 3052/5893/40
f 348/5895/107 3068/10715/107 3036/5896/107
f 334/5898/40 333/10716/40 3053/5899/40
f 271/5901/33 3023/10717/33 3055/5902/33
f 335/5904/40 3055/10718/40 3056/5905/40
f 322/5907/101 3042/10719/101 3010/5908/101
f 337/5910/40 3057/10720/40 3058/5911/40
f 257/5913/99 3009/10721/99 3041/5914/99
f 339/5916/40 3059/10722/40 3060/5917/40
f 285/5919/31 3037/10723/31 3069/5920/31
f 342/5922/40 341/10724/40 3061/5923/40
f 258/5925/1 3010/10725/1 3009/5926/1
f 336/5928/21 3056/10726/21 3024/5929/21
f 343/5931/40 3063/10727/40 3064/5932/40
f 259/5934/1 260/10728/1 3012/5935/1
f 259/5937/51 3011/10729/51 3043/5938/51
f 346/5940/40 345/10730/40 3065/5941/40
f 262/5943/1 3014/10731/1 3013/5944/1
f 350/5946/71 3070/10732/71 3038/5947/71
f 347/5949/40 3067/10733/40 3068/5950/40
f 264/5952/1 3016/10734/1 3015/5953/1
f 273/5955/101 3025/10735/101 3057/5956/101
f 349/5958/40 3069/10736/40 3070/5959/40
f 194/5961/1513 3074/6055/1513 3073/5962/1513
f 196/5964/1475 3076/6060/1475 3075/5965/1475
f 2022/5967/1474 198/6065/1474 3078/5968/1474
f 200/5970/1473 3080/6069/1473 3079/5971/1473
f 202/5973/1472 3082/6073/1472 3081/5974/1472
f 204/5976/1460 3084/6077/1460 3083/4504/1460
f 2030/5978/1509 206/6079/1509 3086/5979/1509
f 208/5981/1463 3088/6081/1463 3087/5982/1463
f 210/5984/141 3090/6082/141 3089/5985/141
f 212/5987/1466 3092/640/1466 3091/5988/1466
f 214/5989/1457 3094/6083/1457 3093/5990/1457
f 216/5992/1510 3096/6058/1510 3095/5993/1510
f 218/5995/1469 3098/6063/1469 3097/5996/1469
f 2044/5998/144 220/6054/144 3100/5999/144
f 222/6001/1511 3102/6059/1511 3101/6002/1511
f 224/6004/1512 3104/6064/1512 3103/6005/1512
f 2369/6007/1513 3105/6067/1513 3106/6008/1513
f 2403/6010/1475 2371/6072/1475 3107/6011/1475
f 2373/6013/1474 3109/6076/1474 3110/6014/1474
f 2375/6016/1473 3111/6078/1473 3112/6017/1473
f 2377/6019/1472 3113/6080/1472 3114/6020/1472
f 2379/6022/1460 3115/4503/1460 3116/6023/1460
f 2413/6025/1509 2381/6056/1509 3117/6026/1509
f 2383/6028/1463 3119/6061/1463 3120/6029/1463
f 2385/6031/141 3121/6066/141 3122/6032/141
f 2387/4419/1466 3123/6070/1466 3124/6034/1466
f 2389/6036/1457 3125/6074/1457 3126/6037/1457
f 2391/6039/1510 3127/6057/1510 3128/6040/1510
f 2393/6042/1469 3129/6062/1469 3130/6043/1469
f 2395/6045/144 3131/6068/144 3132/6046/144
f 2429/6048/1511 2397/6071/1511 3133/6049/1511
f 2399/6051/1512 3135/6075/1512 3136/6052/1512
f 2427/6047/144 3132/6046/144 3100/5999/144
f 2401/6009/1513 3106/6008/1513 3074/6055/1513
f 2030/5978/1509 3085/5980/1509 3117/6026/1509
f 2040/5994/1510 3095/5993/1510 3127/6057/1510
f 2423/6041/1510 3128/6040/1510 3096/6058/1510
f 2429/6048/1511 3134/6050/1511 3102/6059/1511
f 2403/6010/1475 3108/6012/1475 3076/6060/1475
f 2032/5983/1463 3087/5982/1463 3119/6061/1463
f 2042/5997/1469 3097/5996/1469 3129/6062/1469
f 2425/6044/1469 3130/6043/1469 3098/6063/1469
f 2431/6053/1512 3136/6052/1512 3104/6064/1512
f 2405/6015/1474 3110/6014/1474 3078/5968/1474
f 2034/5986/141 3089/5985/141 3121/6066/141
f 2018/5963/1513 3073/5962/1513 3105/6067/1513
f 2044/5998/144 3099/6000/144 3131/6068/144
f 2407/6018/1473 3112/6017/1473 3080/6069/1473
f 2036/4421/1466 3091/5988/1466 3123/6070/1466
f 2046/6003/1511 3101/6002/1511 3133/6049/1511
f 2020/5966/1475 3075/5965/1475 3107/6011/1475
f 2409/6021/1472 3114/6020/1472 3082/6073/1472
f 2038/5991/1457 3093/5990/1457 3125/6074/1457
f 2048/6006/1512 3103/6005/1512 3135/6075/1512
f 2022/5967/1474 3077/5969/1474 3109/6076/1474
f 2411/6024/1460 3116/6023/1460 3084/6077/1460
f 2024/5972/1473 3079/5971/1473 3111/6078/1473
f 2413/6025/1509 3118/6027/1509 3086/5979/1509
f 2026/5975/1472 3081/5974/1472 3113/6080/1472
f 2415/6030/1463 3120/6029/1463 3088/6081/1463
f 2028/5977/1460 3083/4504/1460 3115/4503/1460
f 2417/6033/141 3122/6032/141 3090/6082/141
f 2419/6035/1466 3124/6034/1466 3092/640/1466
f 2421/6038/1457 3126/6037/1457 3094/6083/1457
f 3163/6084/144 3195/10737/144 3196/6085/144
f 3137/6087/1513 3169/10738/1513 3170/6088/1513
f 3161/6090/1469 3193/10739/1469 3194/6091/1469
f 3159/6093/1510 3191/10740/1510 3192/6094/1510
f 3165/6096/1511 3197/10741/1511 3198/6097/1511
f 3139/6099/1475 3171/10742/1475 3172/6100/1475
f 3167/6102/1512 3199/10743/1512 3200/6103/1512
f 3141/6105/1474 3173/10744/1474 3174/6106/1474
f 3143/6108/1473 3175/10745/1473 3176/6109/1473
f 3145/6111/1472 3177/10746/1472 3178/6112/1472
f 3147/6114/1460 3179/10747/1460 3180/6115/1460
f 3149/6117/1509 3181/10748/1509 3182/6118/1509
f 3151/6120/1463 3183/10749/1463 3184/6121/1463
f 3153/6123/141 3185/10750/141 3186/6124/141
f 3155/4420/1466 3187/10385/1466 3188/6126/1466
f 3157/6128/1457 3189/10751/1457 3190/6129/1457
f 2389/6131/1509 3189/10752/1509 3157/6132/1509
f 2421/6134/1 3190/10753/1 3189/6135/1
f 194/6137/40 2018/10754/40 3137/6138/40
f 2399/6140/1510 3199/10755/1510 3167/6141/1510
f 2391/6143/1 2423/10756/1 3192/6144/1
f 2020/6146/40 3139/10757/40 3140/6147/40
f 2373/6149/1511 3173/10758/1511 3141/6150/1511
f 2425/6152/1 3194/10759/1 3193/6153/1
f 198/6155/40 2022/10760/40 3141/6156/40
f 204/5976/1466 3148/6116/1466 3180/6115/1466
f 2395/6158/1 2427/10761/1 3196/6159/1
f 2024/6161/40 3143/10762/40 3144/6162/40
f 2375/6164/1512 3175/10763/1512 3143/6165/1512
f 2429/6167/1 3198/10764/1 3197/6168/1
f 202/6170/40 2026/10765/40 3145/6171/40
f 206/6173/1457 3150/10766/1457 3182/6174/1457
f 2399/6176/1 2431/10767/1 3200/6177/1
f 2028/6179/40 3147/10768/40 3148/6180/40
f 2377/6182/1513 3177/10769/1513 3145/6183/1513
f 220/6185/1475 3164/10770/1475 3196/6186/1475
f 206/6188/40 2030/10771/40 3149/6189/40
f 208/6191/1510 3152/10772/1510 3184/6192/1510
f 194/6194/1472 3138/10773/1472 3170/6195/1472
f 2032/6197/40 3151/10774/40 3152/6198/40
f 2379/6200/1475 3179/10775/1475 3147/6201/1475
f 2381/6203/1474 3181/10776/1474 3149/6204/1474
f 210/6206/40 2034/10777/40 3153/6207/40
f 210/6209/1469 3154/10778/1469 3186/6210/1469
f 2391/6212/1463 3191/10779/1463 3159/6213/1463
f 2036/6215/40 3155/10780/40 3156/6216/40
f 212/6218/144 3156/10781/144 3188/6219/144
f 216/6221/1512 3160/10782/1512 3192/6222/1512
f 214/6224/40 2038/10783/40 3157/6225/40
f 214/6227/1511 3158/10784/1511 3190/6228/1511
f 222/6230/1474 3166/10785/1474 3198/6231/1474
f 2040/6233/40 3159/10786/40 3160/6234/40
f 196/6236/1460 3140/10787/1460 3172/6237/1460
f 218/6239/40 2042/10788/40 3161/6240/40
f 2383/6242/1473 3183/10789/1473 3151/6243/1473
f 2044/6245/40 3163/10790/40 3164/6246/40
f 2393/6248/141 3193/10791/141 3161/6249/141
f 2046/6251/40 3165/10792/40 3166/6252/40
f 218/6254/1513 3162/10793/1513 3194/6255/1513
f 2048/6257/40 3167/10794/40 3168/6258/40
f 224/6260/1473 3168/10795/1473 3200/6261/1473
f 2401/6263/1 3170/10796/1 3169/6264/1
f 198/6266/1509 3142/10797/1509 3174/6267/1509
f 2371/6269/1 2403/10798/1 3172/6270/1
f 3295/6272/1514 3234/6381/1514 3233/6273/1514
f 3291/6275/1515 3293/10799/1515 3294/371/1515
f 3287/6277/1516 3289/10800/1516 3290/6278/1516
f 3284/6280/1517 3283/10801/1517 3285/6281/1517
f 3279/6283/1518 3281/6351/1518 3282/6284/1518
f 3275/6286/1519 3277/6320/1519 3278/6287/1519
f 3271/6289/1520 3273/10802/1520 3274/6290/1520
f 3268/6292/1521 3267/10803/1521 3269/6293/1521
f 3263/6295/1522 3265/10804/1522 3266/166/1522
f 3259/6297/1523 3261/10805/1523 3262/6298/1523
f 3255/6300/1524 3257/10806/1524 3258/6301/1524
f 3252/6303/1525 3251/10807/1525 3253/6304/1525
f 3247/6305/1526 3249/143/1526 3250/6306/1526
f 3243/6308/1527 3245/10808/1527 3246/6309/1527
f 3239/6311/1528 3241/10809/1528 3242/439/1528
f 3236/6312/1529 3235/10810/1529 3237/6313/1529
f 384/165/1530 1632/9587/1530 3263/6295/1530
f 396/6315/1531 3276/6288/1531 3278/6287/1531
f 357/6316/1532 3238/10811/1532 3237/6317/1532
f 1646/217/1533 3277/10812/1533 3275/190/1533
f 356/6318/1534 3236/6312/1534 3238/6314/1534
f 397/203/1535 3278/6287/1535 3277/6320/1535
f 372/6321/1536 1620/10813/1536 3251/6322/1536
f 409/6324/1537 408/10814/1537 3288/6279/1537
f 1606/441/1538 3237/6317/1538 3235/6325/1538
f 1658/96/1539 3289/95/1539 3287/6326/1539
f 412/6327/1540 1660/123/1541 3291/328/1541
f 368/6329/1542 3248/6307/1542 3250/6306/1542
f 385/6330/1543 3266/10815/1543 3265/119/1544
f 360/6331/1545 1608/352/1545 3239/351/1545
f 1616/375/1546 1618/374/1546 3249/6333/1546
f 400/202/1547 1648/9568/1547 3279/6283/1547
f 380/6335/1548 3260/6299/1548 3262/6298/1548
f 373/6337/1549 3254/10816/1549 3253/6338/1549
f 1630/308/1550 3261/10817/1550 3259/6339/1550
f 413/6340/1551 3294/10818/1551 3293/6341/1552
f 388/6343/1553 1636/10819/1553 3267/6344/1553
f 393/6346/1554 392/10820/1554 3272/6291/1554
f 361/6347/1555 3242/10821/1555 3241/6348/1555
f 1642/241/1556 3273/10822/1556 3271/6350/1556
f 401/179/1557 3282/6284/1557 3281/6351/1557
f 376/6352/1558 1624/331/1558 3255/6353/1558
f 404/6355/1559 3284/6280/1559 3286/6282/1559
f 1654/169/1560 3285/6384/1560 3283/6357/1560
f 416/107/1561 1664/9550/1561 3295/6272/1561
f 364/6358/1562 3244/6310/1562 3246/6309/1562
f 389/6360/1563 3270/10823/1563 3269/6361/1563
f 364/6362/1564 1612/396/1564 3243/6363/1564
f 416/107/1565 3296/6274/1565 3233/6273/1565
f 1614/395/1566 3245/10824/1566 3243/6363/1566
f 1664/99/1567 1601/98/1567 3234/6365/1567
f 404/6367/1568 1652/10825/1568 3283/6368/1568
f 377/6370/1569 376/10826/1569 3256/6302/1569
f 377/6371/1570 3258/10827/1570 3257/6372/1570
f 1626/330/1571 3257/10828/1571 3255/6353/1571
f 392/6374/1572 1640/242/1572 3271/6350/1572
f 388/6376/1573 3268/6292/1573 3270/6294/1573
f 365/6378/1574 3246/10829/1574 3245/6379/1574
f 417/451/1575 3233/6273/1575 3234/6381/1576
f 1638/265/1577 3269/6361/1577 3267/6382/1577
f 405/6383/1578 3286/10830/1578 3285/6384/1578
f 380/6385/1579 1628/309/1580 3259/6339/1580
f 400/202/1581 3280/6285/1581 3282/6284/1581
f 1648/194/1582 1650/193/1582 3281/6387/1582
f 2978/6389/40 2977/6426/40 3297/5087/40
f 2978/6389/40 3298/5061/40 3299/5063/40
f 2979/6390/40 3299/5063/40 3300/5076/40
f 2980/6391/40 3300/5076/40 3301/5078/40
f 2982/6393/40 2981/6392/40 3301/5078/40
f 2982/6393/40 3302/5090/40 3303/5092/40
f 2983/6394/40 3303/5092/40 3304/6395/40
f 2984/6396/40 3304/6395/40 3305/5108/40
f 2985/6397/40 3305/5108/40 3306/6398/40
f 2986/6399/40 3306/6398/40 3307/5125/40
f 2988/6401/40 2987/6400/40 3307/5125/40
f 2989/6402/40 2988/6401/40 3308/858/40
f 2989/6402/40 3309/860/40 3310/6403/40
f 2990/6404/40 3310/6403/40 3311/834/40
f 2991/6405/40 3311/834/40 3312/807/40
f 2993/6407/40 2992/6406/40 3312/807/40
f 2993/6407/40 3313/809/40 3314/780/40
f 2995/6409/40 2994/6408/40 3314/780/40
f 2995/6409/40 3315/782/40 3316/5008/40
f 2996/6410/40 3316/5008/40 3317/5010/40
f 2997/6411/40 3317/5010/40 3318/5023/40
f 2998/6412/40 3318/5023/40 3319/5025/40
f 3000/6414/40 2999/6413/40 3319/5025/40
f 3000/6414/40 3320/5034/40 3321/5036/40
f 3002/6416/40 3001/6415/40 3321/5036/40
f 3002/6416/40 3322/6417/40 3323/5046/40
f 3004/6419/40 3003/6418/40 3323/5046/40
f 3005/6421/40 3004/6419/40 3324/6420/40
f 3006/6422/40 3005/6421/40 3325/5058/40
f 3006/6422/40 3326/5073/40 3327/5075/40
f 3008/6424/40 3007/6423/40 3327/5075/40
f 3008/6424/40 3328/6425/40 3297/5087/40
f 4518/7371/1727 4515/7484/1727 4549/7372/1727
f 4493/7374/1728 4527/7452/1728 4528/7375/1728
f 4514/7377/1729 4511/7486/1729 4545/7378/1729
f 4489/7380/1730 4523/7447/1730 4524/7381/1730
f 4507/7383/1731 4541/7469/1731 4542/7384/1731
f 4503/7386/1732 4537/7465/1732 4538/7387/1732
f 4499/7389/1733 4533/7460/1733 4534/7390/1733
f 4517/7392/1734 4551/7479/1734 4552/7393/1734
f 4495/7395/1735 4529/7455/1735 4530/7396/1735
f 4516/7398/1736 4513/7493/1736 4547/7399/1736
f 4491/7401/1737 4525/7449/1737 4526/7402/1737
f 4509/7404/1738 4543/7472/1738 4544/7405/1738
f 4519/7407/1739 4522/7482/1739 4521/7408/1739
f 4505/7410/1740 4539/7467/1740 4540/7411/1740
f 4501/7413/1741 4535/7462/1741 4536/7414/1741
f 4497/7416/1742 4531/7458/1742 4532/7417/1742
f 4457/7419/1726 4460/7488/1726 4489/7380/1726
f 4462/7420/1725 4491/7401/1725 4492/7382/1725
f 4464/7422/1711 4493/7374/1711 4494/7403/1711
f 4466/7424/1712 4495/7395/1712 4496/7376/1712
f 4465/7426/1713 4468/7498/1713 4497/7416/1713
f 4470/7427/1714 4499/7389/1714 4500/7418/1714
f 4469/7429/1715 4472/7496/1715 4501/7413/1715
f 4474/7430/1716 4503/7386/1716 4504/7415/1716
f 4473/7432/1717 4476/7495/1717 4505/7410/1717
f 4478/7433/1718 4507/7383/1718 4508/7412/1718
f 4480/7435/1719 4509/7404/1719 4510/7385/1719
f 4482/7437/1720 4511/7486/1720 4512/7406/1720
f 4484/7439/1721 4513/7493/1721 4514/7377/1721
f 4486/7441/1722 4515/7484/1722 4516/7398/1722
f 4485/7443/1723 4488/7491/1723 4517/7392/1723
f 4458/7444/1724 4519/7407/1724 4520/7394/1724
f 4427/7446/1726 4425/7497/1726 4521/7408/1726
f 4428/7448/1725 4524/7381/1725 4525/7449/1725
f 4430/7451/1711 4526/7402/1711 4527/7452/1711
f 4432/7454/1712 4528/7375/1712 4529/7455/1712
f 4435/7457/1713 4434/7494/1713 4530/7396/1713
f 4437/7459/1714 4436/7489/1714 4532/7417/1714
f 4438/7461/1715 4534/7390/1715 4535/7462/1715
f 4441/7464/1716 4440/7485/1716 4536/7414/1716
f 4443/7466/1717 4442/7492/1717 4538/7387/1717
f 4444/7468/1718 4540/7411/1718 4541/7469/1718
f 4447/7471/1719 4446/7490/1719 4542/7384/1719
f 4448/7473/1720 4544/7405/1720 4545/7378/1720
f 4451/7475/1721 4450/7487/1721 4546/7379/1721
f 4452/7476/1722 4548/7400/1722 4549/7372/1722
f 4454/7478/1723 4550/7373/1723 4551/7479/1723
f 4456/7481/1724 4552/7393/1724 4522/7482/1724
f 4486/7441/1722 4453/7477/1722 4549/7372/1722
f 4485/7443/1723 4518/7371/1723 4550/7373/1723
f 4464/7422/1711 4431/7453/1711 4527/7452/1711
f 4463/7425/1712 4496/7376/1712 4528/7375/1712
f 4471/7431/1716 4504/7415/1716 4536/7414/1716
f 4474/7430/1716 4441/7464/1716 4537/7465/1716
f 4482/7437/1720 4449/7474/1720 4545/7378/1720
f 4481/7440/1721 4514/7377/1721 4546/7379/1721
f 4460/7488/1726 4427/7446/1726 4523/7447/1726
f 4459/7421/1725 4492/7382/1725 4524/7381/1725
f 4467/7428/1714 4500/7418/1714 4532/7417/1714
f 4470/7427/1714 4437/7459/1714 4533/7460/1714
f 4478/7433/1718 4445/7470/1718 4541/7469/1718
f 4477/7436/1719 4510/7385/1719 4542/7384/1719
f 4488/7491/1723 4455/7480/1723 4551/7479/1723
f 4466/7424/1712 4433/7456/1712 4529/7455/1712
f 4473/7432/1717 4506/7388/1717 4538/7387/1717
f 4484/7439/1721 4451/7475/1721 4547/7399/1721
f 4462/7420/1725 4429/7450/1725 4525/7449/1725
f 4469/7429/1715 4502/7391/1715 4534/7390/1715
f 4480/7435/1719 4447/7471/1719 4543/7472/1719
f 4487/7445/1724 4520/7394/1724 4552/7393/1724
f 4465/7426/1713 4498/7397/1713 4530/7396/1713
f 4476/7495/1717 4443/7466/1717 4539/7467/1717
f 4483/7442/1722 4516/7398/1722 4548/7400/1722
f 4461/7423/1711 4494/7403/1711 4526/7402/1711
f 4472/7496/1715 4439/7463/1715 4535/7462/1715
f 4479/7438/1720 4512/7406/1720 4544/7405/1720
f 4458/7444/1724 4426/7483/1724 4522/7482/1724
f 4457/7419/1726 4490/7409/1726 4521/7408/1726
f 4468/7498/1713 4435/7457/1713 4531/7458/1713
f 4475/7434/1718 4508/7412/1718 4540/7411/1718
f 4636/7499/1743 4635/7500/1743 4521/7408/1743
f 4635/7500/1744 4638/7502/1744 4523/7447/1744
f 4637/7501/1745 4524/7381/1745 4523/7447/1745
f 4637/7501/1746 4640/7504/1746 4525/7449/1746
f 4639/7503/1747 4526/7402/1747 4525/7449/1747
f 4639/7503/1748 4642/7505/1748 4527/7452/1748
f 4642/7505/1749 4641/7507/1749 4528/7375/1749
f 4644/7506/1750 4529/7455/1750 4528/7375/1750
f 4644/7506/1751 4643/7509/1751 4530/7396/1751
f 4646/7508/1752 4531/7458/1752 4530/7396/1752
f 4645/7510/1753 4532/7417/1753 4531/7458/1753
f 4648/7511/1754 4533/7460/1754 4532/7417/1754
f 4647/7512/1755 4534/7390/1755 4533/7460/1755
f 4650/7513/1756 4535/7462/1756 4534/7390/1756
f 4649/7514/1757 4536/7414/1757 4535/7462/1757
f 4652/7515/1758 4537/7465/1758 4536/7414/1758
f 4652/7515/1759 4651/7516/1759 4538/7387/1759
f 4651/7516/1760 4654/7518/1760 4539/7467/1760
f 4653/7517/1761 4540/7411/1761 4539/7467/1761
f 4653/7517/1762 4656/7520/1762 4541/7469/1762
f 4655/7519/1763 4542/7384/1763 4541/7469/1763
f 4658/7521/1764 4543/7472/1764 4542/7384/1764
f 4657/7522/1765 4544/7405/1765 4543/7472/1765
f 4660/7523/1766 4545/7378/1766 4544/7405/1766
f 4660/7523/1767 4659/7525/1767 4546/7379/1767
f 4662/7524/1768 4547/7399/1768 4546/7379/1768
f 4661/7526/1769 4548/7400/1769 4547/7399/1769
f 4664/7527/1770 4549/7372/1770 4548/7400/1770
f 4664/7527/1771 4663/7529/1771 4550/7373/1771
f 4666/7528/1772 4551/7479/1772 4550/7373/1772
f 4665/7530/1773 4552/7393/1773 4551/7479/1773
f 4636/7499/1774 4522/7482/1774 4552/7393/1774
f 4653/7539/114 4669/11150/114 4668/7540/114
f 4651/7547/120 4671/11152/120 4670/7548/120
f 4649/7561/28 4673/11154/28 4672/7562/28
f 4647/7574/35 4675/11157/35 4674/7575/35
f 4625/7583/2533 4907/11159/2533 4736/7584/2533
f 4645/7586/42 4677/7766/42 4676/7587/42
f 4643/7594/48 4679/7765/48 4678/7595/48
f 4634/7598/1463 4884/11162/1463 4819/7599/1463
f 4628/7604/1472 4872/11164/1472 4807/7605/1472
f 4610/7643/1510 4836/11176/1510 4771/7644/1510
f 4597/7656/1 4598/11180/1 4699/7657/1
f 4596/7667/1 4701/11183/1 4702/7668/1
f 4635/7672/73 4680/11184/73 4683/7673/73
f 4594/7677/1 4703/11185/1 4704/7678/1
f 4663/7681/84 4695/11187/84 4698/7682/84
f 4637/7684/66 4682/11188/66 4685/7685/66
f 4591/7690/1 4592/11190/1 4705/7691/1
f 4665/7696/78 4697/11191/78 4681/7697/78
f 4639/7699/60 4684/7759/60 4687/7700/60
f 4641/7704/54 4686/11193/54 4688/7705/54
f 4554/7712/137 4553/11195/137 4635/7713/137
f 4556/7715/107 4637/11196/107 4638/7716/107
f 4558/7718/71 4639/7699/71 4640/7686/71
f 4560/7720/33 4641/11197/33 4642/7701/33
f 4561/7722/101 4562/7751/101 4643/7594/101
f 4564/7724/64 4645/7586/64 4646/7725/64
f 4566/7727/147 4647/11198/147 4648/7588/147
f 4567/7729/146 4568/11199/146 4649/7730/146
f 4569/7731/81 4570/11200/81 4651/7732/81
f 4572/7734/57 4653/11201/57 4654/7735/57
f 4574/7737/19 4663/11202/19 4664/7738/19
f 4575/7740/6 4576/11203/6 4665/7741/6
f 4571/7736/57 4654/7735/57 4670/7743/57
f 4567/7729/146 4650/7576/146 4674/7575/146
f 4565/7728/147 4648/7588/147 4676/7587/147
f 4588/7747/64 4677/7766/64 4645/7586/64
f 4563/7726/64 4646/7725/64 4678/7748/64
f 4586/7750/101 4679/7765/101 4643/7594/101
f 4578/7752/137 4681/11204/137 4680/7753/137
f 4580/7755/107 4579/11205/107 4683/7756/107
f 4581/7758/71 4685/7685/71 4684/7759/71
f 4583/7761/33 4687/7700/33 4686/7762/33
f 4585/7764/101 4688/11206/101 4679/7765/101
f 4588/7747/64 4587/7749/64 4678/7748/64
f 4589/7746/147 4676/7587/147 4675/7767/147
f 4591/7745/146 4674/7575/146 4673/7769/146
f 4593/7771/81 4672/11207/81 4671/7772/81
f 4596/7774/57 4595/7744/57 4670/7743/57
f 4599/7776/19 4696/11208/19 4695/7777/19
f 4601/7779/6 4698/11209/6 4697/7780/6
f 4557/7719/71 4640/7686/71 4685/7685/71
f 4582/7760/71 4684/7759/71 4639/7699/71
f 4559/7721/33 4642/7701/33 4687/7700/33
f 4600/7782/1 4721/11210/1 4722/7783/1
f 4601/7785/1 4602/11211/1 4723/7786/1
f 4577/7788/1 4712/11212/1 4713/7789/1
f 4579/7791/1 4580/11213/1 4714/7792/1
f 4581/7794/1 4582/11214/1 4716/7795/1
f 4584/7797/1 4718/11215/1 4719/7798/1
f 4586/7800/1 4711/11216/1 4720/7801/1
f 4588/7803/1 4709/11217/1 4710/7804/1
f 4589/7806/1 4590/11218/1 4707/7807/1
f 4629/7844/2538 4911/11231/2538 4738/7845/2538
f 4633/7859/2541 4915/11236/2541 4740/7860/2541
f 4605/7890/2546 4887/11245/2546 4726/7891/2546
f 4678/7902/142 4774/11249/142 4837/7903/142
f 4676/7905/1455 4778/11250/1455 4841/7906/1455
f 4674/7908/1458 4782/11251/1458 4845/7909/1458
f 4670/7911/1456 4790/11252/1456 4853/7912/1456
f 4690/7914/1461 4798/11253/1461 4861/7915/1461
f 4603/7923/141 4824/11255/141 4759/7924/141
f 4632/7932/1509 4880/11257/1509 4815/7933/1509
f 4606/7935/1466 4828/11258/1466 4763/7936/1466
f 4608/7950/1457 4832/11262/1457 4767/7951/1457
f 4759/7992/1841 4760/11267/1841 4757/7993/1841
f 4763/7995/1842 4764/11268/1842 4761/7996/1842
f 4767/7998/1843 4768/11269/1843 4765/7999/1843
f 4771/8001/1844 4772/11270/1844 4769/8002/1844
f 4774/8004/1845 4775/11271/1845 4776/8005/1845
f 4779/8007/1846 4780/11272/1846 4777/8008/1846
f 4783/8010/1847 4784/11273/1847 4781/8011/1847
f 4787/8013/1848 4788/11274/1848 4785/8014/1848
f 4791/8016/1849 4792/11275/1849 4789/8017/1849
f 4795/8019/1850 4796/11276/1850 4793/8020/1850
f 4799/8022/1851 4800/11277/1851 4797/8023/1851
f 4803/8025/1852 4804/11278/1852 4801/8026/1852
f 4807/8028/1853 4808/11279/1853 4805/8029/1853
f 4811/8031/1854 4812/11280/1854 4809/8032/1854
f 4815/8034/1855 4816/11281/1855 4813/8035/1855
f 4819/8037/1856 4820/11282/1856 4817/8038/1856
f 5673/8148/1890 5631/9333/1890 5630/8149/1890
f 4920/8151/1891 5192/11320/1891 4999/8152/1891
f 4943/8154/2551 5317/8651/2551 5324/8155/2551
f 4917/8157/1893 4919/11321/1894 5173/8158/1894
f 4917/8160/1895 5180/11322/1895 4987/8161/1895
f 4941/8163/2552 5305/11323/2552 5312/8164/2552
f 4938/8166/2553 5300/8788/2553 5107/8167/2553
f 4939/8169/2554 5293/8629/2554 5300/8170/2554
f 4963/8172/2555 5071/8419/2555 5066/8173/2555
f 4937/8175/1900 5281/8617/1900 5288/8176/1900
f 4951/8178/1901 4999/11324/1901 4994/8179/1901
f 4934/8181/1902 4935/8219/1903 5269/8182/1903
f 4942/8156/1904 5324/8155/1904 5131/8184/1904
f 4933/8186/2556 5257/8596/2556 5264/8187/2556
f 4967/8189/1906 5095/11325/1906 5090/8190/1906
f 4931/8192/1907 5245/8585/1907 5252/8193/1907
f 4924/8195/1908 5216/8708/1908 5023/8196/1908
f 4933/8198/1909 4966/11326/1909 5066/8199/1909
f 4929/8201/1910 4962/11327/1910 5042/8202/1910
f 4947/8204/1911 4980/11328/1911 5150/8205/1911
f 4925/8207/1912 4958/11329/1912 5018/8208/1912
f 4943/8210/1913 4976/11330/1913 5126/8211/1913
f 4921/8213/1914 4954/11331/1914 4994/8214/1914
f 4939/8216/1915 4972/11332/1916 5102/8217/1916
f 4935/8219/1917 4968/11333/1917 5078/8220/1917
f 4931/8221/1918 4964/11334/1919 5054/8222/1919
f 4918/8224/1920 4950/11335/1920 5162/8225/1920
f 4927/8227/1921 4960/11336/1921 5030/8228/1921
f 4945/8230/1922 4978/11337/1922 5138/8231/1922
f 4923/8233/1923 4956/11338/1923 5006/8234/1923
f 4941/8236/1924 4974/11339/1924 5114/8237/1924
f 4919/8239/1925 4952/11340/1925 4982/8240/1925
f 4937/8242/1926 4970/11341/1926 5090/8243/1926
f 4959/8245/2557 5047/11342/2557 5042/8246/2557
f 4944/8248/1928 4945/11343/1929 5329/8249/1929
f 4934/8251/1930 5276/8806/1930 5083/8252/1930
f 4947/8254/1931 5341/8671/1931 5348/8255/1931
f 4918/8257/2558 5353/8682/2558 5360/8258/2558
f 4944/8260/1933 5336/8868/1933 5143/8261/1933
f 4979/8263/1934 5167/8501/1934 5162/8264/1934
f 4922/8266/2559 5204/8877/2559 5011/8267/2559
f 4957/8269/2560 5035/8385/2560 5030/8270/2560
f 4965/8272/2561 5083/8429/2561 5078/8273/2561
f 4932/8275/1938 5264/8709/1938 5071/8276/1938
f 4977/8278/1939 5155/8491/1939 5150/8279/1939
f 4940/8281/1940 5312/8895/1940 5119/8282/1940
f 4955/8284/2562 5023/8373/2562 5018/8285/2562
f 4975/8287/2563 5143/11344/2563 5138/8288/2563
f 4930/8290/1943 5252/8827/1943 5059/8291/1943
f 4949/8293/2564 4987/8340/2564 4982/8294/2564
f 4973/8296/2565 5131/11345/2565 5126/8297/2565
f 4953/8299/2566 5011/11346/2566 5006/8300/2566
f 4948/8302/1947 5360/8844/1947 5167/8303/1947
f 4961/8305/1948 5059/8408/1948 5054/8306/1948
f 4921/8308/1949 5185/8533/1949 5192/8309/1949
f 4928/8311/1950 5240/8758/1950 5047/8312/1950
f 4926/8314/1951 5228/8852/1951 5035/8315/1951
f 4923/8317/1952 5197/8544/1952 5204/8318/1952
f 4936/8320/1953 5288/8922/1953 5095/8321/1953
f 4969/8323/1954 5107/8451/1954 5102/8324/1954
f 4925/8326/1955 5209/8555/1955 5216/8327/1955
f 4971/8329/1956 5119/11347/1956 5114/8330/1956
f 4926/8332/1957 4927/8227/1957 5221/8229/1957
f 4946/8334/2567 5348/8696/2567 5155/8335/2567
f 4928/8337/1959 4929/11348/1959 5233/8338/1959
f 4987/8340/1960 4989/11349/1960 4986/8341/1961
f 4986/8341/1962 4989/11349/1962 4990/8342/1962
f 4990/8342/1963 4991/8903/1963 4984/8344/1963
f 4991/8345/1964 4992/8348/1964 4983/8346/1964
f 4992/8348/1965 4988/8902/1965 4981/8349/1965
f 4994/8179/1966 4999/11324/1967 5001/8350/1967
f 5001/8352/1968 5002/8355/1968 4997/8353/1968
f 5002/8355/1969 5003/11350/1969 4996/8356/1969
f 4996/8357/1970 5003/11351/1970 5004/8358/1970
f 5004/8358/2568 5000/8749/2568 4993/8360/2568
f 5006/8300/1972 5011/11346/1972 5013/8361/1972
f 5013/8363/1973 5014/8366/1973 5009/8364/1973
f 5014/8366/1974 5015/11352/1974 5008/8367/1975
f 5015/8368/1976 5016/8869/1976 5007/8369/1976
f 5007/8369/1977 5016/8869/1977 5012/8371/1977
f 5023/8373/1978 5025/11353/1978 5022/8374/1979
f 5022/8375/1980 5025/11354/1980 5026/8376/1980
f 5021/8377/1981 5026/8376/1981 5027/8378/1981
f 5027/8380/1982 5028/8702/1982 5019/8381/1982
f 5019/8381/1983 5028/8702/1984 5024/8383/1984
f 5035/8385/1985 5037/11355/1985 5034/8386/1985
f 5034/8387/1986 5037/11356/1986 5038/8388/1986
f 5038/8388/1987 5039/11357/1987 5032/8390/1988
f 5039/8391/1989 5040/8394/1989 5031/8392/1990
f 5040/8394/1991 5036/8845/1991 5029/8395/1991
f 5042/8246/1992 5047/11342/1993 5049/8396/1993
f 5049/8398/1994 5050/8401/1994 5045/8399/1994
f 5050/8401/1995 5051/11358/1995 5044/8402/1996
f 5044/8402/1997 5051/11358/1997 5052/8403/1997
f 5052/8405/2569 5048/8765/2569 5041/8406/2569
f 5059/8408/1999 5061/11359/1999 5058/8409/1999
f 5058/8410/2000 5061/11360/2000 5062/8411/2000
f 5062/8411/2001 5063/11361/2001 5056/8413/2001
f 5056/8413/2002 5063/11361/2002 5064/8414/2002
f 5064/8416/2003 5060/8820/2003 5053/8417/2003
f 5071/8419/2004 5073/8421/2004 5070/8420/2005
f 5073/8421/2006 5074/11362/2006 5069/8422/2006
f 5069/8422/2007 5074/11362/2008 5075/8423/2008
f 5075/8423/2009 5076/11363/2009 5067/8425/2009
f 5067/8426/2010 5076/8717/2011 5072/8427/2011
f 5083/8429/2012 5085/11364/2012 5082/8430/2013
f 5082/8431/2014 5085/11365/2014 5086/8432/2014
f 5086/8434/2015 5087/8437/2015 5080/8435/2015
f 5087/8437/2016 5088/11366/2016 5079/8438/2016
f 5088/8439/2017 5084/8801/2017 5077/8440/2017
f 5090/8190/2018 5095/11325/2019 5097/8442/2019
f 5097/8442/2020 5098/8445/2020 5093/8444/2020
f 5098/8445/2021 5099/8447/2021 5092/8446/2022
f 5099/8447/2023 5100/11367/2023 5091/8448/2023
f 5091/8448/2024 5100/11367/2025 5096/8449/2025
f 5107/8451/2026 5109/11368/2026 5106/8452/2026
f 5106/8452/2027 5109/11368/2027 5110/8453/2027
f 5110/8453/2028 5111/11369/2028 5104/8455/2029
f 5104/8455/2030 5111/11369/2030 5112/8456/2030
f 5112/8456/2031 5108/11370/2031 5101/8458/2031
f 5119/8459/2032 5121/11371/2032 5118/8460/2032
f 5118/8460/2033 5121/11371/2033 5122/8462/2033
f 5117/8463/2034 5122/8462/2034 5123/8464/2034
f 5123/8464/2035 5124/8886/2035 5115/8466/2035
f 5115/8466/2036 5124/8886/2037 5120/8467/2037
f 5131/8469/2038 5133/8472/2038 5130/8470/2038
f 5133/8472/2039 5134/8474/2039 5129/8473/2039
f 5134/8474/2040 5135/8476/2040 5128/8475/2040
f 5135/8476/2041 5136/8737/2041 5127/8477/2042
f 5127/8478/2043 5136/11372/2043 5132/8479/2043
f 5138/8288/2044 5143/11344/2045 5145/8481/2045
f 5145/8481/2046 5146/8484/2046 5141/8483/2046
f 5146/8484/2047 5147/8486/2047 5140/8485/2048
f 5147/8486/2049 5148/11373/2049 5139/8487/2049
f 5139/8488/2050 5148/11374/2050 5144/8489/2050
f 5155/8491/2051 5157/11375/2051 5154/8492/2051
f 5154/8492/2052 5157/11375/2052 5158/8493/2052
f 5158/8493/2053 5159/11376/2053 5152/8495/2053
f 5152/8495/2054 5159/11376/2054 5160/8496/2054
f 5160/8498/2055 5156/8688/2055 5149/8499/2055
f 5167/8501/2056 5169/11377/2056 5166/8502/2057
f 5166/8502/2058 5169/11377/2058 5170/8503/2058
f 5165/8504/2059 5170/8503/2060 5171/8505/2060
f 5171/8505/2061 5172/11378/2061 5163/8507/2061
f 5163/8508/2062 5172/8836/2063 5168/8509/2063
f 5179/8511/2064 5181/8514/2064 5178/8512/2064
f 5181/8514/2065 5182/8516/2065 5177/8515/2065
f 5182/8516/2066 5183/11379/2066 5176/8517/2066
f 5183/8518/2067 5184/8908/2067 5175/8519/2067
f 5175/8519/2068 5184/8908/2068 5180/8521/2068
f 5191/8523/2069 5193/8750/2069 5190/8524/2069
f 5190/8524/2070 5193/8750/2070 5194/8526/2070
f 5189/8527/2071 5194/8526/2071 5195/8528/2071
f 5188/8530/2072 5195/11380/2072 5196/8531/2072
f 5196/8531/2073 5192/8309/2073 5185/8533/2073
f 5203/8534/2074 5205/8537/2074 5202/8535/2074
f 5205/8537/2075 5206/8870/2075 5201/8538/2075
f 5201/8538/2076 5206/8870/2076 5207/8539/2076
f 5200/8541/2077 5207/11381/2077 5208/8542/2077
f 5199/8543/2078 5208/8542/2078 5204/8318/2078
f 5215/8545/2079 5217/8548/2079 5214/8546/2079
f 5217/8548/2080 5218/8550/2080 5213/8549/2080
f 5218/8550/2081 5219/8703/2081 5212/8551/2081
f 5212/8552/2082 5219/11382/2082 5220/8553/2082
f 5220/8553/2083 5216/8327/2083 5209/8555/2083
f 5227/8556/2084 5229/8846/2084 5226/8557/2084
f 5226/8557/2085 5229/8846/2085 5230/8559/2085
f 5230/8559/2086 5231/8847/2086 5224/8561/2086
f 5231/8562/2087 5232/11383/2087 5223/8563/2087
f 5223/8563/2088 5232/11383/2088 5228/8333/2088
f 5234/8565/2089 5239/11384/2089 5241/8566/2089
f 5241/8566/2090 5242/8764/2090 5237/8568/2090
f 5237/8568/2091 5242/8764/2091 5243/8569/2091
f 5243/8571/2092 5244/8574/2092 5235/8572/2092
f 5244/8574/2093 5240/8339/2093 5233/8338/2093
f 5251/8575/2570 5253/8578/2570 5250/8576/2570
f 5253/8578/2095 5254/8821/2095 5249/8579/2096
f 5249/8579/2097 5254/8821/2097 5255/8580/2097
f 5255/8582/2098 5256/11385/2098 5247/8583/2098
f 5247/8583/2099 5256/11385/2099 5252/8193/2099
f 5263/8586/2100 5265/8589/2100 5262/8587/2100
f 5265/8589/2101 5266/8591/2101 5261/8590/2101
f 5266/8591/2102 5267/8714/2102 5260/8592/2102
f 5260/8593/2103 5267/11386/2103 5268/8594/2103
f 5268/8594/2104 5264/8187/2104 5257/8596/2104
f 5275/8597/2105 5277/8600/2105 5274/8598/2105
f 5277/8600/2106 5278/8602/2106 5273/8601/2106
f 5278/8602/2107 5279/8604/2107 5272/8603/2107
f 5279/8604/2108 5280/11387/2108 5271/8605/2108
f 5271/8606/2109 5280/11388/2109 5276/8183/2109
f 5287/8607/2110 5289/8914/2110 5286/8608/2110
f 5286/8608/2111 5289/8914/2111 5290/8610/2111
f 5285/8611/2112 5290/8610/2112 5291/8612/2112
f 5284/8613/2113 5291/8612/2113 5292/8614/2113
f 5292/8616/2114 5288/8176/2114 5281/8617/2114
f 5299/8619/2115 5301/8622/2115 5298/8620/2115
f 5301/8622/2116 5302/8624/2116 5297/8623/2116
f 5302/8624/2117 5303/8626/2117 5296/8625/2118
f 5303/8626/2119 5304/11389/2119 5295/8627/2119
f 5295/8628/2120 5304/11390/2120 5300/8170/2120
f 5311/8630/2121 5313/8633/2121 5310/8631/2121
f 5313/8633/2122 5314/11391/2122 5309/8634/2122
f 5309/8634/2123 5314/11391/2123 5315/8635/2123
f 5308/8636/2124 5315/8635/2124 5316/8637/2124
f 5316/8639/2125 5312/11392/2125 5305/8640/2125
f 5323/8642/2126 5325/8736/2126 5322/8643/2126
f 5322/8643/2127 5325/8736/2127 5326/8645/2127
f 5326/8645/2128 5327/8648/2128 5320/8647/2128
f 5327/8648/2129 5328/11393/2129 5319/8649/2129
f 5319/8650/2130 5328/8743/2130 5324/8155/2130
f 5335/8652/2131 5337/8655/2131 5334/8653/2131
f 5337/8655/2132 5338/11394/2132 5333/8656/2132
f 5333/8656/2133 5338/11394/2133 5339/8657/2133
f 5339/8657/2134 5340/11395/2134 5331/8659/2134
f 5331/8660/2135 5340/11396/2135 5336/8250/2135
f 5347/8661/2571 5349/8664/2571 5346/8662/2571
f 5349/8664/2137 5350/8689/2137 5345/8665/2138
f 5345/8665/2139 5350/8689/2139 5351/8666/2139
f 5351/8668/2140 5352/11397/2140 5343/8669/2140
f 5343/8669/2141 5352/11397/2141 5348/8255/2141
f 5359/8672/2142 5361/8675/2142 5358/8673/2142
f 5361/8675/2143 5362/8837/2143 5357/8676/2143
f 5357/8676/2144 5362/8837/2144 5363/8677/2144
f 5356/8679/2145 5363/11398/2145 5364/8680/2145
f 5364/8680/2146 5360/8258/2146 5353/8682/2146
f 5137/8490/2147 5330/8654/2147 5334/8653/2147
f 5139/8488/2148 5334/8653/2149 5333/8656/2149
f 5140/8683/2150 5333/8656/2151 5332/8658/2151
f 5141/8685/2152 5332/11399/2152 5331/8686/2152
f 5142/8687/2153 5331/8686/2153 5329/8232/2153
f 5156/8688/2154 5160/8498/2154 5349/8664/2154
f 5160/8498/2155 5159/11400/2155 5350/8689/2156
f 5159/8690/2157 5158/8693/2157 5351/8691/2157
f 5158/8693/2158 5157/8695/2158 5352/8694/2158
f 5157/8695/2159 5155/8335/2159 5348/8696/2159
f 5005/8372/2160 5198/8536/2160 5202/8535/2160
f 5007/8369/2161 5202/8535/2161 5201/8538/2161
f 5008/8697/2162 5201/11401/2162 5200/8698/2162
f 5009/8699/2163 5200/8698/2163 5199/8700/2163
f 5010/8701/2164 5199/8700/2165 5197/8235/2165
f 5024/8383/2166 5028/8702/2166 5217/8548/2166
f 5028/8702/2167 5027/8380/2167 5218/8550/2167
f 5027/8380/2168 5026/11402/2168 5219/8703/2168
f 5026/8704/2169 5025/8707/2169 5220/8705/2169
f 5025/8707/2170 5023/8196/2170 5216/8708/2170
f 5264/8709/2171 5268/11403/2171 5073/8710/2171
f 5268/8711/2172 5267/11404/2172 5074/8712/2172
f 5267/8714/2173 5266/8591/2173 5075/8715/2173
f 5266/8591/2174 5265/8589/2174 5076/8717/2174
f 5265/8589/2572 5263/8586/2572 5072/8427/2572
f 5257/8200/2176 5066/8199/2176 5070/8718/2176
f 5259/8719/2177 5070/8718/2177 5069/8720/2177
f 5260/8721/2178 5069/8720/2178 5068/8722/2178
f 5261/8723/2179 5068/8722/2179 5067/8724/2179
f 5262/8587/2180 5067/8426/2180 5065/8428/2180
f 5113/8726/2181 5306/8632/2181 5310/8631/2181
f 5115/8727/2182 5310/8631/2182 5309/8634/2182
f 5116/8729/2183 5309/11405/2183 5308/8730/2183
f 5117/8731/2184 5308/8730/2184 5307/8732/2184
f 5118/8733/2185 5307/8732/2185 5305/8734/2185
f 5132/8479/2573 5136/11372/2573 5325/8736/2573
f 5136/8737/2187 5135/8476/2187 5326/8738/2187
f 5135/8476/2188 5134/8474/2188 5327/8740/2188
f 5134/8474/2189 5133/8472/2189 5328/8741/2189
f 5133/8742/2190 5131/8184/2190 5324/8155/2190
f 4981/8349/2191 5174/8513/2191 5178/8512/2191
f 4983/8346/2192 5178/8512/2192 5177/8515/2192
f 4984/8347/2193 5177/8515/2193 5176/8517/2193
f 4985/8745/2194 5176/11406/2194 5175/8746/2194
f 4986/8748/2195 5175/11407/2195 5173/8241/2195
f 5000/8749/2196 5004/8358/2196 5193/8750/2196
f 5004/8358/2197 5003/11351/2197 5194/8526/2197
f 5003/8751/2198 5002/8754/2198 5195/8752/2199
f 5002/8754/2200 5001/8756/2200 5196/8755/2200
f 5001/8756/2201 4999/11408/2201 5192/8757/2201
f 5240/8758/2202 5244/8760/2202 5049/8759/2202
f 5244/8760/2203 5243/11409/2203 5050/8761/2203
f 5243/8569/2204 5242/8764/2204 5051/8762/2204
f 5242/8764/2205 5241/8566/2205 5052/8405/2205
f 5241/8566/2574 5239/11384/2574 5048/8765/2574
f 5233/8766/2207 5042/11410/2207 5046/8767/2207
f 5235/8768/2208 5046/8767/2208 5045/8769/2208
f 5236/8770/2209 5045/8769/2209 5044/8771/2209
f 5237/8568/2210 5044/11411/2210 5043/8407/2210
f 5238/8567/2211 5043/8407/2211 5041/8406/2211
f 5089/8773/2212 5282/8609/2212 5286/8608/2212
f 5091/8448/2213 5286/11412/2213 5285/8775/2213
f 5092/8446/2214 5285/8775/2214 5284/8776/2214
f 5093/8777/2215 5284/11413/2215 5283/8778/2215
f 5094/8779/2216 5283/8778/2216 5281/8244/2216
f 5108/8780/2575 5112/8781/2575 5301/8622/2575
f 5112/8781/2218 5111/11414/2218 5302/8624/2219
f 5111/8782/2220 5110/8785/2220 5303/8783/2220
f 5110/8785/2221 5109/8787/2221 5304/8786/2221
f 5109/8787/2222 5107/8167/2222 5300/8788/2222
f 5341/8206/2223 5150/8205/2223 5154/8789/2223
f 5343/8790/2224 5154/8789/2225 5153/8791/2225
f 5344/8667/2226 5153/11415/2226 5152/8793/2226
f 5345/8665/2227 5152/8793/2227 5151/8500/2227
f 5346/8662/2228 5151/8500/2228 5149/8499/2228
f 5209/8794/2229 5018/11416/2229 5022/8795/2229
f 5211/8796/2230 5022/8795/2230 5021/8797/2230
f 5212/8798/2231 5021/8797/2231 5020/8799/2231
f 5213/8549/2232 5020/8382/2232 5019/8381/2232
f 5214/8546/2233 5019/8381/2233 5017/8384/2233
f 5084/8801/2576 5088/8439/2576 5277/8600/2576
f 5088/8439/2235 5087/8802/2235 5278/8602/2235
f 5087/8802/2236 5086/11417/2236 5279/8604/2236
f 5086/8432/2237 5085/11365/2237 5280/8803/2237
f 5085/8805/2238 5083/8252/2238 5276/8806/2238
f 5317/8808/2239 5126/11418/2239 5130/8809/2239
f 5319/8810/2240 5130/8809/2240 5129/8811/2240
f 5320/8812/2241 5129/8811/2241 5128/8813/2241
f 5321/8646/2242 5128/11419/2242 5127/8478/2242
f 5322/8643/2243 5127/8478/2243 5125/8480/2243
f 5185/8815/2244 4994/11420/2244 4998/8816/2244
f 5187/8817/2245 4998/8816/2246 4997/8818/2246
f 5188/8529/2247 4997/11421/2247 4996/8357/2247
f 5189/8527/2248 4996/8357/2248 4995/8359/2248
f 5190/8524/2249 4995/8359/2249 4993/8360/2249
f 5060/8820/2250 5064/8416/2250 5253/8578/2250
f 5064/8416/2251 5063/8822/2251 5254/8821/2252
f 5063/8822/2253 5062/11422/2253 5255/8580/2253
f 5062/8823/2254 5061/8826/2254 5256/8824/2254
f 5061/8826/2255 5059/8291/2255 5252/8827/2255
f 5293/8218/2256 5102/8217/2257 5106/8828/2257
f 5295/8829/2258 5106/8828/2258 5105/8830/2258
f 5296/8831/2259 5105/8830/2259 5104/8832/2259
f 5297/8623/2260 5104/11423/2260 5103/8834/2260
f 5298/8620/2261 5103/8834/2261 5101/8835/2261
f 5168/8509/2262 5172/8836/2262 5361/8675/2262
f 5172/8836/2263 5171/11424/2263 5362/8837/2263
f 5171/8838/2264 5170/8841/2264 5363/8839/2264
f 5170/8841/2265 5169/8843/2265 5364/8842/2265
f 5169/8843/2266 5167/8303/2266 5360/8844/2266
f 5036/8845/2577 5040/8394/2577 5229/8846/2577
f 5040/8394/2268 5039/8391/2268 5230/8559/2268
f 5039/8391/2269 5038/11425/2269 5231/8847/2269
f 5038/8848/2270 5037/11426/2270 5232/8849/2270
f 5037/8851/2271 5035/8315/2271 5228/8852/2271
f 5269/8854/2272 5078/11427/2272 5082/8855/2272
f 5271/8856/2273 5082/8855/2273 5081/8436/2273
f 5272/8857/2274 5081/8436/2274 5080/8435/2274
f 5273/8858/2275 5080/8435/2275 5079/8438/2275
f 5274/8598/2276 5079/8441/2276 5077/8440/2276
f 5144/8489/2277 5148/11374/2277 5337/8655/2277
f 5148/8860/2278 5147/8863/2278 5338/8861/2278
f 5147/8863/2279 5146/8865/2279 5339/8864/2279
f 5146/8865/2280 5145/8867/2280 5340/8866/2280
f 5145/8867/2281 5143/8261/2281 5336/8868/2281
f 5012/8371/2282 5016/8869/2282 5205/8537/2282
f 5016/8869/2283 5015/8368/2283 5206/8870/2284
f 5015/8871/2285 5014/8874/2285 5207/8872/2286
f 5014/8874/2287 5013/8876/2287 5208/8875/2287
f 5013/8876/2288 5011/8267/2288 5204/8877/2288
f 5245/8878/2289 5054/11428/2289 5058/8879/2289
f 5247/8880/2290 5058/8879/2291 5057/8881/2291
f 5248/8882/2292 5057/8881/2292 5056/8883/2292
f 5249/8579/2293 5056/11429/2293 5055/8418/2293
f 5250/8576/2294 5055/8418/2294 5053/8417/2294
f 5120/8885/2295 5124/11430/2295 5313/8633/2295
f 5124/8886/2296 5123/8464/2296 5314/8887/2296
f 5123/8889/2297 5122/8892/2297 5315/8890/2297
f 5122/8892/2298 5121/11431/2298 5316/8893/2298
f 5121/8894/2299 5119/8282/2299 5312/8895/2299
f 5161/8510/2300 5354/8674/2300 5358/8673/2300
f 5163/8508/2301 5358/8673/2301 5357/8676/2301
f 5164/8897/2302 5357/8676/2302 5356/8678/2302
f 5165/8899/2303 5356/11432/2303 5355/8900/2303
f 5166/8901/2304 5355/8900/2304 5353/8226/2304
f 4988/8902/2578 4992/8348/2578 5181/8514/2578
f 4992/8348/2306 4991/8345/2306 5182/8516/2306
f 4991/8903/2307 4990/8342/2307 5183/8904/2307
f 4990/8342/2308 4989/11349/2308 5184/8906/2308
f 4989/8907/2309 4987/11433/2309 5180/8521/2309
f 5221/8229/2310 5030/8228/2310 5034/8909/2310
f 5223/8910/2311 5034/8387/2311 5033/8389/2311
f 5224/8911/2312 5033/8389/2312 5032/8390/2312
f 5225/8560/2313 5032/8393/2313 5031/8392/2313
f 5226/8557/2314 5031/8392/2314 5029/8395/2314
f 5096/8913/2315 5100/8915/2315 5289/8914/2315
f 5100/8915/2316 5099/11434/2316 5290/8610/2316
f 5099/8916/2317 5098/8919/2317 5291/8917/2317
f 5098/8919/2318 5097/8921/2318 5292/8920/2318
f 5097/8921/2319 5095/8321/2319 5288/8922/2319
f 5464/8923/109 5476/9023/109 5499/8924/109
f 5423/8926/1 5424/11435/1 5566/8927/1
f 5395/8929/40 5539/11436/40 5538/8930/40
f 5422/8932/1 5564/11437/1 5565/8933/1
f 5394/8935/40 5393/11438/40 5537/8936/40
f 5419/8938/1 5420/11439/1 5562/8939/1
f 5391/8941/40 5535/11440/40 5534/8942/40
f 5435/8944/144 5609/11441/144 5583/8945/144
f 5502/8947/42 5599/11442/42 5598/8948/42
f 5445/8950/1473 5620/11443/1473 5595/8951/1473
f 5500/8956/48 5597/11445/48 5596/8957/48
f 5443/8959/1474 5618/11446/1474 5593/8960/1474
f 5498/8965/54 5595/11448/54 5594/8966/54
f 5466/8968/103 5498/9025/103 5501/8969/103
f 5389/8971/40 5533/11449/40 5532/8972/40
f 5468/8974/96 5500/9027/96 5503/8975/96
f 5387/8977/40 5531/11450/40 5530/8978/40
f 5470/8980/90 5502/9029/90 5505/8981/90
f 5405/8983/137 5561/11451/137 5517/8984/137
f 5386/8986/40 5385/11452/40 5529/8987/40
f 5372/8989/146 5514/11453/146 5559/8990/146
f 5383/8992/40 5527/11454/40 5526/8993/40
f 5386/8995/31 5464/8923/31 5465/8996/31
f 5388/8998/21 5466/8968/21 5467/8925/21
f 5390/9000/99 5468/8974/99 5469/8970/99
f 5392/9002/51 5470/8980/51 5471/9003/51
f 5418/9005/31 5476/9023/31 5464/8923/31
f 5385/8997/31 5465/8996/31 5477/9006/31
f 5416/9008/57 5478/11455/57 5463/9009/57
f 5414/9011/81 5480/11456/81 5461/9012/81
f 5413/9014/81 5381/11457/81 5462/9015/81
f 5412/9017/146 5482/11458/146 5460/9018/146
f 5410/9020/147 5484/11459/147 5459/9021/147
f 5417/9007/31 5477/9006/31 5476/9023/31
f 5420/9024/21 5419/9031/21 5499/8924/21
f 5422/9026/99 5421/9032/99 5501/8969/99
f 5423/9028/51 5503/9033/51 5502/9029/51
f 5387/8999/21 5467/8925/21 5499/8924/21
f 5420/9024/21 5498/9025/21 5466/8968/21
f 5389/9001/99 5469/8970/99 5501/8969/99
f 5422/9026/99 5500/9027/99 5468/8974/99
f 5391/9004/51 5471/9003/51 5503/9033/51
f 5424/9030/51 5502/9029/51 5470/8980/51
f 5366/9034/137 5454/11460/137 5490/9035/137
f 5397/9037/137 5489/11461/137 5453/9038/137
f 5393/9040/19 5473/8982/19 5505/8981/19
f 5367/9042/107 5456/11462/107 5492/9043/107
f 5426/9045/19 5504/11463/19 5472/9046/19
f 5400/9048/107 5491/11464/107 5455/9049/107
f 5395/9051/6 5475/11465/6 5507/9052/6
f 5428/9054/6 5506/11466/6 5474/9055/6
f 5404/9057/33 5495/11467/33 5457/9058/33
f 5373/9060/101 5458/11468/101 5497/9061/101
f 5529/9063/31 5541/11469/31 5540/9064/31
f 5527/9066/57 5543/11470/57 5542/9067/57
f 5525/9069/81 5545/11471/81 5544/9070/81
f 5523/9072/146 5547/11472/146 5546/9073/146
f 5521/9075/147 5549/11473/147 5548/9076/147
f 5519/9078/64 5551/11474/64 5550/9079/64
f 5531/9081/21 5563/11475/21 5562/9082/21
f 5533/9084/99 5565/11476/99 5564/9085/99
f 5535/9087/51 5567/11477/51 5566/9088/51
f 5509/9090/137 5554/11478/137 5553/9091/137
f 5537/9093/19 5569/11479/19 5568/9094/19
f 5511/9096/107 5556/11480/107 5555/9097/107
f 5539/9099/6 5571/11481/6 5570/9100/6
f 5513/9102/71 5558/11482/71 5557/9103/71
f 5515/9105/33 5560/11483/33 5559/9106/33
f 5517/9108/101 5561/11484/101 5552/9109/101
f 5386/9111/19 5528/11485/19 5540/9112/19
f 5417/9114/147 5541/11486/147 5529/9115/147
f 5384/9117/51 5526/11487/51 5542/9118/51
f 5419/9120/146 5563/11488/146 5531/9121/146
f 5415/9123/64 5543/11489/64 5527/9124/64
f 5388/9126/6 5530/11490/6 5562/9127/6
f 5382/9129/99 5524/11491/99 5544/9130/99
f 5421/9132/81 5565/11492/81 5533/9133/81
f 5413/9135/101 5545/11493/101 5525/9136/101
f 5390/9138/137 5532/11494/137 5564/9139/137
f 5380/9141/21 5522/11495/21 5546/9142/21
f 5423/9144/57 5567/11496/57 5535/9145/57
f 5411/9147/33 5547/11497/33 5523/9148/33
f 5392/9150/107 5534/11498/107 5566/9151/107
f 5378/9153/31 5520/11499/31 5548/9154/31
f 5398/9156/99 5554/11500/99 5509/9157/99
f 5409/9159/71 5549/11501/71 5521/9160/71
f 5365/9162/101 5508/11502/101 5553/9163/101
f 5376/9165/57 5518/11503/57 5550/9166/57
f 5366/9168/40 5509/11504/40 5508/9169/40
f 5425/9171/31 5569/11505/31 5537/9172/31
f 5407/9174/107 5551/11506/107 5519/9175/107
f 5367/9177/40 5511/11507/40 5510/9178/40
f 5399/9180/51 5556/11508/51 5511/9181/51
f 5374/9183/81 5516/11509/81 5552/9184/81
f 5369/9186/40 5513/11510/40 5512/9187/40
f 5394/9189/71 5536/11511/71 5568/9190/71
f 5371/9192/40 5515/11512/40 5514/9193/40
f 5368/9195/64 5510/11513/64 5555/9196/64
f 5373/9198/40 5517/11514/40 5516/9199/40
f 5427/9201/21 5571/11515/21 5539/9202/21
f 5375/9204/40 5519/11516/40 5518/9205/40
f 5401/9207/19 5558/11517/19 5513/9208/19
f 5377/9210/40 5521/11518/40 5520/9211/40
f 5396/9213/33 5538/11519/33 5570/9214/33
f 5379/9216/40 5523/11520/40 5522/9217/40
f 5370/9219/147 5512/11521/147 5557/9220/147
f 5381/9222/40 5525/11522/40 5524/9223/40
f 5403/9225/6 5560/11523/6 5515/9226/6
f 5494/9231/1471 5574/11525/1471 5605/9232/1471
f 5496/9234/145 5576/11526/145 5606/9235/145
f 5497/9237/143 5578/11527/143 5607/9238/143
f 5481/9240/1454 5586/11528/1454 5611/9241/1454
f 5477/9243/1459 5590/11529/1459 5615/9244/1459
f 5501/9246/1462 5594/11530/1462 5619/9247/1462
f 5505/9252/1465 5598/11532/1465 5623/9253/1465
f 5490/9258/1468 5602/11534/1468 5627/9259/1468
f 5504/9261/35 5601/11535/35 5600/9262/35
f 5491/9264/114 5575/11536/114 5574/9265/114
f 5449/9267/1460 5624/11537/1460 5599/9268/1460
f 5506/9270/28 5603/11538/28 5602/9271/28
f 5493/9273/109 5577/11539/109 5576/9274/109
f 5495/9276/103 5579/11540/103 5578/9277/103
f 5488/9282/96 5581/11542/96 5580/9283/96
f 5484/9285/84 5585/11543/84 5584/9286/84
f 5486/9291/90 5583/11545/90 5582/9292/90
f 5482/9294/78 5587/11546/78 5586/9295/78
f 5436/9300/1511 5610/11548/1511 5585/9301/1511
f 5480/9303/73 5589/11549/73 5588/9304/73
f 5478/9312/66 5591/11552/66 5590/9313/66
f 5439/9317/1513 5614/11553/1513 5589/9318/1513
f 5476/9320/60 5593/11554/60 5592/9321/60
f 5441/9326/1475 5616/11556/1475 5591/9327/1475
f 5489/9329/120 5573/11557/120 5572/9330/120
f 5669/9332/2320 5632/9338/2320 5631/9333/2320
f 5665/9334/2579 5628/9532/2579 5629/9335/2579
f 5681/9337/2322 5633/9340/2322 5632/9338/2322
f 5677/9339/2323 5634/9342/2323 5633/9340/2323
f 5689/9341/2324 5635/9344/2324 5634/9342/2324
f 5685/9343/2325 5636/9346/2325 5635/9344/2325
f 5697/9345/2326 5637/9348/2326 5636/9346/2326
f 5697/9345/2327 5693/9350/2327 5638/9347/2327
f 5705/9349/2328 5639/9352/2328 5638/9347/2328
f 5701/9351/2329 5640/11558/2329 5639/9352/2329
f 5701/9353/2330 5713/9357/2330 5641/9354/2330
f 5709/9356/2331 5642/9359/2331 5641/9354/2331
f 5721/9358/2332 5643/9361/2332 5642/9359/2332
f 5717/9360/2333 5644/9363/2333 5643/9361/2333
f 5729/9362/2580 5645/11559/2580 5644/9363/2580
f 5729/9364/2335 5725/11560/2336 5646/9365/2336
f 5737/9367/2337 5647/9371/2337 5646/9368/2337
f 5733/9370/2338 5648/9373/2338 5647/9371/2338
f 5745/9372/2339 5649/9375/2339 5648/9373/2339
f 5741/9374/2340 5650/9377/2340 5649/9375/2340
f 5753/9376/2341 5651/9379/2341 5650/9377/2341
f 5749/9378/2342 5652/9381/2342 5651/9379/2342
f 5761/9380/2343 5653/9383/2343 5652/9381/2343
f 5757/9382/2344 5654/11561/2344 5653/9383/2344
f 5769/9384/2345 5655/9388/2345 5654/9385/2345
f 5769/9384/2346 5765/9389/2346 5656/9387/2346
f 5765/9389/2347 5777/9391/2347 5657/9390/2347
f 5777/9391/2348 5773/9394/2348 5658/9392/2348
f 5785/9393/2349 5659/9396/2349 5658/9392/2349
f 5780/9395/2350 5629/11562/2350 5659/9396/2350
f 5780/9336/2351 5782/9529/2351 5667/9397/2351
f 5667/9397/2352 5782/9529/2352 5783/9398/2352
f 5666/9399/2353 5783/9398/2353 5781/9400/2353
f 5665/9334/2354 5667/9397/2354 5663/9402/2354
f 5663/9402/2355 5667/9397/2355 5666/9399/2355
f 5662/9403/2356 5666/9399/2356 5664/9401/2356
f 5661/8150/2357 5663/9402/2357 5675/9405/2357
f 5663/9402/2358 5662/9403/2358 5674/9406/2358
f 5662/9407/2359 5660/11563/2359 5672/9408/2359
f 5669/9332/2360 5673/8148/2360 5675/9405/2360
f 5671/9410/2361 5675/9405/2361 5674/9406/2361
f 5674/9409/2362 5672/9408/2362 5668/9412/2362
f 5669/9332/2363 5671/9410/2363 5683/9414/2363
f 5671/9410/2364 5670/9411/2364 5682/9415/2364
f 5682/9416/2365 5670/9413/2365 5668/9412/2365
f 5681/9337/2366 5683/9414/2366 5679/9418/2366
f 5683/9414/2367 5682/9415/2367 5678/9419/2367
f 5678/9420/2368 5682/9416/2368 5680/9417/2368
f 5677/9339/2369 5679/9418/2369 5691/9422/2369
f 5679/9418/2370 5678/9419/2370 5690/9423/2370
f 5678/9420/2371 5676/9421/2371 5688/9424/2371
f 5685/9343/2372 5689/9341/2372 5691/9422/2372
f 5687/9426/2373 5691/9422/2373 5690/9423/2373
f 5690/9425/2374 5688/9424/2374 5684/9428/2374
f 5685/9343/2375 5687/9426/2375 5699/9430/2375
f 5687/9426/2376 5686/9427/2376 5698/9431/2376
f 5686/9429/2377 5684/9428/2377 5696/9432/2377
f 5693/9350/2378 5697/9345/2378 5699/9430/2378
f 5695/9434/2379 5699/9430/2379 5698/9431/2379
f 5694/9436/2380 5698/9433/2380 5696/9432/2380
f 5693/9350/2381 5695/9434/2381 5707/9438/2381
f 5695/9434/2382 5694/9435/2382 5706/9439/2382
f 5694/9440/2383 5692/11564/2383 5704/9441/2383
f 5705/9349/2384 5707/9438/2384 5703/9443/2384
f 5707/9438/2385 5706/9439/2385 5702/9444/2385
f 5702/9445/2386 5706/9442/2386 5704/9441/2386
f 5701/9351/2387 5703/9443/2387 5715/9447/2387
f 5703/9443/2388 5702/9444/2388 5714/9449/2388
f 5702/9445/2389 5700/9446/2389 5712/9450/2389
f 5713/9448/2390 5715/9447/2390 5711/9452/2390
f 5715/9447/2391 5714/9449/2391 5710/9454/2391
f 5714/9451/2392 5712/9450/2392 5708/9455/2392
f 5709/9453/2393 5711/9452/2393 5723/9457/2393
f 5711/9452/2394 5710/9454/2394 5722/9459/2394
f 5710/9456/2395 5708/9455/2395 5720/9460/2395
f 5721/9458/2396 5723/9457/2396 5719/9462/2396
f 5723/9457/2397 5722/9459/2397 5718/9464/2397
f 5722/9459/2398 5720/11565/2398 5716/9465/2398
f 5717/9463/2399 5719/9462/2399 5731/9466/2399
f 5719/9462/2400 5718/9464/2400 5730/9468/2400
f 5730/9468/2401 5718/9464/2401 5716/9465/2401
f 5725/9470/2402 5729/9467/2402 5731/9466/2402
f 5727/9471/2403 5731/9466/2403 5730/9468/2403
f 5726/9472/2404 5730/9468/2404 5728/9469/2404
f 5737/9474/2405 5725/9470/2406 5727/9471/2406
f 5739/9475/2407 5727/9471/2407 5726/9472/2407
f 5738/9476/2408 5726/9472/2408 5724/9473/2408
f 5737/9367/2409 5739/11566/2409 5735/9478/2409
f 5735/9479/2410 5739/9475/2410 5738/9476/2410
f 5738/9476/2411 5736/9477/2411 5732/9481/2411
f 5733/9370/2412 5735/9478/2412 5747/9482/2412
f 5747/9483/2413 5735/9479/2413 5734/9480/2413
f 5734/9480/2414 5732/9481/2414 5744/9485/2414
f 5741/9374/2415 5745/9372/2415 5747/9482/2415
f 5747/9483/2416 5746/9484/2416 5742/9487/2416
f 5746/9484/2417 5744/9485/2417 5740/9489/2417
f 5741/9374/2418 5743/9486/2418 5755/9490/2418
f 5743/9488/2419 5742/9487/2419 5754/9491/2419
f 5742/9487/2420 5740/9489/2420 5752/9493/2420
f 5749/9378/2421 5753/9376/2421 5755/9490/2421
f 5751/9495/2422 5755/9492/2422 5754/9491/2422
f 5754/9491/2423 5752/9493/2423 5748/9497/2423
f 5749/9378/2424 5751/9494/2424 5763/9498/2424
f 5751/9495/2425 5750/9496/2425 5762/9499/2425
f 5750/9496/2426 5748/9497/2426 5760/9501/2426
f 5761/9502/2427 5763/9500/2427 5759/9503/2427
f 5763/9500/2428 5762/9499/2428 5758/9505/2428
f 5762/9499/2429 5760/9501/2429 5756/9506/2429
f 5769/9507/2430 5757/9504/2430 5759/9503/2430
f 5759/9503/2432 5758/9505/2432 5770/9509/2432
f 5758/9505/2433 5756/9506/2433 5768/9510/2433
f 5765/9511/2434 5769/9507/2434 5771/9508/2434
f 5767/9512/2435 5771/9508/2435 5770/9509/2435
f 5770/9509/2436 5768/9510/2436 5764/9514/2436
f 5765/9511/2437 5767/9512/2437 5779/9515/2437
f 5767/9512/2438 5766/9513/2438 5778/9517/2438
f 5766/9513/2439 5764/9514/2439 5776/9518/2439
f 5773/9519/2440 5777/9516/2440 5779/9515/2440
f 5775/9520/2441 5779/9515/2441 5778/9517/2441
f 5778/9517/2442 5776/9518/2442 5772/9522/2442
f 5773/9519/2443 5775/9520/2443 5787/9523/2443
f 5775/9520/2444 5774/9521/2444 5786/9525/2444
f 5774/9526/2445 5772/11567/2445 5784/9527/2445
f 5785/9524/2446 5787/9523/2446 5782/9529/2446
f 5787/9523/2447 5786/9525/2447 5783/9398/2447
f 5786/9528/2448 5784/9527/2448 5781/9530/2448
f 5661/8150/2449 5630/8149/2449 5628/9532/2449
usemtl LIGHT_BASE_1
f 2102/3802/1237 3436/3803/1237 246/3804/1237
f 2101/3805/1238 3434/3806/1238 3433/3807/1238
f 236/3808/1239 3418/3809/1239 237/3810/1239
f 2087/3811/1240 3403/3812/1240 2086/3813/1240
f 2081/3814/1241 3455/3815/1241 2112/3816/1241
f 2100/3817/1242 3432/3818/1242 244/3819/1242
f 2099/3820/1243 3430/3821/1243 3429/3822/1243
f 234/3823/1244 3414/3824/1244 235/3825/1244
f 2085/3826/1245 3399/3827/1245 2084/3828/1245
f 2111/3829/1246 3451/3830/1246 2110/3831/1246
f 2098/3832/1247 3428/3833/1247 242/3834/1247
f 2097/3835/1248 3426/3836/1248 3425/3837/1248
f 232/3838/1249 3410/3839/1249 233/3840/1249
f 2083/3841/1250 3395/3842/1250 2082/3843/1250
f 2109/3844/1251 3447/3845/1251 2108/3846/1251
f 2096/3847/1252 3424/3848/1252 240/3849/1252
f 2089/6475/1599 3407/6476/1599 2088/6477/1599
f 238/6478/1600 3422/6479/1600 239/6480/1600
f 2103/6481/1601 3438/6482/1601 3437/6483/1601
f 2104/6484/1602 3440/6485/1602 248/6486/1602
f 2091/6487/1603 3411/6488/1603 2090/6489/1603
f 240/6490/1604 3426/6491/1604 241/6492/1604
f 2105/6493/1605 3442/6494/1605 3441/6495/1605
f 2106/6496/1606 3444/6497/1606 250/6498/1606
f 2093/6499/1607 3415/6500/1607 2092/6501/1607
f 242/6502/1608 3430/6503/1608 243/6504/1608
f 2107/6505/1609 3446/6506/1609 3445/6507/1609
f 2081/6508/1610 3393/6509/1610 3394/6510/1610
f 2108/6511/1611 3448/6512/1611 252/6513/1611
f 2082/6514/1612 3396/6515/1612 226/6516/1612
f 2095/6517/1613 3419/6518/1613 2094/6519/1613
f 244/3819/1614 3434/6520/1614 245/6521/1614
f 2109/6522/1615 3450/6523/1615 3449/6524/1615
f 2083/6525/1616 3398/6526/1616 3397/6527/1616
f 2110/6528/1617 3452/6529/1617 254/6530/1617
f 2084/6531/1618 3400/6532/1618 228/6533/1618
f 2097/6534/1619 3423/6535/1619 2096/6536/1619
f 246/6537/1620 3438/6538/1620 247/6539/1620
f 2111/6540/1621 3454/6541/1621 3453/6542/1621
f 2085/6543/1622 3402/6544/1622 3401/6545/1623
f 2112/6546/1624 3456/6547/1624 256/6548/1624
f 2086/6549/1625 3404/6550/1625 230/6551/1625
f 2099/6552/1626 3427/6553/1626 2098/6554/1626
f 248/6555/1627 3442/6556/1627 249/6557/1627
f 2087/6558/1628 3406/6559/1628 3405/6560/1628
f 2088/6561/1629 3408/6562/1629 232/6563/1629
f 2101/6564/1630 3431/6565/1630 2100/6566/1630
f 250/6567/1631 3446/6568/1631 251/6569/1631
f 2089/6570/1632 3410/6571/1632 3409/6572/1632
f 2090/6573/1633 3412/6574/1633 234/6575/1633
f 2103/6576/1634 3435/6577/1634 2102/6578/1634
f 252/6579/1635 3450/6523/1635 253/6580/1635
f 226/6581/1636 3398/6582/1636 227/6583/1636
f 2091/6584/1637 3414/6585/1637 3413/6586/1637
f 2092/6501/1638 3416/6587/1638 236/6588/1638
f 2105/6589/1639 3439/6590/1639 2104/6591/1639
f 254/6592/1640 3454/6593/1640 255/6594/1640
f 228/6595/1641 3402/6596/1641 229/6597/1641
f 2093/6598/1642 3418/6599/1642 3417/6600/1642
f 2094/6601/1643 3420/6602/1643 238/6603/1643
f 2106/6604/1644 3445/6605/1644 3443/6606/1644
f 256/6607/1645 3393/6608/1645 225/6609/1645
f 230/6610/1646 3406/6611/1646 231/6612/1646
f 2095/6613/1647 3422/6614/1647 3421/6615/1647
f 3946/7023/1648 3913/7024/1648 3945/7025/1648
f 3947/7026/1649 3916/7027/1650 3915/7028/1651
f 3950/7029/1652 3917/7030/1652 3949/7031/1652
f 3952/7032/1653 3919/7033/1653 3951/7034/1653
f 3954/7035/1654 3921/7036/1654 3953/7037/1654
f 3956/7038/1655 3923/7039/1655 3955/7040/1655
f 3958/7041/1656 3925/7042/1656 3957/7043/1656
f 3960/7044/1657 3927/7045/1657 3959/7046/1657
f 3962/7047/1658 3929/7048/1658 3961/7049/1658
f 3964/7050/1659 3931/7051/1659 3963/7052/1659
f 3965/7053/1660 3934/7054/1661 3933/7055/1662
f 3968/7056/1663 3935/7057/1663 3967/7058/1663
f 3970/7059/1664 3937/7060/1664 3969/7061/1664
f 3972/7062/1665 3939/7063/1665 3971/7064/1665
f 3974/7065/1666 3941/7066/1666 3973/7067/1666
f 3975/7068/1667 3944/7069/1668 3943/7070/1669
f 3914/7071/1670 3977/7072/1670 3913/7024/1670
f 3914/7071/1671 3979/7073/1671 3978/7071/1671
f 3915/7028/1651 3980/7027/1672 3979/7073/1672
f 3917/7030/1673 3980/7027/1673 3916/7027/1673
f 3917/7030/1674 3982/7074/1674 3981/7030/1674
f 3919/7033/1675 3982/7074/1675 3918/7075/1675
f 3920/7076/1676 3983/7077/1676 3919/7033/1676
f 3921/7036/1677 3984/7076/1677 3920/7076/1677
f 3922/7078/1678 3985/7036/1678 3921/7036/1678
f 3922/7078/1679 3987/7039/1679 3986/7078/1679
f 3924/7079/1680 3987/7039/1680 3923/7039/1680
f 3925/7042/1681 3988/7079/1681 3924/7079/1681
f 3926/7080/1682 3989/7081/1682 3925/7042/1682
f 3926/7080/1683 3991/7045/1683 3990/7080/1683
f 3928/7082/1684 3991/7045/1684 3927/7045/1684
f 3929/7048/1685 3992/7082/1685 3928/7082/1685
f 3930/7083/1686 3993/7084/1686 3929/7048/1686
f 3931/7051/1687 3994/7085/1687 3930/7083/1687
f 3932/7086/1688 3995/7087/1688 3931/7051/1688
f 3933/7055/1689 3996/7088/1689 3932/7086/1689
f 3934/7054/1661 3997/7089/1690 3933/7055/1662
f 3935/7057/1691 3998/7090/1691 3934/7054/1691
f 3936/7091/1692 3999/7092/1692 3935/7057/1692
f 3937/7060/1693 4000/7093/1693 3936/7091/1693
f 3938/7094/1694 4001/7095/1694 3937/7060/1694
f 3938/7094/1695 4003/7096/1695 4002/7097/1695
f 3940/7098/1696 4003/7096/1696 3939/7063/1696
f 3940/7098/1697 4005/7099/1697 4004/7100/1697
f 3942/7101/1698 4005/7099/1698 3941/7066/1698
f 3943/7070/1699 4006/7102/1699 3942/7101/1699
f 3944/7069/1668 4007/7103/1700 3943/7070/1669
f 3913/7104/1701 4008/7105/1701 3944/7069/1701
f 3945/7025/1670 4010/7106/1670 3946/7023/1670
f 3947/7026/1671 4010/7106/1671 4011/7026/1671
f 3947/7026/1702 4012/7107/1672 3948/7108/1703
f 3949/7031/1673 4012/7107/1704 4013/7109/1673
f 3950/7029/1674 4013/7109/1674 4014/7110/1674
f 3950/7029/1675 4015/7034/1675 3951/7034/1675
f 3951/7034/1676 4016/7032/1676 3952/7032/1676
f 3952/7032/1677 4017/7037/1677 3953/7037/1677
f 3953/7037/1678 4018/7111/1678 3954/7035/1678
f 3954/7035/1679 4019/7112/1679 3955/7040/1679
f 3955/7040/1680 4020/7038/1680 3956/7038/1680
f 3957/7043/1681 4020/7038/1681 4021/7043/1681
f 3957/7043/1705 4022/7113/1705 3958/7041/1705
f 3958/7041/1683 4023/7114/1683 3959/7046/1683
f 3959/7046/1684 4024/7044/1684 3960/7044/1684
f 3960/7044/1685 4025/7115/1685 3961/7049/1685
f 3961/7049/1686 4026/7116/1686 3962/7047/1686
f 3963/7052/1687 4026/7116/1687 4027/7117/1687
f 3963/7052/1688 4028/7118/1688 3964/7050/1688
f 3964/7050/1706 4029/7119/1706 3965/7053/1706
f 3965/7053/1661 4030/7120/1690 3966/7120/1707
f 3967/7058/1691 4030/7120/1691 4031/7121/1691
f 3967/7058/1692 4032/7122/1692 3968/7056/1692
f 3969/7061/1693 4032/7122/1693 4033/7123/1693
f 3969/7061/1694 4034/7124/1694 3970/7059/1694
f 3970/7059/1695 4035/7125/1695 3971/7064/1695
f 3972/7062/1696 4035/7125/1696 4036/7126/1696
f 3972/7062/1697 4037/7127/1697 3973/7067/1697
f 3973/7067/1708 4038/7128/1708 3974/7065/1708
f 3974/7065/1699 4039/7129/1699 3975/7068/1699
f 3975/7068/1709 4040/7130/1700 3976/7131/1710
f 3976/7131/1701 4009/7132/1701 3945/7133/1701
f 2102/3802/1237 3435/10247/1237 3436/3803/1237
f 2101/3805/1238 245/10248/1238 3434/3806/1238
f 236/3808/1239 3416/10249/1239 3418/3809/1239
f 2087/3811/1240 3405/10250/1240 3403/3812/1240
f 2081/3814/1241 3394/10251/1241 3455/3815/1241
f 2100/3817/1242 3431/10252/1242 3432/3818/1242
f 2099/3820/1243 243/10253/1243 3430/3821/1243
f 234/3823/2499 3412/10254/2499 3414/3824/2499
f 2085/3826/1245 3401/10255/1245 3399/3827/1245
f 2111/3829/1246 3453/10256/1246 3451/3830/1246
f 2098/3832/1247 3427/10257/1247 3428/3833/1247
f 2097/3835/1248 241/10258/1248 3426/3836/1248
f 232/3838/1249 3408/10259/1249 3410/3839/1249
f 2083/3841/1250 3397/10260/1250 3395/3842/1250
f 2109/3844/1251 3449/10261/1251 3447/3845/1251
f 2096/3847/1252 3423/10262/1252 3424/3848/1252
f 2089/6475/1599 3409/10847/1599 3407/6476/1599
f 238/6478/1600 3420/10848/1600 3422/6479/1600
f 2103/6481/1601 247/10849/1601 3438/6482/1601
f 2104/6484/1602 3439/10850/1602 3440/6485/1602
f 2091/6487/2530 3413/10851/2530 3411/6488/2530
f 240/6490/1604 3424/10852/1604 3426/6491/1604
f 2105/6493/1605 249/10853/1605 3442/6494/1605
f 2106/6496/1606 3443/10854/1606 3444/6497/1606
f 2093/6499/1607 3417/10855/1607 3415/6500/1607
f 242/6502/1608 3428/10856/1608 3430/6503/1608
f 2107/6505/1609 251/10857/1609 3446/6506/1609
f 2081/6508/1610 225/10858/1610 3393/6509/1610
f 2108/6511/1611 3447/10859/1611 3448/6512/1611
f 2082/6514/1612 3395/10860/1612 3396/6515/1612
f 2095/6517/1613 3421/10861/1613 3419/6518/1613
f 244/3819/1614 3432/3818/1614 3434/6520/1614
f 2109/6522/1615 253/6580/1615 3450/6523/1615
f 2083/6525/1616 227/10862/1616 3398/6526/1616
f 2110/6528/1617 3451/10863/1617 3452/6529/1617
f 2084/6531/1618 3399/10864/1618 3400/6532/1618
f 2097/6534/1619 3425/10865/1619 3423/6535/1619
f 246/6537/1620 3436/10866/1620 3438/6538/1620
f 2111/6540/1621 255/10867/1621 3454/6541/1621
f 2085/6543/1622 229/10868/1622 3402/6544/1622
f 2112/6546/1624 3455/10869/1624 3456/6547/1624
f 2086/6549/1625 3403/10870/1625 3404/6550/1625
f 2099/6552/2531 3429/10871/2531 3427/6553/2531
f 248/6555/1627 3440/10872/1627 3442/6556/1627
f 2087/6558/1628 231/10873/1628 3406/6559/1628
f 2088/6561/1629 3407/10874/1629 3408/6562/1629
f 2101/6564/1630 3433/10875/1630 3431/6565/1630
f 250/6567/1631 3444/10876/1631 3446/6568/1631
f 2089/6570/1632 233/10877/1632 3410/6571/1632
f 2090/6573/1633 3411/10878/1633 3412/6574/1633
f 2103/6576/1634 3437/10879/1634 3435/6577/1634
f 252/6579/1635 3448/10880/1635 3450/6523/1635
f 226/6581/1636 3396/10881/1636 3398/6582/1636
f 2091/6584/1637 235/10882/1637 3414/6585/1637
f 2092/6501/1638 3415/6500/1638 3416/6587/1638
f 2105/6589/1639 3441/10883/1639 3439/6590/1639
f 254/6592/1640 3452/10884/1640 3454/6593/1640
f 228/6595/1641 3400/10885/1641 3402/6596/1641
f 2093/6598/1642 237/10886/1642 3418/6599/1642
f 2094/6601/1643 3419/10887/1643 3420/6602/1643
f 2106/6604/1644 2107/10888/1644 3445/6605/1644
f 256/6607/1645 3456/10889/1645 3393/6608/1645
f 230/6610/1646 3404/10890/1646 3406/6611/1646
f 2095/6613/1647 239/10891/1647 3422/6614/1647
f 3946/7023/1648 3914/7071/1648 3913/7024/1648
f 3947/7026/1702 3948/7108/1703 3916/7027/1649
f 3950/7029/1652 3918/7075/1652 3917/7030/1652
f 3952/7032/1653 3920/7076/1653 3919/7033/1653
f 3954/7035/1654 3922/7078/1654 3921/7036/1654
f 3956/7038/1655 3924/7079/1655 3923/7039/1655
f 3958/7041/1656 3926/7080/1656 3925/7042/1656
f 3960/7044/1657 3928/7082/1657 3927/7045/1657
f 3962/7047/1658 3930/7083/1658 3929/7048/1658
f 3964/7050/1659 3932/7086/1659 3931/7051/1659
f 3965/7053/1661 3966/7120/1707 3934/7054/1660
f 3968/7056/1663 3936/7091/1663 3935/7057/1663
f 3970/7059/1664 3938/7094/1664 3937/7060/1664
f 3972/7062/1665 3940/7098/1665 3939/7063/1665
f 3974/7065/1666 3942/7101/1666 3941/7066/1666
f 3975/7068/1709 3976/7131/1710 3944/7069/1667
f 3914/7071/1670 3978/7071/1670 3977/7072/1670
f 3914/7071/1671 3915/7028/1671 3979/7073/1671
f 3915/7028/1651 3916/7027/1650 3980/7027/1672
f 3917/7030/1673 3981/7030/1673 3980/7027/1673
f 3917/7030/1674 3918/7075/1674 3982/7074/1674
f 3919/7033/1675 3983/7077/1675 3982/7074/1675
f 3920/7076/1676 3984/7076/1676 3983/7077/1676
f 3921/7036/1677 3985/7036/1677 3984/7076/1677
f 3922/7078/1678 3986/7078/1678 3985/7036/1678
f 3922/7078/1679 3923/7039/1679 3987/7039/1679
f 3924/7079/1680 3988/7079/1680 3987/7039/1680
f 3925/7042/1681 3989/7081/1681 3988/7079/1681
f 3926/7080/1705 3990/7080/1705 3989/7081/1705
f 3926/7080/1683 3927/7045/1683 3991/7045/1683
f 3928/7082/1684 3992/7082/1684 3991/7045/1684
f 3929/7048/1685 3993/7084/1685 3992/7082/1685
f 3930/7083/1686 3994/7085/1686 3993/7084/1686
f 3931/7051/1687 3995/7087/1687 3994/7085/1687
f 3932/7086/1688 3996/7088/1688 3995/7087/1688
f 3933/7055/1706 3997/7089/1706 3996/7088/1706
f 3934/7054/1690 3998/7090/1690 3997/7089/1690
f 3935/7057/1691 3999/7092/1691 3998/7090/1691
f 3936/7091/1692 4000/7093/1692 3999/7092/1692
f 3937/7060/1693 4001/7095/1693 4000/7093/1693
f 3938/7094/1694 4002/7097/1694 4001/7095/1694
f 3938/7094/1695 3939/7063/1695 4003/7096/1695
f 3940/7098/1696 4004/7100/1696 4003/7096/1696
f 3940/7098/1697 3941/7066/1697 4005/7099/1697
f 3942/7101/1708 4006/7102/1708 4005/7099/1708
f 3943/7070/1699 4007/7103/1699 4006/7102/1699
f 3944/7069/1700 4008/7105/1700 4007/7103/1700
f 3913/7104/1701 3977/11023/1701 4008/7105/1701
f 3945/7025/1670 4009/11024/1670 4010/7106/1670
f 3947/7026/1671 3946/7023/1671 4010/7106/1671
f 3947/7026/1672 4011/7026/1672 4012/7107/1672
f 3949/7031/1673 3948/7108/1704 4012/7107/1704
f 3950/7029/1674 3949/7031/1674 4013/7109/1674
f 3950/7029/1675 4014/7110/1675 4015/7034/1675
f 3951/7034/1676 4015/7034/1676 4016/7032/1676
f 3952/7032/1677 4016/7032/1677 4017/7037/1677
f 3953/7037/1678 4017/7037/1678 4018/7111/1678
f 3954/7035/1679 4018/7111/1679 4019/7112/1679
f 3955/7040/1680 4019/7112/1680 4020/7038/1680
f 3957/7043/1681 3956/7038/1681 4020/7038/1681
f 3957/7043/1682 4021/7043/1682 4022/7113/1682
f 3958/7041/1683 4022/7113/1683 4023/7114/1683
f 3959/7046/1684 4023/7114/1684 4024/7044/1684
f 3960/7044/1685 4024/7044/1685 4025/7115/1685
f 3961/7049/1686 4025/7115/1686 4026/7116/1686
f 3963/7052/1687 3962/7047/1687 4026/7116/1687
f 3963/7052/1688 4027/7117/1688 4028/7118/1688
f 3964/7050/1689 4028/7118/1689 4029/7119/1689
f 3965/7053/1690 4029/7119/1690 4030/7120/1690
f 3967/7058/1691 3966/7120/1691 4030/7120/1691
f 3967/7058/1692 4031/7121/1692 4032/7122/1692
f 3969/7061/1693 3968/7056/1693 4032/7122/1693
f 3969/7061/1694 4033/7123/1694 4034/7124/1694
f 3970/7059/1695 4034/7124/1695 4035/7125/1695
f 3972/7062/1696 3971/7064/1696 4035/7125/1696
f 3972/7062/1697 4036/7126/1697 4037/7127/1697
f 3973/7067/1698 4037/7127/1698 4038/7128/1698
f 3974/7065/1699 4038/7128/1699 4039/7129/1699
f 3975/7068/1700 4039/7129/1700 4040/7130/1700
f 3976/7131/1701 4040/7130/1701 4009/7132/1701
usemtl LIGHT_BASE_2
f 4298/7272/40 4265/7273/40 4281/7274/40
f 4300/7275/40 4266/7276/40 4282/7277/40
f 4283/7278/40 4301/7279/40 4267/7280/40
f 4304/7281/40 4268/7282/40 4284/7283/40
f 4306/7284/40 4269/7285/40 4285/7286/40
f 4286/7287/40 4307/7288/40 4270/7289/40
f 4287/7290/40 4309/7291/40 4271/7292/40
f 4288/7293/40 4311/7294/40 4272/7295/40
f 4289/7296/40 4313/7297/40 4273/7298/40
f 4290/7299/40 4315/7300/40 4274/7301/40
f 4291/7302/40 4317/7303/40 4275/7304/40
f 4320/7305/40 4276/7306/40 4292/7307/40
f 4322/7308/40 4277/7309/40 4293/7310/40
f 4324/7311/40 4278/7312/40 4294/7313/40
f 4326/7314/40 4279/7315/40 4295/7316/40
f 4328/7317/40 4280/7318/40 4296/7319/40
f 4298/7272/40 4297/11088/40 4265/7273/40
f 4300/7275/40 4299/11089/40 4266/7276/40
f 4283/7278/40 4302/11090/40 4301/7279/40
f 4304/7281/40 4303/11091/40 4268/7282/40
f 4306/7284/40 4305/11092/40 4269/7285/40
f 4286/7287/40 4308/11093/40 4307/7288/40
f 4287/7290/40 4310/11094/40 4309/7291/40
f 4288/7293/40 4312/11095/40 4311/7294/40
f 4289/7296/40 4314/11096/40 4313/7297/40
f 4290/7299/40 4316/11097/40 4315/7300/40
f 4291/7302/40 4318/11098/40 4317/7303/40
f 4320/7305/40 4319/11099/40 4276/7306/40
f 4322/7308/40 4321/11100/40 4277/7309/40
f 4324/7311/40 4323/11101/40 4278/7312/40
f 4326/7314/40 4325/11102/40 4279/7315/40
f 4328/7317/40 4327/11103/40 4280/7318/40
usemtl LIGHT_RING_2
f 3807/6927/33 3840/6928/33 3839/6929/33
f 3809/6930/101 3842/6931/101 3841/6932/101
f 3817/6933/81 3818/6934/81 3785/6935/81
f 3811/6936/64 3844/6937/64 3843/6938/64
f 3787/6939/57 3820/6940/57 3819/6941/57
f 3813/6942/147 3846/6943/147 3845/6944/147
f 3789/6945/31 3822/6946/31 3821/6947/31
f 3815/6948/146 3848/6949/146 3847/6950/146
f 3791/6951/21 3824/6952/21 3823/6953/21
f 3793/6954/99 3826/6955/99 3825/6956/99
f 3795/6957/51 3828/6958/51 3827/6959/51
f 3797/6960/19 3830/6961/19 3829/6962/19
f 3801/6963/137 3834/6964/137 3833/6965/137
f 3799/6966/6 3832/6967/6 3831/6968/6
f 3803/6969/107 3836/6970/107 3835/6971/107
f 3805/6972/71 3838/6973/71 3837/6974/71
f 3807/6927/33 3808/10991/33 3840/6928/33
f 3809/6930/101 3810/10992/101 3842/6931/101
f 3817/6933/81 3786/10993/81 3818/6934/81
f 3811/6936/64 3812/10994/64 3844/6937/64
f 3787/6939/57 3788/10995/57 3820/6940/57
f 3813/6942/147 3814/10996/147 3846/6943/147
f 3789/6945/31 3790/10997/31 3822/6946/31
f 3815/6948/146 3816/10998/146 3848/6949/146
f 3791/6951/21 3792/10999/21 3824/6952/21
f 3793/6954/99 3794/11000/99 3826/6955/99
f 3795/6957/51 3796/11001/51 3828/6958/51
f 3797/6960/19 3798/11002/19 3830/6961/19
f 3801/6963/137 3802/11003/137 3834/6964/137
f 3799/6966/6 3800/11004/6 3832/6967/6
f 3803/6969/107 3804/11005/107 3836/6970/107
f 3805/6972/71 3806/11006/71 3838/6973/71
usemtl LIGHT_RING1
f 3700/6831/174 3684/6832/174 3715/6833/174
f 3699/6834/173 3683/6835/173 3714/6836/173
f 3698/6837/172 3682/6838/172 3713/6839/172
f 3716/6840/175 3669/6841/175 3685/6842/175
f 3702/6843/176 3686/6844/176 3717/6845/176
f 3690/6846/163 3674/6847/163 3658/6848/163
f 3703/6849/177 3687/6850/177 3718/6851/177
f 3691/6852/164 3675/6853/164 3706/6854/164
f 3704/6855/178 3688/6856/178 3719/6857/178
f 3692/6858/165 3676/6859/165 3707/6860/165
f 3705/6861/179 3689/6862/179 3720/6863/179
f 3693/6864/166 3677/6865/166 3708/6866/166
f 3694/6867/167 3678/6868/167 3709/6869/167
f 3695/6870/169 3679/6871/169 3710/6872/169
f 3696/6873/170 3680/6874/170 3711/6875/170
f 3697/6876/171 3681/6877/171 3712/6878/171
f 3700/6831/174 3668/10959/174 3684/6832/174
f 3699/6834/173 3667/10960/173 3683/6835/173
f 3698/6837/172 3666/10961/172 3682/6838/172
f 3716/6840/175 3701/10962/175 3669/6841/175
f 3702/6843/176 3670/10963/176 3686/6844/176
f 3690/6846/163 3657/10964/163 3674/6847/163
f 3703/6849/177 3671/10965/177 3687/6850/177
f 3691/6852/164 3659/10966/164 3675/6853/164
f 3704/6855/178 3672/10967/178 3688/6856/178
f 3692/6858/165 3660/10968/165 3676/6859/165
f 3705/6861/179 3673/10969/179 3689/6862/179
f 3693/6864/166 3661/10970/166 3677/6865/166
f 3694/6867/167 3662/10971/167 3678/6868/167
f 3695/6870/169 3663/10972/169 3679/6871/169
f 3696/6873/170 3664/10973/170 3680/6874/170
f 3697/6876/171 3665/10974/171 3681/6877/171
usemtl GLASS_PANNEL_1
f 1599/2738/926 1537/2739/926 1600/2740/926
f 1595/2741/943 1598/2742/943 1596/125/943
f 1591/2743/942 1594/2744/942 1592/2745/942
f 1587/2746/941 1590/333/941 1588/2747/941
f 1583/2748/940 1586/420/940 1584/2749/940
f 1579/2750/939 1582/2751/939 1580/2752/939
f 1575/2753/938 1578/2754/938 1576/2755/938
f 1571/2756/936 1574/2757/936 1572/2758/936
f 1567/2759/935 1570/2760/935 1568/2761/935
f 1563/2762/934 1566/445/934 1564/444/934
f 1559/2763/933 1562/355/933 1560/2764/933
f 1555/2765/932 1558/220/932 1556/2766/932
f 1551/2767/931 1554/2768/931 1552/2769/931
f 1547/2770/930 1550/2771/930 1548/2772/930
f 1543/2773/929 1546/2774/929 1544/2775/929
f 1539/2776/927 1542/172/927 1540/2777/927
f 1599/2738/926 1538/10014/926 1537/2739/926
f 1595/2741/943 1597/10015/943 1598/2742/943
f 1591/2743/942 1593/10016/942 1594/2744/942
f 1587/2746/941 1589/334/941 1590/333/941
f 1583/2748/940 1585/421/940 1586/420/940
f 1579/2750/939 1581/10017/939 1582/2751/939
f 1575/2753/938 1577/10018/938 1578/2754/938
f 1571/2756/936 1573/2854/936 1574/2757/936
f 1567/2759/935 1569/2834/935 1570/2760/935
f 1563/2762/934 1565/10019/934 1566/445/934
f 1559/2763/933 1561/10020/933 1562/355/933
f 1555/2765/932 1557/2815/932 1558/220/932
f 1551/2767/931 1553/10021/931 1554/2768/931
f 1547/2770/930 1549/10022/930 1550/2771/930
f 1543/2773/929 1545/10023/929 1546/2774/929
f 1539/2776/927 1541/173/927 1542/172/927
usemtl GLASS_PANNEL_2
f 3781/6879/146 3784/6880/146 3782/6881/146
f 3777/6882/147 3780/6883/147 3778/6884/147
f 3773/6885/64 3776/6886/64 3774/6887/64
f 3769/6888/101 3772/6889/101 3770/6890/101
f 3765/6891/33 3768/6892/33 3766/6893/33
f 3761/6894/71 3764/6895/71 3762/6896/71
f 3757/6897/107 3760/6898/107 3758/6899/107
f 3753/6900/137 3756/6901/137 3754/6902/137
f 3749/6903/6 3752/6904/6 3750/6905/6
f 3745/6906/19 3748/6907/19 3746/6908/19
f 3741/6909/51 3744/6910/51 3742/6911/51
f 3737/6912/99 3740/6913/99 3738/6914/99
f 3733/6915/21 3736/6916/21 3734/6917/21
f 3729/6918/31 3732/6919/31 3730/6920/31
f 3725/6921/57 3728/6922/57 3726/6923/57
f 3722/6924/81 3724/6925/81 3721/6926/81
f 3781/6879/146 3783/10975/146 3784/6880/146
f 3777/6882/147 3779/10976/147 3780/6883/147
f 3773/6885/64 3775/10977/64 3776/6886/64
f 3769/6888/101 3771/10978/101 3772/6889/101
f 3765/6891/33 3767/10979/33 3768/6892/33
f 3761/6894/71 3763/10980/71 3764/6895/71
f 3757/6897/107 3759/10981/107 3760/6898/107
f 3753/6900/137 3755/10982/137 3756/6901/137
f 3749/6903/6 3751/10983/6 3752/6904/6
f 3745/6906/19 3747/10984/19 3748/6907/19
f 3741/6909/51 3743/10985/51 3744/6910/51
f 3737/6912/99 3739/10986/99 3740/6913/99
f 3733/6915/21 3735/10987/21 3736/6916/21
f 3729/6918/31 3731/10988/31 3732/6919/31
f 3725/6921/57 3727/10989/57 3728/6922/57
f 3722/6924/81 3723/10990/81 3724/6925/81
usemtl Material.002
f 4365/7323/1711 4398/7324/1711 4397/7325/1711
f 4367/7326/1712 4400/7327/1712 4399/7328/1712
f 4370/7329/1713 4401/7330/1713 4369/7331/1713
f 4371/7332/1714 4404/7333/1714 4403/7334/1714
f 4374/7335/1715 4405/7336/1715 4373/7337/1715
f 4375/7338/1716 4408/7339/1716 4407/7340/1716
f 4377/7341/1717 4410/7342/1717 4409/7343/1717
f 4380/7344/1718 4411/7345/1718 4379/7346/1718
f 4382/7347/1719 4413/7348/1719 4381/7349/1719
f 4383/7350/1720 4416/7351/1720 4415/7352/1720
f 4386/7353/1721 4417/7354/1721 4385/7355/1721
f 4387/7356/1722 4420/7357/1722 4419/7358/1722
f 4390/7359/1723 4421/7360/1723 4389/7361/1723
f 4391/7362/1724 4424/7363/1724 4423/7364/1724
f 4364/7365/1725 4395/7366/1725 4363/7367/1725
f 4361/7368/1726 4394/7369/1726 4393/7370/1726
f 4365/7323/1711 4366/7346/1711 4398/7324/1711
f 4367/7326/1712 4368/11133/1712 4400/7327/1712
f 4370/7329/1713 4402/11134/1713 4401/7330/1713
f 4371/7332/1714 4372/11135/1714 4404/7333/1714
f 4374/7335/1715 4406/11136/1715 4405/7336/1715
f 4375/7338/1716 4376/11137/1716 4408/7339/1716
f 4377/7341/1717 4378/11138/1717 4410/7342/1717
f 4380/7344/1718 4412/11139/1718 4411/7345/1718
f 4382/7347/1719 4414/11140/1719 4413/7348/1719
f 4383/7350/1720 4384/11141/1720 4416/7351/1720
f 4386/7353/1721 4418/11142/1721 4417/7354/1721
f 4387/7356/1722 4388/11143/1722 4420/7357/1722
f 4390/7359/1723 4422/11144/1723 4421/7360/1723
f 4391/7362/1724 4392/11145/1724 4424/7363/1724
f 4364/7365/1725 4396/11146/1725 4395/7366/1725
f 4361/7368/1726 4362/11147/1726 4394/7369/1726
usemtl Material.003
f 4333/7320/1 4329/7321/1 4345/7322/1
f 4329/7321/1 4330/11104/1 4357/11105/1
f 4330/11104/1 4359/11106/1 4357/11105/1
f 4359/11106/1 4360/11107/1 4357/11105/1
f 4357/11105/1 4358/11108/1 4353/11109/1
f 4358/11108/1 4355/11110/1 4353/11109/1
f 4355/11110/1 4356/11111/1 4353/11109/1
f 4353/11109/1 4354/11112/1 4349/11113/1
f 4354/11112/1 4351/11114/1 4349/11113/1
f 4351/11114/1 4352/11115/1 4349/11113/1
f 4349/11113/1 4350/11116/1 4347/11117/1
f 4347/11117/1 4348/11118/1 4349/11113/1
f 4348/11118/1 4345/7322/1 4349/11113/1
f 4345/7322/1 4346/11119/1 4343/11120/1
f 4343/11120/1 4344/11121/1 4341/11122/1
f 4341/11122/1 4342/11123/1 4339/11124/1
f 4339/11124/1 4340/11125/1 4341/11122/1
f 4340/11125/1 4337/11126/1 4341/11122/1
f 4337/11126/1 4338/11127/1 4333/7320/1
f 4338/11127/1 4335/11128/1 4333/7320/1
f 4335/11128/1 4336/11129/1 4333/7320/1
f 4333/7320/1 4334/11130/1 4331/11131/1
f 4331/11131/1 4332/11132/1 4329/7321/1
f 4345/7322/1 4343/11120/1 4337/11126/1
f 4343/11120/1 4341/11122/1 4337/11126/1
f 4333/7320/1 4331/11131/1 4329/7321/1
f 4329/7321/1 4357/11105/1 4353/11109/1
f 4353/11109/1 4349/11113/1 4329/7321/1
f 4349/11113/1 4345/7322/1 4329/7321/1
f 4337/11126/1 4333/7320/1 4345/7322/1
usemtl Material.004
f 4136/7182/40 4112/7183/40 4120/7184/40
f 4136/7182/40 4105/11041/40 4106/11042/40
f 4106/11042/40 4107/11043/40 4136/7182/40
f 4107/11043/40 4108/11044/40 4136/7182/40
f 4108/11044/40 4109/11045/40 4112/7183/40
f 4109/11045/40 4110/11046/40 4112/7183/40
f 4110/11046/40 4111/11047/40 4112/7183/40
f 4112/7183/40 4113/11048/40 4114/11049/40
f 4114/11049/40 4115/11050/40 4112/7183/40
f 4115/11050/40 4116/11051/40 4112/7183/40
f 4116/11051/40 4117/11052/40 4118/11053/40
f 4118/11053/40 4119/11054/40 4120/7184/40
f 4120/7184/40 4121/11055/40 4122/11056/40
f 4122/11056/40 4123/11057/40 4124/11058/40
f 4124/11058/40 4125/11059/40 4126/11060/40
f 4126/11060/40 4127/11061/40 4124/11058/40
f 4127/11061/40 4128/11062/40 4124/11058/40
f 4128/11062/40 4129/11063/40 4130/11064/40
f 4130/11064/40 4131/11065/40 4128/11062/40
f 4131/11065/40 4132/11066/40 4128/11062/40
f 4132/11066/40 4133/11067/40 4134/11068/40
f 4134/11068/40 4135/11069/40 4132/11066/40
f 4135/11069/40 4136/7182/40 4132/11066/40
f 4116/11051/40 4118/11053/40 4120/7184/40
f 4120/7184/40 4122/11056/40 4124/11058/40
f 4136/7182/40 4108/11044/40 4112/7183/40
f 4112/7183/40 4116/11051/40 4120/7184/40
f 4120/7184/40 4124/11058/40 4136/7182/40
f 4124/11058/40 4128/11062/40 4136/7182/40
f 4128/11062/40 4132/11066/40 4136/7182/40
usemtl Material.005
f 4156/7185/114 4187/7186/114 4155/7186/114
f 4144/7187/54 4175/7188/54 4143/7189/54
f 4158/7190/109 4189/7191/109 4157/7192/109
f 4146/7193/48 4177/7194/48 4145/7195/48
f 4160/7196/103 4191/7197/103 4159/7198/103
f 4148/7199/42 4179/7200/42 4147/7200/42
f 4162/7201/96 4193/7202/96 4161/7203/96
f 4150/7204/35 4181/7205/35 4149/7206/35
f 4164/7207/90 4195/7208/90 4163/7209/90
f 4138/7210/73 4169/7211/73 4137/7212/73
f 4152/7213/28 4183/7214/28 4151/7215/28
f 4166/7216/84 4197/7217/84 4165/7218/84
f 4140/7219/66 4171/7220/66 4139/7221/66
f 4154/7222/120 4185/7223/120 4153/7224/120
f 4168/7225/78 4199/7226/78 4167/7227/78
f 4142/7228/60 4173/7229/60 4141/7229/60
f 4156/7185/114 4188/11070/114 4187/7186/114
f 4144/7187/54 4176/7187/54 4175/7188/54
f 4158/7190/109 4190/7190/109 4189/7191/109
f 4146/7193/48 4178/11071/48 4177/7194/48
f 4160/7196/103 4192/11072/103 4191/7197/103
f 4148/7199/42 4180/11073/42 4179/7200/42
f 4162/7201/96 4194/7201/96 4193/7202/96
f 4150/7204/35 4182/11074/35 4181/7205/35
f 4164/7207/90 4196/7207/90 4195/7208/90
f 4138/7210/73 4170/11075/73 4169/7211/73
f 4152/7213/28 4184/7213/28 4183/7214/28
f 4166/7216/84 4198/11076/84 4197/7217/84
f 4140/7219/66 4172/11077/66 4171/7220/66
f 4154/7222/120 4186/11078/120 4185/7223/120
f 4168/7225/78 4200/11079/78 4199/7226/78
f 4142/7228/60 4174/11080/60 4173/7229/60
usemtl Material.006
f 4074/7134/40 4041/7135/40 4042/7136/40
f 4076/7137/40 4043/7138/40 4044/7139/40
f 4078/7140/40 4045/7141/40 4046/7142/40
f 4080/7143/40 4047/7144/40 4048/7145/40
f 4082/7146/40 4049/7147/40 4050/7148/40
f 4083/7149/40 4052/7150/40 4084/7151/40
f 4085/7152/40 4054/7153/40 4086/7154/40
f 4087/7155/40 4056/7156/40 4088/7157/40
f 4090/7158/40 4057/7159/40 4058/7160/40
f 4091/7161/40 4060/7162/40 4092/7163/40
f 4093/7164/40 4062/7165/40 4094/7166/40
f 4096/7167/40 4063/7168/40 4064/7169/40
f 4098/7170/40 4065/7171/40 4066/7172/40
f 4099/7173/40 4068/7174/40 4100/7175/40
f 4102/7176/40 4069/7177/40 4070/7178/40
f 4104/7179/40 4071/7180/40 4072/7181/40
f 4074/7134/40 4073/11025/40 4041/7135/40
f 4076/7137/40 4075/11026/40 4043/7138/40
f 4078/7140/40 4077/11027/40 4045/7141/40
f 4080/7143/40 4079/11028/40 4047/7144/40
f 4082/7146/40 4081/11029/40 4049/7147/40
f 4083/7149/40 4051/11030/40 4052/7150/40
f 4085/7152/40 4053/11031/40 4054/7153/40
f 4087/7155/40 4055/11032/40 4056/7156/40
f 4090/7158/40 4089/11033/40 4057/7159/40
f 4091/7161/40 4059/11034/40 4060/7162/40
f 4093/7164/40 4061/11035/40 4062/7165/40
f 4096/7167/40 4095/11036/40 4063/7168/40
f 4098/7170/40 4097/11037/40 4065/7171/40
f 4099/7173/40 4067/11038/40 4068/7174/40
f 4102/7176/40 4101/11039/40 4069/7177/40
f 4104/7179/40 4103/11040/40 4071/7180/40
usemtl Material.007
f 4208/7230/33 4239/7231/33 4207/7232/33
f 4222/7233/31 4253/7234/31 4221/7234/31
f 4210/7235/101 4241/7236/101 4209/7237/101
f 4224/7238/21 4255/7239/21 4223/7240/21
f 4212/7241/64 4243/7242/64 4211/7243/64
f 4226/7244/99 4257/7245/99 4225/7245/99
f 4214/7246/147 4245/7247/147 4213/7248/147
f 4228/7249/51 4259/7250/51 4227/7251/51
f 4202/7252/137 4233/7253/137 4201/7254/137
f 4216/7255/146 4247/7256/146 4215/7256/146
f 4230/7257/19 4261/7258/19 4229/7258/19
f 4204/7259/107 4235/7260/107 4203/7261/107
f 4218/7262/81 4249/7263/81 4217/7264/81
f 4232/7265/6 4263/7266/6 4231/7266/6
f 4206/7267/71 4237/7268/71 4205/7269/71
f 4220/7270/57 4251/7271/57 4219/7271/57
f 4208/7230/33 4240/11081/33 4239/7231/33
f 4222/7233/31 4254/7233/31 4253/7234/31
f 4210/7235/101 4242/11082/101 4241/7236/101
f 4224/7238/21 4256/7238/21 4255/7239/21
f 4212/7241/64 4244/11083/64 4243/7242/64
f 4226/7244/99 4258/7244/99 4257/7245/99
f 4214/7246/147 4246/7246/147 4245/7247/147
f 4228/7249/51 4260/7249/51 4259/7250/51
f 4202/7252/137 4234/11084/137 4233/7253/137
f 4216/7255/146 4248/7255/146 4247/7256/146
f 4230/7257/19 4262/7257/19 4261/7258/19
f 4204/7259/107 4236/11085/107 4235/7260/107
f 4218/7262/81 4250/11086/81 4249/7263/81
f 4232/7265/6 4264/7265/6 4263/7266/6
f 4206/7267/71 4238/7267/71 4237/7268/71
f 4220/7270/57 4252/11087/57 4251/7271/57
usemtl Material.008
f 3881/6975/1318 3850/6976/1302 3882/6977/1318
f 3883/6978/1303 3852/6979/1303 3884/6980/1303
f 3885/6981/1304 3854/6982/1304 3886/6983/1304
f 3888/6984/1305 3855/6985/1305 3856/6986/1305
f 3890/6987/1306 3857/6988/1306 3858/6989/1306
f 3891/6990/1307 3860/6991/1307 3892/6992/1307
f 3894/6993/1308 3861/6994/1308 3862/6995/1308
f 3895/6996/1309 3864/6997/1309 3896/6998/1309
f 3898/6999/1310 3865/7000/1310 3866/7001/1310
f 3899/7002/1311 3868/7003/1311 3900/7004/1311
f 3901/7005/1312 3870/7006/1312 3902/7007/1312
f 3904/7008/1313 3871/7009/1313 3872/7010/1313
f 3906/7011/1314 3873/7012/1314 3874/7013/1314
f 3907/7014/1315 3876/7015/1315 3908/7016/1315
f 3910/7017/1316 3877/7018/1316 3878/7019/1316
f 3911/7020/1317 3880/7021/1317 3912/7022/1317
f 3881/6975/1318 3849/11007/1302 3850/6976/1302
f 3883/6978/1303 3851/11008/1303 3852/6979/1303
f 3885/6981/1304 3853/11009/1304 3854/6982/1304
f 3888/6984/1305 3887/11010/1305 3855/6985/1305
f 3890/6987/1306 3889/11011/1306 3857/6988/1306
f 3891/6990/1307 3859/11012/1307 3860/6991/1307
f 3894/6993/1308 3893/11013/1308 3861/6994/1308
f 3895/6996/1309 3863/11014/1309 3864/6997/1309
f 3898/6999/1310 3897/11015/1310 3865/7000/1310
f 3899/7002/1311 3867/11016/1311 3868/7003/1311
f 3901/7005/1312 3869/11017/1312 3870/7006/1312
f 3904/7008/1313 3903/11018/1313 3871/7009/1313
f 3906/7011/1314 3905/11019/1314 3873/7012/1314
f 3907/7014/1315 3875/11020/1315 3876/7015/1315
f 3910/7017/1316 3909/11021/1316 3877/7018/1316
f 3911/7020/1317 3879/11022/1317 3880/7021/1317
usemtl Material.010
f 3397/6427/1583 3396/6428/1583 3395/6429/1583
f 3401/6430/1584 3400/6431/1584 3399/6432/1584
f 3405/6433/1585 3404/6434/1585 3403/6435/1585
f 3409/6436/1586 3408/6437/1586 3407/6438/1586
f 3413/6439/1587 3412/6440/1587 3411/6441/1587
f 3415/6442/1588 3418/6443/1588 3416/6444/1588
f 3419/6445/1589 3422/6446/1589 3420/6447/1589
f 3423/6448/1590 3426/6449/1590 3424/6450/1590
f 3427/6451/1591 3430/6452/1591 3428/6453/1591
f 3431/6454/1592 3434/6455/1592 3432/6456/1592
f 3437/6457/1593 3436/6458/1593 3435/6459/1593
f 3441/6460/1594 3440/6461/1594 3439/6462/1594
f 3443/6463/1595 3446/6464/1595 3444/6465/1595
f 3447/6466/1596 3450/6467/1596 3448/6468/1596
f 3453/6469/1597 3452/6470/1597 3451/6471/1597
f 3394/6472/1598 3456/6473/1598 3455/6474/1598
f 3397/6427/1583 3398/10831/1583 3396/6428/1583
f 3401/6430/1584 3402/10832/1584 3400/6431/1584
f 3405/6433/1585 3406/10833/1585 3404/6434/1585
f 3409/6436/1586 3410/10834/1586 3408/6437/1586
f 3413/6439/1587 3414/10835/1587 3412/6440/1587
f 3415/6442/1588 3417/10836/1588 3418/6443/1588
f 3419/6445/1589 3421/10837/1589 3422/6446/1589
f 3423/6448/1590 3425/10838/1590 3426/6449/1590
f 3427/6451/1591 3429/10839/1591 3430/6452/1591
f 3431/6454/1592 3433/10840/1592 3434/6455/1592
f 3437/6457/1593 3438/10841/1593 3436/6458/1593
f 3441/6460/1594 3442/10842/1594 3440/6461/1594
f 3443/6463/1595 3445/10843/1595 3446/6464/1595
f 3447/6466/1596 3449/10844/1596 3450/6467/1596
f 3453/6469/1597 3454/10845/1597 3452/6470/1597
f 3394/6472/1598 3393/10846/1598 3456/6473/1598
usemtl Material.011
f 3489/6616/1 3513/6617/1 3505/6618/1
f 3547/6619/35 3610/6620/35 3546/6621/35
f 3488/6622/6 3581/6623/6 3519/6624/6
f 3462/6625/71 3529/6626/71 3493/6627/71
f 3514/6628/96 3570/6629/96 3482/6630/96
f 3457/6631/78 3583/6632/78 3520/6633/78
f 3463/6634/60 3531/6635/60 3494/6636/60
f 3515/6637/51 3572/6638/51 3483/6639/51
f 3489/6640/137 3584/6641/137 3457/6631/137
f 3464/6642/33 3533/6643/33 3495/6644/33
f 3516/6645/90 3574/6646/90 3484/6647/90
f 3490/6648/73 3522/6649/73 3458/6650/73
f 3465/6651/54 3535/6652/54 3496/6653/54
f 3517/6654/19 3576/6655/19 3485/6656/19
f 3491/6657/107 3524/6658/107 3459/6659/107
f 3466/6660/101 3537/6661/101 3497/6662/101
f 3486/6663/84 3579/6664/84 3578/6665/84
f 3492/6666/66 3526/6667/66 3460/6668/66
f 3467/6669/48 3539/6670/48 3498/6671/48
f 3519/6624/6 3580/6672/6 3487/6673/6
f 3461/6674/71 3529/6626/71 3528/6675/71
f 3468/6676/64 3541/6677/64 3499/6678/64
f 3520/6633/78 3582/6679/78 3488/6622/78
f 3494/6636/60 3530/6680/60 3462/6625/60
f 3469/6681/42 3543/6682/42 3500/6683/42
f 3495/6644/33 3532/6684/33 3463/6634/33
f 3470/6685/147 3545/6686/147 3501/6687/147
f 3496/6653/54 3534/6688/54 3464/6642/54
f 3471/6689/35 3547/6619/35 3502/6690/35
f 3497/6662/101 3536/6691/101 3465/6651/101
f 3472/6692/146 3549/6693/146 3503/6694/146
f 3498/6671/48 3538/6695/48 3466/6660/48
f 3473/6696/28 3551/6697/28 3504/6698/28
f 3499/6678/64 3540/6699/64 3467/6669/64
f 3474/6700/81 3553/6701/81 3505/6702/81
f 3500/6683/42 3542/6703/42 3468/6676/42
f 3475/6704/120 3555/6705/120 3506/6706/120
f 3501/6687/147 3544/6707/147 3469/6708/147
f 3476/6709/57 3557/6710/57 3507/6711/57
f 3502/6690/35 3546/6621/35 3470/6685/35
f 3477/6712/114 3559/6713/114 3508/6714/114
f 3503/6694/146 3548/6715/146 3471/6689/146
f 3478/6716/31 3561/6717/31 3509/6718/31
f 3504/6698/28 3550/6719/28 3472/6692/28
f 3479/6720/109 3563/6721/109 3510/6722/109
f 3505/6702/81 3552/6723/81 3473/6696/81
f 3480/6724/21 3565/6725/21 3511/6726/21
f 3506/6706/120 3554/6727/120 3474/6700/120
f 3481/6728/103 3567/6729/103 3512/6730/103
f 3507/6711/57 3556/6731/57 3475/6704/57
f 3482/6630/99 3569/6732/99 3513/6733/99
f 3508/6714/114 3558/6734/114 3476/6735/114
f 3483/6639/96 3571/6736/96 3514/6628/96
f 3509/6718/31 3560/6737/31 3477/6712/31
f 3484/6738/51 3573/6739/51 3515/6637/51
f 3458/6650/137 3521/6740/137 3489/6640/137
f 3510/6722/109 3562/6741/109 3478/6716/109
f 3485/6656/90 3575/6742/90 3516/6645/90
f 3459/6659/73 3523/6743/73 3490/6648/73
f 3511/6726/21 3564/6744/21 3479/6720/21
f 3486/6663/19 3577/6745/19 3517/6654/19
f 3460/6746/107 3525/6747/107 3491/6657/107
f 3512/6730/103 3566/6748/103 3480/6724/103
f 3487/6673/84 3579/6664/84 3518/6749/84
f 3461/6674/66 3527/6750/66 3492/6666/66
f 3513/6733/99 3568/6751/99 3481/6728/99
f 3560/6737/114 3623/6752/114 3559/6713/114
f 3549/6693/146 3612/6753/146 3548/6715/146
f 3562/6741/31 3625/6754/31 3561/6717/31
f 3551/6697/28 3614/6755/28 3550/6719/28
f 3564/6744/109 3627/6756/109 3563/6721/109
f 3553/6701/81 3616/6757/81 3552/6723/81
f 3566/6748/21 3629/6758/21 3565/6725/21
f 3555/6705/120 3618/6759/120 3554/6727/120
f 3568/6751/103 3631/6760/103 3567/6729/103
f 3557/6710/57 3620/6761/57 3556/6731/57
f 3570/6629/99 3633/6762/99 3569/6732/99
f 3559/6713/114 3622/6763/114 3558/6734/114
f 3572/6638/96 3635/6764/96 3571/6736/96
f 3561/6717/31 3624/6765/31 3560/6737/31
f 3574/6766/51 3637/6767/51 3573/6739/51
f 3521/6740/137 3586/6768/137 3585/6769/137
f 3563/6721/109 3626/6770/109 3562/6741/109
f 3576/6655/90 3639/6771/90 3575/6742/90
f 3524/6658/73 3587/6772/73 3523/6743/73
f 3565/6725/21 3628/6773/21 3564/6744/21
f 3578/6665/19 3641/6774/19 3577/6745/19
f 3526/6775/107 3589/6776/107 3525/6747/107
f 3567/6729/103 3630/6777/103 3566/6748/103
f 3580/6672/84 3643/6778/84 3579/6664/84
f 3528/6675/66 3591/6779/66 3527/6750/66
f 3569/6732/99 3632/6780/99 3568/6751/99
f 3582/6679/6 3645/6781/6 3581/6623/6
f 3530/6680/71 3593/6782/71 3529/6626/71
f 3571/6736/96 3634/6783/96 3570/6629/96
f 3584/6641/78 3647/6784/78 3583/6632/78
f 3532/6684/60 3595/6785/60 3531/6635/60
f 3573/6739/51 3636/6786/51 3572/6638/51
f 3521/6740/137 3648/6787/137 3584/6641/137
f 3534/6688/33 3597/6788/33 3533/6643/33
f 3575/6742/90 3638/6789/90 3574/6646/90
f 3523/6743/73 3586/6768/73 3522/6649/73
f 3536/6691/54 3599/6790/54 3535/6652/54
f 3577/6745/19 3640/6791/19 3576/6655/19
f 3525/6747/107 3588/6792/107 3524/6658/107
f 3538/6695/101 3601/6793/101 3537/6661/101
f 3578/6665/84 3643/6778/84 3642/6794/84
f 3527/6750/66 3590/6795/66 3526/6667/66
f 3540/6699/48 3603/6796/48 3539/6670/48
f 3581/6623/6 3644/6797/6 3580/6672/6
f 3528/6675/71 3593/6782/71 3592/6798/71
f 3541/6677/64 3606/6799/64 3605/6800/64
f 3583/6632/78 3646/6801/78 3582/6679/78
f 3531/6635/60 3594/6802/60 3530/6680/60
f 3544/6803/42 3607/6804/42 3543/6682/42
f 3533/6643/33 3596/6805/33 3532/6684/33
f 3546/6621/147 3609/6806/147 3545/6686/147
f 3535/6652/54 3598/6807/54 3534/6688/54
f 3548/6715/35 3611/6808/35 3547/6619/35
f 3537/6661/101 3600/6809/101 3536/6691/101
f 3550/6719/146 3613/6810/146 3549/6693/146
f 3539/6670/48 3602/6811/48 3538/6695/48
f 3552/6723/28 3615/6812/28 3551/6697/28
f 3541/6677/64 3604/6813/64 3540/6699/64
f 3554/6727/81 3617/6814/81 3553/6701/81
f 3543/6682/42 3606/6799/42 3542/6703/42
f 3556/6731/120 3619/6815/120 3555/6705/120
f 3545/6686/147 3608/6816/147 3544/6707/147
f 3558/6817/57 3621/6818/57 3557/6710/57
f 3489/6616/1 3457/10892/1 3520/10893/1
f 3520/10893/1 3488/10894/1 3519/10895/1
f 3519/10895/1 3487/10896/1 3518/10897/1
f 3518/10897/1 3486/10898/1 3517/10899/1
f 3517/10899/1 3485/10900/1 3516/10901/1
f 3516/10901/1 3484/10902/1 3515/10903/1
f 3515/10903/1 3483/10904/1 3514/10905/1
f 3514/10905/1 3482/10906/1 3513/6617/1
f 3513/6617/1 3481/10907/1 3512/10908/1
f 3512/10908/1 3480/10909/1 3511/10910/1
f 3511/10910/1 3479/10911/1 3510/10912/1
f 3510/10912/1 3478/10913/1 3509/10914/1
f 3509/10914/1 3477/10915/1 3508/10916/1
f 3508/10916/1 3476/10917/1 3507/10918/1
f 3507/10918/1 3475/10919/1 3506/10920/1
f 3506/10920/1 3474/10921/1 3505/6618/1
f 3505/6618/1 3473/10922/1 3504/10923/1
f 3504/10923/1 3472/10924/1 3503/10925/1
f 3503/10925/1 3471/10926/1 3502/10927/1
f 3502/10927/1 3470/10928/1 3501/10929/1
f 3501/10929/1 3469/10930/1 3500/10931/1
f 3500/10931/1 3468/10932/1 3499/10933/1
f 3499/10933/1 3467/10934/1 3498/10935/1
f 3498/10935/1 3466/10936/1 3497/10937/1
f 3497/10937/1 3465/10938/1 3496/10939/1
f 3496/10939/1 3464/10940/1 3495/10941/1
f 3495/10941/1 3463/10942/1 3494/10943/1
f 3494/10943/1 3462/10944/1 3493/10945/1
f 3493/10945/1 3461/10946/1 3492/10947/1
f 3492/10947/1 3460/10948/1 3491/10949/1
f 3491/10949/1 3459/10950/1 3490/10951/1
f 3490/10951/1 3458/10952/1 3489/6616/1
f 3489/6616/1 3520/10893/1 3519/10895/1
f 3519/10895/1 3518/10897/1 3517/10899/1
f 3517/10899/1 3516/10901/1 3515/10903/1
f 3515/10903/1 3514/10905/1 3517/10899/1
f 3514/10905/1 3513/6617/1 3517/10899/1
f 3513/6617/1 3512/10908/1 3511/10910/1
f 3511/10910/1 3510/10912/1 3509/10914/1
f 3509/10914/1 3508/10916/1 3507/10918/1
f 3507/10918/1 3506/10920/1 3505/6618/1
f 3505/6618/1 3504/10923/1 3501/10929/1
f 3504/10923/1 3503/10925/1 3501/10929/1
f 3503/10925/1 3502/10927/1 3501/10929/1
f 3501/10929/1 3500/10931/1 3499/10933/1
f 3499/10933/1 3498/10935/1 3501/10929/1
f 3498/10935/1 3497/10937/1 3501/10929/1
f 3497/10937/1 3496/10939/1 3495/10941/1
f 3495/10941/1 3494/10943/1 3493/10945/1
f 3493/10945/1 3492/10947/1 3489/6616/1
f 3492/10947/1 3491/10949/1 3489/6616/1
f 3491/10949/1 3490/10951/1 3489/6616/1
f 3489/6616/1 3519/10895/1 3513/6617/1
f 3519/10895/1 3517/10899/1 3513/6617/1
f 3513/6617/1 3511/10910/1 3509/10914/1
f 3509/10914/1 3507/10918/1 3513/6617/1
f 3507/10918/1 3505/6618/1 3513/6617/1
f 3497/10937/1 3495/10941/1 3493/10945/1
f 3505/6618/1 3501/10929/1 3497/10937/1
f 3497/10937/1 3493/10945/1 3505/6618/1
f 3493/10945/1 3489/6616/1 3505/6618/1
f 3547/6619/35 3611/6808/35 3610/6620/35
f 3488/6622/6 3582/6679/6 3581/6623/6
f 3462/6625/71 3530/6680/71 3529/6626/71
f 3514/6628/96 3571/6736/96 3570/6629/96
f 3457/6631/78 3584/6641/78 3583/6632/78
f 3463/6634/60 3532/6684/60 3531/6635/60
f 3515/6637/51 3573/6739/51 3572/6638/51
f 3489/6640/137 3521/6740/137 3584/6641/137
f 3464/6642/33 3534/6688/33 3533/6643/33
f 3516/6645/90 3575/6742/90 3574/6646/90
f 3490/6648/73 3523/6743/73 3522/6649/73
f 3465/6651/54 3536/6691/54 3535/6652/54
f 3517/6654/19 3577/6745/19 3576/6655/19
f 3491/6657/107 3525/6747/107 3524/6658/107
f 3466/6660/101 3538/6695/101 3537/6661/101
f 3486/6663/84 3518/6749/84 3579/6664/84
f 3492/6666/66 3527/6750/66 3526/6667/66
f 3467/6669/48 3540/6699/48 3539/6670/48
f 3519/6624/6 3581/6623/6 3580/6672/6
f 3461/6674/71 3493/6627/71 3529/6626/71
f 3468/6676/64 3542/6703/64 3541/6677/64
f 3520/6633/78 3583/6632/78 3582/6679/78
f 3494/6636/60 3531/6635/60 3530/6680/60
f 3469/6681/42 3544/6803/42 3543/6682/42
f 3495/6644/33 3533/6643/33 3532/6684/33
f 3470/6685/147 3546/6621/147 3545/6686/147
f 3496/6653/54 3535/6652/54 3534/6688/54
f 3471/6689/35 3548/6715/35 3547/6619/35
f 3497/6662/101 3537/6661/101 3536/6691/101
f 3472/6692/146 3550/6719/146 3549/6693/146
f 3498/6671/48 3539/6670/48 3538/6695/48
f 3473/6696/28 3552/6723/28 3551/6697/28
f 3499/6678/64 3541/6677/64 3540/6699/64
f 3474/6700/81 3554/6727/81 3553/6701/81
f 3500/6683/42 3543/6682/42 3542/6703/42
f 3475/6704/120 3556/6731/120 3555/6705/120
f 3501/6687/147 3545/6686/147 3544/6707/147
f 3476/6709/57 3558/6817/57 3557/6710/57
f 3502/6690/35 3547/6619/35 3546/6621/35
f 3477/6712/114 3560/6737/114 3559/6713/114
f 3503/6694/146 3549/6693/146 3548/6715/146
f 3478/6716/31 3562/6741/31 3561/6717/31
f 3504/6698/28 3551/6697/28 3550/6719/28
f 3479/6720/109 3564/6744/109 3563/6721/109
f 3505/6702/81 3553/6701/81 3552/6723/81
f 3480/6724/21 3566/6748/21 3565/6725/21
f 3506/6706/120 3555/6705/120 3554/6727/120
f 3481/6728/103 3568/6751/103 3567/6729/103
f 3507/6711/57 3557/6710/57 3556/6731/57
f 3482/6630/99 3570/6629/99 3569/6732/99
f 3508/6714/114 3559/6713/114 3558/6734/114
f 3483/6639/96 3572/6638/96 3571/6736/96
f 3509/6718/31 3561/6717/31 3560/6737/31
f 3484/6738/51 3574/6766/51 3573/6739/51
f 3458/6650/137 3522/6649/137 3521/6740/137
f 3510/6722/109 3563/6721/109 3562/6741/109
f 3485/6656/90 3576/6655/90 3575/6742/90
f 3459/6659/73 3524/6658/73 3523/6743/73
f 3511/6726/21 3565/6725/21 3564/6744/21
f 3486/6663/19 3578/6665/19 3577/6745/19
f 3460/6746/107 3526/6775/107 3525/6747/107
f 3512/6730/103 3567/6729/103 3566/6748/103
f 3487/6673/84 3580/6672/84 3579/6664/84
f 3461/6674/66 3528/6675/66 3527/6750/66
f 3513/6733/99 3569/6732/99 3568/6751/99
f 3560/6737/114 3624/6765/114 3623/6752/114
f 3549/6693/146 3613/6810/146 3612/6753/146
f 3562/6741/31 3626/6770/31 3625/6754/31
f 3551/6697/28 3615/6812/28 3614/6755/28
f 3564/6744/109 3628/6773/109 3627/6756/109
f 3553/6701/81 3617/6814/81 3616/6757/81
f 3566/6748/21 3630/6777/21 3629/6758/21
f 3555/6705/120 3619/6815/120 3618/6759/120
f 3568/6751/103 3632/6780/103 3631/6760/103
f 3557/6710/57 3621/6818/57 3620/6761/57
f 3570/6629/99 3634/6783/99 3633/6762/99
f 3559/6713/114 3623/6752/114 3622/6763/114
f 3572/6638/96 3636/6786/96 3635/6764/96
f 3561/6717/31 3625/6754/31 3624/6765/31
f 3574/6766/51 3638/10953/51 3637/6767/51
f 3521/6740/137 3522/6649/137 3586/6768/137
f 3563/6721/109 3627/6756/109 3626/6770/109
f 3576/6655/90 3640/6791/90 3639/6771/90
f 3524/6658/73 3588/6792/73 3587/6772/73
f 3565/6725/21 3629/6758/21 3628/6773/21
f 3578/6665/19 3642/6794/19 3641/6774/19
f 3526/6775/107 3590/10954/107 3589/6776/107
f 3567/6729/103 3631/6760/103 3630/6777/103
f 3580/6672/84 3644/6797/84 3643/6778/84
f 3528/6675/66 3592/6798/66 3591/6779/66
f 3569/6732/99 3633/6762/99 3632/6780/99
f 3582/6679/6 3646/6801/6 3645/6781/6
f 3530/6680/71 3594/6802/71 3593/6782/71
f 3571/6736/96 3635/6764/96 3634/6783/96
f 3584/6641/78 3648/6787/78 3647/6784/78
f 3532/6684/60 3596/6805/60 3595/6785/60
f 3573/6739/51 3637/6767/51 3636/6786/51
f 3521/6740/137 3585/6769/137 3648/6787/137
f 3534/6688/33 3598/6807/33 3597/6788/33
f 3575/6742/90 3639/6771/90 3638/6789/90
f 3523/6743/73 3587/6772/73 3586/6768/73
f 3536/6691/54 3600/6809/54 3599/6790/54
f 3577/6745/19 3641/6774/19 3640/6791/19
f 3525/6747/107 3589/6776/107 3588/6792/107
f 3538/6695/101 3602/6811/101 3601/6793/101
f 3578/6665/84 3579/6664/84 3643/6778/84
f 3527/6750/66 3591/6779/66 3590/6795/66
f 3540/6699/48 3604/6813/48 3603/6796/48
f 3581/6623/6 3645/6781/6 3644/6797/6
f 3528/6675/71 3529/6626/71 3593/6782/71
f 3541/6677/64 3542/6703/64 3606/6799/64
f 3583/6632/78 3647/6784/78 3646/6801/78
f 3531/6635/60 3595/6785/60 3594/6802/60
f 3544/6803/42 3608/10955/42 3607/6804/42
f 3533/6643/33 3597/6788/33 3596/6805/33
f 3546/6621/147 3610/6620/147 3609/6806/147
f 3535/6652/54 3599/6790/54 3598/6807/54
f 3548/6715/35 3612/6753/35 3611/6808/35
f 3537/6661/101 3601/6793/101 3600/6809/101
f 3550/6719/146 3614/6755/146 3613/6810/146
f 3539/6670/48 3603/6796/48 3602/6811/48
f 3552/6723/28 3616/6757/28 3615/6812/28
f 3541/6677/64 3605/6800/64 3604/6813/64
f 3554/6727/81 3618/6759/81 3617/6814/81
f 3543/6682/42 3607/6804/42 3606/6799/42
f 3556/6731/120 3620/6761/120 3619/6815/120
f 3545/6686/147 3609/6806/147 3608/6816/147
f 3558/6817/57 3622/10956/57 3621/6818/57
usemtl Material.012
f 4617/7531/1775 4751/7532/1775 4618/7533/1775
f 4894/7534/1776 4613/7535/1776 4612/7536/1776
f 4894/7534/1777 4611/7537/1777 4893/7538/1777
f 4892/7542/1778 4611/7537/1778 4610/7543/1778
f 4912/7544/1779 4748/7545/1779 4737/7546/1779
f 4890/7550/1780 4609/7551/1780 4608/7552/1780
f 4886/7553/1781 4634/7554/1781 4916/7555/1781
f 4890/7550/1782 4607/7556/1782 4889/7557/1782
f 4888/7558/1783 4726/7559/1783 4887/7560/1783
f 4889/7557/1784 4606/7564/1784 4888/7565/1784
f 4915/7566/1785 4632/7567/1785 4914/7568/1785
f 4630/7569/1786 4749/7570/1786 4748/7571/1786
f 4913/7572/1787 4632/7567/1787 4631/7573/1787
f 4887/7577/1788 4603/7578/1788 4885/7579/1788
f 4913/7572/1789 4630/7580/1789 4912/7581/1789
f 4885/7579/1790 4604/7582/1790 4886/7553/1790
f 4910/7589/1792 4629/7590/1792 4628/7591/1792
f 4910/7589/1793 4627/7592/1793 4909/7593/1793
f 4603/7578/1 4681/7597/1 4604/7582/1
f 4606/7601/1 4683/7602/1 4605/7603/1
f 4608/7552/1 4685/7607/1 4607/7556/1
f 4610/7608/1 4687/7609/1 4609/7610/1
f 4611/7611/54 4836/7612/54 4610/7613/54
f 4612/7536/1 4688/7614/1 4611/7537/1
f 4614/7615/1 4678/7616/1 4613/7617/1
f 4616/7618/1 4676/7619/1 4615/7620/1
f 4617/7621/1 4673/7622/1 4674/7623/1
f 4620/7624/1 4672/7625/1 4619/7626/1
f 4609/7627/60 4832/7628/60 4608/7629/60
f 4622/7630/1 4670/7631/1 4621/7632/1
f 4604/7633/78 4884/7634/78 4634/7635/78
f 4624/7636/1 4668/7637/1 4623/7638/1
f 4626/7639/1 4690/7640/1 4625/7641/1
f 4628/7591/1 4692/7642/1 4627/7592/1
f 4630/7646/1 4694/7647/1 4629/7648/1
f 4607/7649/66 4828/7650/66 4606/7651/66
f 4632/7567/1 4696/7652/1 4631/7573/1
f 4634/7653/1 4698/7654/1 4633/7655/1
f 4897/7659/1794 4614/7660/1794 4896/7661/1794
f 4897/7659/1795 4616/7618/1795 4615/7620/1795
f 4899/7662/1796 4616/7618/1796 4898/7663/1796
f 4899/7664/1797 4731/7665/1797 4732/7666/1797
f 4900/7670/1798 4619/7626/1798 4618/7671/1798
f 4902/7675/1799 4619/7626/1799 4901/7676/1799
f 4902/7675/1800 4621/7680/1800 4620/7624/1800
f 4896/7687/1801 4750/7688/1801 4729/7689/1801
f 4905/7693/1802 4622/7694/1802 4904/7695/1802
f 4905/7693/1803 4624/7636/1803 4623/7638/1803
f 4906/7702/1804 4625/7703/1804 4624/7636/1804
f 4609/7707/1805 4728/7708/1805 4743/7709/1805
f 4908/7710/1806 4627/7592/1806 4626/7711/1806
f 4729/7809/1807 4741/7810/1807 4730/7811/1807
f 4727/7812/1808 4743/7813/1808 4728/7814/1808
f 4740/7815/1809 4744/7816/1809 4745/7817/1809
f 4725/7818/1810 4747/7819/1810 4726/7559/1810
f 4737/7820/1811 4749/7821/1811 4738/7822/1811
f 4731/7823/1812 4752/7824/1812 4732/7825/1812
f 4733/7826/1813 4754/7827/1813 4734/7828/1813
f 4735/7829/1814 4756/7830/1814 4736/7831/1814
f 4916/7832/1815 4744/7833/1815 4739/7834/1815
f 4916/7835/1816 4740/7836/1816 4915/7837/1816
f 4908/7838/1817 4755/7839/1817 4735/7840/1817
f 4605/7841/1818 4746/7842/1819 4606/7843/1819
f 4904/7847/1821 4734/7848/1821 4903/7849/1821
f 4621/7850/1822 4734/7851/1822 4754/7852/1822
f 4613/7853/1823 4730/7854/1823 4741/7855/1823
f 4633/7856/1824 4744/7857/1824 4634/7858/1824
f 4892/7862/1826 4728/7814/1826 4891/7863/1826
f 4617/7864/1827 4732/7865/1827 4752/7866/1827
f 4621/7867/1828 4753/7868/1829 4622/7869/1829
f 4904/7870/1830 4753/7871/1830 4733/7872/1830
f 4888/7873/1831 4746/7874/1831 4725/7875/1831
f 4900/7876/1832 4751/7877/1832 4731/7878/1832
f 4609/7879/1833 4742/7880/1833 4610/7881/1833
f 4908/7882/1834 4736/7883/1834 4907/7884/1834
f 4896/7885/1835 4730/7811/1835 4895/7886/1835
f 4625/7887/1836 4755/7888/1836 4626/7889/1836
f 4892/7893/1838 4742/7894/1838 4727/7895/1838
f 4614/7896/1839 4741/7897/1839 4750/7898/1839
f 4912/7899/1840 4738/7900/1840 4911/7901/1840
f 4613/7917/48 4840/7918/48 4612/7919/48
f 4847/7920/1 4781/7921/1 4784/7922/1
f 4615/7926/42 4844/7927/42 4614/7928/42
f 4850/7929/1 4788/7930/1 4851/7931/1
f 4605/7938/73 4824/7939/73 4603/7940/73
f 4835/7941/1 4769/7942/1 4772/7943/1
f 4617/7944/35 4848/7945/35 4616/7946/35
f 4854/7947/1 4792/7948/1 4855/7949/1
f 4839/7953/1 4773/7954/1 4776/7955/1
f 4619/7956/28 4852/7957/28 4618/7958/28
f 4858/7959/1 4796/7960/1 4859/7961/1
f 4843/7962/1 4777/7963/1 4780/7964/1
f 4863/7965/1 4797/7966/1 4800/7967/1
f 4866/7968/1 4804/7969/1 4867/7970/1
f 4870/7971/1 4808/7972/1 4871/7973/1
f 4874/7974/1 4812/7975/1 4875/7976/1
f 4822/7977/1 4760/7978/1 4823/7979/1
f 4878/7980/1 4816/7981/1 4879/7982/1
f 4827/7983/1 4761/7984/1 4764/7985/1
f 4882/7986/1 4820/7987/1 4883/7988/1
f 4830/7989/1 4768/7990/1 4831/7991/1
f 4823/8040/1849 4821/8041/1849 4822/8042/1849
f 4827/8043/1850 4825/8044/1850 4826/8045/1850
f 4831/8046/1851 4829/8047/1851 4830/8048/1851
f 4835/8049/1852 4833/8050/1852 4834/8051/1852
f 4839/8052/1853 4837/8053/1853 4838/8054/1853
f 4843/8055/1854 4841/8056/1854 4842/8057/1854
f 4846/8058/1855 4848/7945/1855 4845/8059/1855
f 4851/8060/1856 4849/8061/1856 4850/8062/1856
f 4855/7949/1841 4853/8063/1841 4854/7947/1841
f 4859/7961/1842 4857/8064/1842 4858/7959/1842
f 4863/7965/1843 4861/8065/1843 4862/8066/1843
f 4867/7970/1844 4865/8067/1844 4866/7968/1844
f 4871/7973/1845 4869/8068/1845 4870/7971/1845
f 4875/7976/1846 4873/8069/1846 4874/7974/1846
f 4879/8070/1847 4877/8071/1847 4878/8072/1847
f 4883/8073/1848 4881/8074/1848 4882/8075/1848
f 4817/8076/1857 4881/8077/1857 4818/8078/1857
f 4760/8079/1858 4824/8080/1858 4823/8040/1858
f 4821/8081/1859 4757/8082/1859 4822/7977/1859
f 4764/8083/1860 4828/8084/1860 4827/8085/1860
f 4825/8086/1861 4761/7984/1861 4826/8087/1861
f 4768/8088/1862 4832/8089/1862 4831/8090/1862
f 4829/8091/1863 4765/8092/1863 4830/8093/1863
f 4772/8094/1864 4836/8095/1864 4835/8096/1864
f 4833/8097/1865 4769/8098/1865 4834/8099/1865
f 4776/7955/1866 4840/8100/1866 4839/7953/1866
f 4837/8053/1867 4773/8101/1867 4838/8054/1867
f 4780/7964/1868 4844/8102/1868 4843/7962/1868
f 4841/8103/1869 4777/8104/1869 4842/8105/1869
f 4784/7922/1870 4848/8106/1870 4847/7920/1870
f 4845/8107/1871 4781/8108/1871 4846/8109/1871
f 4788/7930/1872 4852/8110/1872 4851/7931/1872
f 4849/8111/1873 4785/8112/1873 4850/8113/1873
f 4792/7948/1874 4856/8114/1874 4855/7949/1874
f 4853/8115/1875 4789/8116/1875 4854/8117/1875
f 4796/7960/1876 4860/8118/1876 4859/7961/1876
f 4857/8119/1877 4793/8120/1877 4858/8121/1877
f 4800/8122/1878 4864/8123/1878 4863/8124/1878
f 4861/8125/1879 4797/8126/1879 4862/8127/1879
f 4804/8128/1880 4868/8129/1880 4867/8130/1880
f 4865/8067/1881 4801/8131/1881 4866/7968/1881
f 4808/8132/1882 4872/8133/1882 4871/8134/1882
f 4869/8068/1883 4805/8135/1883 4870/7971/1883
f 4812/8136/1884 4876/8137/1884 4875/8138/1884
f 4873/8069/1885 4809/8139/1885 4874/7974/1885
f 4816/8140/1886 4880/8141/1886 4879/8142/1886
f 4877/8143/1887 4813/8144/1887 4878/7980/1887
f 4820/8145/1888 4884/8146/1889 4883/8147/1889
f 5434/8953/1469 5581/8954/1469 5488/8955/1469
f 5452/8962/84 5626/8963/84 5451/8964/84
f 5492/9228/1470 5604/9229/1470 5430/9230/1470
f 5503/9249/1464 5621/9250/1464 5448/9251/1464
f 5507/9255/1467 5625/9256/1467 5452/9257/1467
f 5440/9279/120 5614/9280/120 5439/9281/120
f 5442/9288/114 5616/9289/114 5441/9290/114
f 5444/9297/109 5618/9298/109 5443/9299/109
f 5446/9306/103 5620/9307/103 5445/9308/103
f 5437/9309/1512 5587/9310/1512 5482/9311/1512
f 5448/9251/96 5622/9315/96 5447/9316/96
f 5450/9323/90 5624/9324/90 5449/9325/90
f 4617/7531/1775 4752/11148/1775 4751/7532/1775
f 4894/7534/1776 4895/11149/1776 4613/7535/1776
f 4894/7534/1777 4612/7536/1777 4611/7537/1777
f 4892/7542/1778 4893/7538/1778 4611/7537/1778
f 4912/7544/2532 4630/11151/2532 4748/7545/2532
f 4890/7550/1780 4891/11153/1780 4609/7551/1780
f 4886/7553/1781 4604/7582/1781 4634/7554/1781
f 4890/7550/1782 4608/7552/1782 4607/7556/1782
f 4888/7558/1783 4725/7818/1783 4726/7559/1783
f 4889/7557/1784 4607/7556/1784 4606/7564/1784
f 4915/7566/1785 4633/11155/1785 4632/7567/1785
f 4630/7569/1786 4629/11156/1786 4749/7570/1786
f 4913/7572/1787 4914/7568/1787 4632/7567/1787
f 4887/7577/1788 4605/11158/1788 4603/7578/1788
f 4913/7572/1789 4631/7573/1789 4630/7580/1789
f 4885/7579/1790 4603/7578/1790 4604/7582/1790
f 4910/7589/1792 4911/11160/1792 4629/7590/1792
f 4910/7589/1793 4628/7591/1793 4627/7592/1793
f 4603/7578/1 4680/11161/1 4681/7597/1
f 4606/7601/1 4682/11163/1 4683/7602/1
f 4608/7552/1 4684/11165/1 4685/7607/1
f 4610/7608/1 4686/11166/1 4687/7609/1
f 4611/7611/54 4833/8050/54 4836/7612/54
f 4612/7536/1 4679/11167/1 4688/7614/1
f 4614/7615/1 4677/11168/1 4678/7616/1
f 4616/7618/1 4675/11169/1 4676/7619/1
f 4617/7621/1 4618/11170/1 4673/7622/1
f 4620/7624/1 4671/11171/1 4672/7625/1
f 4609/7627/60 4829/8047/60 4832/7628/60
f 4622/7630/1 4669/11172/1 4670/7631/1
f 4604/7633/78 4881/8074/78 4884/7634/78
f 4624/7636/1 4667/11173/1 4668/7637/1
f 4626/7639/1 4689/11174/1 4690/7640/1
f 4628/7591/1 4691/11175/1 4692/7642/1
f 4630/7646/1 4693/11177/1 4694/7647/1
f 4607/7649/66 4825/8044/66 4828/7650/66
f 4632/7567/1 4695/11178/1 4696/7652/1
f 4634/7653/1 4697/11179/1 4698/7654/1
f 4897/7659/1794 4615/7620/1794 4614/7660/1794
f 4897/7659/1795 4898/7663/1795 4616/7618/1795
f 4899/7662/1796 4617/11181/1796 4616/7618/1796
f 4899/7664/1797 4900/11182/1797 4731/7665/1797
f 4900/7670/1798 4901/7676/1798 4619/7626/1798
f 4902/7675/1799 4620/7624/1799 4619/7626/1799
f 4902/7675/1800 4903/11186/1800 4621/7680/1800
f 4896/7687/2534 4614/11189/2534 4750/7688/2534
f 4905/7693/1802 4623/7638/1802 4622/7694/1802
f 4905/7693/1803 4906/7702/1803 4624/7636/1803
f 4906/7702/1804 4907/11192/1804 4625/7703/1804
f 4609/7707/2535 4891/11194/2535 4728/7708/2535
f 4908/7710/1806 4909/7593/1806 4627/7592/1806
f 4729/7809/1807 4750/11219/1807 4741/7810/1807
f 4727/7812/1808 4742/11220/1808 4743/7813/1808
f 4740/7815/1809 4739/11221/1809 4744/7816/1809
f 4725/7818/1810 4746/11222/1810 4747/7819/1810
f 4737/7820/1811 4748/11223/1811 4749/7821/1811
f 4731/7823/1812 4751/11224/1812 4752/7824/1812
f 4733/7826/1813 4753/11225/1813 4754/7827/1813
f 4735/7829/1814 4755/11226/1814 4756/7830/1814
f 4916/7832/2536 4634/11227/2536 4744/7833/2536
f 4916/7835/1816 4739/11228/1816 4740/7836/1816
f 4908/7838/2537 4626/11229/2537 4755/7839/2537
f 4605/7841/1818 4747/11230/1818 4746/7842/1819
f 4904/7847/1821 4733/11232/1821 4734/7848/1821
f 4621/7850/2539 4903/11233/2539 4734/7851/2539
f 4613/7853/2540 4895/11234/2540 4730/7854/2540
f 4633/7856/1824 4745/11235/1824 4744/7857/1824
f 4892/7862/1826 4727/7812/1826 4728/7814/1826
f 4617/7864/2542 4899/11237/2542 4732/7865/2542
f 4621/7867/1828 4754/11238/1828 4753/7868/1829
f 4904/7870/2543 4622/11239/2543 4753/7871/2543
f 4888/7873/2544 4606/11240/2544 4746/7874/2544
f 4900/7876/2545 4618/11241/2545 4751/7877/2545
f 4609/7879/1833 4743/11242/1833 4742/7880/1833
f 4908/7882/1834 4735/11243/1834 4736/7883/1834
f 4896/7885/1835 4729/7809/1835 4730/7811/1835
f 4625/7887/1836 4756/11244/1836 4755/7888/1836
f 4892/7893/2547 4610/11246/2547 4742/7894/2547
f 4614/7896/1839 4613/11247/1839 4741/7897/1839
f 4912/7899/1840 4737/11248/1840 4738/7900/1840
f 4613/7917/48 4837/8053/48 4840/7918/48
f 4847/7920/1 4846/11254/1 4781/7921/1
f 4615/7926/42 4841/8056/42 4844/7927/42
f 4850/7929/1 4785/11256/1 4788/7930/1
f 4605/7938/73 4821/11259/73 4824/7939/73
f 4835/7941/1 4834/11260/1 4769/7942/1
f 4617/7944/35 4845/8059/35 4848/7945/35
f 4854/7947/1 4789/11261/1 4792/7948/1
f 4839/7953/1 4838/11263/1 4773/7954/1
f 4619/7956/28 4849/8061/28 4852/7957/28
f 4858/7959/1 4793/11264/1 4796/7960/1
f 4843/7962/1 4842/11265/1 4777/7963/1
f 4863/7965/1 4862/8066/1 4797/7966/1
f 4866/7968/1 4801/8131/1 4804/7969/1
f 4870/7971/1 4805/8135/1 4808/7972/1
f 4874/7974/1 4809/8139/1 4812/7975/1
f 4822/7977/1 4757/8082/1 4760/7978/1
f 4878/7980/1 4813/8144/1 4816/7981/1
f 4827/7983/1 4826/8087/1 4761/7984/1
f 4882/7986/1 4817/8076/1 4820/7987/1
f 4830/7989/1 4765/11266/1 4768/7990/1
f 4823/8040/1849 4824/8080/1849 4821/8041/1849
f 4827/8043/1850 4828/7650/1850 4825/8044/1850
f 4831/8046/1851 4832/7628/1851 4829/8047/1851
f 4835/8049/1852 4836/7612/1852 4833/8050/1852
f 4839/8052/1853 4840/7918/1853 4837/8053/1853
f 4843/8055/1854 4844/7927/1854 4841/8056/1854
f 4846/8058/1855 4847/11283/1855 4848/7945/1855
f 4851/8060/1856 4852/7957/1856 4849/8061/1856
f 4855/7949/1841 4856/8114/1841 4853/8063/1841
f 4859/7961/1842 4860/8118/1842 4857/8064/1842
f 4863/7965/1843 4864/11284/1843 4861/8065/1843
f 4867/7970/1844 4868/11285/1844 4865/8067/1844
f 4871/7973/1845 4872/11286/1845 4869/8068/1845
f 4875/7976/1846 4876/11287/1846 4873/8069/1846
f 4879/8070/1847 4880/11288/1847 4877/8071/1847
f 4883/8073/1848 4884/7634/1848 4881/8074/1848
f 4817/8076/1857 4882/7986/1857 4881/8077/1857
f 4760/8079/1858 4759/11289/1858 4824/8080/1858
f 4821/8081/1859 4758/11290/1859 4757/8082/1859
f 4764/8083/1860 4763/11291/1860 4828/8084/1860
f 4825/8086/1861 4762/11292/1861 4761/7984/1861
f 4768/8088/1862 4767/11293/1862 4832/8089/1862
f 4829/8091/1863 4766/11294/1863 4765/8092/1863
f 4772/8094/1864 4771/11295/1864 4836/8095/1864
f 4833/8097/1865 4770/11296/1865 4769/8098/1865
f 4776/7955/2548 4775/11297/2548 4840/8100/2548
f 4837/8053/1867 4774/11298/1867 4773/8101/1867
f 4780/7964/1868 4779/11299/1868 4844/8102/1868
f 4841/8103/1869 4778/11300/1869 4777/8104/1869
f 4784/7922/1870 4783/11301/1870 4848/8106/1870
f 4845/8107/1871 4782/11302/1871 4781/8108/1871
f 4788/7930/2549 4787/11303/2549 4852/8110/2549
f 4849/8111/1873 4786/11304/1873 4785/8112/1873
f 4792/7948/1874 4791/11305/1874 4856/8114/1874
f 4853/8115/1875 4790/11306/1875 4789/8116/1875
f 4796/7960/1876 4795/11307/1876 4860/8118/1876
f 4857/8119/1877 4794/11308/1877 4793/8120/1877
f 4800/8122/1878 4799/11309/1878 4864/8123/1878
f 4861/8125/1879 4798/11310/1879 4797/8126/1879
f 4804/8128/2550 4803/11311/2550 4868/8129/2550
f 4865/8067/1881 4802/11312/1881 4801/8131/1881
f 4808/8132/1882 4807/11313/1882 4872/8133/1882
f 4869/8068/1883 4806/11314/1883 4805/8135/1883
f 4812/8136/1884 4811/11315/1884 4876/8137/1884
f 4873/8069/1885 4810/11316/1885 4809/8139/1885
f 4816/8140/1886 4815/11317/1886 4880/8141/1886
f 4877/8143/1887 4814/11318/1887 4813/8144/1887
f 4820/8145/1888 4819/11319/1888 4884/8146/1889
f 5434/8953/1469 5608/11444/1469 5581/8954/1469
f 5452/8962/84 5625/11447/84 5626/8963/84
f 5492/9228/1470 5572/11524/1470 5604/9229/1470
f 5503/9249/1464 5596/11531/1464 5621/9250/1464
f 5507/9255/1467 5600/11533/1467 5625/9256/1467
f 5440/9279/120 5613/11541/120 5614/9280/120
f 5442/9288/114 5615/11544/114 5616/9289/114
f 5444/9297/109 5617/11547/109 5618/9298/109
f 5446/9306/103 5619/11550/103 5620/9307/103
f 5437/9309/1512 5612/11551/1512 5587/9310/1512
f 5448/9251/96 5621/9250/96 5622/9315/96
f 5450/9323/90 5623/11555/90 5624/9324/90
usemtl Fog_2_#b
f 3649/6819/1462 3652/6820/1462 3651/6821/1462
f 3651/6821/1462 3656/6822/1462 3655/6823/1462
f 3655/6823/1462 3654/6824/1462 3653/6825/1462
f 3653/6825/1462 3650/6826/1462 3649/6827/1462
f 3651/6828/1462 3653/6825/1462 3649/6829/1462
f 3656/6822/1462 3650/6830/1462 3654/6824/1462
f 3649/6819/1462 3650/10957/1462 3652/6820/1462
f 3651/6821/1462 3652/6820/1462 3656/6822/1462
f 3655/6823/1462 3656/6822/1462 3654/6824/1462
f 3653/6825/1462 3654/6824/1462 3650/6826/1462
f 3651/6828/1462 3655/6823/1462 3653/6825/1462
f 3656/6822/1462 3652/10958/1462 3650/6830/1462
